ISO-10303-21;
HEADER;
FILE_DESCRIPTION(('Open CASCADE Model'),'2;1');
FILE_NAME('Open CASCADE Shape Model','2026-09-22T16:34:15',('Author'),(
    'Open CASCADE'),'Open CASCADE STEP processor 7.9','Open CASCADE 7.9'
  ,'Unknown');
FILE_SCHEMA(('AUTOMOTIVE_DESIGN { 1 0 10303 214 1 1 1 1 }'));
ENDSEC;
DATA;
#1 = APPLICATION_PROTOCOL_DEFINITION('international standard',
  'automotive_design',2000,#2);
#2 = APPLICATION_CONTEXT(
  'core data for automotive mechanical design processes');
#3 = SHAPE_DEFINITION_REPRESENTATION(#4,#10);
#4 = PRODUCT_DEFINITION_SHAPE('','',#5);
#5 = PRODUCT_DEFINITION('design','',#6,#9);
#6 = PRODUCT_DEFINITION_FORMATION('','',#7);
#7 = PRODUCT('Open CASCADE STEP translator 7.9 1',
  'Open CASCADE STEP translator 7.9 1','',(#8));
#8 = PRODUCT_CONTEXT('',#2,'mechanical');
#9 = PRODUCT_DEFINITION_CONTEXT('part definition',#2,'design');
#10 = ADVANCED_BREP_SHAPE_REPRESENTATION('',(#11,#15),#9544);
#11 = AXIS2_PLACEMENT_3D('',#12,#13,#14);
#12 = CARTESIAN_POINT('',(0.,0.,0.));
#13 = DIRECTION('',(0.,0.,1.));
#14 = DIRECTION('',(1.,0.,-0.));
#15 = MANIFOLD_SOLID_BREP('',#16);
#16 = CLOSED_SHELL('',(#17,#605,#679,#1275,#1334,#1490,#1517,#1544,#1618
    ,#1863,#1890,#1917,#1924,#1971,#1998,#2025,#2032,#2443,#2502,#2650,
    #2757,#2932,#3014,#3091,#3165,#3348,#3427,#3510,#3585,#3655,#3707,
    #3778,#3826,#3852,#3885,#3911,#3962,#3989,#4017,#4042,#4201,#4277,
    #4378,#4405,#4432,#4439,#4466,#4493,#4501,#4528,#4555,#4661,#4716,
    #4720,#4826,#4912,#4989,#5247,#5321,#5395,#5524,#5707,#5783,#5960,
    #6029,#6076,#6123,#6148,#6175,#6202,#6209,#6482,#6553,#6601,#6653,
    #6701,#6749,#6797,#6849,#6896,#6923,#7003,#7072,#7097,#7154,#7226,
    #7298,#7333,#7385,#7440,#7468,#7500,#7546,#7601,#7745,#7800,#7804,
    #7859,#7863,#7918,#7922,#7977,#7981,#8026,#8053,#8080,#8107,#8132,
    #8143,#8190,#8217,#8244,#8251,#8278,#8325,#8352,#8379,#8386,#8457,
    #8768,#8794,#8851,#8855,#8883,#9128,#9204,#9375,#9402,#9429,#9456,
    #9483,#9510,#9537));
#17 = ADVANCED_FACE('',(#18,#135,#249,#280,#394),#32,.F.);
#18 = FACE_BOUND('',#19,.F.);
#19 = EDGE_LOOP('',(#20,#53,#81,#109));
#20 = ORIENTED_EDGE('',*,*,#21,.F.);
#21 = EDGE_CURVE('',#22,#24,#26,.T.);
#22 = VERTEX_POINT('',#23);
#23 = CARTESIAN_POINT('',(-58.,-70.,14.));
#24 = VERTEX_POINT('',#25);
#25 = CARTESIAN_POINT('',(58.,-70.,14.));
#26 = SURFACE_CURVE('',#27,(#31,#42),.PCURVE_S1.);
#27 = LINE('',#28,#29);
#28 = CARTESIAN_POINT('',(-39.,-70.,14.));
#29 = VECTOR('',#30,1.);
#30 = DIRECTION('',(1.,0.,0.));
#31 = PCURVE('',#32,#37);
#32 = PLANE('',#33);
#33 = AXIS2_PLACEMENT_3D('',#34,#35,#36);
#34 = CARTESIAN_POINT('',(-78.,-70.,13.));
#35 = DIRECTION('',(0.,1.,0.));
#36 = DIRECTION('',(1.,0.,0.));
#37 = DEFINITIONAL_REPRESENTATION('',(#38),#41);
#38 = B_SPLINE_CURVE_WITH_KNOTS('',1,(#39,#40),.UNSPECIFIED.,.F.,.F.,(2,
    2),(-19.,97.),.PIECEWISE_BEZIER_KNOTS.);
#39 = CARTESIAN_POINT('',(20.,-1.));
#40 = CARTESIAN_POINT('',(136.,-1.));
#41 = ( GEOMETRIC_REPRESENTATION_CONTEXT(2) 
PARAMETRIC_REPRESENTATION_CONTEXT() REPRESENTATION_CONTEXT('2D SPACE',''
  ) );
#42 = PCURVE('',#43,#48);
#43 = PLANE('',#44);
#44 = AXIS2_PLACEMENT_3D('',#45,#46,#47);
#45 = CARTESIAN_POINT('',(0.,0.,14.));
#46 = DIRECTION('',(0.,0.,1.));
#47 = DIRECTION('',(1.,0.,-0.));
#48 = DEFINITIONAL_REPRESENTATION('',(#49),#52);
#49 = B_SPLINE_CURVE_WITH_KNOTS('',1,(#50,#51),.UNSPECIFIED.,.F.,.F.,(2,
    2),(-19.,97.),.PIECEWISE_BEZIER_KNOTS.);
#50 = CARTESIAN_POINT('',(-58.,-70.));
#51 = CARTESIAN_POINT('',(58.,-70.));
#52 = ( GEOMETRIC_REPRESENTATION_CONTEXT(2) 
PARAMETRIC_REPRESENTATION_CONTEXT() REPRESENTATION_CONTEXT('2D SPACE',''
  ) );
#53 = ORIENTED_EDGE('',*,*,#54,.T.);
#54 = EDGE_CURVE('',#22,#55,#57,.T.);
#55 = VERTEX_POINT('',#56);
#56 = CARTESIAN_POINT('',(-58.,-70.,260.));
#57 = SURFACE_CURVE('',#58,(#62,#69),.PCURVE_S1.);
#58 = LINE('',#59,#60);
#59 = CARTESIAN_POINT('',(-58.,-70.,13.));
#60 = VECTOR('',#61,1.);
#61 = DIRECTION('',(0.,0.,1.));
#62 = PCURVE('',#32,#63);
#63 = DEFINITIONAL_REPRESENTATION('',(#64),#68);
#64 = LINE('',#65,#66);
#65 = CARTESIAN_POINT('',(20.,0.));
#66 = VECTOR('',#67,1.);
#67 = DIRECTION('',(0.,-1.));
#68 = ( GEOMETRIC_REPRESENTATION_CONTEXT(2) 
PARAMETRIC_REPRESENTATION_CONTEXT() REPRESENTATION_CONTEXT('2D SPACE',''
  ) );
#69 = PCURVE('',#70,#75);
#70 = CYLINDRICAL_SURFACE('',#71,20.);
#71 = AXIS2_PLACEMENT_3D('',#72,#73,#74);
#72 = CARTESIAN_POINT('',(-58.,-50.,13.));
#73 = DIRECTION('',(0.,0.,1.));
#74 = DIRECTION('',(0.,-1.,0.));
#75 = DEFINITIONAL_REPRESENTATION('',(#76),#80);
#76 = LINE('',#77,#78);
#77 = CARTESIAN_POINT('',(-0.,0.));
#78 = VECTOR('',#79,1.);
#79 = DIRECTION('',(-0.,1.));
#80 = ( GEOMETRIC_REPRESENTATION_CONTEXT(2) 
PARAMETRIC_REPRESENTATION_CONTEXT() REPRESENTATION_CONTEXT('2D SPACE',''
  ) );
#81 = ORIENTED_EDGE('',*,*,#82,.T.);
#82 = EDGE_CURVE('',#55,#83,#85,.T.);
#83 = VERTEX_POINT('',#84);
#84 = CARTESIAN_POINT('',(58.,-70.,260.));
#85 = SURFACE_CURVE('',#86,(#90,#97),.PCURVE_S1.);
#86 = LINE('',#87,#88);
#87 = CARTESIAN_POINT('',(-78.,-70.,260.));
#88 = VECTOR('',#89,1.);
#89 = DIRECTION('',(1.,0.,0.));
#90 = PCURVE('',#32,#91);
#91 = DEFINITIONAL_REPRESENTATION('',(#92),#96);
#92 = LINE('',#93,#94);
#93 = CARTESIAN_POINT('',(0.,-247.));
#94 = VECTOR('',#95,1.);
#95 = DIRECTION('',(1.,0.));
#96 = ( GEOMETRIC_REPRESENTATION_CONTEXT(2) 
PARAMETRIC_REPRESENTATION_CONTEXT() REPRESENTATION_CONTEXT('2D SPACE',''
  ) );
#97 = PCURVE('',#98,#103);
#98 = PLANE('',#99);
#99 = AXIS2_PLACEMENT_3D('',#100,#101,#102);
#100 = CARTESIAN_POINT('',(0.,0.,260.));
#101 = DIRECTION('',(0.,0.,1.));
#102 = DIRECTION('',(1.,0.,-0.));
#103 = DEFINITIONAL_REPRESENTATION('',(#104),#108);
#104 = LINE('',#105,#106);
#105 = CARTESIAN_POINT('',(-78.,-70.));
#106 = VECTOR('',#107,1.);
#107 = DIRECTION('',(1.,0.));
#108 = ( GEOMETRIC_REPRESENTATION_CONTEXT(2) 
PARAMETRIC_REPRESENTATION_CONTEXT() REPRESENTATION_CONTEXT('2D SPACE',''
  ) );
#109 = ORIENTED_EDGE('',*,*,#110,.F.);
#110 = EDGE_CURVE('',#24,#83,#111,.T.);
#111 = SURFACE_CURVE('',#112,(#116,#123),.PCURVE_S1.);
#112 = LINE('',#113,#114);
#113 = CARTESIAN_POINT('',(58.,-70.,13.));
#114 = VECTOR('',#115,1.);
#115 = DIRECTION('',(0.,0.,1.));
#116 = PCURVE('',#32,#117);
#117 = DEFINITIONAL_REPRESENTATION('',(#118),#122);
#118 = LINE('',#119,#120);
#119 = CARTESIAN_POINT('',(136.,0.));
#120 = VECTOR('',#121,1.);
#121 = DIRECTION('',(0.,-1.));
#122 = ( GEOMETRIC_REPRESENTATION_CONTEXT(2) 
PARAMETRIC_REPRESENTATION_CONTEXT() REPRESENTATION_CONTEXT('2D SPACE',''
  ) );
#123 = PCURVE('',#124,#129);
#124 = CYLINDRICAL_SURFACE('',#125,20.);
#125 = AXIS2_PLACEMENT_3D('',#126,#127,#128);
#126 = CARTESIAN_POINT('',(58.,-50.,13.));
#127 = DIRECTION('',(0.,0.,1.));
#128 = DIRECTION('',(0.,-1.,0.));
#129 = DEFINITIONAL_REPRESENTATION('',(#130),#134);
#130 = LINE('',#131,#132);
#131 = CARTESIAN_POINT('',(0.,0.));
#132 = VECTOR('',#133,1.);
#133 = DIRECTION('',(0.,1.));
#134 = ( GEOMETRIC_REPRESENTATION_CONTEXT(2) 
PARAMETRIC_REPRESENTATION_CONTEXT() REPRESENTATION_CONTEXT('2D SPACE',''
  ) );
#135 = FACE_BOUND('',#136,.F.);
#136 = EDGE_LOOP('',(#137,#167,#195,#223));
#137 = ORIENTED_EDGE('',*,*,#138,.T.);
#138 = EDGE_CURVE('',#139,#141,#143,.T.);
#139 = VERTEX_POINT('',#140);
#140 = CARTESIAN_POINT('',(-30.,-70.,219.5));
#141 = VERTEX_POINT('',#142);
#142 = CARTESIAN_POINT('',(-30.,-70.,192.5));
#143 = SURFACE_CURVE('',#144,(#148,#155),.PCURVE_S1.);
#144 = LINE('',#145,#146);
#145 = CARTESIAN_POINT('',(-30.,-70.,219.5));
#146 = VECTOR('',#147,1.);
#147 = DIRECTION('',(0.,0.,-1.));
#148 = PCURVE('',#32,#149);
#149 = DEFINITIONAL_REPRESENTATION('',(#150),#154);
#150 = LINE('',#151,#152);
#151 = CARTESIAN_POINT('',(48.,-206.5));
#152 = VECTOR('',#153,1.);
#153 = DIRECTION('',(0.,1.));
#154 = ( GEOMETRIC_REPRESENTATION_CONTEXT(2) 
PARAMETRIC_REPRESENTATION_CONTEXT() REPRESENTATION_CONTEXT('2D SPACE',''
  ) );
#155 = PCURVE('',#156,#161);
#156 = PLANE('',#157);
#157 = AXIS2_PLACEMENT_3D('',#158,#159,#160);
#158 = CARTESIAN_POINT('',(-30.,-64.,219.5));
#159 = DIRECTION('',(1.,0.,0.));
#160 = DIRECTION('',(0.,0.,-1.));
#161 = DEFINITIONAL_REPRESENTATION('',(#162),#166);
#162 = LINE('',#163,#164);
#163 = CARTESIAN_POINT('',(0.,-6.));
#164 = VECTOR('',#165,1.);
#165 = DIRECTION('',(1.,0.));
#166 = ( GEOMETRIC_REPRESENTATION_CONTEXT(2) 
PARAMETRIC_REPRESENTATION_CONTEXT() REPRESENTATION_CONTEXT('2D SPACE',''
  ) );
#167 = ORIENTED_EDGE('',*,*,#168,.T.);
#168 = EDGE_CURVE('',#141,#169,#171,.T.);
#169 = VERTEX_POINT('',#170);
#170 = CARTESIAN_POINT('',(5.,-70.,192.5));
#171 = SURFACE_CURVE('',#172,(#176,#183),.PCURVE_S1.);
#172 = LINE('',#173,#174);
#173 = CARTESIAN_POINT('',(-30.,-70.,192.5));
#174 = VECTOR('',#175,1.);
#175 = DIRECTION('',(1.,0.,0.));
#176 = PCURVE('',#32,#177);
#177 = DEFINITIONAL_REPRESENTATION('',(#178),#182);
#178 = LINE('',#179,#180);
#179 = CARTESIAN_POINT('',(48.,-179.5));
#180 = VECTOR('',#181,1.);
#181 = DIRECTION('',(1.,0.));
#182 = ( GEOMETRIC_REPRESENTATION_CONTEXT(2) 
PARAMETRIC_REPRESENTATION_CONTEXT() REPRESENTATION_CONTEXT('2D SPACE',''
  ) );
#183 = PCURVE('',#184,#189);
#184 = PLANE('',#185);
#185 = AXIS2_PLACEMENT_3D('',#186,#187,#188);
#186 = CARTESIAN_POINT('',(-30.,-64.,192.5));
#187 = DIRECTION('',(-0.,0.,1.));
#188 = DIRECTION('',(1.,0.,0.));
#189 = DEFINITIONAL_REPRESENTATION('',(#190),#194);
#190 = LINE('',#191,#192);
#191 = CARTESIAN_POINT('',(0.,-6.));
#192 = VECTOR('',#193,1.);
#193 = DIRECTION('',(1.,0.));
#194 = ( GEOMETRIC_REPRESENTATION_CONTEXT(2) 
PARAMETRIC_REPRESENTATION_CONTEXT() REPRESENTATION_CONTEXT('2D SPACE',''
  ) );
#195 = ORIENTED_EDGE('',*,*,#196,.T.);
#196 = EDGE_CURVE('',#169,#197,#199,.T.);
#197 = VERTEX_POINT('',#198);
#198 = CARTESIAN_POINT('',(5.,-70.,219.5));
#199 = SURFACE_CURVE('',#200,(#204,#211),.PCURVE_S1.);
#200 = LINE('',#201,#202);
#201 = CARTESIAN_POINT('',(5.,-70.,192.5));
#202 = VECTOR('',#203,1.);
#203 = DIRECTION('',(0.,0.,1.));
#204 = PCURVE('',#32,#205);
#205 = DEFINITIONAL_REPRESENTATION('',(#206),#210);
#206 = LINE('',#207,#208);
#207 = CARTESIAN_POINT('',(83.,-179.5));
#208 = VECTOR('',#209,1.);
#209 = DIRECTION('',(0.,-1.));
#210 = ( GEOMETRIC_REPRESENTATION_CONTEXT(2) 
PARAMETRIC_REPRESENTATION_CONTEXT() REPRESENTATION_CONTEXT('2D SPACE',''
  ) );
#211 = PCURVE('',#212,#217);
#212 = PLANE('',#213);
#213 = AXIS2_PLACEMENT_3D('',#214,#215,#216);
#214 = CARTESIAN_POINT('',(5.,-64.,192.5));
#215 = DIRECTION('',(-1.,0.,0.));
#216 = DIRECTION('',(0.,0.,1.));
#217 = DEFINITIONAL_REPRESENTATION('',(#218),#222);
#218 = LINE('',#219,#220);
#219 = CARTESIAN_POINT('',(0.,-6.));
#220 = VECTOR('',#221,1.);
#221 = DIRECTION('',(1.,0.));
#222 = ( GEOMETRIC_REPRESENTATION_CONTEXT(2) 
PARAMETRIC_REPRESENTATION_CONTEXT() REPRESENTATION_CONTEXT('2D SPACE',''
  ) );
#223 = ORIENTED_EDGE('',*,*,#224,.T.);
#224 = EDGE_CURVE('',#197,#139,#225,.T.);
#225 = SURFACE_CURVE('',#226,(#230,#237),.PCURVE_S1.);
#226 = LINE('',#227,#228);
#227 = CARTESIAN_POINT('',(5.,-70.,219.5));
#228 = VECTOR('',#229,1.);
#229 = DIRECTION('',(-1.,0.,0.));
#230 = PCURVE('',#32,#231);
#231 = DEFINITIONAL_REPRESENTATION('',(#232),#236);
#232 = LINE('',#233,#234);
#233 = CARTESIAN_POINT('',(83.,-206.5));
#234 = VECTOR('',#235,1.);
#235 = DIRECTION('',(-1.,0.));
#236 = ( GEOMETRIC_REPRESENTATION_CONTEXT(2) 
PARAMETRIC_REPRESENTATION_CONTEXT() REPRESENTATION_CONTEXT('2D SPACE',''
  ) );
#237 = PCURVE('',#238,#243);
#238 = PLANE('',#239);
#239 = AXIS2_PLACEMENT_3D('',#240,#241,#242);
#240 = CARTESIAN_POINT('',(5.,-64.,219.5));
#241 = DIRECTION('',(-0.,-0.,-1.));
#242 = DIRECTION('',(-1.,0.,0.));
#243 = DEFINITIONAL_REPRESENTATION('',(#244),#248);
#244 = LINE('',#245,#246);
#245 = CARTESIAN_POINT('',(0.,-6.));
#246 = VECTOR('',#247,1.);
#247 = DIRECTION('',(1.,0.));
#248 = ( GEOMETRIC_REPRESENTATION_CONTEXT(2) 
PARAMETRIC_REPRESENTATION_CONTEXT() REPRESENTATION_CONTEXT('2D SPACE',''
  ) );
#249 = FACE_BOUND('',#250,.F.);
#250 = EDGE_LOOP('',(#251));
#251 = ORIENTED_EDGE('',*,*,#252,.F.);
#252 = EDGE_CURVE('',#253,#253,#255,.T.);
#253 = VERTEX_POINT('',#254);
#254 = CARTESIAN_POINT('',(28.8,-70.,206.));
#255 = SURFACE_CURVE('',#256,(#261,#268),.PCURVE_S1.);
#256 = CIRCLE('',#257,6.8);
#257 = AXIS2_PLACEMENT_3D('',#258,#259,#260);
#258 = CARTESIAN_POINT('',(22.,-70.,206.));
#259 = DIRECTION('',(-0.,1.,0.));
#260 = DIRECTION('',(1.,0.,0.));
#261 = PCURVE('',#32,#262);
#262 = DEFINITIONAL_REPRESENTATION('',(#263),#267);
#263 = CIRCLE('',#264,6.8);
#264 = AXIS2_PLACEMENT_2D('',#265,#266);
#265 = CARTESIAN_POINT('',(100.,-193.));
#266 = DIRECTION('',(1.,0.));
#267 = ( GEOMETRIC_REPRESENTATION_CONTEXT(2) 
PARAMETRIC_REPRESENTATION_CONTEXT() REPRESENTATION_CONTEXT('2D SPACE',''
  ) );
#268 = PCURVE('',#269,#274);
#269 = CYLINDRICAL_SURFACE('',#270,6.8);
#270 = AXIS2_PLACEMENT_3D('',#271,#272,#273);
#271 = CARTESIAN_POINT('',(22.,-62.,206.));
#272 = DIRECTION('',(-0.,1.,-0.));
#273 = DIRECTION('',(1.,0.,0.));
#274 = DEFINITIONAL_REPRESENTATION('',(#275),#279);
#275 = LINE('',#276,#277);
#276 = CARTESIAN_POINT('',(-6.28318530718,-8.));
#277 = VECTOR('',#278,1.);
#278 = DIRECTION('',(1.,-0.));
#279 = ( GEOMETRIC_REPRESENTATION_CONTEXT(2) 
PARAMETRIC_REPRESENTATION_CONTEXT() REPRESENTATION_CONTEXT('2D SPACE',''
  ) );
#280 = FACE_BOUND('',#281,.F.);
#281 = EDGE_LOOP('',(#282,#312,#340,#368));
#282 = ORIENTED_EDGE('',*,*,#283,.T.);
#283 = EDGE_CURVE('',#284,#286,#288,.T.);
#284 = VERTEX_POINT('',#285);
#285 = CARTESIAN_POINT('',(-54.25,-70.,188.));
#286 = VERTEX_POINT('',#287);
#287 = CARTESIAN_POINT('',(-54.25,-70.,144.));
#288 = SURFACE_CURVE('',#289,(#293,#300),.PCURVE_S1.);
#289 = LINE('',#290,#291);
#290 = CARTESIAN_POINT('',(-54.25,-70.,188.));
#291 = VECTOR('',#292,1.);
#292 = DIRECTION('',(0.,0.,-1.));
#293 = PCURVE('',#32,#294);
#294 = DEFINITIONAL_REPRESENTATION('',(#295),#299);
#295 = LINE('',#296,#297);
#296 = CARTESIAN_POINT('',(23.75,-175.));
#297 = VECTOR('',#298,1.);
#298 = DIRECTION('',(0.,1.));
#299 = ( GEOMETRIC_REPRESENTATION_CONTEXT(2) 
PARAMETRIC_REPRESENTATION_CONTEXT() REPRESENTATION_CONTEXT('2D SPACE',''
  ) );
#300 = PCURVE('',#301,#306);
#301 = PLANE('',#302);
#302 = AXIS2_PLACEMENT_3D('',#303,#304,#305);
#303 = CARTESIAN_POINT('',(-54.25,-68.5,188.));
#304 = DIRECTION('',(1.,0.,0.));
#305 = DIRECTION('',(0.,0.,-1.));
#306 = DEFINITIONAL_REPRESENTATION('',(#307),#311);
#307 = LINE('',#308,#309);
#308 = CARTESIAN_POINT('',(0.,-1.5));
#309 = VECTOR('',#310,1.);
#310 = DIRECTION('',(1.,0.));
#311 = ( GEOMETRIC_REPRESENTATION_CONTEXT(2) 
PARAMETRIC_REPRESENTATION_CONTEXT() REPRESENTATION_CONTEXT('2D SPACE',''
  ) );
#312 = ORIENTED_EDGE('',*,*,#313,.T.);
#313 = EDGE_CURVE('',#286,#314,#316,.T.);
#314 = VERTEX_POINT('',#315);
#315 = CARTESIAN_POINT('',(54.25,-70.,144.));
#316 = SURFACE_CURVE('',#317,(#321,#328),.PCURVE_S1.);
#317 = LINE('',#318,#319);
#318 = CARTESIAN_POINT('',(-54.25,-70.,144.));
#319 = VECTOR('',#320,1.);
#320 = DIRECTION('',(1.,0.,0.));
#321 = PCURVE('',#32,#322);
#322 = DEFINITIONAL_REPRESENTATION('',(#323),#327);
#323 = LINE('',#324,#325);
#324 = CARTESIAN_POINT('',(23.75,-131.));
#325 = VECTOR('',#326,1.);
#326 = DIRECTION('',(1.,0.));
#327 = ( GEOMETRIC_REPRESENTATION_CONTEXT(2) 
PARAMETRIC_REPRESENTATION_CONTEXT() REPRESENTATION_CONTEXT('2D SPACE',''
  ) );
#328 = PCURVE('',#329,#334);
#329 = PLANE('',#330);
#330 = AXIS2_PLACEMENT_3D('',#331,#332,#333);
#331 = CARTESIAN_POINT('',(-54.25,-68.5,144.));
#332 = DIRECTION('',(-0.,0.,1.));
#333 = DIRECTION('',(1.,0.,0.));
#334 = DEFINITIONAL_REPRESENTATION('',(#335),#339);
#335 = LINE('',#336,#337);
#336 = CARTESIAN_POINT('',(0.,-1.5));
#337 = VECTOR('',#338,1.);
#338 = DIRECTION('',(1.,0.));
#339 = ( GEOMETRIC_REPRESENTATION_CONTEXT(2) 
PARAMETRIC_REPRESENTATION_CONTEXT() REPRESENTATION_CONTEXT('2D SPACE',''
  ) );
#340 = ORIENTED_EDGE('',*,*,#341,.T.);
#341 = EDGE_CURVE('',#314,#342,#344,.T.);
#342 = VERTEX_POINT('',#343);
#343 = CARTESIAN_POINT('',(54.25,-70.,188.));
#344 = SURFACE_CURVE('',#345,(#349,#356),.PCURVE_S1.);
#345 = LINE('',#346,#347);
#346 = CARTESIAN_POINT('',(54.25,-70.,144.));
#347 = VECTOR('',#348,1.);
#348 = DIRECTION('',(0.,0.,1.));
#349 = PCURVE('',#32,#350);
#350 = DEFINITIONAL_REPRESENTATION('',(#351),#355);
#351 = LINE('',#352,#353);
#352 = CARTESIAN_POINT('',(132.25,-131.));
#353 = VECTOR('',#354,1.);
#354 = DIRECTION('',(0.,-1.));
#355 = ( GEOMETRIC_REPRESENTATION_CONTEXT(2) 
PARAMETRIC_REPRESENTATION_CONTEXT() REPRESENTATION_CONTEXT('2D SPACE',''
  ) );
#356 = PCURVE('',#357,#362);
#357 = PLANE('',#358);
#358 = AXIS2_PLACEMENT_3D('',#359,#360,#361);
#359 = CARTESIAN_POINT('',(54.25,-68.5,144.));
#360 = DIRECTION('',(-1.,0.,0.));
#361 = DIRECTION('',(0.,0.,1.));
#362 = DEFINITIONAL_REPRESENTATION('',(#363),#367);
#363 = LINE('',#364,#365);
#364 = CARTESIAN_POINT('',(0.,-1.5));
#365 = VECTOR('',#366,1.);
#366 = DIRECTION('',(1.,0.));
#367 = ( GEOMETRIC_REPRESENTATION_CONTEXT(2) 
PARAMETRIC_REPRESENTATION_CONTEXT() REPRESENTATION_CONTEXT('2D SPACE',''
  ) );
#368 = ORIENTED_EDGE('',*,*,#369,.T.);
#369 = EDGE_CURVE('',#342,#284,#370,.T.);
#370 = SURFACE_CURVE('',#371,(#375,#382),.PCURVE_S1.);
#371 = LINE('',#372,#373);
#372 = CARTESIAN_POINT('',(54.25,-70.,188.));
#373 = VECTOR('',#374,1.);
#374 = DIRECTION('',(-1.,0.,0.));
#375 = PCURVE('',#32,#376);
#376 = DEFINITIONAL_REPRESENTATION('',(#377),#381);
#377 = LINE('',#378,#379);
#378 = CARTESIAN_POINT('',(132.25,-175.));
#379 = VECTOR('',#380,1.);
#380 = DIRECTION('',(-1.,0.));
#381 = ( GEOMETRIC_REPRESENTATION_CONTEXT(2) 
PARAMETRIC_REPRESENTATION_CONTEXT() REPRESENTATION_CONTEXT('2D SPACE',''
  ) );
#382 = PCURVE('',#383,#388);
#383 = PLANE('',#384);
#384 = AXIS2_PLACEMENT_3D('',#385,#386,#387);
#385 = CARTESIAN_POINT('',(54.25,-68.5,188.));
#386 = DIRECTION('',(-0.,-0.,-1.));
#387 = DIRECTION('',(-1.,0.,0.));
#388 = DEFINITIONAL_REPRESENTATION('',(#389),#393);
#389 = LINE('',#390,#391);
#390 = CARTESIAN_POINT('',(0.,-1.5));
#391 = VECTOR('',#392,1.);
#392 = DIRECTION('',(1.,0.));
#393 = ( GEOMETRIC_REPRESENTATION_CONTEXT(2) 
PARAMETRIC_REPRESENTATION_CONTEXT() REPRESENTATION_CONTEXT('2D SPACE',''
  ) );
#394 = FACE_BOUND('',#395,.F.);
#395 = EDGE_LOOP('',(#396,#424,#450,#476,#502,#523,#551,#579));
#396 = ORIENTED_EDGE('',*,*,#397,.T.);
#397 = EDGE_CURVE('',#398,#400,#402,.T.);
#398 = VERTEX_POINT('',#399);
#399 = CARTESIAN_POINT('',(-32.,-70.,124.));
#400 = VERTEX_POINT('',#401);
#401 = CARTESIAN_POINT('',(-48.,-70.,124.));
#402 = SURFACE_CURVE('',#403,(#407,#413),.PCURVE_S1.);
#403 = LINE('',#404,#405);
#404 = CARTESIAN_POINT('',(-15.,-70.,124.));
#405 = VECTOR('',#406,1.);
#406 = DIRECTION('',(-1.,0.,0.));
#407 = PCURVE('',#32,#408);
#408 = DEFINITIONAL_REPRESENTATION('',(#409),#412);
#409 = B_SPLINE_CURVE_WITH_KNOTS('',1,(#410,#411),.UNSPECIFIED.,.F.,.F.,
  (2,2),(-63.,33.),.PIECEWISE_BEZIER_KNOTS.);
#410 = CARTESIAN_POINT('',(126.,-111.));
#411 = CARTESIAN_POINT('',(30.,-111.));
#412 = ( GEOMETRIC_REPRESENTATION_CONTEXT(2) 
PARAMETRIC_REPRESENTATION_CONTEXT() REPRESENTATION_CONTEXT('2D SPACE',''
  ) );
#413 = PCURVE('',#414,#419);
#414 = PLANE('',#415);
#415 = AXIS2_PLACEMENT_3D('',#416,#417,#418);
#416 = CARTESIAN_POINT('',(48.,-62.,124.));
#417 = DIRECTION('',(-0.,-0.,-1.));
#418 = DIRECTION('',(-1.,0.,0.));
#419 = DEFINITIONAL_REPRESENTATION('',(#420),#423);
#420 = B_SPLINE_CURVE_WITH_KNOTS('',1,(#421,#422),.UNSPECIFIED.,.F.,.F.,
  (2,2),(-63.,33.),.PIECEWISE_BEZIER_KNOTS.);
#421 = CARTESIAN_POINT('',(0.,-8.));
#422 = CARTESIAN_POINT('',(96.,-8.));
#423 = ( GEOMETRIC_REPRESENTATION_CONTEXT(2) 
PARAMETRIC_REPRESENTATION_CONTEXT() REPRESENTATION_CONTEXT('2D SPACE',''
  ) );
#424 = ORIENTED_EDGE('',*,*,#425,.T.);
#425 = EDGE_CURVE('',#400,#426,#428,.T.);
#426 = VERTEX_POINT('',#427);
#427 = CARTESIAN_POINT('',(-48.,-70.,48.));
#428 = SURFACE_CURVE('',#429,(#433,#439),.PCURVE_S1.);
#429 = LINE('',#430,#431);
#430 = CARTESIAN_POINT('',(-48.,-70.,68.5));
#431 = VECTOR('',#432,1.);
#432 = DIRECTION('',(0.,0.,-1.));
#433 = PCURVE('',#32,#434);
#434 = DEFINITIONAL_REPRESENTATION('',(#435),#438);
#435 = B_SPLINE_CURVE_WITH_KNOTS('',1,(#436,#437),.UNSPECIFIED.,.F.,.F.,
  (2,2),(-55.5,20.5),.PIECEWISE_BEZIER_KNOTS.);
#436 = CARTESIAN_POINT('',(30.,-111.));
#437 = CARTESIAN_POINT('',(30.,-35.));
#438 = ( GEOMETRIC_REPRESENTATION_CONTEXT(2) 
PARAMETRIC_REPRESENTATION_CONTEXT() REPRESENTATION_CONTEXT('2D SPACE',''
  ) );
#439 = PCURVE('',#440,#445);
#440 = PLANE('',#441);
#441 = AXIS2_PLACEMENT_3D('',#442,#443,#444);
#442 = CARTESIAN_POINT('',(-48.,-62.,124.));
#443 = DIRECTION('',(1.,0.,0.));
#444 = DIRECTION('',(0.,0.,-1.));
#445 = DEFINITIONAL_REPRESENTATION('',(#446),#449);
#446 = B_SPLINE_CURVE_WITH_KNOTS('',1,(#447,#448),.UNSPECIFIED.,.F.,.F.,
  (2,2),(-55.5,20.5),.PIECEWISE_BEZIER_KNOTS.);
#447 = CARTESIAN_POINT('',(0.,-8.));
#448 = CARTESIAN_POINT('',(76.,-8.));
#449 = ( GEOMETRIC_REPRESENTATION_CONTEXT(2) 
PARAMETRIC_REPRESENTATION_CONTEXT() REPRESENTATION_CONTEXT('2D SPACE',''
  ) );
#450 = ORIENTED_EDGE('',*,*,#451,.T.);
#451 = EDGE_CURVE('',#426,#452,#454,.T.);
#452 = VERTEX_POINT('',#453);
#453 = CARTESIAN_POINT('',(48.,-70.,48.));
#454 = SURFACE_CURVE('',#455,(#459,#465),.PCURVE_S1.);
#455 = LINE('',#456,#457);
#456 = CARTESIAN_POINT('',(-63.,-70.,48.));
#457 = VECTOR('',#458,1.);
#458 = DIRECTION('',(1.,-0.,0.));
#459 = PCURVE('',#32,#460);
#460 = DEFINITIONAL_REPRESENTATION('',(#461),#464);
#461 = B_SPLINE_CURVE_WITH_KNOTS('',1,(#462,#463),.UNSPECIFIED.,.F.,.F.,
  (2,2),(15.,111.),.PIECEWISE_BEZIER_KNOTS.);
#462 = CARTESIAN_POINT('',(30.,-35.));
#463 = CARTESIAN_POINT('',(126.,-35.));
#464 = ( GEOMETRIC_REPRESENTATION_CONTEXT(2) 
PARAMETRIC_REPRESENTATION_CONTEXT() REPRESENTATION_CONTEXT('2D SPACE',''
  ) );
#465 = PCURVE('',#466,#471);
#466 = PLANE('',#467);
#467 = AXIS2_PLACEMENT_3D('',#468,#469,#470);
#468 = CARTESIAN_POINT('',(-48.,-62.,48.));
#469 = DIRECTION('',(-0.,0.,1.));
#470 = DIRECTION('',(1.,0.,0.));
#471 = DEFINITIONAL_REPRESENTATION('',(#472),#475);
#472 = B_SPLINE_CURVE_WITH_KNOTS('',1,(#473,#474),.UNSPECIFIED.,.F.,.F.,
  (2,2),(15.,111.),.PIECEWISE_BEZIER_KNOTS.);
#473 = CARTESIAN_POINT('',(0.,-8.));
#474 = CARTESIAN_POINT('',(96.,-8.));
#475 = ( GEOMETRIC_REPRESENTATION_CONTEXT(2) 
PARAMETRIC_REPRESENTATION_CONTEXT() REPRESENTATION_CONTEXT('2D SPACE',''
  ) );
#476 = ORIENTED_EDGE('',*,*,#477,.T.);
#477 = EDGE_CURVE('',#452,#478,#480,.T.);
#478 = VERTEX_POINT('',#479);
#479 = CARTESIAN_POINT('',(48.,-70.,124.));
#480 = SURFACE_CURVE('',#481,(#485,#491),.PCURVE_S1.);
#481 = LINE('',#482,#483);
#482 = CARTESIAN_POINT('',(48.,-70.,30.5));
#483 = VECTOR('',#484,1.);
#484 = DIRECTION('',(0.,-0.,1.));
#485 = PCURVE('',#32,#486);
#486 = DEFINITIONAL_REPRESENTATION('',(#487),#490);
#487 = B_SPLINE_CURVE_WITH_KNOTS('',1,(#488,#489),.UNSPECIFIED.,.F.,.F.,
  (2,2),(17.5,93.5),.PIECEWISE_BEZIER_KNOTS.);
#488 = CARTESIAN_POINT('',(126.,-35.));
#489 = CARTESIAN_POINT('',(126.,-111.));
#490 = ( GEOMETRIC_REPRESENTATION_CONTEXT(2) 
PARAMETRIC_REPRESENTATION_CONTEXT() REPRESENTATION_CONTEXT('2D SPACE',''
  ) );
#491 = PCURVE('',#492,#497);
#492 = PLANE('',#493);
#493 = AXIS2_PLACEMENT_3D('',#494,#495,#496);
#494 = CARTESIAN_POINT('',(48.,-62.,48.));
#495 = DIRECTION('',(-1.,0.,0.));
#496 = DIRECTION('',(0.,0.,1.));
#497 = DEFINITIONAL_REPRESENTATION('',(#498),#501);
#498 = B_SPLINE_CURVE_WITH_KNOTS('',1,(#499,#500),.UNSPECIFIED.,.F.,.F.,
  (2,2),(17.5,93.5),.PIECEWISE_BEZIER_KNOTS.);
#499 = CARTESIAN_POINT('',(0.,-8.));
#500 = CARTESIAN_POINT('',(76.,-8.));
#501 = ( GEOMETRIC_REPRESENTATION_CONTEXT(2) 
PARAMETRIC_REPRESENTATION_CONTEXT() REPRESENTATION_CONTEXT('2D SPACE',''
  ) );
#502 = ORIENTED_EDGE('',*,*,#503,.T.);
#503 = EDGE_CURVE('',#478,#504,#506,.T.);
#504 = VERTEX_POINT('',#505);
#505 = CARTESIAN_POINT('',(32.,-70.,124.));
#506 = SURFACE_CURVE('',#507,(#511,#517),.PCURVE_S1.);
#507 = LINE('',#508,#509);
#508 = CARTESIAN_POINT('',(-15.,-70.,124.));
#509 = VECTOR('',#510,1.);
#510 = DIRECTION('',(-1.,0.,0.));
#511 = PCURVE('',#32,#512);
#512 = DEFINITIONAL_REPRESENTATION('',(#513),#516);
#513 = B_SPLINE_CURVE_WITH_KNOTS('',1,(#514,#515),.UNSPECIFIED.,.F.,.F.,
  (2,2),(-63.,33.),.PIECEWISE_BEZIER_KNOTS.);
#514 = CARTESIAN_POINT('',(126.,-111.));
#515 = CARTESIAN_POINT('',(30.,-111.));
#516 = ( GEOMETRIC_REPRESENTATION_CONTEXT(2) 
PARAMETRIC_REPRESENTATION_CONTEXT() REPRESENTATION_CONTEXT('2D SPACE',''
  ) );
#517 = PCURVE('',#414,#518);
#518 = DEFINITIONAL_REPRESENTATION('',(#519),#522);
#519 = B_SPLINE_CURVE_WITH_KNOTS('',1,(#520,#521),.UNSPECIFIED.,.F.,.F.,
  (2,2),(-63.,33.),.PIECEWISE_BEZIER_KNOTS.);
#520 = CARTESIAN_POINT('',(0.,-8.));
#521 = CARTESIAN_POINT('',(96.,-8.));
#522 = ( GEOMETRIC_REPRESENTATION_CONTEXT(2) 
PARAMETRIC_REPRESENTATION_CONTEXT() REPRESENTATION_CONTEXT('2D SPACE',''
  ) );
#523 = ORIENTED_EDGE('',*,*,#524,.T.);
#524 = EDGE_CURVE('',#504,#525,#527,.T.);
#525 = VERTEX_POINT('',#526);
#526 = CARTESIAN_POINT('',(32.,-70.,137.5));
#527 = SURFACE_CURVE('',#528,(#532,#539),.PCURVE_S1.);
#528 = LINE('',#529,#530);
#529 = CARTESIAN_POINT('',(32.,-70.,118.5));
#530 = VECTOR('',#531,1.);
#531 = DIRECTION('',(0.,0.,1.));
#532 = PCURVE('',#32,#533);
#533 = DEFINITIONAL_REPRESENTATION('',(#534),#538);
#534 = LINE('',#535,#536);
#535 = CARTESIAN_POINT('',(110.,-105.5));
#536 = VECTOR('',#537,1.);
#537 = DIRECTION('',(0.,-1.));
#538 = ( GEOMETRIC_REPRESENTATION_CONTEXT(2) 
PARAMETRIC_REPRESENTATION_CONTEXT() REPRESENTATION_CONTEXT('2D SPACE',''
  ) );
#539 = PCURVE('',#540,#545);
#540 = PLANE('',#541);
#541 = AXIS2_PLACEMENT_3D('',#542,#543,#544);
#542 = CARTESIAN_POINT('',(32.,-68.5,118.5));
#543 = DIRECTION('',(-1.,0.,0.));
#544 = DIRECTION('',(0.,0.,1.));
#545 = DEFINITIONAL_REPRESENTATION('',(#546),#550);
#546 = LINE('',#547,#548);
#547 = CARTESIAN_POINT('',(0.,-1.5));
#548 = VECTOR('',#549,1.);
#549 = DIRECTION('',(1.,0.));
#550 = ( GEOMETRIC_REPRESENTATION_CONTEXT(2) 
PARAMETRIC_REPRESENTATION_CONTEXT() REPRESENTATION_CONTEXT('2D SPACE',''
  ) );
#551 = ORIENTED_EDGE('',*,*,#552,.T.);
#552 = EDGE_CURVE('',#525,#553,#555,.T.);
#553 = VERTEX_POINT('',#554);
#554 = CARTESIAN_POINT('',(-32.,-70.,137.5));
#555 = SURFACE_CURVE('',#556,(#560,#567),.PCURVE_S1.);
#556 = LINE('',#557,#558);
#557 = CARTESIAN_POINT('',(32.,-70.,137.5));
#558 = VECTOR('',#559,1.);
#559 = DIRECTION('',(-1.,0.,0.));
#560 = PCURVE('',#32,#561);
#561 = DEFINITIONAL_REPRESENTATION('',(#562),#566);
#562 = LINE('',#563,#564);
#563 = CARTESIAN_POINT('',(110.,-124.5));
#564 = VECTOR('',#565,1.);
#565 = DIRECTION('',(-1.,0.));
#566 = ( GEOMETRIC_REPRESENTATION_CONTEXT(2) 
PARAMETRIC_REPRESENTATION_CONTEXT() REPRESENTATION_CONTEXT('2D SPACE',''
  ) );
#567 = PCURVE('',#568,#573);
#568 = PLANE('',#569);
#569 = AXIS2_PLACEMENT_3D('',#570,#571,#572);
#570 = CARTESIAN_POINT('',(32.,-68.5,137.5));
#571 = DIRECTION('',(-0.,-0.,-1.));
#572 = DIRECTION('',(-1.,0.,0.));
#573 = DEFINITIONAL_REPRESENTATION('',(#574),#578);
#574 = LINE('',#575,#576);
#575 = CARTESIAN_POINT('',(0.,-1.5));
#576 = VECTOR('',#577,1.);
#577 = DIRECTION('',(1.,0.));
#578 = ( GEOMETRIC_REPRESENTATION_CONTEXT(2) 
PARAMETRIC_REPRESENTATION_CONTEXT() REPRESENTATION_CONTEXT('2D SPACE',''
  ) );
#579 = ORIENTED_EDGE('',*,*,#580,.T.);
#580 = EDGE_CURVE('',#553,#398,#581,.T.);
#581 = SURFACE_CURVE('',#582,(#586,#593),.PCURVE_S1.);
#582 = LINE('',#583,#584);
#583 = CARTESIAN_POINT('',(-32.,-70.,137.5));
#584 = VECTOR('',#585,1.);
#585 = DIRECTION('',(0.,0.,-1.));
#586 = PCURVE('',#32,#587);
#587 = DEFINITIONAL_REPRESENTATION('',(#588),#592);
#588 = LINE('',#589,#590);
#589 = CARTESIAN_POINT('',(46.,-124.5));
#590 = VECTOR('',#591,1.);
#591 = DIRECTION('',(0.,1.));
#592 = ( GEOMETRIC_REPRESENTATION_CONTEXT(2) 
PARAMETRIC_REPRESENTATION_CONTEXT() REPRESENTATION_CONTEXT('2D SPACE',''
  ) );
#593 = PCURVE('',#594,#599);
#594 = PLANE('',#595);
#595 = AXIS2_PLACEMENT_3D('',#596,#597,#598);
#596 = CARTESIAN_POINT('',(-32.,-68.5,137.5));
#597 = DIRECTION('',(1.,0.,0.));
#598 = DIRECTION('',(0.,0.,-1.));
#599 = DEFINITIONAL_REPRESENTATION('',(#600),#604);
#600 = LINE('',#601,#602);
#601 = CARTESIAN_POINT('',(0.,-1.5));
#602 = VECTOR('',#603,1.);
#603 = DIRECTION('',(1.,0.));
#604 = ( GEOMETRIC_REPRESENTATION_CONTEXT(2) 
PARAMETRIC_REPRESENTATION_CONTEXT() REPRESENTATION_CONTEXT('2D SPACE',''
  ) );
#605 = ADVANCED_FACE('',(#606),#492,.T.);
#606 = FACE_BOUND('',#607,.T.);
#607 = EDGE_LOOP('',(#608,#636,#657,#658));
#608 = ORIENTED_EDGE('',*,*,#609,.F.);
#609 = EDGE_CURVE('',#610,#612,#614,.T.);
#610 = VERTEX_POINT('',#611);
#611 = CARTESIAN_POINT('',(48.,-67.,48.));
#612 = VERTEX_POINT('',#613);
#613 = CARTESIAN_POINT('',(48.,-67.,124.));
#614 = SURFACE_CURVE('',#615,(#619,#625),.PCURVE_S1.);
#615 = LINE('',#616,#617);
#616 = CARTESIAN_POINT('',(48.,-67.,32.5));
#617 = VECTOR('',#618,1.);
#618 = DIRECTION('',(0.,-0.,1.));
#619 = PCURVE('',#492,#620);
#620 = DEFINITIONAL_REPRESENTATION('',(#621),#624);
#621 = B_SPLINE_CURVE_WITH_KNOTS('',1,(#622,#623),.UNSPECIFIED.,.F.,.F.,
  (2,2),(15.5,91.5),.PIECEWISE_BEZIER_KNOTS.);
#622 = CARTESIAN_POINT('',(0.,-5.));
#623 = CARTESIAN_POINT('',(76.,-5.));
#624 = ( GEOMETRIC_REPRESENTATION_CONTEXT(2) 
PARAMETRIC_REPRESENTATION_CONTEXT() REPRESENTATION_CONTEXT('2D SPACE',''
  ) );
#625 = PCURVE('',#626,#631);
#626 = PLANE('',#627);
#627 = AXIS2_PLACEMENT_3D('',#628,#629,#630);
#628 = CARTESIAN_POINT('',(-75.,-67.,17.));
#629 = DIRECTION('',(0.,1.,0.));
#630 = DIRECTION('',(1.,0.,0.));
#631 = DEFINITIONAL_REPRESENTATION('',(#632),#635);
#632 = B_SPLINE_CURVE_WITH_KNOTS('',1,(#633,#634),.UNSPECIFIED.,.F.,.F.,
  (2,2),(15.5,91.5),.PIECEWISE_BEZIER_KNOTS.);
#633 = CARTESIAN_POINT('',(123.,-31.));
#634 = CARTESIAN_POINT('',(123.,-107.));
#635 = ( GEOMETRIC_REPRESENTATION_CONTEXT(2) 
PARAMETRIC_REPRESENTATION_CONTEXT() REPRESENTATION_CONTEXT('2D SPACE',''
  ) );
#636 = ORIENTED_EDGE('',*,*,#637,.T.);
#637 = EDGE_CURVE('',#610,#452,#638,.T.);
#638 = SURFACE_CURVE('',#639,(#643,#650),.PCURVE_S1.);
#639 = LINE('',#640,#641);
#640 = CARTESIAN_POINT('',(48.,-62.,48.));
#641 = VECTOR('',#642,1.);
#642 = DIRECTION('',(0.,-1.,0.));
#643 = PCURVE('',#492,#644);
#644 = DEFINITIONAL_REPRESENTATION('',(#645),#649);
#645 = LINE('',#646,#647);
#646 = CARTESIAN_POINT('',(0.,0.));
#647 = VECTOR('',#648,1.);
#648 = DIRECTION('',(0.,-1.));
#649 = ( GEOMETRIC_REPRESENTATION_CONTEXT(2) 
PARAMETRIC_REPRESENTATION_CONTEXT() REPRESENTATION_CONTEXT('2D SPACE',''
  ) );
#650 = PCURVE('',#466,#651);
#651 = DEFINITIONAL_REPRESENTATION('',(#652),#656);
#652 = LINE('',#653,#654);
#653 = CARTESIAN_POINT('',(96.,0.));
#654 = VECTOR('',#655,1.);
#655 = DIRECTION('',(0.,-1.));
#656 = ( GEOMETRIC_REPRESENTATION_CONTEXT(2) 
PARAMETRIC_REPRESENTATION_CONTEXT() REPRESENTATION_CONTEXT('2D SPACE',''
  ) );
#657 = ORIENTED_EDGE('',*,*,#477,.T.);
#658 = ORIENTED_EDGE('',*,*,#659,.F.);
#659 = EDGE_CURVE('',#612,#478,#660,.T.);
#660 = SURFACE_CURVE('',#661,(#665,#672),.PCURVE_S1.);
#661 = LINE('',#662,#663);
#662 = CARTESIAN_POINT('',(48.,-62.,124.));
#663 = VECTOR('',#664,1.);
#664 = DIRECTION('',(0.,-1.,0.));
#665 = PCURVE('',#492,#666);
#666 = DEFINITIONAL_REPRESENTATION('',(#667),#671);
#667 = LINE('',#668,#669);
#668 = CARTESIAN_POINT('',(76.,0.));
#669 = VECTOR('',#670,1.);
#670 = DIRECTION('',(0.,-1.));
#671 = ( GEOMETRIC_REPRESENTATION_CONTEXT(2) 
PARAMETRIC_REPRESENTATION_CONTEXT() REPRESENTATION_CONTEXT('2D SPACE',''
  ) );
#672 = PCURVE('',#414,#673);
#673 = DEFINITIONAL_REPRESENTATION('',(#674),#678);
#674 = LINE('',#675,#676);
#675 = CARTESIAN_POINT('',(0.,0.));
#676 = VECTOR('',#677,1.);
#677 = DIRECTION('',(0.,-1.));
#678 = ( GEOMETRIC_REPRESENTATION_CONTEXT(2) 
PARAMETRIC_REPRESENTATION_CONTEXT() REPRESENTATION_CONTEXT('2D SPACE',''
  ) );
#679 = ADVANCED_FACE('',(#680,#794,#880,#986,#1012,#1118,#1149,#1180,
    #1211),#626,.T.);
#680 = FACE_BOUND('',#681,.T.);
#681 = EDGE_LOOP('',(#682,#712,#740,#768));
#682 = ORIENTED_EDGE('',*,*,#683,.F.);
#683 = EDGE_CURVE('',#684,#686,#688,.T.);
#684 = VERTEX_POINT('',#685);
#685 = CARTESIAN_POINT('',(-58.,-67.,17.));
#686 = VERTEX_POINT('',#687);
#687 = CARTESIAN_POINT('',(58.,-67.,17.));
#688 = SURFACE_CURVE('',#689,(#693,#700),.PCURVE_S1.);
#689 = LINE('',#690,#691);
#690 = CARTESIAN_POINT('',(-75.,-67.,17.));
#691 = VECTOR('',#692,1.);
#692 = DIRECTION('',(1.,0.,0.));
#693 = PCURVE('',#626,#694);
#694 = DEFINITIONAL_REPRESENTATION('',(#695),#699);
#695 = LINE('',#696,#697);
#696 = CARTESIAN_POINT('',(0.,0.));
#697 = VECTOR('',#698,1.);
#698 = DIRECTION('',(1.,0.));
#699 = ( GEOMETRIC_REPRESENTATION_CONTEXT(2) 
PARAMETRIC_REPRESENTATION_CONTEXT() REPRESENTATION_CONTEXT('2D SPACE',''
  ) );
#700 = PCURVE('',#701,#706);
#701 = PLANE('',#702);
#702 = AXIS2_PLACEMENT_3D('',#703,#704,#705);
#703 = CARTESIAN_POINT('',(0.,0.,17.));
#704 = DIRECTION('',(0.,0.,1.));
#705 = DIRECTION('',(1.,0.,-0.));
#706 = DEFINITIONAL_REPRESENTATION('',(#707),#711);
#707 = LINE('',#708,#709);
#708 = CARTESIAN_POINT('',(-75.,-67.));
#709 = VECTOR('',#710,1.);
#710 = DIRECTION('',(1.,0.));
#711 = ( GEOMETRIC_REPRESENTATION_CONTEXT(2) 
PARAMETRIC_REPRESENTATION_CONTEXT() REPRESENTATION_CONTEXT('2D SPACE',''
  ) );
#712 = ORIENTED_EDGE('',*,*,#713,.T.);
#713 = EDGE_CURVE('',#684,#714,#716,.T.);
#714 = VERTEX_POINT('',#715);
#715 = CARTESIAN_POINT('',(-58.,-67.,257.));
#716 = SURFACE_CURVE('',#717,(#721,#728),.PCURVE_S1.);
#717 = LINE('',#718,#719);
#718 = CARTESIAN_POINT('',(-58.,-67.,17.));
#719 = VECTOR('',#720,1.);
#720 = DIRECTION('',(0.,0.,1.));
#721 = PCURVE('',#626,#722);
#722 = DEFINITIONAL_REPRESENTATION('',(#723),#727);
#723 = LINE('',#724,#725);
#724 = CARTESIAN_POINT('',(17.,0.));
#725 = VECTOR('',#726,1.);
#726 = DIRECTION('',(0.,-1.));
#727 = ( GEOMETRIC_REPRESENTATION_CONTEXT(2) 
PARAMETRIC_REPRESENTATION_CONTEXT() REPRESENTATION_CONTEXT('2D SPACE',''
  ) );
#728 = PCURVE('',#729,#734);
#729 = CYLINDRICAL_SURFACE('',#730,17.);
#730 = AXIS2_PLACEMENT_3D('',#731,#732,#733);
#731 = CARTESIAN_POINT('',(-58.,-50.,17.));
#732 = DIRECTION('',(0.,0.,1.));
#733 = DIRECTION('',(0.,-1.,0.));
#734 = DEFINITIONAL_REPRESENTATION('',(#735),#739);
#735 = LINE('',#736,#737);
#736 = CARTESIAN_POINT('',(-0.,0.));
#737 = VECTOR('',#738,1.);
#738 = DIRECTION('',(-0.,1.));
#739 = ( GEOMETRIC_REPRESENTATION_CONTEXT(2) 
PARAMETRIC_REPRESENTATION_CONTEXT() REPRESENTATION_CONTEXT('2D SPACE',''
  ) );
#740 = ORIENTED_EDGE('',*,*,#741,.T.);
#741 = EDGE_CURVE('',#714,#742,#744,.T.);
#742 = VERTEX_POINT('',#743);
#743 = CARTESIAN_POINT('',(58.,-67.,257.));
#744 = SURFACE_CURVE('',#745,(#749,#756),.PCURVE_S1.);
#745 = LINE('',#746,#747);
#746 = CARTESIAN_POINT('',(-75.,-67.,257.));
#747 = VECTOR('',#748,1.);
#748 = DIRECTION('',(1.,0.,0.));
#749 = PCURVE('',#626,#750);
#750 = DEFINITIONAL_REPRESENTATION('',(#751),#755);
#751 = LINE('',#752,#753);
#752 = CARTESIAN_POINT('',(0.,-240.));
#753 = VECTOR('',#754,1.);
#754 = DIRECTION('',(1.,0.));
#755 = ( GEOMETRIC_REPRESENTATION_CONTEXT(2) 
PARAMETRIC_REPRESENTATION_CONTEXT() REPRESENTATION_CONTEXT('2D SPACE',''
  ) );
#756 = PCURVE('',#757,#762);
#757 = PLANE('',#758);
#758 = AXIS2_PLACEMENT_3D('',#759,#760,#761);
#759 = CARTESIAN_POINT('',(0.,0.,257.));
#760 = DIRECTION('',(0.,0.,1.));
#761 = DIRECTION('',(1.,0.,-0.));
#762 = DEFINITIONAL_REPRESENTATION('',(#763),#767);
#763 = LINE('',#764,#765);
#764 = CARTESIAN_POINT('',(-75.,-67.));
#765 = VECTOR('',#766,1.);
#766 = DIRECTION('',(1.,0.));
#767 = ( GEOMETRIC_REPRESENTATION_CONTEXT(2) 
PARAMETRIC_REPRESENTATION_CONTEXT() REPRESENTATION_CONTEXT('2D SPACE',''
  ) );
#768 = ORIENTED_EDGE('',*,*,#769,.F.);
#769 = EDGE_CURVE('',#686,#742,#770,.T.);
#770 = SURFACE_CURVE('',#771,(#775,#782),.PCURVE_S1.);
#771 = LINE('',#772,#773);
#772 = CARTESIAN_POINT('',(58.,-67.,17.));
#773 = VECTOR('',#774,1.);
#774 = DIRECTION('',(0.,0.,1.));
#775 = PCURVE('',#626,#776);
#776 = DEFINITIONAL_REPRESENTATION('',(#777),#781);
#777 = LINE('',#778,#779);
#778 = CARTESIAN_POINT('',(133.,0.));
#779 = VECTOR('',#780,1.);
#780 = DIRECTION('',(0.,-1.));
#781 = ( GEOMETRIC_REPRESENTATION_CONTEXT(2) 
PARAMETRIC_REPRESENTATION_CONTEXT() REPRESENTATION_CONTEXT('2D SPACE',''
  ) );
#782 = PCURVE('',#783,#788);
#783 = CYLINDRICAL_SURFACE('',#784,17.);
#784 = AXIS2_PLACEMENT_3D('',#785,#786,#787);
#785 = CARTESIAN_POINT('',(58.,-50.,17.));
#786 = DIRECTION('',(0.,0.,1.));
#787 = DIRECTION('',(0.,-1.,0.));
#788 = DEFINITIONAL_REPRESENTATION('',(#789),#793);
#789 = LINE('',#790,#791);
#790 = CARTESIAN_POINT('',(0.,0.));
#791 = VECTOR('',#792,1.);
#792 = DIRECTION('',(0.,1.));
#793 = ( GEOMETRIC_REPRESENTATION_CONTEXT(2) 
PARAMETRIC_REPRESENTATION_CONTEXT() REPRESENTATION_CONTEXT('2D SPACE',''
  ) );
#794 = FACE_BOUND('',#795,.T.);
#795 = EDGE_LOOP('',(#796,#819,#840,#861));
#796 = ORIENTED_EDGE('',*,*,#797,.T.);
#797 = EDGE_CURVE('',#798,#800,#802,.T.);
#798 = VERTEX_POINT('',#799);
#799 = CARTESIAN_POINT('',(-30.,-67.,219.5));
#800 = VERTEX_POINT('',#801);
#801 = CARTESIAN_POINT('',(-30.,-67.,192.5));
#802 = SURFACE_CURVE('',#803,(#807,#813),.PCURVE_S1.);
#803 = LINE('',#804,#805);
#804 = CARTESIAN_POINT('',(-30.,-67.,118.25));
#805 = VECTOR('',#806,1.);
#806 = DIRECTION('',(0.,0.,-1.));
#807 = PCURVE('',#626,#808);
#808 = DEFINITIONAL_REPRESENTATION('',(#809),#812);
#809 = B_SPLINE_CURVE_WITH_KNOTS('',1,(#810,#811),.UNSPECIFIED.,.F.,.F.,
  (2,2),(-101.25,-74.25),.PIECEWISE_BEZIER_KNOTS.);
#810 = CARTESIAN_POINT('',(45.,-202.5));
#811 = CARTESIAN_POINT('',(45.,-175.5));
#812 = ( GEOMETRIC_REPRESENTATION_CONTEXT(2) 
PARAMETRIC_REPRESENTATION_CONTEXT() REPRESENTATION_CONTEXT('2D SPACE',''
  ) );
#813 = PCURVE('',#156,#814);
#814 = DEFINITIONAL_REPRESENTATION('',(#815),#818);
#815 = B_SPLINE_CURVE_WITH_KNOTS('',1,(#816,#817),.UNSPECIFIED.,.F.,.F.,
  (2,2),(-101.25,-74.25),.PIECEWISE_BEZIER_KNOTS.);
#816 = CARTESIAN_POINT('',(0.,-3.));
#817 = CARTESIAN_POINT('',(27.,-3.));
#818 = ( GEOMETRIC_REPRESENTATION_CONTEXT(2) 
PARAMETRIC_REPRESENTATION_CONTEXT() REPRESENTATION_CONTEXT('2D SPACE',''
  ) );
#819 = ORIENTED_EDGE('',*,*,#820,.T.);
#820 = EDGE_CURVE('',#800,#821,#823,.T.);
#821 = VERTEX_POINT('',#822);
#822 = CARTESIAN_POINT('',(5.,-67.,192.5));
#823 = SURFACE_CURVE('',#824,(#828,#834),.PCURVE_S1.);
#824 = LINE('',#825,#826);
#825 = CARTESIAN_POINT('',(-52.5,-67.,192.5));
#826 = VECTOR('',#827,1.);
#827 = DIRECTION('',(1.,-0.,0.));
#828 = PCURVE('',#626,#829);
#829 = DEFINITIONAL_REPRESENTATION('',(#830),#833);
#830 = B_SPLINE_CURVE_WITH_KNOTS('',1,(#831,#832),.UNSPECIFIED.,.F.,.F.,
  (2,2),(22.5,57.5),.PIECEWISE_BEZIER_KNOTS.);
#831 = CARTESIAN_POINT('',(45.,-175.5));
#832 = CARTESIAN_POINT('',(80.,-175.5));
#833 = ( GEOMETRIC_REPRESENTATION_CONTEXT(2) 
PARAMETRIC_REPRESENTATION_CONTEXT() REPRESENTATION_CONTEXT('2D SPACE',''
  ) );
#834 = PCURVE('',#184,#835);
#835 = DEFINITIONAL_REPRESENTATION('',(#836),#839);
#836 = B_SPLINE_CURVE_WITH_KNOTS('',1,(#837,#838),.UNSPECIFIED.,.F.,.F.,
  (2,2),(22.5,57.5),.PIECEWISE_BEZIER_KNOTS.);
#837 = CARTESIAN_POINT('',(0.,-3.));
#838 = CARTESIAN_POINT('',(35.,-3.));
#839 = ( GEOMETRIC_REPRESENTATION_CONTEXT(2) 
PARAMETRIC_REPRESENTATION_CONTEXT() REPRESENTATION_CONTEXT('2D SPACE',''
  ) );
#840 = ORIENTED_EDGE('',*,*,#841,.T.);
#841 = EDGE_CURVE('',#821,#842,#844,.T.);
#842 = VERTEX_POINT('',#843);
#843 = CARTESIAN_POINT('',(5.,-67.,219.5));
#844 = SURFACE_CURVE('',#845,(#849,#855),.PCURVE_S1.);
#845 = LINE('',#846,#847);
#846 = CARTESIAN_POINT('',(5.,-67.,104.75));
#847 = VECTOR('',#848,1.);
#848 = DIRECTION('',(0.,-0.,1.));
#849 = PCURVE('',#626,#850);
#850 = DEFINITIONAL_REPRESENTATION('',(#851),#854);
#851 = B_SPLINE_CURVE_WITH_KNOTS('',1,(#852,#853),.UNSPECIFIED.,.F.,.F.,
  (2,2),(87.75,114.75),.PIECEWISE_BEZIER_KNOTS.);
#852 = CARTESIAN_POINT('',(80.,-175.5));
#853 = CARTESIAN_POINT('',(80.,-202.5));
#854 = ( GEOMETRIC_REPRESENTATION_CONTEXT(2) 
PARAMETRIC_REPRESENTATION_CONTEXT() REPRESENTATION_CONTEXT('2D SPACE',''
  ) );
#855 = PCURVE('',#212,#856);
#856 = DEFINITIONAL_REPRESENTATION('',(#857),#860);
#857 = B_SPLINE_CURVE_WITH_KNOTS('',1,(#858,#859),.UNSPECIFIED.,.F.,.F.,
  (2,2),(87.75,114.75),.PIECEWISE_BEZIER_KNOTS.);
#858 = CARTESIAN_POINT('',(0.,-3.));
#859 = CARTESIAN_POINT('',(27.,-3.));
#860 = ( GEOMETRIC_REPRESENTATION_CONTEXT(2) 
PARAMETRIC_REPRESENTATION_CONTEXT() REPRESENTATION_CONTEXT('2D SPACE',''
  ) );
#861 = ORIENTED_EDGE('',*,*,#862,.T.);
#862 = EDGE_CURVE('',#842,#798,#863,.T.);
#863 = SURFACE_CURVE('',#864,(#868,#874),.PCURVE_S1.);
#864 = LINE('',#865,#866);
#865 = CARTESIAN_POINT('',(-35.,-67.,219.5));
#866 = VECTOR('',#867,1.);
#867 = DIRECTION('',(-1.,0.,0.));
#868 = PCURVE('',#626,#869);
#869 = DEFINITIONAL_REPRESENTATION('',(#870),#873);
#870 = B_SPLINE_CURVE_WITH_KNOTS('',1,(#871,#872),.UNSPECIFIED.,.F.,.F.,
  (2,2),(-40.,-5.),.PIECEWISE_BEZIER_KNOTS.);
#871 = CARTESIAN_POINT('',(80.,-202.5));
#872 = CARTESIAN_POINT('',(45.,-202.5));
#873 = ( GEOMETRIC_REPRESENTATION_CONTEXT(2) 
PARAMETRIC_REPRESENTATION_CONTEXT() REPRESENTATION_CONTEXT('2D SPACE',''
  ) );
#874 = PCURVE('',#238,#875);
#875 = DEFINITIONAL_REPRESENTATION('',(#876),#879);
#876 = B_SPLINE_CURVE_WITH_KNOTS('',1,(#877,#878),.UNSPECIFIED.,.F.,.F.,
  (2,2),(-40.,-5.),.PIECEWISE_BEZIER_KNOTS.);
#877 = CARTESIAN_POINT('',(0.,-3.));
#878 = CARTESIAN_POINT('',(35.,-3.));
#879 = ( GEOMETRIC_REPRESENTATION_CONTEXT(2) 
PARAMETRIC_REPRESENTATION_CONTEXT() REPRESENTATION_CONTEXT('2D SPACE',''
  ) );
#880 = FACE_BOUND('',#881,.T.);
#881 = EDGE_LOOP('',(#882,#910,#936,#962));
#882 = ORIENTED_EDGE('',*,*,#883,.T.);
#883 = EDGE_CURVE('',#884,#886,#888,.T.);
#884 = VERTEX_POINT('',#885);
#885 = CARTESIAN_POINT('',(-50.75,-67.,178.95));
#886 = VERTEX_POINT('',#887);
#887 = CARTESIAN_POINT('',(-50.75,-67.,153.05));
#888 = SURFACE_CURVE('',#889,(#893,#899),.PCURVE_S1.);
#889 = LINE('',#890,#891);
#890 = CARTESIAN_POINT('',(-50.75,-67.,97.975));
#891 = VECTOR('',#892,1.);
#892 = DIRECTION('',(0.,0.,-1.));
#893 = PCURVE('',#626,#894);
#894 = DEFINITIONAL_REPRESENTATION('',(#895),#898);
#895 = B_SPLINE_CURVE_WITH_KNOTS('',1,(#896,#897),.UNSPECIFIED.,.F.,.F.,
  (2,2),(-80.975,-55.075),.PIECEWISE_BEZIER_KNOTS.);
#896 = CARTESIAN_POINT('',(24.25,-161.95));
#897 = CARTESIAN_POINT('',(24.25,-136.05));
#898 = ( GEOMETRIC_REPRESENTATION_CONTEXT(2) 
PARAMETRIC_REPRESENTATION_CONTEXT() REPRESENTATION_CONTEXT('2D SPACE',''
  ) );
#899 = PCURVE('',#900,#905);
#900 = PLANE('',#901);
#901 = AXIS2_PLACEMENT_3D('',#902,#903,#904);
#902 = CARTESIAN_POINT('',(-50.75,-62.,178.95));
#903 = DIRECTION('',(1.,0.,0.));
#904 = DIRECTION('',(0.,0.,-1.));
#905 = DEFINITIONAL_REPRESENTATION('',(#906),#909);
#906 = B_SPLINE_CURVE_WITH_KNOTS('',1,(#907,#908),.UNSPECIFIED.,.F.,.F.,
  (2,2),(-80.975,-55.075),.PIECEWISE_BEZIER_KNOTS.);
#907 = CARTESIAN_POINT('',(0.,-5.));
#908 = CARTESIAN_POINT('',(25.9,-5.));
#909 = ( GEOMETRIC_REPRESENTATION_CONTEXT(2) 
PARAMETRIC_REPRESENTATION_CONTEXT() REPRESENTATION_CONTEXT('2D SPACE',''
  ) );
#910 = ORIENTED_EDGE('',*,*,#911,.T.);
#911 = EDGE_CURVE('',#886,#912,#914,.T.);
#912 = VERTEX_POINT('',#913);
#913 = CARTESIAN_POINT('',(3.05,-67.,153.05));
#914 = SURFACE_CURVE('',#915,(#919,#925),.PCURVE_S1.);
#915 = LINE('',#916,#917);
#916 = CARTESIAN_POINT('',(-62.875,-67.,153.05));
#917 = VECTOR('',#918,1.);
#918 = DIRECTION('',(1.,-0.,0.));
#919 = PCURVE('',#626,#920);
#920 = DEFINITIONAL_REPRESENTATION('',(#921),#924);
#921 = B_SPLINE_CURVE_WITH_KNOTS('',1,(#922,#923),.UNSPECIFIED.,.F.,.F.,
  (2,2),(12.125,65.925),.PIECEWISE_BEZIER_KNOTS.);
#922 = CARTESIAN_POINT('',(24.25,-136.05));
#923 = CARTESIAN_POINT('',(78.05,-136.05));
#924 = ( GEOMETRIC_REPRESENTATION_CONTEXT(2) 
PARAMETRIC_REPRESENTATION_CONTEXT() REPRESENTATION_CONTEXT('2D SPACE',''
  ) );
#925 = PCURVE('',#926,#931);
#926 = PLANE('',#927);
#927 = AXIS2_PLACEMENT_3D('',#928,#929,#930);
#928 = CARTESIAN_POINT('',(-50.75,-62.,153.05));
#929 = DIRECTION('',(-0.,0.,1.));
#930 = DIRECTION('',(1.,0.,0.));
#931 = DEFINITIONAL_REPRESENTATION('',(#932),#935);
#932 = B_SPLINE_CURVE_WITH_KNOTS('',1,(#933,#934),.UNSPECIFIED.,.F.,.F.,
  (2,2),(12.125,65.925),.PIECEWISE_BEZIER_KNOTS.);
#933 = CARTESIAN_POINT('',(0.,-5.));
#934 = CARTESIAN_POINT('',(53.8,-5.));
#935 = ( GEOMETRIC_REPRESENTATION_CONTEXT(2) 
PARAMETRIC_REPRESENTATION_CONTEXT() REPRESENTATION_CONTEXT('2D SPACE',''
  ) );
#936 = ORIENTED_EDGE('',*,*,#937,.T.);
#937 = EDGE_CURVE('',#912,#938,#940,.T.);
#938 = VERTEX_POINT('',#939);
#939 = CARTESIAN_POINT('',(3.05,-67.,178.95));
#940 = SURFACE_CURVE('',#941,(#945,#951),.PCURVE_S1.);
#941 = LINE('',#942,#943);
#942 = CARTESIAN_POINT('',(3.05,-67.,85.025));
#943 = VECTOR('',#944,1.);
#944 = DIRECTION('',(0.,-0.,1.));
#945 = PCURVE('',#626,#946);
#946 = DEFINITIONAL_REPRESENTATION('',(#947),#950);
#947 = B_SPLINE_CURVE_WITH_KNOTS('',1,(#948,#949),.UNSPECIFIED.,.F.,.F.,
  (2,2),(68.025,93.925),.PIECEWISE_BEZIER_KNOTS.);
#948 = CARTESIAN_POINT('',(78.05,-136.05));
#949 = CARTESIAN_POINT('',(78.05,-161.95));
#950 = ( GEOMETRIC_REPRESENTATION_CONTEXT(2) 
PARAMETRIC_REPRESENTATION_CONTEXT() REPRESENTATION_CONTEXT('2D SPACE',''
  ) );
#951 = PCURVE('',#952,#957);
#952 = PLANE('',#953);
#953 = AXIS2_PLACEMENT_3D('',#954,#955,#956);
#954 = CARTESIAN_POINT('',(3.05,-62.,153.05));
#955 = DIRECTION('',(-1.,0.,0.));
#956 = DIRECTION('',(0.,0.,1.));
#957 = DEFINITIONAL_REPRESENTATION('',(#958),#961);
#958 = B_SPLINE_CURVE_WITH_KNOTS('',1,(#959,#960),.UNSPECIFIED.,.F.,.F.,
  (2,2),(68.025,93.925),.PIECEWISE_BEZIER_KNOTS.);
#959 = CARTESIAN_POINT('',(0.,-5.));
#960 = CARTESIAN_POINT('',(25.9,-5.));
#961 = ( GEOMETRIC_REPRESENTATION_CONTEXT(2) 
PARAMETRIC_REPRESENTATION_CONTEXT() REPRESENTATION_CONTEXT('2D SPACE',''
  ) );
#962 = ORIENTED_EDGE('',*,*,#963,.T.);
#963 = EDGE_CURVE('',#938,#884,#964,.T.);
#964 = SURFACE_CURVE('',#965,(#969,#975),.PCURVE_S1.);
#965 = LINE('',#966,#967);
#966 = CARTESIAN_POINT('',(-35.975,-67.,178.95));
#967 = VECTOR('',#968,1.);
#968 = DIRECTION('',(-1.,0.,0.));
#969 = PCURVE('',#626,#970);
#970 = DEFINITIONAL_REPRESENTATION('',(#971),#974);
#971 = B_SPLINE_CURVE_WITH_KNOTS('',1,(#972,#973),.UNSPECIFIED.,.F.,.F.,
  (2,2),(-39.025,14.775),.PIECEWISE_BEZIER_KNOTS.);
#972 = CARTESIAN_POINT('',(78.05,-161.95));
#973 = CARTESIAN_POINT('',(24.25,-161.95));
#974 = ( GEOMETRIC_REPRESENTATION_CONTEXT(2) 
PARAMETRIC_REPRESENTATION_CONTEXT() REPRESENTATION_CONTEXT('2D SPACE',''
  ) );
#975 = PCURVE('',#976,#981);
#976 = PLANE('',#977);
#977 = AXIS2_PLACEMENT_3D('',#978,#979,#980);
#978 = CARTESIAN_POINT('',(3.05,-62.,178.95));
#979 = DIRECTION('',(-0.,-0.,-1.));
#980 = DIRECTION('',(-1.,0.,0.));
#981 = DEFINITIONAL_REPRESENTATION('',(#982),#985);
#982 = B_SPLINE_CURVE_WITH_KNOTS('',1,(#983,#984),.UNSPECIFIED.,.F.,.F.,
  (2,2),(-39.025,14.775),.PIECEWISE_BEZIER_KNOTS.);
#983 = CARTESIAN_POINT('',(0.,-5.));
#984 = CARTESIAN_POINT('',(53.8,-5.));
#985 = ( GEOMETRIC_REPRESENTATION_CONTEXT(2) 
PARAMETRIC_REPRESENTATION_CONTEXT() REPRESENTATION_CONTEXT('2D SPACE',''
  ) );
#986 = FACE_BOUND('',#987,.T.);
#987 = EDGE_LOOP('',(#988));
#988 = ORIENTED_EDGE('',*,*,#989,.F.);
#989 = EDGE_CURVE('',#990,#990,#992,.T.);
#990 = VERTEX_POINT('',#991);
#991 = CARTESIAN_POINT('',(28.8,-67.,206.));
#992 = SURFACE_CURVE('',#993,(#998,#1005),.PCURVE_S1.);
#993 = CIRCLE('',#994,6.8);
#994 = AXIS2_PLACEMENT_3D('',#995,#996,#997);
#995 = CARTESIAN_POINT('',(22.,-67.,206.));
#996 = DIRECTION('',(-0.,1.,0.));
#997 = DIRECTION('',(1.,0.,0.));
#998 = PCURVE('',#626,#999);
#999 = DEFINITIONAL_REPRESENTATION('',(#1000),#1004);
#1000 = CIRCLE('',#1001,6.8);
#1001 = AXIS2_PLACEMENT_2D('',#1002,#1003);
#1002 = CARTESIAN_POINT('',(97.,-189.));
#1003 = DIRECTION('',(1.,0.));
#1004 = ( GEOMETRIC_REPRESENTATION_CONTEXT(2) 
PARAMETRIC_REPRESENTATION_CONTEXT() REPRESENTATION_CONTEXT('2D SPACE',''
  ) );
#1005 = PCURVE('',#269,#1006);
#1006 = DEFINITIONAL_REPRESENTATION('',(#1007),#1011);
#1007 = LINE('',#1008,#1009);
#1008 = CARTESIAN_POINT('',(-6.28318530718,-5.));
#1009 = VECTOR('',#1010,1.);
#1010 = DIRECTION('',(1.,-0.));
#1011 = ( GEOMETRIC_REPRESENTATION_CONTEXT(2) 
PARAMETRIC_REPRESENTATION_CONTEXT() REPRESENTATION_CONTEXT('2D SPACE',''
  ) );
#1012 = FACE_BOUND('',#1013,.T.);
#1013 = EDGE_LOOP('',(#1014,#1042,#1068,#1094));
#1014 = ORIENTED_EDGE('',*,*,#1015,.T.);
#1015 = EDGE_CURVE('',#1016,#1018,#1020,.T.);
#1016 = VERTEX_POINT('',#1017);
#1017 = CARTESIAN_POINT('',(12.55,-67.,184.));
#1018 = VERTEX_POINT('',#1019);
#1019 = CARTESIAN_POINT('',(12.55,-67.,148.));
#1020 = SURFACE_CURVE('',#1021,(#1025,#1031),.PCURVE_S1.);
#1021 = LINE('',#1022,#1023);
#1022 = CARTESIAN_POINT('',(12.55,-67.,100.5));
#1023 = VECTOR('',#1024,1.);
#1024 = DIRECTION('',(0.,0.,-1.));
#1025 = PCURVE('',#626,#1026);
#1026 = DEFINITIONAL_REPRESENTATION('',(#1027),#1030);
#1027 = B_SPLINE_CURVE_WITH_KNOTS('',1,(#1028,#1029),.UNSPECIFIED.,.F.,
  .F.,(2,2),(-83.5,-47.5),.PIECEWISE_BEZIER_KNOTS.);
#1028 = CARTESIAN_POINT('',(87.55,-167.));
#1029 = CARTESIAN_POINT('',(87.55,-131.));
#1030 = ( GEOMETRIC_REPRESENTATION_CONTEXT(2) 
PARAMETRIC_REPRESENTATION_CONTEXT() REPRESENTATION_CONTEXT('2D SPACE',''
  ) );
#1031 = PCURVE('',#1032,#1037);
#1032 = PLANE('',#1033);
#1033 = AXIS2_PLACEMENT_3D('',#1034,#1035,#1036);
#1034 = CARTESIAN_POINT('',(12.55,-65.44,184.));
#1035 = DIRECTION('',(1.,0.,0.));
#1036 = DIRECTION('',(0.,0.,-1.));
#1037 = DEFINITIONAL_REPRESENTATION('',(#1038),#1041);
#1038 = B_SPLINE_CURVE_WITH_KNOTS('',1,(#1039,#1040),.UNSPECIFIED.,.F.,
  .F.,(2,2),(-83.5,-47.5),.PIECEWISE_BEZIER_KNOTS.);
#1039 = CARTESIAN_POINT('',(0.,-1.56));
#1040 = CARTESIAN_POINT('',(36.,-1.56));
#1041 = ( GEOMETRIC_REPRESENTATION_CONTEXT(2) 
PARAMETRIC_REPRESENTATION_CONTEXT() REPRESENTATION_CONTEXT('2D SPACE',''
  ) );
#1042 = ORIENTED_EDGE('',*,*,#1043,.T.);
#1043 = EDGE_CURVE('',#1018,#1044,#1046,.T.);
#1044 = VERTEX_POINT('',#1045);
#1045 = CARTESIAN_POINT('',(50.25,-67.,148.));
#1046 = SURFACE_CURVE('',#1047,(#1051,#1057),.PCURVE_S1.);
#1047 = LINE('',#1048,#1049);
#1048 = CARTESIAN_POINT('',(-31.225,-67.,148.));
#1049 = VECTOR('',#1050,1.);
#1050 = DIRECTION('',(1.,-0.,0.));
#1051 = PCURVE('',#626,#1052);
#1052 = DEFINITIONAL_REPRESENTATION('',(#1053),#1056);
#1053 = B_SPLINE_CURVE_WITH_KNOTS('',1,(#1054,#1055),.UNSPECIFIED.,.F.,
  .F.,(2,2),(43.775,81.475),.PIECEWISE_BEZIER_KNOTS.);
#1054 = CARTESIAN_POINT('',(87.55,-131.));
#1055 = CARTESIAN_POINT('',(125.25,-131.));
#1056 = ( GEOMETRIC_REPRESENTATION_CONTEXT(2) 
PARAMETRIC_REPRESENTATION_CONTEXT() REPRESENTATION_CONTEXT('2D SPACE',''
  ) );
#1057 = PCURVE('',#1058,#1063);
#1058 = PLANE('',#1059);
#1059 = AXIS2_PLACEMENT_3D('',#1060,#1061,#1062);
#1060 = CARTESIAN_POINT('',(12.55,-65.44,148.));
#1061 = DIRECTION('',(-0.,0.,1.));
#1062 = DIRECTION('',(1.,0.,0.));
#1063 = DEFINITIONAL_REPRESENTATION('',(#1064),#1067);
#1064 = B_SPLINE_CURVE_WITH_KNOTS('',1,(#1065,#1066),.UNSPECIFIED.,.F.,
  .F.,(2,2),(43.775,81.475),.PIECEWISE_BEZIER_KNOTS.);
#1065 = CARTESIAN_POINT('',(0.,-1.56));
#1066 = CARTESIAN_POINT('',(37.7,-1.56));
#1067 = ( GEOMETRIC_REPRESENTATION_CONTEXT(2) 
PARAMETRIC_REPRESENTATION_CONTEXT() REPRESENTATION_CONTEXT('2D SPACE',''
  ) );
#1068 = ORIENTED_EDGE('',*,*,#1069,.T.);
#1069 = EDGE_CURVE('',#1044,#1070,#1072,.T.);
#1070 = VERTEX_POINT('',#1071);
#1071 = CARTESIAN_POINT('',(50.25,-67.,184.));
#1072 = SURFACE_CURVE('',#1073,(#1077,#1083),.PCURVE_S1.);
#1073 = LINE('',#1074,#1075);
#1074 = CARTESIAN_POINT('',(50.25,-67.,82.5));
#1075 = VECTOR('',#1076,1.);
#1076 = DIRECTION('',(0.,-0.,1.));
#1077 = PCURVE('',#626,#1078);
#1078 = DEFINITIONAL_REPRESENTATION('',(#1079),#1082);
#1079 = B_SPLINE_CURVE_WITH_KNOTS('',1,(#1080,#1081),.UNSPECIFIED.,.F.,
  .F.,(2,2),(65.5,101.5),.PIECEWISE_BEZIER_KNOTS.);
#1080 = CARTESIAN_POINT('',(125.25,-131.));
#1081 = CARTESIAN_POINT('',(125.25,-167.));
#1082 = ( GEOMETRIC_REPRESENTATION_CONTEXT(2) 
PARAMETRIC_REPRESENTATION_CONTEXT() REPRESENTATION_CONTEXT('2D SPACE',''
  ) );
#1083 = PCURVE('',#1084,#1089);
#1084 = PLANE('',#1085);
#1085 = AXIS2_PLACEMENT_3D('',#1086,#1087,#1088);
#1086 = CARTESIAN_POINT('',(50.25,-65.44,148.));
#1087 = DIRECTION('',(-1.,0.,0.));
#1088 = DIRECTION('',(0.,0.,1.));
#1089 = DEFINITIONAL_REPRESENTATION('',(#1090),#1093);
#1090 = B_SPLINE_CURVE_WITH_KNOTS('',1,(#1091,#1092),.UNSPECIFIED.,.F.,
  .F.,(2,2),(65.5,101.5),.PIECEWISE_BEZIER_KNOTS.);
#1091 = CARTESIAN_POINT('',(0.,-1.56));
#1092 = CARTESIAN_POINT('',(36.,-1.56));
#1093 = ( GEOMETRIC_REPRESENTATION_CONTEXT(2) 
PARAMETRIC_REPRESENTATION_CONTEXT() REPRESENTATION_CONTEXT('2D SPACE',''
  ) );
#1094 = ORIENTED_EDGE('',*,*,#1095,.T.);
#1095 = EDGE_CURVE('',#1070,#1016,#1096,.T.);
#1096 = SURFACE_CURVE('',#1097,(#1101,#1107),.PCURVE_S1.);
#1097 = LINE('',#1098,#1099);
#1098 = CARTESIAN_POINT('',(-12.375,-67.,184.));
#1099 = VECTOR('',#1100,1.);
#1100 = DIRECTION('',(-1.,0.,0.));
#1101 = PCURVE('',#626,#1102);
#1102 = DEFINITIONAL_REPRESENTATION('',(#1103),#1106);
#1103 = B_SPLINE_CURVE_WITH_KNOTS('',1,(#1104,#1105),.UNSPECIFIED.,.F.,
  .F.,(2,2),(-62.625,-24.925),.PIECEWISE_BEZIER_KNOTS.);
#1104 = CARTESIAN_POINT('',(125.25,-167.));
#1105 = CARTESIAN_POINT('',(87.55,-167.));
#1106 = ( GEOMETRIC_REPRESENTATION_CONTEXT(2) 
PARAMETRIC_REPRESENTATION_CONTEXT() REPRESENTATION_CONTEXT('2D SPACE',''
  ) );
#1107 = PCURVE('',#1108,#1113);
#1108 = PLANE('',#1109);
#1109 = AXIS2_PLACEMENT_3D('',#1110,#1111,#1112);
#1110 = CARTESIAN_POINT('',(50.25,-65.44,184.));
#1111 = DIRECTION('',(-0.,-0.,-1.));
#1112 = DIRECTION('',(-1.,0.,0.));
#1113 = DEFINITIONAL_REPRESENTATION('',(#1114),#1117);
#1114 = B_SPLINE_CURVE_WITH_KNOTS('',1,(#1115,#1116),.UNSPECIFIED.,.F.,
  .F.,(2,2),(-62.625,-24.925),.PIECEWISE_BEZIER_KNOTS.);
#1115 = CARTESIAN_POINT('',(0.,-1.56));
#1116 = CARTESIAN_POINT('',(37.7,-1.56));
#1117 = ( GEOMETRIC_REPRESENTATION_CONTEXT(2) 
PARAMETRIC_REPRESENTATION_CONTEXT() REPRESENTATION_CONTEXT('2D SPACE',''
  ) );
#1118 = FACE_BOUND('',#1119,.T.);
#1119 = EDGE_LOOP('',(#1120));
#1120 = ORIENTED_EDGE('',*,*,#1121,.F.);
#1121 = EDGE_CURVE('',#1122,#1122,#1124,.T.);
#1122 = VERTEX_POINT('',#1123);
#1123 = CARTESIAN_POINT('',(-12.3,-67.,128.));
#1124 = SURFACE_CURVE('',#1125,(#1130,#1137),.PCURVE_S1.);
#1125 = CIRCLE('',#1126,2.7);
#1126 = AXIS2_PLACEMENT_3D('',#1127,#1128,#1129);
#1127 = CARTESIAN_POINT('',(-15.,-67.,128.));
#1128 = DIRECTION('',(-0.,1.,0.));
#1129 = DIRECTION('',(1.,0.,0.));
#1130 = PCURVE('',#626,#1131);
#1131 = DEFINITIONAL_REPRESENTATION('',(#1132),#1136);
#1132 = CIRCLE('',#1133,2.7);
#1133 = AXIS2_PLACEMENT_2D('',#1134,#1135);
#1134 = CARTESIAN_POINT('',(60.,-111.));
#1135 = DIRECTION('',(1.,0.));
#1136 = ( GEOMETRIC_REPRESENTATION_CONTEXT(2) 
PARAMETRIC_REPRESENTATION_CONTEXT() REPRESENTATION_CONTEXT('2D SPACE',''
  ) );
#1137 = PCURVE('',#1138,#1143);
#1138 = CYLINDRICAL_SURFACE('',#1139,2.7);
#1139 = AXIS2_PLACEMENT_3D('',#1140,#1141,#1142);
#1140 = CARTESIAN_POINT('',(-15.,-62.,128.));
#1141 = DIRECTION('',(-0.,1.,-0.));
#1142 = DIRECTION('',(1.,0.,0.));
#1143 = DEFINITIONAL_REPRESENTATION('',(#1144),#1148);
#1144 = LINE('',#1145,#1146);
#1145 = CARTESIAN_POINT('',(-6.28318530718,-5.));
#1146 = VECTOR('',#1147,1.);
#1147 = DIRECTION('',(1.,-0.));
#1148 = ( GEOMETRIC_REPRESENTATION_CONTEXT(2) 
PARAMETRIC_REPRESENTATION_CONTEXT() REPRESENTATION_CONTEXT('2D SPACE',''
  ) );
#1149 = FACE_BOUND('',#1150,.T.);
#1150 = EDGE_LOOP('',(#1151));
#1151 = ORIENTED_EDGE('',*,*,#1152,.F.);
#1152 = EDGE_CURVE('',#1153,#1153,#1155,.T.);
#1153 = VERTEX_POINT('',#1154);
#1154 = CARTESIAN_POINT('',(2.7,-67.,128.));
#1155 = SURFACE_CURVE('',#1156,(#1161,#1168),.PCURVE_S1.);
#1156 = CIRCLE('',#1157,2.7);
#1157 = AXIS2_PLACEMENT_3D('',#1158,#1159,#1160);
#1158 = CARTESIAN_POINT('',(0.,-67.,128.));
#1159 = DIRECTION('',(-0.,1.,0.));
#1160 = DIRECTION('',(1.,0.,0.));
#1161 = PCURVE('',#626,#1162);
#1162 = DEFINITIONAL_REPRESENTATION('',(#1163),#1167);
#1163 = CIRCLE('',#1164,2.7);
#1164 = AXIS2_PLACEMENT_2D('',#1165,#1166);
#1165 = CARTESIAN_POINT('',(75.,-111.));
#1166 = DIRECTION('',(1.,0.));
#1167 = ( GEOMETRIC_REPRESENTATION_CONTEXT(2) 
PARAMETRIC_REPRESENTATION_CONTEXT() REPRESENTATION_CONTEXT('2D SPACE',''
  ) );
#1168 = PCURVE('',#1169,#1174);
#1169 = CYLINDRICAL_SURFACE('',#1170,2.7);
#1170 = AXIS2_PLACEMENT_3D('',#1171,#1172,#1173);
#1171 = CARTESIAN_POINT('',(0.,-62.,128.));
#1172 = DIRECTION('',(-0.,1.,-0.));
#1173 = DIRECTION('',(1.,0.,0.));
#1174 = DEFINITIONAL_REPRESENTATION('',(#1175),#1179);
#1175 = LINE('',#1176,#1177);
#1176 = CARTESIAN_POINT('',(-6.28318530718,-5.));
#1177 = VECTOR('',#1178,1.);
#1178 = DIRECTION('',(1.,-0.));
#1179 = ( GEOMETRIC_REPRESENTATION_CONTEXT(2) 
PARAMETRIC_REPRESENTATION_CONTEXT() REPRESENTATION_CONTEXT('2D SPACE',''
  ) );
#1180 = FACE_BOUND('',#1181,.T.);
#1181 = EDGE_LOOP('',(#1182));
#1182 = ORIENTED_EDGE('',*,*,#1183,.F.);
#1183 = EDGE_CURVE('',#1184,#1184,#1186,.T.);
#1184 = VERTEX_POINT('',#1185);
#1185 = CARTESIAN_POINT('',(17.7,-67.,128.));
#1186 = SURFACE_CURVE('',#1187,(#1192,#1199),.PCURVE_S1.);
#1187 = CIRCLE('',#1188,2.7);
#1188 = AXIS2_PLACEMENT_3D('',#1189,#1190,#1191);
#1189 = CARTESIAN_POINT('',(15.,-67.,128.));
#1190 = DIRECTION('',(-0.,1.,0.));
#1191 = DIRECTION('',(1.,0.,0.));
#1192 = PCURVE('',#626,#1193);
#1193 = DEFINITIONAL_REPRESENTATION('',(#1194),#1198);
#1194 = CIRCLE('',#1195,2.7);
#1195 = AXIS2_PLACEMENT_2D('',#1196,#1197);
#1196 = CARTESIAN_POINT('',(90.,-111.));
#1197 = DIRECTION('',(1.,0.));
#1198 = ( GEOMETRIC_REPRESENTATION_CONTEXT(2) 
PARAMETRIC_REPRESENTATION_CONTEXT() REPRESENTATION_CONTEXT('2D SPACE',''
  ) );
#1199 = PCURVE('',#1200,#1205);
#1200 = CYLINDRICAL_SURFACE('',#1201,2.7);
#1201 = AXIS2_PLACEMENT_3D('',#1202,#1203,#1204);
#1202 = CARTESIAN_POINT('',(15.,-62.,128.));
#1203 = DIRECTION('',(-0.,1.,-0.));
#1204 = DIRECTION('',(1.,0.,0.));
#1205 = DEFINITIONAL_REPRESENTATION('',(#1206),#1210);
#1206 = LINE('',#1207,#1208);
#1207 = CARTESIAN_POINT('',(-6.28318530718,-5.));
#1208 = VECTOR('',#1209,1.);
#1209 = DIRECTION('',(1.,-0.));
#1210 = ( GEOMETRIC_REPRESENTATION_CONTEXT(2) 
PARAMETRIC_REPRESENTATION_CONTEXT() REPRESENTATION_CONTEXT('2D SPACE',''
  ) );
#1211 = FACE_BOUND('',#1212,.T.);
#1212 = EDGE_LOOP('',(#1213,#1236,#1255,#1256));
#1213 = ORIENTED_EDGE('',*,*,#1214,.T.);
#1214 = EDGE_CURVE('',#1215,#1217,#1219,.T.);
#1215 = VERTEX_POINT('',#1216);
#1216 = CARTESIAN_POINT('',(-48.,-67.,124.));
#1217 = VERTEX_POINT('',#1218);
#1218 = CARTESIAN_POINT('',(-48.,-67.,48.));
#1219 = SURFACE_CURVE('',#1220,(#1224,#1230),.PCURVE_S1.);
#1220 = LINE('',#1221,#1222);
#1221 = CARTESIAN_POINT('',(-48.,-67.,70.5));
#1222 = VECTOR('',#1223,1.);
#1223 = DIRECTION('',(0.,0.,-1.));
#1224 = PCURVE('',#626,#1225);
#1225 = DEFINITIONAL_REPRESENTATION('',(#1226),#1229);
#1226 = B_SPLINE_CURVE_WITH_KNOTS('',1,(#1227,#1228),.UNSPECIFIED.,.F.,
  .F.,(2,2),(-53.5,22.5),.PIECEWISE_BEZIER_KNOTS.);
#1227 = CARTESIAN_POINT('',(27.,-107.));
#1228 = CARTESIAN_POINT('',(27.,-31.));
#1229 = ( GEOMETRIC_REPRESENTATION_CONTEXT(2) 
PARAMETRIC_REPRESENTATION_CONTEXT() REPRESENTATION_CONTEXT('2D SPACE',''
  ) );
#1230 = PCURVE('',#440,#1231);
#1231 = DEFINITIONAL_REPRESENTATION('',(#1232),#1235);
#1232 = B_SPLINE_CURVE_WITH_KNOTS('',1,(#1233,#1234),.UNSPECIFIED.,.F.,
  .F.,(2,2),(-53.5,22.5),.PIECEWISE_BEZIER_KNOTS.);
#1233 = CARTESIAN_POINT('',(0.,-5.));
#1234 = CARTESIAN_POINT('',(76.,-5.));
#1235 = ( GEOMETRIC_REPRESENTATION_CONTEXT(2) 
PARAMETRIC_REPRESENTATION_CONTEXT() REPRESENTATION_CONTEXT('2D SPACE',''
  ) );
#1236 = ORIENTED_EDGE('',*,*,#1237,.T.);
#1237 = EDGE_CURVE('',#1217,#610,#1238,.T.);
#1238 = SURFACE_CURVE('',#1239,(#1243,#1249),.PCURVE_S1.);
#1239 = LINE('',#1240,#1241);
#1240 = CARTESIAN_POINT('',(-61.5,-67.,48.));
#1241 = VECTOR('',#1242,1.);
#1242 = DIRECTION('',(1.,-0.,0.));
#1243 = PCURVE('',#626,#1244);
#1244 = DEFINITIONAL_REPRESENTATION('',(#1245),#1248);
#1245 = B_SPLINE_CURVE_WITH_KNOTS('',1,(#1246,#1247),.UNSPECIFIED.,.F.,
  .F.,(2,2),(13.5,109.5),.PIECEWISE_BEZIER_KNOTS.);
#1246 = CARTESIAN_POINT('',(27.,-31.));
#1247 = CARTESIAN_POINT('',(123.,-31.));
#1248 = ( GEOMETRIC_REPRESENTATION_CONTEXT(2) 
PARAMETRIC_REPRESENTATION_CONTEXT() REPRESENTATION_CONTEXT('2D SPACE',''
  ) );
#1249 = PCURVE('',#466,#1250);
#1250 = DEFINITIONAL_REPRESENTATION('',(#1251),#1254);
#1251 = B_SPLINE_CURVE_WITH_KNOTS('',1,(#1252,#1253),.UNSPECIFIED.,.F.,
  .F.,(2,2),(13.5,109.5),.PIECEWISE_BEZIER_KNOTS.);
#1252 = CARTESIAN_POINT('',(0.,-5.));
#1253 = CARTESIAN_POINT('',(96.,-5.));
#1254 = ( GEOMETRIC_REPRESENTATION_CONTEXT(2) 
PARAMETRIC_REPRESENTATION_CONTEXT() REPRESENTATION_CONTEXT('2D SPACE',''
  ) );
#1255 = ORIENTED_EDGE('',*,*,#609,.T.);
#1256 = ORIENTED_EDGE('',*,*,#1257,.T.);
#1257 = EDGE_CURVE('',#612,#1215,#1258,.T.);
#1258 = SURFACE_CURVE('',#1259,(#1263,#1269),.PCURVE_S1.);
#1259 = LINE('',#1260,#1261);
#1260 = CARTESIAN_POINT('',(-13.5,-67.,124.));
#1261 = VECTOR('',#1262,1.);
#1262 = DIRECTION('',(-1.,0.,0.));
#1263 = PCURVE('',#626,#1264);
#1264 = DEFINITIONAL_REPRESENTATION('',(#1265),#1268);
#1265 = B_SPLINE_CURVE_WITH_KNOTS('',1,(#1266,#1267),.UNSPECIFIED.,.F.,
  .F.,(2,2),(-61.5,34.5),.PIECEWISE_BEZIER_KNOTS.);
#1266 = CARTESIAN_POINT('',(123.,-107.));
#1267 = CARTESIAN_POINT('',(27.,-107.));
#1268 = ( GEOMETRIC_REPRESENTATION_CONTEXT(2) 
PARAMETRIC_REPRESENTATION_CONTEXT() REPRESENTATION_CONTEXT('2D SPACE',''
  ) );
#1269 = PCURVE('',#414,#1270);
#1270 = DEFINITIONAL_REPRESENTATION('',(#1271),#1274);
#1271 = B_SPLINE_CURVE_WITH_KNOTS('',1,(#1272,#1273),.UNSPECIFIED.,.F.,
  .F.,(2,2),(-61.5,34.5),.PIECEWISE_BEZIER_KNOTS.);
#1272 = CARTESIAN_POINT('',(0.,-5.));
#1273 = CARTESIAN_POINT('',(96.,-5.));
#1274 = ( GEOMETRIC_REPRESENTATION_CONTEXT(2) 
PARAMETRIC_REPRESENTATION_CONTEXT() REPRESENTATION_CONTEXT('2D SPACE',''
  ) );
#1275 = ADVANCED_FACE('',(#1276),#1200,.F.);
#1276 = FACE_BOUND('',#1277,.T.);
#1277 = EDGE_LOOP('',(#1278,#1279,#1302,#1333));
#1278 = ORIENTED_EDGE('',*,*,#1183,.T.);
#1279 = ORIENTED_EDGE('',*,*,#1280,.T.);
#1280 = EDGE_CURVE('',#1184,#1281,#1283,.T.);
#1281 = VERTEX_POINT('',#1282);
#1282 = CARTESIAN_POINT('',(17.7,-68.5,128.));
#1283 = SEAM_CURVE('',#1284,(#1288,#1295),.PCURVE_S1.);
#1284 = LINE('',#1285,#1286);
#1285 = CARTESIAN_POINT('',(17.7,-62.,128.));
#1286 = VECTOR('',#1287,1.);
#1287 = DIRECTION('',(0.,-1.,0.));
#1288 = PCURVE('',#1200,#1289);
#1289 = DEFINITIONAL_REPRESENTATION('',(#1290),#1294);
#1290 = LINE('',#1291,#1292);
#1291 = CARTESIAN_POINT('',(-6.28318530718,0.));
#1292 = VECTOR('',#1293,1.);
#1293 = DIRECTION('',(-0.,-1.));
#1294 = ( GEOMETRIC_REPRESENTATION_CONTEXT(2) 
PARAMETRIC_REPRESENTATION_CONTEXT() REPRESENTATION_CONTEXT('2D SPACE',''
  ) );
#1295 = PCURVE('',#1200,#1296);
#1296 = DEFINITIONAL_REPRESENTATION('',(#1297),#1301);
#1297 = LINE('',#1298,#1299);
#1298 = CARTESIAN_POINT('',(-0.,0.));
#1299 = VECTOR('',#1300,1.);
#1300 = DIRECTION('',(-0.,-1.));
#1301 = ( GEOMETRIC_REPRESENTATION_CONTEXT(2) 
PARAMETRIC_REPRESENTATION_CONTEXT() REPRESENTATION_CONTEXT('2D SPACE',''
  ) );
#1302 = ORIENTED_EDGE('',*,*,#1303,.F.);
#1303 = EDGE_CURVE('',#1281,#1281,#1304,.T.);
#1304 = SURFACE_CURVE('',#1305,(#1310,#1317),.PCURVE_S1.);
#1305 = CIRCLE('',#1306,2.7);
#1306 = AXIS2_PLACEMENT_3D('',#1307,#1308,#1309);
#1307 = CARTESIAN_POINT('',(15.,-68.5,128.));
#1308 = DIRECTION('',(-0.,1.,0.));
#1309 = DIRECTION('',(1.,0.,0.));
#1310 = PCURVE('',#1200,#1311);
#1311 = DEFINITIONAL_REPRESENTATION('',(#1312),#1316);
#1312 = LINE('',#1313,#1314);
#1313 = CARTESIAN_POINT('',(-6.28318530718,-6.5));
#1314 = VECTOR('',#1315,1.);
#1315 = DIRECTION('',(1.,-0.));
#1316 = ( GEOMETRIC_REPRESENTATION_CONTEXT(2) 
PARAMETRIC_REPRESENTATION_CONTEXT() REPRESENTATION_CONTEXT('2D SPACE',''
  ) );
#1317 = PCURVE('',#1318,#1323);
#1318 = PLANE('',#1319);
#1319 = AXIS2_PLACEMENT_3D('',#1320,#1321,#1322);
#1320 = CARTESIAN_POINT('',(0.,-68.5,128.));
#1321 = DIRECTION('',(-0.,-1.,-0.));
#1322 = DIRECTION('',(0.,0.,-1.));
#1323 = DEFINITIONAL_REPRESENTATION('',(#1324),#1332);
#1324 = ( BOUNDED_CURVE() B_SPLINE_CURVE(2,(#1325,#1326,#1327,#1328,
#1329,#1330,#1331),.UNSPECIFIED.,.T.,.F.) B_SPLINE_CURVE_WITH_KNOTS((1,2
    ,2,2,2,1),(-2.094395102393,0.,2.094395102393,4.188790204786,
6.28318530718,8.377580409573),.UNSPECIFIED.) CURVE() 
GEOMETRIC_REPRESENTATION_ITEM() RATIONAL_B_SPLINE_CURVE((1.,0.5,1.,0.5,
1.,0.5,1.)) REPRESENTATION_ITEM('') );
#1325 = CARTESIAN_POINT('',(0.,17.7));
#1326 = CARTESIAN_POINT('',(4.676537180436,17.7));
#1327 = CARTESIAN_POINT('',(2.338268590218,13.65));
#1328 = CARTESIAN_POINT('',(6.613092715396E-16,9.6));
#1329 = CARTESIAN_POINT('',(-2.338268590218,13.65));
#1330 = CARTESIAN_POINT('',(-4.676537180436,17.7));
#1331 = CARTESIAN_POINT('',(0.,17.7));
#1332 = ( GEOMETRIC_REPRESENTATION_CONTEXT(2) 
PARAMETRIC_REPRESENTATION_CONTEXT() REPRESENTATION_CONTEXT('2D SPACE',''
  ) );
#1333 = ORIENTED_EDGE('',*,*,#1280,.F.);
#1334 = ADVANCED_FACE('',(#1335,#1427,#1457,#1487),#1318,.T.);
#1335 = FACE_BOUND('',#1336,.T.);
#1336 = EDGE_LOOP('',(#1337,#1362,#1383,#1406));
#1337 = ORIENTED_EDGE('',*,*,#1338,.T.);
#1338 = EDGE_CURVE('',#1339,#1341,#1343,.T.);
#1339 = VERTEX_POINT('',#1340);
#1340 = CARTESIAN_POINT('',(-32.,-68.5,137.5));
#1341 = VERTEX_POINT('',#1342);
#1342 = CARTESIAN_POINT('',(-32.,-68.5,124.));
#1343 = SURFACE_CURVE('',#1344,(#1348,#1355),.PCURVE_S1.);
#1344 = LINE('',#1345,#1346);
#1345 = CARTESIAN_POINT('',(-32.,-68.5,137.5));
#1346 = VECTOR('',#1347,1.);
#1347 = DIRECTION('',(0.,0.,-1.));
#1348 = PCURVE('',#1318,#1349);
#1349 = DEFINITIONAL_REPRESENTATION('',(#1350),#1354);
#1350 = LINE('',#1351,#1352);
#1351 = CARTESIAN_POINT('',(-9.5,-32.));
#1352 = VECTOR('',#1353,1.);
#1353 = DIRECTION('',(1.,0.));
#1354 = ( GEOMETRIC_REPRESENTATION_CONTEXT(2) 
PARAMETRIC_REPRESENTATION_CONTEXT() REPRESENTATION_CONTEXT('2D SPACE',''
  ) );
#1355 = PCURVE('',#594,#1356);
#1356 = DEFINITIONAL_REPRESENTATION('',(#1357),#1361);
#1357 = LINE('',#1358,#1359);
#1358 = CARTESIAN_POINT('',(0.,0.));
#1359 = VECTOR('',#1360,1.);
#1360 = DIRECTION('',(1.,0.));
#1361 = ( GEOMETRIC_REPRESENTATION_CONTEXT(2) 
PARAMETRIC_REPRESENTATION_CONTEXT() REPRESENTATION_CONTEXT('2D SPACE',''
  ) );
#1362 = ORIENTED_EDGE('',*,*,#1363,.F.);
#1363 = EDGE_CURVE('',#1364,#1341,#1366,.T.);
#1364 = VERTEX_POINT('',#1365);
#1365 = CARTESIAN_POINT('',(32.,-68.5,124.));
#1366 = SURFACE_CURVE('',#1367,(#1371,#1377),.PCURVE_S1.);
#1367 = LINE('',#1368,#1369);
#1368 = CARTESIAN_POINT('',(24.,-68.5,124.));
#1369 = VECTOR('',#1370,1.);
#1370 = DIRECTION('',(-1.,0.,0.));
#1371 = PCURVE('',#1318,#1372);
#1372 = DEFINITIONAL_REPRESENTATION('',(#1373),#1376);
#1373 = B_SPLINE_CURVE_WITH_KNOTS('',1,(#1374,#1375),.UNSPECIFIED.,.F.,
  .F.,(2,2),(-8.,56.),.PIECEWISE_BEZIER_KNOTS.);
#1374 = CARTESIAN_POINT('',(4.,32.));
#1375 = CARTESIAN_POINT('',(4.,-32.));
#1376 = ( GEOMETRIC_REPRESENTATION_CONTEXT(2) 
PARAMETRIC_REPRESENTATION_CONTEXT() REPRESENTATION_CONTEXT('2D SPACE',''
  ) );
#1377 = PCURVE('',#414,#1378);
#1378 = DEFINITIONAL_REPRESENTATION('',(#1379),#1382);
#1379 = B_SPLINE_CURVE_WITH_KNOTS('',1,(#1380,#1381),.UNSPECIFIED.,.F.,
  .F.,(2,2),(-8.,56.),.PIECEWISE_BEZIER_KNOTS.);
#1380 = CARTESIAN_POINT('',(16.,-6.5));
#1381 = CARTESIAN_POINT('',(80.,-6.5));
#1382 = ( GEOMETRIC_REPRESENTATION_CONTEXT(2) 
PARAMETRIC_REPRESENTATION_CONTEXT() REPRESENTATION_CONTEXT('2D SPACE',''
  ) );
#1383 = ORIENTED_EDGE('',*,*,#1384,.T.);
#1384 = EDGE_CURVE('',#1364,#1385,#1387,.T.);
#1385 = VERTEX_POINT('',#1386);
#1386 = CARTESIAN_POINT('',(32.,-68.5,137.5));
#1387 = SURFACE_CURVE('',#1388,(#1392,#1399),.PCURVE_S1.);
#1388 = LINE('',#1389,#1390);
#1389 = CARTESIAN_POINT('',(32.,-68.5,118.5));
#1390 = VECTOR('',#1391,1.);
#1391 = DIRECTION('',(0.,0.,1.));
#1392 = PCURVE('',#1318,#1393);
#1393 = DEFINITIONAL_REPRESENTATION('',(#1394),#1398);
#1394 = LINE('',#1395,#1396);
#1395 = CARTESIAN_POINT('',(9.5,32.));
#1396 = VECTOR('',#1397,1.);
#1397 = DIRECTION('',(-1.,0.));
#1398 = ( GEOMETRIC_REPRESENTATION_CONTEXT(2) 
PARAMETRIC_REPRESENTATION_CONTEXT() REPRESENTATION_CONTEXT('2D SPACE',''
  ) );
#1399 = PCURVE('',#540,#1400);
#1400 = DEFINITIONAL_REPRESENTATION('',(#1401),#1405);
#1401 = LINE('',#1402,#1403);
#1402 = CARTESIAN_POINT('',(0.,0.));
#1403 = VECTOR('',#1404,1.);
#1404 = DIRECTION('',(1.,0.));
#1405 = ( GEOMETRIC_REPRESENTATION_CONTEXT(2) 
PARAMETRIC_REPRESENTATION_CONTEXT() REPRESENTATION_CONTEXT('2D SPACE',''
  ) );
#1406 = ORIENTED_EDGE('',*,*,#1407,.T.);
#1407 = EDGE_CURVE('',#1385,#1339,#1408,.T.);
#1408 = SURFACE_CURVE('',#1409,(#1413,#1420),.PCURVE_S1.);
#1409 = LINE('',#1410,#1411);
#1410 = CARTESIAN_POINT('',(32.,-68.5,137.5));
#1411 = VECTOR('',#1412,1.);
#1412 = DIRECTION('',(-1.,0.,0.));
#1413 = PCURVE('',#1318,#1414);
#1414 = DEFINITIONAL_REPRESENTATION('',(#1415),#1419);
#1415 = LINE('',#1416,#1417);
#1416 = CARTESIAN_POINT('',(-9.5,32.));
#1417 = VECTOR('',#1418,1.);
#1418 = DIRECTION('',(0.,-1.));
#1419 = ( GEOMETRIC_REPRESENTATION_CONTEXT(2) 
PARAMETRIC_REPRESENTATION_CONTEXT() REPRESENTATION_CONTEXT('2D SPACE',''
  ) );
#1420 = PCURVE('',#568,#1421);
#1421 = DEFINITIONAL_REPRESENTATION('',(#1422),#1426);
#1422 = LINE('',#1423,#1424);
#1423 = CARTESIAN_POINT('',(0.,0.));
#1424 = VECTOR('',#1425,1.);
#1425 = DIRECTION('',(1.,0.));
#1426 = ( GEOMETRIC_REPRESENTATION_CONTEXT(2) 
PARAMETRIC_REPRESENTATION_CONTEXT() REPRESENTATION_CONTEXT('2D SPACE',''
  ) );
#1427 = FACE_BOUND('',#1428,.T.);
#1428 = EDGE_LOOP('',(#1429));
#1429 = ORIENTED_EDGE('',*,*,#1430,.T.);
#1430 = EDGE_CURVE('',#1431,#1431,#1433,.T.);
#1431 = VERTEX_POINT('',#1432);
#1432 = CARTESIAN_POINT('',(-12.3,-68.5,128.));
#1433 = SURFACE_CURVE('',#1434,(#1439,#1450),.PCURVE_S1.);
#1434 = CIRCLE('',#1435,2.7);
#1435 = AXIS2_PLACEMENT_3D('',#1436,#1437,#1438);
#1436 = CARTESIAN_POINT('',(-15.,-68.5,128.));
#1437 = DIRECTION('',(-0.,1.,0.));
#1438 = DIRECTION('',(1.,0.,0.));
#1439 = PCURVE('',#1318,#1440);
#1440 = DEFINITIONAL_REPRESENTATION('',(#1441),#1449);
#1441 = ( BOUNDED_CURVE() B_SPLINE_CURVE(2,(#1442,#1443,#1444,#1445,
#1446,#1447,#1448),.UNSPECIFIED.,.T.,.F.) B_SPLINE_CURVE_WITH_KNOTS((1,2
    ,2,2,2,1),(-2.094395102393,0.,2.094395102393,4.188790204786,
6.28318530718,8.377580409573),.UNSPECIFIED.) CURVE() 
GEOMETRIC_REPRESENTATION_ITEM() RATIONAL_B_SPLINE_CURVE((1.,0.5,1.,0.5,
1.,0.5,1.)) REPRESENTATION_ITEM('') );
#1442 = CARTESIAN_POINT('',(0.,-12.3));
#1443 = CARTESIAN_POINT('',(4.676537180436,-12.3));
#1444 = CARTESIAN_POINT('',(2.338268590218,-16.35));
#1445 = CARTESIAN_POINT('',(6.613092715396E-16,-20.4));
#1446 = CARTESIAN_POINT('',(-2.338268590218,-16.35));
#1447 = CARTESIAN_POINT('',(-4.676537180436,-12.3));
#1448 = CARTESIAN_POINT('',(0.,-12.3));
#1449 = ( GEOMETRIC_REPRESENTATION_CONTEXT(2) 
PARAMETRIC_REPRESENTATION_CONTEXT() REPRESENTATION_CONTEXT('2D SPACE',''
  ) );
#1450 = PCURVE('',#1138,#1451);
#1451 = DEFINITIONAL_REPRESENTATION('',(#1452),#1456);
#1452 = LINE('',#1453,#1454);
#1453 = CARTESIAN_POINT('',(-6.28318530718,-6.5));
#1454 = VECTOR('',#1455,1.);
#1455 = DIRECTION('',(1.,-0.));
#1456 = ( GEOMETRIC_REPRESENTATION_CONTEXT(2) 
PARAMETRIC_REPRESENTATION_CONTEXT() REPRESENTATION_CONTEXT('2D SPACE',''
  ) );
#1457 = FACE_BOUND('',#1458,.T.);
#1458 = EDGE_LOOP('',(#1459));
#1459 = ORIENTED_EDGE('',*,*,#1460,.T.);
#1460 = EDGE_CURVE('',#1461,#1461,#1463,.T.);
#1461 = VERTEX_POINT('',#1462);
#1462 = CARTESIAN_POINT('',(2.7,-68.5,128.));
#1463 = SURFACE_CURVE('',#1464,(#1469,#1480),.PCURVE_S1.);
#1464 = CIRCLE('',#1465,2.7);
#1465 = AXIS2_PLACEMENT_3D('',#1466,#1467,#1468);
#1466 = CARTESIAN_POINT('',(0.,-68.5,128.));
#1467 = DIRECTION('',(-0.,1.,0.));
#1468 = DIRECTION('',(1.,0.,0.));
#1469 = PCURVE('',#1318,#1470);
#1470 = DEFINITIONAL_REPRESENTATION('',(#1471),#1479);
#1471 = ( BOUNDED_CURVE() B_SPLINE_CURVE(2,(#1472,#1473,#1474,#1475,
#1476,#1477,#1478),.UNSPECIFIED.,.T.,.F.) B_SPLINE_CURVE_WITH_KNOTS((1,2
    ,2,2,2,1),(-2.094395102393,0.,2.094395102393,4.188790204786,
6.28318530718,8.377580409573),.UNSPECIFIED.) CURVE() 
GEOMETRIC_REPRESENTATION_ITEM() RATIONAL_B_SPLINE_CURVE((1.,0.5,1.,0.5,
1.,0.5,1.)) REPRESENTATION_ITEM('') );
#1472 = CARTESIAN_POINT('',(0.,2.7));
#1473 = CARTESIAN_POINT('',(4.676537180436,2.7));
#1474 = CARTESIAN_POINT('',(2.338268590218,-1.35));
#1475 = CARTESIAN_POINT('',(6.613092715396E-16,-5.4));
#1476 = CARTESIAN_POINT('',(-2.338268590218,-1.35));
#1477 = CARTESIAN_POINT('',(-4.676537180436,2.7));
#1478 = CARTESIAN_POINT('',(0.,2.7));
#1479 = ( GEOMETRIC_REPRESENTATION_CONTEXT(2) 
PARAMETRIC_REPRESENTATION_CONTEXT() REPRESENTATION_CONTEXT('2D SPACE',''
  ) );
#1480 = PCURVE('',#1169,#1481);
#1481 = DEFINITIONAL_REPRESENTATION('',(#1482),#1486);
#1482 = LINE('',#1483,#1484);
#1483 = CARTESIAN_POINT('',(-6.28318530718,-6.5));
#1484 = VECTOR('',#1485,1.);
#1485 = DIRECTION('',(1.,-0.));
#1486 = ( GEOMETRIC_REPRESENTATION_CONTEXT(2) 
PARAMETRIC_REPRESENTATION_CONTEXT() REPRESENTATION_CONTEXT('2D SPACE',''
  ) );
#1487 = FACE_BOUND('',#1488,.T.);
#1488 = EDGE_LOOP('',(#1489));
#1489 = ORIENTED_EDGE('',*,*,#1303,.T.);
#1490 = ADVANCED_FACE('',(#1491),#1169,.F.);
#1491 = FACE_BOUND('',#1492,.T.);
#1492 = EDGE_LOOP('',(#1493,#1494,#1515,#1516));
#1493 = ORIENTED_EDGE('',*,*,#1152,.T.);
#1494 = ORIENTED_EDGE('',*,*,#1495,.T.);
#1495 = EDGE_CURVE('',#1153,#1461,#1496,.T.);
#1496 = SEAM_CURVE('',#1497,(#1501,#1508),.PCURVE_S1.);
#1497 = LINE('',#1498,#1499);
#1498 = CARTESIAN_POINT('',(2.7,-62.,128.));
#1499 = VECTOR('',#1500,1.);
#1500 = DIRECTION('',(0.,-1.,0.));
#1501 = PCURVE('',#1169,#1502);
#1502 = DEFINITIONAL_REPRESENTATION('',(#1503),#1507);
#1503 = LINE('',#1504,#1505);
#1504 = CARTESIAN_POINT('',(-6.28318530718,0.));
#1505 = VECTOR('',#1506,1.);
#1506 = DIRECTION('',(-0.,-1.));
#1507 = ( GEOMETRIC_REPRESENTATION_CONTEXT(2) 
PARAMETRIC_REPRESENTATION_CONTEXT() REPRESENTATION_CONTEXT('2D SPACE',''
  ) );
#1508 = PCURVE('',#1169,#1509);
#1509 = DEFINITIONAL_REPRESENTATION('',(#1510),#1514);
#1510 = LINE('',#1511,#1512);
#1511 = CARTESIAN_POINT('',(-0.,0.));
#1512 = VECTOR('',#1513,1.);
#1513 = DIRECTION('',(-0.,-1.));
#1514 = ( GEOMETRIC_REPRESENTATION_CONTEXT(2) 
PARAMETRIC_REPRESENTATION_CONTEXT() REPRESENTATION_CONTEXT('2D SPACE',''
  ) );
#1515 = ORIENTED_EDGE('',*,*,#1460,.F.);
#1516 = ORIENTED_EDGE('',*,*,#1495,.F.);
#1517 = ADVANCED_FACE('',(#1518),#1138,.F.);
#1518 = FACE_BOUND('',#1519,.T.);
#1519 = EDGE_LOOP('',(#1520,#1521,#1542,#1543));
#1520 = ORIENTED_EDGE('',*,*,#1121,.T.);
#1521 = ORIENTED_EDGE('',*,*,#1522,.T.);
#1522 = EDGE_CURVE('',#1122,#1431,#1523,.T.);
#1523 = SEAM_CURVE('',#1524,(#1528,#1535),.PCURVE_S1.);
#1524 = LINE('',#1525,#1526);
#1525 = CARTESIAN_POINT('',(-12.3,-62.,128.));
#1526 = VECTOR('',#1527,1.);
#1527 = DIRECTION('',(0.,-1.,0.));
#1528 = PCURVE('',#1138,#1529);
#1529 = DEFINITIONAL_REPRESENTATION('',(#1530),#1534);
#1530 = LINE('',#1531,#1532);
#1531 = CARTESIAN_POINT('',(-6.28318530718,0.));
#1532 = VECTOR('',#1533,1.);
#1533 = DIRECTION('',(-0.,-1.));
#1534 = ( GEOMETRIC_REPRESENTATION_CONTEXT(2) 
PARAMETRIC_REPRESENTATION_CONTEXT() REPRESENTATION_CONTEXT('2D SPACE',''
  ) );
#1535 = PCURVE('',#1138,#1536);
#1536 = DEFINITIONAL_REPRESENTATION('',(#1537),#1541);
#1537 = LINE('',#1538,#1539);
#1538 = CARTESIAN_POINT('',(-0.,0.));
#1539 = VECTOR('',#1540,1.);
#1540 = DIRECTION('',(-0.,-1.));
#1541 = ( GEOMETRIC_REPRESENTATION_CONTEXT(2) 
PARAMETRIC_REPRESENTATION_CONTEXT() REPRESENTATION_CONTEXT('2D SPACE',''
  ) );
#1542 = ORIENTED_EDGE('',*,*,#1430,.F.);
#1543 = ORIENTED_EDGE('',*,*,#1522,.F.);
#1544 = ADVANCED_FACE('',(#1545),#1084,.T.);
#1545 = FACE_BOUND('',#1546,.T.);
#1546 = EDGE_LOOP('',(#1547,#1548,#1571,#1597));
#1547 = ORIENTED_EDGE('',*,*,#1069,.F.);
#1548 = ORIENTED_EDGE('',*,*,#1549,.T.);
#1549 = EDGE_CURVE('',#1044,#1550,#1552,.T.);
#1550 = VERTEX_POINT('',#1551);
#1551 = CARTESIAN_POINT('',(50.25,-68.5,148.));
#1552 = SURFACE_CURVE('',#1553,(#1557,#1564),.PCURVE_S1.);
#1553 = LINE('',#1554,#1555);
#1554 = CARTESIAN_POINT('',(50.25,-65.44,148.));
#1555 = VECTOR('',#1556,1.);
#1556 = DIRECTION('',(0.,-1.,0.));
#1557 = PCURVE('',#1084,#1558);
#1558 = DEFINITIONAL_REPRESENTATION('',(#1559),#1563);
#1559 = LINE('',#1560,#1561);
#1560 = CARTESIAN_POINT('',(0.,0.));
#1561 = VECTOR('',#1562,1.);
#1562 = DIRECTION('',(0.,-1.));
#1563 = ( GEOMETRIC_REPRESENTATION_CONTEXT(2) 
PARAMETRIC_REPRESENTATION_CONTEXT() REPRESENTATION_CONTEXT('2D SPACE',''
  ) );
#1564 = PCURVE('',#1058,#1565);
#1565 = DEFINITIONAL_REPRESENTATION('',(#1566),#1570);
#1566 = LINE('',#1567,#1568);
#1567 = CARTESIAN_POINT('',(37.7,0.));
#1568 = VECTOR('',#1569,1.);
#1569 = DIRECTION('',(0.,-1.));
#1570 = ( GEOMETRIC_REPRESENTATION_CONTEXT(2) 
PARAMETRIC_REPRESENTATION_CONTEXT() REPRESENTATION_CONTEXT('2D SPACE',''
  ) );
#1571 = ORIENTED_EDGE('',*,*,#1572,.F.);
#1572 = EDGE_CURVE('',#1573,#1550,#1575,.T.);
#1573 = VERTEX_POINT('',#1574);
#1574 = CARTESIAN_POINT('',(50.25,-68.5,184.));
#1575 = SURFACE_CURVE('',#1576,(#1580,#1586),.PCURVE_S1.);
#1576 = LINE('',#1577,#1578);
#1577 = CARTESIAN_POINT('',(50.25,-68.5,157.));
#1578 = VECTOR('',#1579,1.);
#1579 = DIRECTION('',(0.,0.,-1.));
#1580 = PCURVE('',#1084,#1581);
#1581 = DEFINITIONAL_REPRESENTATION('',(#1582),#1585);
#1582 = B_SPLINE_CURVE_WITH_KNOTS('',1,(#1583,#1584),.UNSPECIFIED.,.F.,
  .F.,(2,2),(-27.,9.),.PIECEWISE_BEZIER_KNOTS.);
#1583 = CARTESIAN_POINT('',(36.,-3.06));
#1584 = CARTESIAN_POINT('',(0.,-3.06));
#1585 = ( GEOMETRIC_REPRESENTATION_CONTEXT(2) 
PARAMETRIC_REPRESENTATION_CONTEXT() REPRESENTATION_CONTEXT('2D SPACE',''
  ) );
#1586 = PCURVE('',#1587,#1592);
#1587 = PLANE('',#1588);
#1588 = AXIS2_PLACEMENT_3D('',#1589,#1590,#1591);
#1589 = CARTESIAN_POINT('',(0.,-68.5,166.));
#1590 = DIRECTION('',(-0.,-1.,-0.));
#1591 = DIRECTION('',(0.,0.,-1.));
#1592 = DEFINITIONAL_REPRESENTATION('',(#1593),#1596);
#1593 = B_SPLINE_CURVE_WITH_KNOTS('',1,(#1594,#1595),.UNSPECIFIED.,.F.,
  .F.,(2,2),(-27.,9.),.PIECEWISE_BEZIER_KNOTS.);
#1594 = CARTESIAN_POINT('',(-18.,50.25));
#1595 = CARTESIAN_POINT('',(18.,50.25));
#1596 = ( GEOMETRIC_REPRESENTATION_CONTEXT(2) 
PARAMETRIC_REPRESENTATION_CONTEXT() REPRESENTATION_CONTEXT('2D SPACE',''
  ) );
#1597 = ORIENTED_EDGE('',*,*,#1598,.F.);
#1598 = EDGE_CURVE('',#1070,#1573,#1599,.T.);
#1599 = SURFACE_CURVE('',#1600,(#1604,#1611),.PCURVE_S1.);
#1600 = LINE('',#1601,#1602);
#1601 = CARTESIAN_POINT('',(50.25,-65.44,184.));
#1602 = VECTOR('',#1603,1.);
#1603 = DIRECTION('',(0.,-1.,0.));
#1604 = PCURVE('',#1084,#1605);
#1605 = DEFINITIONAL_REPRESENTATION('',(#1606),#1610);
#1606 = LINE('',#1607,#1608);
#1607 = CARTESIAN_POINT('',(36.,0.));
#1608 = VECTOR('',#1609,1.);
#1609 = DIRECTION('',(0.,-1.));
#1610 = ( GEOMETRIC_REPRESENTATION_CONTEXT(2) 
PARAMETRIC_REPRESENTATION_CONTEXT() REPRESENTATION_CONTEXT('2D SPACE',''
  ) );
#1611 = PCURVE('',#1108,#1612);
#1612 = DEFINITIONAL_REPRESENTATION('',(#1613),#1617);
#1613 = LINE('',#1614,#1615);
#1614 = CARTESIAN_POINT('',(0.,0.));
#1615 = VECTOR('',#1616,1.);
#1616 = DIRECTION('',(0.,-1.));
#1617 = ( GEOMETRIC_REPRESENTATION_CONTEXT(2) 
PARAMETRIC_REPRESENTATION_CONTEXT() REPRESENTATION_CONTEXT('2D SPACE',''
  ) );
#1618 = ADVANCED_FACE('',(#1619,#1713,#1799),#1587,.T.);
#1619 = FACE_BOUND('',#1620,.T.);
#1620 = EDGE_LOOP('',(#1621,#1646,#1669,#1692));
#1621 = ORIENTED_EDGE('',*,*,#1622,.T.);
#1622 = EDGE_CURVE('',#1623,#1625,#1627,.T.);
#1623 = VERTEX_POINT('',#1624);
#1624 = CARTESIAN_POINT('',(-54.25,-68.5,144.));
#1625 = VERTEX_POINT('',#1626);
#1626 = CARTESIAN_POINT('',(54.25,-68.5,144.));
#1627 = SURFACE_CURVE('',#1628,(#1632,#1639),.PCURVE_S1.);
#1628 = LINE('',#1629,#1630);
#1629 = CARTESIAN_POINT('',(-54.25,-68.5,144.));
#1630 = VECTOR('',#1631,1.);
#1631 = DIRECTION('',(1.,0.,0.));
#1632 = PCURVE('',#1587,#1633);
#1633 = DEFINITIONAL_REPRESENTATION('',(#1634),#1638);
#1634 = LINE('',#1635,#1636);
#1635 = CARTESIAN_POINT('',(22.,-54.25));
#1636 = VECTOR('',#1637,1.);
#1637 = DIRECTION('',(0.,1.));
#1638 = ( GEOMETRIC_REPRESENTATION_CONTEXT(2) 
PARAMETRIC_REPRESENTATION_CONTEXT() REPRESENTATION_CONTEXT('2D SPACE',''
  ) );
#1639 = PCURVE('',#329,#1640);
#1640 = DEFINITIONAL_REPRESENTATION('',(#1641),#1645);
#1641 = LINE('',#1642,#1643);
#1642 = CARTESIAN_POINT('',(0.,0.));
#1643 = VECTOR('',#1644,1.);
#1644 = DIRECTION('',(1.,0.));
#1645 = ( GEOMETRIC_REPRESENTATION_CONTEXT(2) 
PARAMETRIC_REPRESENTATION_CONTEXT() REPRESENTATION_CONTEXT('2D SPACE',''
  ) );
#1646 = ORIENTED_EDGE('',*,*,#1647,.T.);
#1647 = EDGE_CURVE('',#1625,#1648,#1650,.T.);
#1648 = VERTEX_POINT('',#1649);
#1649 = CARTESIAN_POINT('',(54.25,-68.5,188.));
#1650 = SURFACE_CURVE('',#1651,(#1655,#1662),.PCURVE_S1.);
#1651 = LINE('',#1652,#1653);
#1652 = CARTESIAN_POINT('',(54.25,-68.5,144.));
#1653 = VECTOR('',#1654,1.);
#1654 = DIRECTION('',(0.,0.,1.));
#1655 = PCURVE('',#1587,#1656);
#1656 = DEFINITIONAL_REPRESENTATION('',(#1657),#1661);
#1657 = LINE('',#1658,#1659);
#1658 = CARTESIAN_POINT('',(22.,54.25));
#1659 = VECTOR('',#1660,1.);
#1660 = DIRECTION('',(-1.,0.));
#1661 = ( GEOMETRIC_REPRESENTATION_CONTEXT(2) 
PARAMETRIC_REPRESENTATION_CONTEXT() REPRESENTATION_CONTEXT('2D SPACE',''
  ) );
#1662 = PCURVE('',#357,#1663);
#1663 = DEFINITIONAL_REPRESENTATION('',(#1664),#1668);
#1664 = LINE('',#1665,#1666);
#1665 = CARTESIAN_POINT('',(0.,0.));
#1666 = VECTOR('',#1667,1.);
#1667 = DIRECTION('',(1.,0.));
#1668 = ( GEOMETRIC_REPRESENTATION_CONTEXT(2) 
PARAMETRIC_REPRESENTATION_CONTEXT() REPRESENTATION_CONTEXT('2D SPACE',''
  ) );
#1669 = ORIENTED_EDGE('',*,*,#1670,.T.);
#1670 = EDGE_CURVE('',#1648,#1671,#1673,.T.);
#1671 = VERTEX_POINT('',#1672);
#1672 = CARTESIAN_POINT('',(-54.25,-68.5,188.));
#1673 = SURFACE_CURVE('',#1674,(#1678,#1685),.PCURVE_S1.);
#1674 = LINE('',#1675,#1676);
#1675 = CARTESIAN_POINT('',(54.25,-68.5,188.));
#1676 = VECTOR('',#1677,1.);
#1677 = DIRECTION('',(-1.,0.,0.));
#1678 = PCURVE('',#1587,#1679);
#1679 = DEFINITIONAL_REPRESENTATION('',(#1680),#1684);
#1680 = LINE('',#1681,#1682);
#1681 = CARTESIAN_POINT('',(-22.,54.25));
#1682 = VECTOR('',#1683,1.);
#1683 = DIRECTION('',(0.,-1.));
#1684 = ( GEOMETRIC_REPRESENTATION_CONTEXT(2) 
PARAMETRIC_REPRESENTATION_CONTEXT() REPRESENTATION_CONTEXT('2D SPACE',''
  ) );
#1685 = PCURVE('',#383,#1686);
#1686 = DEFINITIONAL_REPRESENTATION('',(#1687),#1691);
#1687 = LINE('',#1688,#1689);
#1688 = CARTESIAN_POINT('',(0.,0.));
#1689 = VECTOR('',#1690,1.);
#1690 = DIRECTION('',(1.,0.));
#1691 = ( GEOMETRIC_REPRESENTATION_CONTEXT(2) 
PARAMETRIC_REPRESENTATION_CONTEXT() REPRESENTATION_CONTEXT('2D SPACE',''
  ) );
#1692 = ORIENTED_EDGE('',*,*,#1693,.T.);
#1693 = EDGE_CURVE('',#1671,#1623,#1694,.T.);
#1694 = SURFACE_CURVE('',#1695,(#1699,#1706),.PCURVE_S1.);
#1695 = LINE('',#1696,#1697);
#1696 = CARTESIAN_POINT('',(-54.25,-68.5,188.));
#1697 = VECTOR('',#1698,1.);
#1698 = DIRECTION('',(0.,0.,-1.));
#1699 = PCURVE('',#1587,#1700);
#1700 = DEFINITIONAL_REPRESENTATION('',(#1701),#1705);
#1701 = LINE('',#1702,#1703);
#1702 = CARTESIAN_POINT('',(-22.,-54.25));
#1703 = VECTOR('',#1704,1.);
#1704 = DIRECTION('',(1.,0.));
#1705 = ( GEOMETRIC_REPRESENTATION_CONTEXT(2) 
PARAMETRIC_REPRESENTATION_CONTEXT() REPRESENTATION_CONTEXT('2D SPACE',''
  ) );
#1706 = PCURVE('',#301,#1707);
#1707 = DEFINITIONAL_REPRESENTATION('',(#1708),#1712);
#1708 = LINE('',#1709,#1710);
#1709 = CARTESIAN_POINT('',(0.,0.));
#1710 = VECTOR('',#1711,1.);
#1711 = DIRECTION('',(1.,0.));
#1712 = ( GEOMETRIC_REPRESENTATION_CONTEXT(2) 
PARAMETRIC_REPRESENTATION_CONTEXT() REPRESENTATION_CONTEXT('2D SPACE',''
  ) );
#1713 = FACE_BOUND('',#1714,.T.);
#1714 = EDGE_LOOP('',(#1715,#1738,#1759,#1780));
#1715 = ORIENTED_EDGE('',*,*,#1716,.T.);
#1716 = EDGE_CURVE('',#1717,#1719,#1721,.T.);
#1717 = VERTEX_POINT('',#1718);
#1718 = CARTESIAN_POINT('',(3.05,-68.5,178.95));
#1719 = VERTEX_POINT('',#1720);
#1720 = CARTESIAN_POINT('',(3.05,-68.5,153.05));
#1721 = SURFACE_CURVE('',#1722,(#1726,#1732),.PCURVE_S1.);
#1722 = LINE('',#1723,#1724);
#1723 = CARTESIAN_POINT('',(3.05,-68.5,159.525));
#1724 = VECTOR('',#1725,1.);
#1725 = DIRECTION('',(0.,0.,-1.));
#1726 = PCURVE('',#1587,#1727);
#1727 = DEFINITIONAL_REPRESENTATION('',(#1728),#1731);
#1728 = B_SPLINE_CURVE_WITH_KNOTS('',1,(#1729,#1730),.UNSPECIFIED.,.F.,
  .F.,(2,2),(-19.425,6.475),.PIECEWISE_BEZIER_KNOTS.);
#1729 = CARTESIAN_POINT('',(-12.95,3.05));
#1730 = CARTESIAN_POINT('',(12.95,3.05));
#1731 = ( GEOMETRIC_REPRESENTATION_CONTEXT(2) 
PARAMETRIC_REPRESENTATION_CONTEXT() REPRESENTATION_CONTEXT('2D SPACE',''
  ) );
#1732 = PCURVE('',#952,#1733);
#1733 = DEFINITIONAL_REPRESENTATION('',(#1734),#1737);
#1734 = B_SPLINE_CURVE_WITH_KNOTS('',1,(#1735,#1736),.UNSPECIFIED.,.F.,
  .F.,(2,2),(-19.425,6.475),.PIECEWISE_BEZIER_KNOTS.);
#1735 = CARTESIAN_POINT('',(25.9,-6.5));
#1736 = CARTESIAN_POINT('',(0.,-6.5));
#1737 = ( GEOMETRIC_REPRESENTATION_CONTEXT(2) 
PARAMETRIC_REPRESENTATION_CONTEXT() REPRESENTATION_CONTEXT('2D SPACE',''
  ) );
#1738 = ORIENTED_EDGE('',*,*,#1739,.T.);
#1739 = EDGE_CURVE('',#1719,#1740,#1742,.T.);
#1740 = VERTEX_POINT('',#1741);
#1741 = CARTESIAN_POINT('',(-50.75,-68.5,153.05));
#1742 = SURFACE_CURVE('',#1743,(#1747,#1753),.PCURVE_S1.);
#1743 = LINE('',#1744,#1745);
#1744 = CARTESIAN_POINT('',(-25.375,-68.5,153.05));
#1745 = VECTOR('',#1746,1.);
#1746 = DIRECTION('',(-1.,0.,-0.));
#1747 = PCURVE('',#1587,#1748);
#1748 = DEFINITIONAL_REPRESENTATION('',(#1749),#1752);
#1749 = B_SPLINE_CURVE_WITH_KNOTS('',1,(#1750,#1751),.UNSPECIFIED.,.F.,
  .F.,(2,2),(-28.425,25.375),.PIECEWISE_BEZIER_KNOTS.);
#1750 = CARTESIAN_POINT('',(12.95,3.05));
#1751 = CARTESIAN_POINT('',(12.95,-50.75));
#1752 = ( GEOMETRIC_REPRESENTATION_CONTEXT(2) 
PARAMETRIC_REPRESENTATION_CONTEXT() REPRESENTATION_CONTEXT('2D SPACE',''
  ) );
#1753 = PCURVE('',#926,#1754);
#1754 = DEFINITIONAL_REPRESENTATION('',(#1755),#1758);
#1755 = B_SPLINE_CURVE_WITH_KNOTS('',1,(#1756,#1757),.UNSPECIFIED.,.F.,
  .F.,(2,2),(-28.425,25.375),.PIECEWISE_BEZIER_KNOTS.);
#1756 = CARTESIAN_POINT('',(53.8,-6.5));
#1757 = CARTESIAN_POINT('',(0.,-6.5));
#1758 = ( GEOMETRIC_REPRESENTATION_CONTEXT(2) 
PARAMETRIC_REPRESENTATION_CONTEXT() REPRESENTATION_CONTEXT('2D SPACE',''
  ) );
#1759 = ORIENTED_EDGE('',*,*,#1760,.T.);
#1760 = EDGE_CURVE('',#1740,#1761,#1763,.T.);
#1761 = VERTEX_POINT('',#1762);
#1762 = CARTESIAN_POINT('',(-50.75,-68.5,178.95));
#1763 = SURFACE_CURVE('',#1764,(#1768,#1774),.PCURVE_S1.);
#1764 = LINE('',#1765,#1766);
#1765 = CARTESIAN_POINT('',(-50.75,-68.5,172.475));
#1766 = VECTOR('',#1767,1.);
#1767 = DIRECTION('',(0.,0.,1.));
#1768 = PCURVE('',#1587,#1769);
#1769 = DEFINITIONAL_REPRESENTATION('',(#1770),#1773);
#1770 = B_SPLINE_CURVE_WITH_KNOTS('',1,(#1771,#1772),.UNSPECIFIED.,.F.,
  .F.,(2,2),(-19.425,6.475),.PIECEWISE_BEZIER_KNOTS.);
#1771 = CARTESIAN_POINT('',(12.95,-50.75));
#1772 = CARTESIAN_POINT('',(-12.95,-50.75));
#1773 = ( GEOMETRIC_REPRESENTATION_CONTEXT(2) 
PARAMETRIC_REPRESENTATION_CONTEXT() REPRESENTATION_CONTEXT('2D SPACE',''
  ) );
#1774 = PCURVE('',#900,#1775);
#1775 = DEFINITIONAL_REPRESENTATION('',(#1776),#1779);
#1776 = B_SPLINE_CURVE_WITH_KNOTS('',1,(#1777,#1778),.UNSPECIFIED.,.F.,
  .F.,(2,2),(-19.425,6.475),.PIECEWISE_BEZIER_KNOTS.);
#1777 = CARTESIAN_POINT('',(25.9,-6.5));
#1778 = CARTESIAN_POINT('',(0.,-6.5));
#1779 = ( GEOMETRIC_REPRESENTATION_CONTEXT(2) 
PARAMETRIC_REPRESENTATION_CONTEXT() REPRESENTATION_CONTEXT('2D SPACE',''
  ) );
#1780 = ORIENTED_EDGE('',*,*,#1781,.T.);
#1781 = EDGE_CURVE('',#1761,#1717,#1782,.T.);
#1782 = SURFACE_CURVE('',#1783,(#1787,#1793),.PCURVE_S1.);
#1783 = LINE('',#1784,#1785);
#1784 = CARTESIAN_POINT('',(1.525,-68.5,178.95));
#1785 = VECTOR('',#1786,1.);
#1786 = DIRECTION('',(1.,0.,0.));
#1787 = PCURVE('',#1587,#1788);
#1788 = DEFINITIONAL_REPRESENTATION('',(#1789),#1792);
#1789 = B_SPLINE_CURVE_WITH_KNOTS('',1,(#1790,#1791),.UNSPECIFIED.,.F.,
  .F.,(2,2),(-52.275,1.525),.PIECEWISE_BEZIER_KNOTS.);
#1790 = CARTESIAN_POINT('',(-12.95,-50.75));
#1791 = CARTESIAN_POINT('',(-12.95,3.05));
#1792 = ( GEOMETRIC_REPRESENTATION_CONTEXT(2) 
PARAMETRIC_REPRESENTATION_CONTEXT() REPRESENTATION_CONTEXT('2D SPACE',''
  ) );
#1793 = PCURVE('',#976,#1794);
#1794 = DEFINITIONAL_REPRESENTATION('',(#1795),#1798);
#1795 = B_SPLINE_CURVE_WITH_KNOTS('',1,(#1796,#1797),.UNSPECIFIED.,.F.,
  .F.,(2,2),(-52.275,1.525),.PIECEWISE_BEZIER_KNOTS.);
#1796 = CARTESIAN_POINT('',(53.8,-6.5));
#1797 = CARTESIAN_POINT('',(0.,-6.5));
#1798 = ( GEOMETRIC_REPRESENTATION_CONTEXT(2) 
PARAMETRIC_REPRESENTATION_CONTEXT() REPRESENTATION_CONTEXT('2D SPACE',''
  ) );
#1799 = FACE_BOUND('',#1800,.T.);
#1800 = EDGE_LOOP('',(#1801,#1802,#1823,#1844));
#1801 = ORIENTED_EDGE('',*,*,#1572,.T.);
#1802 = ORIENTED_EDGE('',*,*,#1803,.T.);
#1803 = EDGE_CURVE('',#1550,#1804,#1806,.T.);
#1804 = VERTEX_POINT('',#1805);
#1805 = CARTESIAN_POINT('',(12.55,-68.5,148.));
#1806 = SURFACE_CURVE('',#1807,(#1811,#1817),.PCURVE_S1.);
#1807 = LINE('',#1808,#1809);
#1808 = CARTESIAN_POINT('',(6.275,-68.5,148.));
#1809 = VECTOR('',#1810,1.);
#1810 = DIRECTION('',(-1.,0.,-0.));
#1811 = PCURVE('',#1587,#1812);
#1812 = DEFINITIONAL_REPRESENTATION('',(#1813),#1816);
#1813 = B_SPLINE_CURVE_WITH_KNOTS('',1,(#1814,#1815),.UNSPECIFIED.,.F.,
  .F.,(2,2),(-43.975,-6.275),.PIECEWISE_BEZIER_KNOTS.);
#1814 = CARTESIAN_POINT('',(18.,50.25));
#1815 = CARTESIAN_POINT('',(18.,12.55));
#1816 = ( GEOMETRIC_REPRESENTATION_CONTEXT(2) 
PARAMETRIC_REPRESENTATION_CONTEXT() REPRESENTATION_CONTEXT('2D SPACE',''
  ) );
#1817 = PCURVE('',#1058,#1818);
#1818 = DEFINITIONAL_REPRESENTATION('',(#1819),#1822);
#1819 = B_SPLINE_CURVE_WITH_KNOTS('',1,(#1820,#1821),.UNSPECIFIED.,.F.,
  .F.,(2,2),(-43.975,-6.275),.PIECEWISE_BEZIER_KNOTS.);
#1820 = CARTESIAN_POINT('',(37.7,-3.06));
#1821 = CARTESIAN_POINT('',(0.,-3.06));
#1822 = ( GEOMETRIC_REPRESENTATION_CONTEXT(2) 
PARAMETRIC_REPRESENTATION_CONTEXT() REPRESENTATION_CONTEXT('2D SPACE',''
  ) );
#1823 = ORIENTED_EDGE('',*,*,#1824,.T.);
#1824 = EDGE_CURVE('',#1804,#1825,#1827,.T.);
#1825 = VERTEX_POINT('',#1826);
#1826 = CARTESIAN_POINT('',(12.55,-68.5,184.));
#1827 = SURFACE_CURVE('',#1828,(#1832,#1838),.PCURVE_S1.);
#1828 = LINE('',#1829,#1830);
#1829 = CARTESIAN_POINT('',(12.55,-68.5,175.));
#1830 = VECTOR('',#1831,1.);
#1831 = DIRECTION('',(0.,0.,1.));
#1832 = PCURVE('',#1587,#1833);
#1833 = DEFINITIONAL_REPRESENTATION('',(#1834),#1837);
#1834 = B_SPLINE_CURVE_WITH_KNOTS('',1,(#1835,#1836),.UNSPECIFIED.,.F.,
  .F.,(2,2),(-27.,9.),.PIECEWISE_BEZIER_KNOTS.);
#1835 = CARTESIAN_POINT('',(18.,12.55));
#1836 = CARTESIAN_POINT('',(-18.,12.55));
#1837 = ( GEOMETRIC_REPRESENTATION_CONTEXT(2) 
PARAMETRIC_REPRESENTATION_CONTEXT() REPRESENTATION_CONTEXT('2D SPACE',''
  ) );
#1838 = PCURVE('',#1032,#1839);
#1839 = DEFINITIONAL_REPRESENTATION('',(#1840),#1843);
#1840 = B_SPLINE_CURVE_WITH_KNOTS('',1,(#1841,#1842),.UNSPECIFIED.,.F.,
  .F.,(2,2),(-27.,9.),.PIECEWISE_BEZIER_KNOTS.);
#1841 = CARTESIAN_POINT('',(36.,-3.06));
#1842 = CARTESIAN_POINT('',(0.,-3.06));
#1843 = ( GEOMETRIC_REPRESENTATION_CONTEXT(2) 
PARAMETRIC_REPRESENTATION_CONTEXT() REPRESENTATION_CONTEXT('2D SPACE',''
  ) );
#1844 = ORIENTED_EDGE('',*,*,#1845,.T.);
#1845 = EDGE_CURVE('',#1825,#1573,#1846,.T.);
#1846 = SURFACE_CURVE('',#1847,(#1851,#1857),.PCURVE_S1.);
#1847 = LINE('',#1848,#1849);
#1848 = CARTESIAN_POINT('',(25.125,-68.5,184.));
#1849 = VECTOR('',#1850,1.);
#1850 = DIRECTION('',(1.,0.,0.));
#1851 = PCURVE('',#1587,#1852);
#1852 = DEFINITIONAL_REPRESENTATION('',(#1853),#1856);
#1853 = B_SPLINE_CURVE_WITH_KNOTS('',1,(#1854,#1855),.UNSPECIFIED.,.F.,
  .F.,(2,2),(-12.575,25.125),.PIECEWISE_BEZIER_KNOTS.);
#1854 = CARTESIAN_POINT('',(-18.,12.55));
#1855 = CARTESIAN_POINT('',(-18.,50.25));
#1856 = ( GEOMETRIC_REPRESENTATION_CONTEXT(2) 
PARAMETRIC_REPRESENTATION_CONTEXT() REPRESENTATION_CONTEXT('2D SPACE',''
  ) );
#1857 = PCURVE('',#1108,#1858);
#1858 = DEFINITIONAL_REPRESENTATION('',(#1859),#1862);
#1859 = B_SPLINE_CURVE_WITH_KNOTS('',1,(#1860,#1861),.UNSPECIFIED.,.F.,
  .F.,(2,2),(-12.575,25.125),.PIECEWISE_BEZIER_KNOTS.);
#1860 = CARTESIAN_POINT('',(37.7,-3.06));
#1861 = CARTESIAN_POINT('',(0.,-3.06));
#1862 = ( GEOMETRIC_REPRESENTATION_CONTEXT(2) 
PARAMETRIC_REPRESENTATION_CONTEXT() REPRESENTATION_CONTEXT('2D SPACE',''
  ) );
#1863 = ADVANCED_FACE('',(#1864),#1058,.T.);
#1864 = FACE_BOUND('',#1865,.T.);
#1865 = EDGE_LOOP('',(#1866,#1867,#1888,#1889));
#1866 = ORIENTED_EDGE('',*,*,#1043,.F.);
#1867 = ORIENTED_EDGE('',*,*,#1868,.T.);
#1868 = EDGE_CURVE('',#1018,#1804,#1869,.T.);
#1869 = SURFACE_CURVE('',#1870,(#1874,#1881),.PCURVE_S1.);
#1870 = LINE('',#1871,#1872);
#1871 = CARTESIAN_POINT('',(12.55,-65.44,148.));
#1872 = VECTOR('',#1873,1.);
#1873 = DIRECTION('',(0.,-1.,0.));
#1874 = PCURVE('',#1058,#1875);
#1875 = DEFINITIONAL_REPRESENTATION('',(#1876),#1880);
#1876 = LINE('',#1877,#1878);
#1877 = CARTESIAN_POINT('',(0.,0.));
#1878 = VECTOR('',#1879,1.);
#1879 = DIRECTION('',(0.,-1.));
#1880 = ( GEOMETRIC_REPRESENTATION_CONTEXT(2) 
PARAMETRIC_REPRESENTATION_CONTEXT() REPRESENTATION_CONTEXT('2D SPACE',''
  ) );
#1881 = PCURVE('',#1032,#1882);
#1882 = DEFINITIONAL_REPRESENTATION('',(#1883),#1887);
#1883 = LINE('',#1884,#1885);
#1884 = CARTESIAN_POINT('',(36.,0.));
#1885 = VECTOR('',#1886,1.);
#1886 = DIRECTION('',(0.,-1.));
#1887 = ( GEOMETRIC_REPRESENTATION_CONTEXT(2) 
PARAMETRIC_REPRESENTATION_CONTEXT() REPRESENTATION_CONTEXT('2D SPACE',''
  ) );
#1888 = ORIENTED_EDGE('',*,*,#1803,.F.);
#1889 = ORIENTED_EDGE('',*,*,#1549,.F.);
#1890 = ADVANCED_FACE('',(#1891),#1108,.T.);
#1891 = FACE_BOUND('',#1892,.T.);
#1892 = EDGE_LOOP('',(#1893,#1894,#1895,#1896));
#1893 = ORIENTED_EDGE('',*,*,#1095,.F.);
#1894 = ORIENTED_EDGE('',*,*,#1598,.T.);
#1895 = ORIENTED_EDGE('',*,*,#1845,.F.);
#1896 = ORIENTED_EDGE('',*,*,#1897,.F.);
#1897 = EDGE_CURVE('',#1016,#1825,#1898,.T.);
#1898 = SURFACE_CURVE('',#1899,(#1903,#1910),.PCURVE_S1.);
#1899 = LINE('',#1900,#1901);
#1900 = CARTESIAN_POINT('',(12.55,-65.44,184.));
#1901 = VECTOR('',#1902,1.);
#1902 = DIRECTION('',(0.,-1.,0.));
#1903 = PCURVE('',#1108,#1904);
#1904 = DEFINITIONAL_REPRESENTATION('',(#1905),#1909);
#1905 = LINE('',#1906,#1907);
#1906 = CARTESIAN_POINT('',(37.7,0.));
#1907 = VECTOR('',#1908,1.);
#1908 = DIRECTION('',(0.,-1.));
#1909 = ( GEOMETRIC_REPRESENTATION_CONTEXT(2) 
PARAMETRIC_REPRESENTATION_CONTEXT() REPRESENTATION_CONTEXT('2D SPACE',''
  ) );
#1910 = PCURVE('',#1032,#1911);
#1911 = DEFINITIONAL_REPRESENTATION('',(#1912),#1916);
#1912 = LINE('',#1913,#1914);
#1913 = CARTESIAN_POINT('',(0.,0.));
#1914 = VECTOR('',#1915,1.);
#1915 = DIRECTION('',(0.,-1.));
#1916 = ( GEOMETRIC_REPRESENTATION_CONTEXT(2) 
PARAMETRIC_REPRESENTATION_CONTEXT() REPRESENTATION_CONTEXT('2D SPACE',''
  ) );
#1917 = ADVANCED_FACE('',(#1918),#1032,.T.);
#1918 = FACE_BOUND('',#1919,.T.);
#1919 = EDGE_LOOP('',(#1920,#1921,#1922,#1923));
#1920 = ORIENTED_EDGE('',*,*,#1015,.F.);
#1921 = ORIENTED_EDGE('',*,*,#1897,.T.);
#1922 = ORIENTED_EDGE('',*,*,#1824,.F.);
#1923 = ORIENTED_EDGE('',*,*,#1868,.F.);
#1924 = ADVANCED_FACE('',(#1925),#952,.T.);
#1925 = FACE_BOUND('',#1926,.T.);
#1926 = EDGE_LOOP('',(#1927,#1928,#1949,#1950));
#1927 = ORIENTED_EDGE('',*,*,#937,.F.);
#1928 = ORIENTED_EDGE('',*,*,#1929,.T.);
#1929 = EDGE_CURVE('',#912,#1719,#1930,.T.);
#1930 = SURFACE_CURVE('',#1931,(#1935,#1942),.PCURVE_S1.);
#1931 = LINE('',#1932,#1933);
#1932 = CARTESIAN_POINT('',(3.05,-62.,153.05));
#1933 = VECTOR('',#1934,1.);
#1934 = DIRECTION('',(0.,-1.,0.));
#1935 = PCURVE('',#952,#1936);
#1936 = DEFINITIONAL_REPRESENTATION('',(#1937),#1941);
#1937 = LINE('',#1938,#1939);
#1938 = CARTESIAN_POINT('',(0.,0.));
#1939 = VECTOR('',#1940,1.);
#1940 = DIRECTION('',(0.,-1.));
#1941 = ( GEOMETRIC_REPRESENTATION_CONTEXT(2) 
PARAMETRIC_REPRESENTATION_CONTEXT() REPRESENTATION_CONTEXT('2D SPACE',''
  ) );
#1942 = PCURVE('',#926,#1943);
#1943 = DEFINITIONAL_REPRESENTATION('',(#1944),#1948);
#1944 = LINE('',#1945,#1946);
#1945 = CARTESIAN_POINT('',(53.8,0.));
#1946 = VECTOR('',#1947,1.);
#1947 = DIRECTION('',(0.,-1.));
#1948 = ( GEOMETRIC_REPRESENTATION_CONTEXT(2) 
PARAMETRIC_REPRESENTATION_CONTEXT() REPRESENTATION_CONTEXT('2D SPACE',''
  ) );
#1949 = ORIENTED_EDGE('',*,*,#1716,.F.);
#1950 = ORIENTED_EDGE('',*,*,#1951,.F.);
#1951 = EDGE_CURVE('',#938,#1717,#1952,.T.);
#1952 = SURFACE_CURVE('',#1953,(#1957,#1964),.PCURVE_S1.);
#1953 = LINE('',#1954,#1955);
#1954 = CARTESIAN_POINT('',(3.05,-62.,178.95));
#1955 = VECTOR('',#1956,1.);
#1956 = DIRECTION('',(0.,-1.,0.));
#1957 = PCURVE('',#952,#1958);
#1958 = DEFINITIONAL_REPRESENTATION('',(#1959),#1963);
#1959 = LINE('',#1960,#1961);
#1960 = CARTESIAN_POINT('',(25.9,0.));
#1961 = VECTOR('',#1962,1.);
#1962 = DIRECTION('',(0.,-1.));
#1963 = ( GEOMETRIC_REPRESENTATION_CONTEXT(2) 
PARAMETRIC_REPRESENTATION_CONTEXT() REPRESENTATION_CONTEXT('2D SPACE',''
  ) );
#1964 = PCURVE('',#976,#1965);
#1965 = DEFINITIONAL_REPRESENTATION('',(#1966),#1970);
#1966 = LINE('',#1967,#1968);
#1967 = CARTESIAN_POINT('',(0.,0.));
#1968 = VECTOR('',#1969,1.);
#1969 = DIRECTION('',(0.,-1.));
#1970 = ( GEOMETRIC_REPRESENTATION_CONTEXT(2) 
PARAMETRIC_REPRESENTATION_CONTEXT() REPRESENTATION_CONTEXT('2D SPACE',''
  ) );
#1971 = ADVANCED_FACE('',(#1972),#926,.T.);
#1972 = FACE_BOUND('',#1973,.T.);
#1973 = EDGE_LOOP('',(#1974,#1975,#1996,#1997));
#1974 = ORIENTED_EDGE('',*,*,#911,.F.);
#1975 = ORIENTED_EDGE('',*,*,#1976,.T.);
#1976 = EDGE_CURVE('',#886,#1740,#1977,.T.);
#1977 = SURFACE_CURVE('',#1978,(#1982,#1989),.PCURVE_S1.);
#1978 = LINE('',#1979,#1980);
#1979 = CARTESIAN_POINT('',(-50.75,-62.,153.05));
#1980 = VECTOR('',#1981,1.);
#1981 = DIRECTION('',(0.,-1.,0.));
#1982 = PCURVE('',#926,#1983);
#1983 = DEFINITIONAL_REPRESENTATION('',(#1984),#1988);
#1984 = LINE('',#1985,#1986);
#1985 = CARTESIAN_POINT('',(0.,0.));
#1986 = VECTOR('',#1987,1.);
#1987 = DIRECTION('',(0.,-1.));
#1988 = ( GEOMETRIC_REPRESENTATION_CONTEXT(2) 
PARAMETRIC_REPRESENTATION_CONTEXT() REPRESENTATION_CONTEXT('2D SPACE',''
  ) );
#1989 = PCURVE('',#900,#1990);
#1990 = DEFINITIONAL_REPRESENTATION('',(#1991),#1995);
#1991 = LINE('',#1992,#1993);
#1992 = CARTESIAN_POINT('',(25.9,0.));
#1993 = VECTOR('',#1994,1.);
#1994 = DIRECTION('',(0.,-1.));
#1995 = ( GEOMETRIC_REPRESENTATION_CONTEXT(2) 
PARAMETRIC_REPRESENTATION_CONTEXT() REPRESENTATION_CONTEXT('2D SPACE',''
  ) );
#1996 = ORIENTED_EDGE('',*,*,#1739,.F.);
#1997 = ORIENTED_EDGE('',*,*,#1929,.F.);
#1998 = ADVANCED_FACE('',(#1999),#976,.T.);
#1999 = FACE_BOUND('',#2000,.T.);
#2000 = EDGE_LOOP('',(#2001,#2002,#2003,#2004));
#2001 = ORIENTED_EDGE('',*,*,#963,.F.);
#2002 = ORIENTED_EDGE('',*,*,#1951,.T.);
#2003 = ORIENTED_EDGE('',*,*,#1781,.F.);
#2004 = ORIENTED_EDGE('',*,*,#2005,.F.);
#2005 = EDGE_CURVE('',#884,#1761,#2006,.T.);
#2006 = SURFACE_CURVE('',#2007,(#2011,#2018),.PCURVE_S1.);
#2007 = LINE('',#2008,#2009);
#2008 = CARTESIAN_POINT('',(-50.75,-62.,178.95));
#2009 = VECTOR('',#2010,1.);
#2010 = DIRECTION('',(0.,-1.,0.));
#2011 = PCURVE('',#976,#2012);
#2012 = DEFINITIONAL_REPRESENTATION('',(#2013),#2017);
#2013 = LINE('',#2014,#2015);
#2014 = CARTESIAN_POINT('',(53.8,0.));
#2015 = VECTOR('',#2016,1.);
#2016 = DIRECTION('',(0.,-1.));
#2017 = ( GEOMETRIC_REPRESENTATION_CONTEXT(2) 
PARAMETRIC_REPRESENTATION_CONTEXT() REPRESENTATION_CONTEXT('2D SPACE',''
  ) );
#2018 = PCURVE('',#900,#2019);
#2019 = DEFINITIONAL_REPRESENTATION('',(#2020),#2024);
#2020 = LINE('',#2021,#2022);
#2021 = CARTESIAN_POINT('',(0.,0.));
#2022 = VECTOR('',#2023,1.);
#2023 = DIRECTION('',(0.,-1.));
#2024 = ( GEOMETRIC_REPRESENTATION_CONTEXT(2) 
PARAMETRIC_REPRESENTATION_CONTEXT() REPRESENTATION_CONTEXT('2D SPACE',''
  ) );
#2025 = ADVANCED_FACE('',(#2026),#900,.T.);
#2026 = FACE_BOUND('',#2027,.T.);
#2027 = EDGE_LOOP('',(#2028,#2029,#2030,#2031));
#2028 = ORIENTED_EDGE('',*,*,#883,.F.);
#2029 = ORIENTED_EDGE('',*,*,#2005,.T.);
#2030 = ORIENTED_EDGE('',*,*,#1760,.F.);
#2031 = ORIENTED_EDGE('',*,*,#1976,.F.);
#2032 = ADVANCED_FACE('',(#2033,#2338,#2373,#2408),#757,.F.);
#2033 = FACE_BOUND('',#2034,.F.);
#2034 = EDGE_LOOP('',(#2035,#2063,#2064,#2088,#2116,#2145,#2173,#2205,
    #2228,#2260,#2283,#2312));
#2035 = ORIENTED_EDGE('',*,*,#2036,.F.);
#2036 = EDGE_CURVE('',#714,#2037,#2039,.T.);
#2037 = VERTEX_POINT('',#2038);
#2038 = CARTESIAN_POINT('',(-75.,-50.,257.));
#2039 = SURFACE_CURVE('',#2040,(#2045,#2056),.PCURVE_S1.);
#2040 = CIRCLE('',#2041,17.);
#2041 = AXIS2_PLACEMENT_3D('',#2042,#2043,#2044);
#2042 = CARTESIAN_POINT('',(-58.,-50.,257.));
#2043 = DIRECTION('',(-0.,-0.,-1.));
#2044 = DIRECTION('',(0.,-1.,0.));
#2045 = PCURVE('',#757,#2046);
#2046 = DEFINITIONAL_REPRESENTATION('',(#2047),#2055);
#2047 = ( BOUNDED_CURVE() B_SPLINE_CURVE(2,(#2048,#2049,#2050,#2051,
#2052,#2053,#2054),.UNSPECIFIED.,.T.,.F.) B_SPLINE_CURVE_WITH_KNOTS((1,2
    ,2,2,2,1),(-2.094395102393,0.,2.094395102393,4.188790204786,
6.28318530718,8.377580409573),.UNSPECIFIED.) CURVE() 
GEOMETRIC_REPRESENTATION_ITEM() RATIONAL_B_SPLINE_CURVE((1.,0.5,1.,0.5,
1.,0.5,1.)) REPRESENTATION_ITEM('') );
#2048 = CARTESIAN_POINT('',(-58.,-67.));
#2049 = CARTESIAN_POINT('',(-87.44486372867,-67.));
#2050 = CARTESIAN_POINT('',(-72.72243186433,-41.5));
#2051 = CARTESIAN_POINT('',(-58.,-16.));
#2052 = CARTESIAN_POINT('',(-43.27756813566,-41.5));
#2053 = CARTESIAN_POINT('',(-28.55513627132,-67.));
#2054 = CARTESIAN_POINT('',(-58.,-67.));
#2055 = ( GEOMETRIC_REPRESENTATION_CONTEXT(2) 
PARAMETRIC_REPRESENTATION_CONTEXT() REPRESENTATION_CONTEXT('2D SPACE',''
  ) );
#2056 = PCURVE('',#729,#2057);
#2057 = DEFINITIONAL_REPRESENTATION('',(#2058),#2062);
#2058 = LINE('',#2059,#2060);
#2059 = CARTESIAN_POINT('',(-0.,240.));
#2060 = VECTOR('',#2061,1.);
#2061 = DIRECTION('',(-1.,0.));
#2062 = ( GEOMETRIC_REPRESENTATION_CONTEXT(2) 
PARAMETRIC_REPRESENTATION_CONTEXT() REPRESENTATION_CONTEXT('2D SPACE',''
  ) );
#2063 = ORIENTED_EDGE('',*,*,#741,.T.);
#2064 = ORIENTED_EDGE('',*,*,#2065,.T.);
#2065 = EDGE_CURVE('',#742,#2066,#2068,.T.);
#2066 = VERTEX_POINT('',#2067);
#2067 = CARTESIAN_POINT('',(75.,-50.,257.));
#2068 = SURFACE_CURVE('',#2069,(#2074,#2081),.PCURVE_S1.);
#2069 = CIRCLE('',#2070,17.);
#2070 = AXIS2_PLACEMENT_3D('',#2071,#2072,#2073);
#2071 = CARTESIAN_POINT('',(58.,-50.,257.));
#2072 = DIRECTION('',(0.,0.,1.));
#2073 = DIRECTION('',(0.,-1.,0.));
#2074 = PCURVE('',#757,#2075);
#2075 = DEFINITIONAL_REPRESENTATION('',(#2076),#2080);
#2076 = CIRCLE('',#2077,17.);
#2077 = AXIS2_PLACEMENT_2D('',#2078,#2079);
#2078 = CARTESIAN_POINT('',(58.,-50.));
#2079 = DIRECTION('',(0.,-1.));
#2080 = ( GEOMETRIC_REPRESENTATION_CONTEXT(2) 
PARAMETRIC_REPRESENTATION_CONTEXT() REPRESENTATION_CONTEXT('2D SPACE',''
  ) );
#2081 = PCURVE('',#783,#2082);
#2082 = DEFINITIONAL_REPRESENTATION('',(#2083),#2087);
#2083 = LINE('',#2084,#2085);
#2084 = CARTESIAN_POINT('',(0.,240.));
#2085 = VECTOR('',#2086,1.);
#2086 = DIRECTION('',(1.,0.));
#2087 = ( GEOMETRIC_REPRESENTATION_CONTEXT(2) 
PARAMETRIC_REPRESENTATION_CONTEXT() REPRESENTATION_CONTEXT('2D SPACE',''
  ) );
#2088 = ORIENTED_EDGE('',*,*,#2089,.T.);
#2089 = EDGE_CURVE('',#2066,#2090,#2092,.T.);
#2090 = VERTEX_POINT('',#2091);
#2091 = CARTESIAN_POINT('',(75.,50.,257.));
#2092 = SURFACE_CURVE('',#2093,(#2097,#2104),.PCURVE_S1.);
#2093 = LINE('',#2094,#2095);
#2094 = CARTESIAN_POINT('',(75.,-67.,257.));
#2095 = VECTOR('',#2096,1.);
#2096 = DIRECTION('',(0.,1.,0.));
#2097 = PCURVE('',#757,#2098);
#2098 = DEFINITIONAL_REPRESENTATION('',(#2099),#2103);
#2099 = LINE('',#2100,#2101);
#2100 = CARTESIAN_POINT('',(75.,-67.));
#2101 = VECTOR('',#2102,1.);
#2102 = DIRECTION('',(0.,1.));
#2103 = ( GEOMETRIC_REPRESENTATION_CONTEXT(2) 
PARAMETRIC_REPRESENTATION_CONTEXT() REPRESENTATION_CONTEXT('2D SPACE',''
  ) );
#2104 = PCURVE('',#2105,#2110);
#2105 = PLANE('',#2106);
#2106 = AXIS2_PLACEMENT_3D('',#2107,#2108,#2109);
#2107 = CARTESIAN_POINT('',(75.,-67.,17.));
#2108 = DIRECTION('',(-1.,0.,0.));
#2109 = DIRECTION('',(0.,1.,0.));
#2110 = DEFINITIONAL_REPRESENTATION('',(#2111),#2115);
#2111 = LINE('',#2112,#2113);
#2112 = CARTESIAN_POINT('',(0.,-240.));
#2113 = VECTOR('',#2114,1.);
#2114 = DIRECTION('',(1.,0.));
#2115 = ( GEOMETRIC_REPRESENTATION_CONTEXT(2) 
PARAMETRIC_REPRESENTATION_CONTEXT() REPRESENTATION_CONTEXT('2D SPACE',''
  ) );
#2116 = ORIENTED_EDGE('',*,*,#2117,.T.);
#2117 = EDGE_CURVE('',#2090,#2118,#2120,.T.);
#2118 = VERTEX_POINT('',#2119);
#2119 = CARTESIAN_POINT('',(58.,67.,257.));
#2120 = SURFACE_CURVE('',#2121,(#2126,#2133),.PCURVE_S1.);
#2121 = CIRCLE('',#2122,17.);
#2122 = AXIS2_PLACEMENT_3D('',#2123,#2124,#2125);
#2123 = CARTESIAN_POINT('',(58.,50.,257.));
#2124 = DIRECTION('',(0.,0.,1.));
#2125 = DIRECTION('',(0.,-1.,0.));
#2126 = PCURVE('',#757,#2127);
#2127 = DEFINITIONAL_REPRESENTATION('',(#2128),#2132);
#2128 = CIRCLE('',#2129,17.);
#2129 = AXIS2_PLACEMENT_2D('',#2130,#2131);
#2130 = CARTESIAN_POINT('',(58.,50.));
#2131 = DIRECTION('',(0.,-1.));
#2132 = ( GEOMETRIC_REPRESENTATION_CONTEXT(2) 
PARAMETRIC_REPRESENTATION_CONTEXT() REPRESENTATION_CONTEXT('2D SPACE',''
  ) );
#2133 = PCURVE('',#2134,#2139);
#2134 = CYLINDRICAL_SURFACE('',#2135,17.);
#2135 = AXIS2_PLACEMENT_3D('',#2136,#2137,#2138);
#2136 = CARTESIAN_POINT('',(58.,50.,17.));
#2137 = DIRECTION('',(0.,0.,1.));
#2138 = DIRECTION('',(1.,0.,-0.));
#2139 = DEFINITIONAL_REPRESENTATION('',(#2140),#2144);
#2140 = LINE('',#2141,#2142);
#2141 = CARTESIAN_POINT('',(-1.570796326795,240.));
#2142 = VECTOR('',#2143,1.);
#2143 = DIRECTION('',(1.,0.));
#2144 = ( GEOMETRIC_REPRESENTATION_CONTEXT(2) 
PARAMETRIC_REPRESENTATION_CONTEXT() REPRESENTATION_CONTEXT('2D SPACE',''
  ) );
#2145 = ORIENTED_EDGE('',*,*,#2146,.T.);
#2146 = EDGE_CURVE('',#2118,#2147,#2149,.T.);
#2147 = VERTEX_POINT('',#2148);
#2148 = CARTESIAN_POINT('',(54.556776436284,67.,257.));
#2149 = SURFACE_CURVE('',#2150,(#2154,#2161),.PCURVE_S1.);
#2150 = LINE('',#2151,#2152);
#2151 = CARTESIAN_POINT('',(75.,67.,257.));
#2152 = VECTOR('',#2153,1.);
#2153 = DIRECTION('',(-1.,0.,0.));
#2154 = PCURVE('',#757,#2155);
#2155 = DEFINITIONAL_REPRESENTATION('',(#2156),#2160);
#2156 = LINE('',#2157,#2158);
#2157 = CARTESIAN_POINT('',(75.,67.));
#2158 = VECTOR('',#2159,1.);
#2159 = DIRECTION('',(-1.,0.));
#2160 = ( GEOMETRIC_REPRESENTATION_CONTEXT(2) 
PARAMETRIC_REPRESENTATION_CONTEXT() REPRESENTATION_CONTEXT('2D SPACE',''
  ) );
#2161 = PCURVE('',#2162,#2167);
#2162 = PLANE('',#2163);
#2163 = AXIS2_PLACEMENT_3D('',#2164,#2165,#2166);
#2164 = CARTESIAN_POINT('',(75.,67.,17.));
#2165 = DIRECTION('',(0.,-1.,0.));
#2166 = DIRECTION('',(-1.,0.,0.));
#2167 = DEFINITIONAL_REPRESENTATION('',(#2168),#2172);
#2168 = LINE('',#2169,#2170);
#2169 = CARTESIAN_POINT('',(0.,-240.));
#2170 = VECTOR('',#2171,1.);
#2171 = DIRECTION('',(1.,0.));
#2172 = ( GEOMETRIC_REPRESENTATION_CONTEXT(2) 
PARAMETRIC_REPRESENTATION_CONTEXT() REPRESENTATION_CONTEXT('2D SPACE',''
  ) );
#2173 = ORIENTED_EDGE('',*,*,#2174,.T.);
#2174 = EDGE_CURVE('',#2147,#2175,#2177,.T.);
#2175 = VERTEX_POINT('',#2176);
#2176 = CARTESIAN_POINT('',(53.443223563716,67.,257.));
#2177 = SURFACE_CURVE('',#2178,(#2183,#2194),.PCURVE_S1.);
#2178 = CIRCLE('',#2179,1.6);
#2179 = AXIS2_PLACEMENT_3D('',#2180,#2181,#2182);
#2180 = CARTESIAN_POINT('',(54.,68.5,257.));
#2181 = DIRECTION('',(0.,0.,-1.));
#2182 = DIRECTION('',(1.,0.,0.));
#2183 = PCURVE('',#757,#2184);
#2184 = DEFINITIONAL_REPRESENTATION('',(#2185),#2193);
#2185 = ( BOUNDED_CURVE() B_SPLINE_CURVE(2,(#2186,#2187,#2188,#2189,
#2190,#2191,#2192),.UNSPECIFIED.,.T.,.F.) B_SPLINE_CURVE_WITH_KNOTS((1,2
    ,2,2,2,1),(-2.094395102393,0.,2.094395102393,4.188790204786,
6.28318530718,8.377580409573),.UNSPECIFIED.) CURVE() 
GEOMETRIC_REPRESENTATION_ITEM() RATIONAL_B_SPLINE_CURVE((1.,0.5,1.,0.5,
1.,0.5,1.)) REPRESENTATION_ITEM('') );
#2186 = CARTESIAN_POINT('',(55.6,68.5));
#2187 = CARTESIAN_POINT('',(55.6,65.72871870789));
#2188 = CARTESIAN_POINT('',(53.2,67.114359353945));
#2189 = CARTESIAN_POINT('',(50.8,68.5));
#2190 = CARTESIAN_POINT('',(53.2,69.885640646055));
#2191 = CARTESIAN_POINT('',(55.6,71.27128129211));
#2192 = CARTESIAN_POINT('',(55.6,68.5));
#2193 = ( GEOMETRIC_REPRESENTATION_CONTEXT(2) 
PARAMETRIC_REPRESENTATION_CONTEXT() REPRESENTATION_CONTEXT('2D SPACE',''
  ) );
#2194 = PCURVE('',#2195,#2200);
#2195 = CYLINDRICAL_SURFACE('',#2196,1.6);
#2196 = AXIS2_PLACEMENT_3D('',#2197,#2198,#2199);
#2197 = CARTESIAN_POINT('',(54.,68.5,253.));
#2198 = DIRECTION('',(-0.,-0.,-1.));
#2199 = DIRECTION('',(1.,0.,0.));
#2200 = DEFINITIONAL_REPRESENTATION('',(#2201),#2204);
#2201 = B_SPLINE_CURVE_WITH_KNOTS('',1,(#2202,#2203),.UNSPECIFIED.,.F.,
  .F.,(2,2),(1.215375125104,1.926217528486),.PIECEWISE_BEZIER_KNOTS.);
#2202 = CARTESIAN_POINT('',(-5.067810182076,-4.));
#2203 = CARTESIAN_POINT('',(-4.356967778694,-4.));
#2204 = ( GEOMETRIC_REPRESENTATION_CONTEXT(2) 
PARAMETRIC_REPRESENTATION_CONTEXT() REPRESENTATION_CONTEXT('2D SPACE',''
  ) );
#2205 = ORIENTED_EDGE('',*,*,#2206,.T.);
#2206 = EDGE_CURVE('',#2175,#2207,#2209,.T.);
#2207 = VERTEX_POINT('',#2208);
#2208 = CARTESIAN_POINT('',(-53.44322356371,67.,257.));
#2209 = SURFACE_CURVE('',#2210,(#2214,#2221),.PCURVE_S1.);
#2210 = LINE('',#2211,#2212);
#2211 = CARTESIAN_POINT('',(75.,67.,257.));
#2212 = VECTOR('',#2213,1.);
#2213 = DIRECTION('',(-1.,0.,0.));
#2214 = PCURVE('',#757,#2215);
#2215 = DEFINITIONAL_REPRESENTATION('',(#2216),#2220);
#2216 = LINE('',#2217,#2218);
#2217 = CARTESIAN_POINT('',(75.,67.));
#2218 = VECTOR('',#2219,1.);
#2219 = DIRECTION('',(-1.,0.));
#2220 = ( GEOMETRIC_REPRESENTATION_CONTEXT(2) 
PARAMETRIC_REPRESENTATION_CONTEXT() REPRESENTATION_CONTEXT('2D SPACE',''
  ) );
#2221 = PCURVE('',#2162,#2222);
#2222 = DEFINITIONAL_REPRESENTATION('',(#2223),#2227);
#2223 = LINE('',#2224,#2225);
#2224 = CARTESIAN_POINT('',(0.,-240.));
#2225 = VECTOR('',#2226,1.);
#2226 = DIRECTION('',(1.,0.));
#2227 = ( GEOMETRIC_REPRESENTATION_CONTEXT(2) 
PARAMETRIC_REPRESENTATION_CONTEXT() REPRESENTATION_CONTEXT('2D SPACE',''
  ) );
#2228 = ORIENTED_EDGE('',*,*,#2229,.T.);
#2229 = EDGE_CURVE('',#2207,#2230,#2232,.T.);
#2230 = VERTEX_POINT('',#2231);
#2231 = CARTESIAN_POINT('',(-54.55677643628,67.,257.));
#2232 = SURFACE_CURVE('',#2233,(#2238,#2249),.PCURVE_S1.);
#2233 = CIRCLE('',#2234,1.6);
#2234 = AXIS2_PLACEMENT_3D('',#2235,#2236,#2237);
#2235 = CARTESIAN_POINT('',(-54.,68.5,257.));
#2236 = DIRECTION('',(0.,0.,-1.));
#2237 = DIRECTION('',(1.,0.,0.));
#2238 = PCURVE('',#757,#2239);
#2239 = DEFINITIONAL_REPRESENTATION('',(#2240),#2248);
#2240 = ( BOUNDED_CURVE() B_SPLINE_CURVE(2,(#2241,#2242,#2243,#2244,
#2245,#2246,#2247),.UNSPECIFIED.,.T.,.F.) B_SPLINE_CURVE_WITH_KNOTS((1,2
    ,2,2,2,1),(-2.094395102393,0.,2.094395102393,4.188790204786,
6.28318530718,8.377580409573),.UNSPECIFIED.) CURVE() 
GEOMETRIC_REPRESENTATION_ITEM() RATIONAL_B_SPLINE_CURVE((1.,0.5,1.,0.5,
1.,0.5,1.)) REPRESENTATION_ITEM('') );
#2241 = CARTESIAN_POINT('',(-52.4,68.5));
#2242 = CARTESIAN_POINT('',(-52.4,65.72871870789));
#2243 = CARTESIAN_POINT('',(-54.8,67.114359353945));
#2244 = CARTESIAN_POINT('',(-57.2,68.5));
#2245 = CARTESIAN_POINT('',(-54.8,69.885640646055));
#2246 = CARTESIAN_POINT('',(-52.4,71.27128129211));
#2247 = CARTESIAN_POINT('',(-52.4,68.5));
#2248 = ( GEOMETRIC_REPRESENTATION_CONTEXT(2) 
PARAMETRIC_REPRESENTATION_CONTEXT() REPRESENTATION_CONTEXT('2D SPACE',''
  ) );
#2249 = PCURVE('',#2250,#2255);
#2250 = CYLINDRICAL_SURFACE('',#2251,1.6);
#2251 = AXIS2_PLACEMENT_3D('',#2252,#2253,#2254);
#2252 = CARTESIAN_POINT('',(-54.,68.5,253.));
#2253 = DIRECTION('',(-0.,-0.,-1.));
#2254 = DIRECTION('',(1.,0.,0.));
#2255 = DEFINITIONAL_REPRESENTATION('',(#2256),#2259);
#2256 = B_SPLINE_CURVE_WITH_KNOTS('',1,(#2257,#2258),.UNSPECIFIED.,.F.,
  .F.,(2,2),(1.215375125104,1.926217528486),.PIECEWISE_BEZIER_KNOTS.);
#2257 = CARTESIAN_POINT('',(-5.067810182076,-4.));
#2258 = CARTESIAN_POINT('',(-4.356967778694,-4.));
#2259 = ( GEOMETRIC_REPRESENTATION_CONTEXT(2) 
PARAMETRIC_REPRESENTATION_CONTEXT() REPRESENTATION_CONTEXT('2D SPACE',''
  ) );
#2260 = ORIENTED_EDGE('',*,*,#2261,.T.);
#2261 = EDGE_CURVE('',#2230,#2262,#2264,.T.);
#2262 = VERTEX_POINT('',#2263);
#2263 = CARTESIAN_POINT('',(-58.,67.,257.));
#2264 = SURFACE_CURVE('',#2265,(#2269,#2276),.PCURVE_S1.);
#2265 = LINE('',#2266,#2267);
#2266 = CARTESIAN_POINT('',(75.,67.,257.));
#2267 = VECTOR('',#2268,1.);
#2268 = DIRECTION('',(-1.,0.,0.));
#2269 = PCURVE('',#757,#2270);
#2270 = DEFINITIONAL_REPRESENTATION('',(#2271),#2275);
#2271 = LINE('',#2272,#2273);
#2272 = CARTESIAN_POINT('',(75.,67.));
#2273 = VECTOR('',#2274,1.);
#2274 = DIRECTION('',(-1.,0.));
#2275 = ( GEOMETRIC_REPRESENTATION_CONTEXT(2) 
PARAMETRIC_REPRESENTATION_CONTEXT() REPRESENTATION_CONTEXT('2D SPACE',''
  ) );
#2276 = PCURVE('',#2162,#2277);
#2277 = DEFINITIONAL_REPRESENTATION('',(#2278),#2282);
#2278 = LINE('',#2279,#2280);
#2279 = CARTESIAN_POINT('',(0.,-240.));
#2280 = VECTOR('',#2281,1.);
#2281 = DIRECTION('',(1.,0.));
#2282 = ( GEOMETRIC_REPRESENTATION_CONTEXT(2) 
PARAMETRIC_REPRESENTATION_CONTEXT() REPRESENTATION_CONTEXT('2D SPACE',''
  ) );
#2283 = ORIENTED_EDGE('',*,*,#2284,.T.);
#2284 = EDGE_CURVE('',#2262,#2285,#2287,.T.);
#2285 = VERTEX_POINT('',#2286);
#2286 = CARTESIAN_POINT('',(-75.,50.,257.));
#2287 = SURFACE_CURVE('',#2288,(#2293,#2300),.PCURVE_S1.);
#2288 = CIRCLE('',#2289,17.);
#2289 = AXIS2_PLACEMENT_3D('',#2290,#2291,#2292);
#2290 = CARTESIAN_POINT('',(-58.,50.,257.));
#2291 = DIRECTION('',(0.,0.,1.));
#2292 = DIRECTION('',(0.,-1.,0.));
#2293 = PCURVE('',#757,#2294);
#2294 = DEFINITIONAL_REPRESENTATION('',(#2295),#2299);
#2295 = CIRCLE('',#2296,17.);
#2296 = AXIS2_PLACEMENT_2D('',#2297,#2298);
#2297 = CARTESIAN_POINT('',(-58.,50.));
#2298 = DIRECTION('',(0.,-1.));
#2299 = ( GEOMETRIC_REPRESENTATION_CONTEXT(2) 
PARAMETRIC_REPRESENTATION_CONTEXT() REPRESENTATION_CONTEXT('2D SPACE',''
  ) );
#2300 = PCURVE('',#2301,#2306);
#2301 = CYLINDRICAL_SURFACE('',#2302,17.);
#2302 = AXIS2_PLACEMENT_3D('',#2303,#2304,#2305);
#2303 = CARTESIAN_POINT('',(-58.,50.,17.));
#2304 = DIRECTION('',(0.,0.,1.));
#2305 = DIRECTION('',(-0.,1.,0.));
#2306 = DEFINITIONAL_REPRESENTATION('',(#2307),#2311);
#2307 = LINE('',#2308,#2309);
#2308 = CARTESIAN_POINT('',(-3.14159265359,240.));
#2309 = VECTOR('',#2310,1.);
#2310 = DIRECTION('',(1.,0.));
#2311 = ( GEOMETRIC_REPRESENTATION_CONTEXT(2) 
PARAMETRIC_REPRESENTATION_CONTEXT() REPRESENTATION_CONTEXT('2D SPACE',''
  ) );
#2312 = ORIENTED_EDGE('',*,*,#2313,.T.);
#2313 = EDGE_CURVE('',#2285,#2037,#2314,.T.);
#2314 = SURFACE_CURVE('',#2315,(#2319,#2326),.PCURVE_S1.);
#2315 = LINE('',#2316,#2317);
#2316 = CARTESIAN_POINT('',(-75.,67.,257.));
#2317 = VECTOR('',#2318,1.);
#2318 = DIRECTION('',(0.,-1.,0.));
#2319 = PCURVE('',#757,#2320);
#2320 = DEFINITIONAL_REPRESENTATION('',(#2321),#2325);
#2321 = LINE('',#2322,#2323);
#2322 = CARTESIAN_POINT('',(-75.,67.));
#2323 = VECTOR('',#2324,1.);
#2324 = DIRECTION('',(0.,-1.));
#2325 = ( GEOMETRIC_REPRESENTATION_CONTEXT(2) 
PARAMETRIC_REPRESENTATION_CONTEXT() REPRESENTATION_CONTEXT('2D SPACE',''
  ) );
#2326 = PCURVE('',#2327,#2332);
#2327 = PLANE('',#2328);
#2328 = AXIS2_PLACEMENT_3D('',#2329,#2330,#2331);
#2329 = CARTESIAN_POINT('',(-75.,67.,17.));
#2330 = DIRECTION('',(1.,0.,-0.));
#2331 = DIRECTION('',(0.,-1.,0.));
#2332 = DEFINITIONAL_REPRESENTATION('',(#2333),#2337);
#2333 = LINE('',#2334,#2335);
#2334 = CARTESIAN_POINT('',(0.,-240.));
#2335 = VECTOR('',#2336,1.);
#2336 = DIRECTION('',(1.,0.));
#2337 = ( GEOMETRIC_REPRESENTATION_CONTEXT(2) 
PARAMETRIC_REPRESENTATION_CONTEXT() REPRESENTATION_CONTEXT('2D SPACE',''
  ) );
#2338 = FACE_BOUND('',#2339,.F.);
#2339 = EDGE_LOOP('',(#2340));
#2340 = ORIENTED_EDGE('',*,*,#2341,.T.);
#2341 = EDGE_CURVE('',#2342,#2342,#2344,.T.);
#2342 = VERTEX_POINT('',#2343);
#2343 = CARTESIAN_POINT('',(-22.,-9.,257.));
#2344 = SURFACE_CURVE('',#2345,(#2350,#2361),.PCURVE_S1.);
#2345 = CIRCLE('',#2346,8.);
#2346 = AXIS2_PLACEMENT_3D('',#2347,#2348,#2349);
#2347 = CARTESIAN_POINT('',(-30.,-9.,257.));
#2348 = DIRECTION('',(0.,0.,-1.));
#2349 = DIRECTION('',(1.,0.,0.));
#2350 = PCURVE('',#757,#2351);
#2351 = DEFINITIONAL_REPRESENTATION('',(#2352),#2360);
#2352 = ( BOUNDED_CURVE() B_SPLINE_CURVE(2,(#2353,#2354,#2355,#2356,
#2357,#2358,#2359),.UNSPECIFIED.,.T.,.F.) B_SPLINE_CURVE_WITH_KNOTS((1,2
    ,2,2,2,1),(-2.094395102393,0.,2.094395102393,4.188790204786,
6.28318530718,8.377580409573),.UNSPECIFIED.) CURVE() 
GEOMETRIC_REPRESENTATION_ITEM() RATIONAL_B_SPLINE_CURVE((1.,0.5,1.,0.5,
1.,0.5,1.)) REPRESENTATION_ITEM('') );
#2353 = CARTESIAN_POINT('',(-22.,-9.));
#2354 = CARTESIAN_POINT('',(-22.,-22.85640646055));
#2355 = CARTESIAN_POINT('',(-34.,-15.92820323027));
#2356 = CARTESIAN_POINT('',(-46.,-9.));
#2357 = CARTESIAN_POINT('',(-34.,-2.071796769724));
#2358 = CARTESIAN_POINT('',(-22.,4.856406460551));
#2359 = CARTESIAN_POINT('',(-22.,-9.));
#2360 = ( GEOMETRIC_REPRESENTATION_CONTEXT(2) 
PARAMETRIC_REPRESENTATION_CONTEXT() REPRESENTATION_CONTEXT('2D SPACE',''
  ) );
#2361 = PCURVE('',#2362,#2367);
#2362 = CYLINDRICAL_SURFACE('',#2363,8.);
#2363 = AXIS2_PLACEMENT_3D('',#2364,#2365,#2366);
#2364 = CARTESIAN_POINT('',(-30.,-9.,254.));
#2365 = DIRECTION('',(-0.,-0.,-1.));
#2366 = DIRECTION('',(1.,0.,0.));
#2367 = DEFINITIONAL_REPRESENTATION('',(#2368),#2372);
#2368 = LINE('',#2369,#2370);
#2369 = CARTESIAN_POINT('',(-6.28318530718,-3.));
#2370 = VECTOR('',#2371,1.);
#2371 = DIRECTION('',(1.,-0.));
#2372 = ( GEOMETRIC_REPRESENTATION_CONTEXT(2) 
PARAMETRIC_REPRESENTATION_CONTEXT() REPRESENTATION_CONTEXT('2D SPACE',''
  ) );
#2373 = FACE_BOUND('',#2374,.F.);
#2374 = EDGE_LOOP('',(#2375));
#2375 = ORIENTED_EDGE('',*,*,#2376,.T.);
#2376 = EDGE_CURVE('',#2377,#2377,#2379,.T.);
#2377 = VERTEX_POINT('',#2378);
#2378 = CARTESIAN_POINT('',(23.4,-9.,257.));
#2379 = SURFACE_CURVE('',#2380,(#2385,#2396),.PCURVE_S1.);
#2380 = CIRCLE('',#2381,8.4);
#2381 = AXIS2_PLACEMENT_3D('',#2382,#2383,#2384);
#2382 = CARTESIAN_POINT('',(15.,-9.,257.));
#2383 = DIRECTION('',(0.,0.,-1.));
#2384 = DIRECTION('',(1.,0.,0.));
#2385 = PCURVE('',#757,#2386);
#2386 = DEFINITIONAL_REPRESENTATION('',(#2387),#2395);
#2387 = ( BOUNDED_CURVE() B_SPLINE_CURVE(2,(#2388,#2389,#2390,#2391,
#2392,#2393,#2394),.UNSPECIFIED.,.T.,.F.) B_SPLINE_CURVE_WITH_KNOTS((1,2
    ,2,2,2,1),(-2.094395102393,0.,2.094395102393,4.188790204786,
6.28318530718,8.377580409573),.UNSPECIFIED.) CURVE() 
GEOMETRIC_REPRESENTATION_ITEM() RATIONAL_B_SPLINE_CURVE((1.,0.5,1.,0.5,
1.,0.5,1.)) REPRESENTATION_ITEM('') );
#2388 = CARTESIAN_POINT('',(23.4,-9.));
#2389 = CARTESIAN_POINT('',(23.4,-23.54922678357));
#2390 = CARTESIAN_POINT('',(10.8,-16.27461339178));
#2391 = CARTESIAN_POINT('',(-1.8,-9.));
#2392 = CARTESIAN_POINT('',(10.8,-1.725386608211));
#2393 = CARTESIAN_POINT('',(23.4,5.549226783579));
#2394 = CARTESIAN_POINT('',(23.4,-9.));
#2395 = ( GEOMETRIC_REPRESENTATION_CONTEXT(2) 
PARAMETRIC_REPRESENTATION_CONTEXT() REPRESENTATION_CONTEXT('2D SPACE',''
  ) );
#2396 = PCURVE('',#2397,#2402);
#2397 = CYLINDRICAL_SURFACE('',#2398,8.4);
#2398 = AXIS2_PLACEMENT_3D('',#2399,#2400,#2401);
#2399 = CARTESIAN_POINT('',(15.,-9.,254.));
#2400 = DIRECTION('',(-0.,-0.,-1.));
#2401 = DIRECTION('',(1.,0.,0.));
#2402 = DEFINITIONAL_REPRESENTATION('',(#2403),#2407);
#2403 = LINE('',#2404,#2405);
#2404 = CARTESIAN_POINT('',(-6.28318530718,-3.));
#2405 = VECTOR('',#2406,1.);
#2406 = DIRECTION('',(1.,-0.));
#2407 = ( GEOMETRIC_REPRESENTATION_CONTEXT(2) 
PARAMETRIC_REPRESENTATION_CONTEXT() REPRESENTATION_CONTEXT('2D SPACE',''
  ) );
#2408 = FACE_BOUND('',#2409,.F.);
#2409 = EDGE_LOOP('',(#2410));
#2410 = ORIENTED_EDGE('',*,*,#2411,.T.);
#2411 = EDGE_CURVE('',#2412,#2412,#2414,.T.);
#2412 = VERTEX_POINT('',#2413);
#2413 = CARTESIAN_POINT('',(49.4,-9.,257.));
#2414 = SURFACE_CURVE('',#2415,(#2420,#2431),.PCURVE_S1.);
#2415 = CIRCLE('',#2416,8.4);
#2416 = AXIS2_PLACEMENT_3D('',#2417,#2418,#2419);
#2417 = CARTESIAN_POINT('',(41.,-9.,257.));
#2418 = DIRECTION('',(0.,0.,-1.));
#2419 = DIRECTION('',(1.,0.,0.));
#2420 = PCURVE('',#757,#2421);
#2421 = DEFINITIONAL_REPRESENTATION('',(#2422),#2430);
#2422 = ( BOUNDED_CURVE() B_SPLINE_CURVE(2,(#2423,#2424,#2425,#2426,
#2427,#2428,#2429),.UNSPECIFIED.,.T.,.F.) B_SPLINE_CURVE_WITH_KNOTS((1,2
    ,2,2,2,1),(-2.094395102393,0.,2.094395102393,4.188790204786,
6.28318530718,8.377580409573),.UNSPECIFIED.) CURVE() 
GEOMETRIC_REPRESENTATION_ITEM() RATIONAL_B_SPLINE_CURVE((1.,0.5,1.,0.5,
1.,0.5,1.)) REPRESENTATION_ITEM('') );
#2423 = CARTESIAN_POINT('',(49.4,-9.));
#2424 = CARTESIAN_POINT('',(49.4,-23.54922678357));
#2425 = CARTESIAN_POINT('',(36.8,-16.27461339178));
#2426 = CARTESIAN_POINT('',(24.2,-9.));
#2427 = CARTESIAN_POINT('',(36.8,-1.725386608211));
#2428 = CARTESIAN_POINT('',(49.4,5.549226783579));
#2429 = CARTESIAN_POINT('',(49.4,-9.));
#2430 = ( GEOMETRIC_REPRESENTATION_CONTEXT(2) 
PARAMETRIC_REPRESENTATION_CONTEXT() REPRESENTATION_CONTEXT('2D SPACE',''
  ) );
#2431 = PCURVE('',#2432,#2437);
#2432 = CYLINDRICAL_SURFACE('',#2433,8.4);
#2433 = AXIS2_PLACEMENT_3D('',#2434,#2435,#2436);
#2434 = CARTESIAN_POINT('',(41.,-9.,254.));
#2435 = DIRECTION('',(-0.,-0.,-1.));
#2436 = DIRECTION('',(1.,0.,0.));
#2437 = DEFINITIONAL_REPRESENTATION('',(#2438),#2442);
#2438 = LINE('',#2439,#2440);
#2439 = CARTESIAN_POINT('',(-6.28318530718,-3.));
#2440 = VECTOR('',#2441,1.);
#2441 = DIRECTION('',(1.,-0.));
#2442 = ( GEOMETRIC_REPRESENTATION_CONTEXT(2) 
PARAMETRIC_REPRESENTATION_CONTEXT() REPRESENTATION_CONTEXT('2D SPACE',''
  ) );
#2443 = ADVANCED_FACE('',(#2444),#2432,.F.);
#2444 = FACE_BOUND('',#2445,.T.);
#2445 = EDGE_LOOP('',(#2446,#2469,#2470,#2471));
#2446 = ORIENTED_EDGE('',*,*,#2447,.F.);
#2447 = EDGE_CURVE('',#2412,#2448,#2450,.T.);
#2448 = VERTEX_POINT('',#2449);
#2449 = CARTESIAN_POINT('',(49.4,-9.,268.));
#2450 = SEAM_CURVE('',#2451,(#2455,#2462),.PCURVE_S1.);
#2451 = LINE('',#2452,#2453);
#2452 = CARTESIAN_POINT('',(49.4,-9.,254.));
#2453 = VECTOR('',#2454,1.);
#2454 = DIRECTION('',(0.,0.,1.));
#2455 = PCURVE('',#2432,#2456);
#2456 = DEFINITIONAL_REPRESENTATION('',(#2457),#2461);
#2457 = LINE('',#2458,#2459);
#2458 = CARTESIAN_POINT('',(-6.28318530718,0.));
#2459 = VECTOR('',#2460,1.);
#2460 = DIRECTION('',(-0.,-1.));
#2461 = ( GEOMETRIC_REPRESENTATION_CONTEXT(2) 
PARAMETRIC_REPRESENTATION_CONTEXT() REPRESENTATION_CONTEXT('2D SPACE',''
  ) );
#2462 = PCURVE('',#2432,#2463);
#2463 = DEFINITIONAL_REPRESENTATION('',(#2464),#2468);
#2464 = LINE('',#2465,#2466);
#2465 = CARTESIAN_POINT('',(-0.,0.));
#2466 = VECTOR('',#2467,1.);
#2467 = DIRECTION('',(-0.,-1.));
#2468 = ( GEOMETRIC_REPRESENTATION_CONTEXT(2) 
PARAMETRIC_REPRESENTATION_CONTEXT() REPRESENTATION_CONTEXT('2D SPACE',''
  ) );
#2469 = ORIENTED_EDGE('',*,*,#2411,.T.);
#2470 = ORIENTED_EDGE('',*,*,#2447,.T.);
#2471 = ORIENTED_EDGE('',*,*,#2472,.F.);
#2472 = EDGE_CURVE('',#2448,#2448,#2473,.T.);
#2473 = SURFACE_CURVE('',#2474,(#2479,#2486),.PCURVE_S1.);
#2474 = CIRCLE('',#2475,8.4);
#2475 = AXIS2_PLACEMENT_3D('',#2476,#2477,#2478);
#2476 = CARTESIAN_POINT('',(41.,-9.,268.));
#2477 = DIRECTION('',(0.,0.,-1.));
#2478 = DIRECTION('',(1.,0.,0.));
#2479 = PCURVE('',#2432,#2480);
#2480 = DEFINITIONAL_REPRESENTATION('',(#2481),#2485);
#2481 = LINE('',#2482,#2483);
#2482 = CARTESIAN_POINT('',(-6.28318530718,-14.));
#2483 = VECTOR('',#2484,1.);
#2484 = DIRECTION('',(1.,-0.));
#2485 = ( GEOMETRIC_REPRESENTATION_CONTEXT(2) 
PARAMETRIC_REPRESENTATION_CONTEXT() REPRESENTATION_CONTEXT('2D SPACE',''
  ) );
#2486 = PCURVE('',#2487,#2492);
#2487 = PLANE('',#2488);
#2488 = AXIS2_PLACEMENT_3D('',#2489,#2490,#2491);
#2489 = CARTESIAN_POINT('',(28.,-9.,268.));
#2490 = DIRECTION('',(0.,0.,1.));
#2491 = DIRECTION('',(1.,0.,-0.));
#2492 = DEFINITIONAL_REPRESENTATION('',(#2493),#2501);
#2493 = ( BOUNDED_CURVE() B_SPLINE_CURVE(2,(#2494,#2495,#2496,#2497,
#2498,#2499,#2500),.UNSPECIFIED.,.T.,.F.) B_SPLINE_CURVE_WITH_KNOTS((1,2
    ,2,2,2,1),(-2.094395102393,0.,2.094395102393,4.188790204786,
6.28318530718,8.377580409573),.UNSPECIFIED.) CURVE() 
GEOMETRIC_REPRESENTATION_ITEM() RATIONAL_B_SPLINE_CURVE((1.,0.5,1.,0.5,
1.,0.5,1.)) REPRESENTATION_ITEM('') );
#2494 = CARTESIAN_POINT('',(21.4,-3.552713678801E-15));
#2495 = CARTESIAN_POINT('',(21.4,-14.54922678357));
#2496 = CARTESIAN_POINT('',(8.8,-7.274613391789));
#2497 = CARTESIAN_POINT('',(-3.8,-5.610120301368E-15));
#2498 = CARTESIAN_POINT('',(8.8,7.274613391789));
#2499 = CARTESIAN_POINT('',(21.4,14.549226783579));
#2500 = CARTESIAN_POINT('',(21.4,-3.552713678801E-15));
#2501 = ( GEOMETRIC_REPRESENTATION_CONTEXT(2) 
PARAMETRIC_REPRESENTATION_CONTEXT() REPRESENTATION_CONTEXT('2D SPACE',''
  ) );
#2502 = ADVANCED_FACE('',(#2503,#2617,#2647),#2487,.T.);
#2503 = FACE_BOUND('',#2504,.T.);
#2504 = EDGE_LOOP('',(#2505,#2535,#2563,#2591));
#2505 = ORIENTED_EDGE('',*,*,#2506,.T.);
#2506 = EDGE_CURVE('',#2507,#2509,#2511,.T.);
#2507 = VERTEX_POINT('',#2508);
#2508 = CARTESIAN_POINT('',(4.15,-23.65,268.));
#2509 = VERTEX_POINT('',#2510);
#2510 = CARTESIAN_POINT('',(51.85,-23.65,268.));
#2511 = SURFACE_CURVE('',#2512,(#2516,#2523),.PCURVE_S1.);
#2512 = LINE('',#2513,#2514);
#2513 = CARTESIAN_POINT('',(4.15,-23.65,268.));
#2514 = VECTOR('',#2515,1.);
#2515 = DIRECTION('',(1.,0.,0.));
#2516 = PCURVE('',#2487,#2517);
#2517 = DEFINITIONAL_REPRESENTATION('',(#2518),#2522);
#2518 = LINE('',#2519,#2520);
#2519 = CARTESIAN_POINT('',(-23.85,-14.65));
#2520 = VECTOR('',#2521,1.);
#2521 = DIRECTION('',(1.,0.));
#2522 = ( GEOMETRIC_REPRESENTATION_CONTEXT(2) 
PARAMETRIC_REPRESENTATION_CONTEXT() REPRESENTATION_CONTEXT('2D SPACE',''
  ) );
#2523 = PCURVE('',#2524,#2529);
#2524 = PLANE('',#2525);
#2525 = AXIS2_PLACEMENT_3D('',#2526,#2527,#2528);
#2526 = CARTESIAN_POINT('',(4.15,-23.65,268.));
#2527 = DIRECTION('',(0.,1.,0.));
#2528 = DIRECTION('',(1.,0.,0.));
#2529 = DEFINITIONAL_REPRESENTATION('',(#2530),#2534);
#2530 = LINE('',#2531,#2532);
#2531 = CARTESIAN_POINT('',(0.,0.));
#2532 = VECTOR('',#2533,1.);
#2533 = DIRECTION('',(1.,0.));
#2534 = ( GEOMETRIC_REPRESENTATION_CONTEXT(2) 
PARAMETRIC_REPRESENTATION_CONTEXT() REPRESENTATION_CONTEXT('2D SPACE',''
  ) );
#2535 = ORIENTED_EDGE('',*,*,#2536,.T.);
#2536 = EDGE_CURVE('',#2509,#2537,#2539,.T.);
#2537 = VERTEX_POINT('',#2538);
#2538 = CARTESIAN_POINT('',(51.85,5.65,268.));
#2539 = SURFACE_CURVE('',#2540,(#2544,#2551),.PCURVE_S1.);
#2540 = LINE('',#2541,#2542);
#2541 = CARTESIAN_POINT('',(51.85,-23.65,268.));
#2542 = VECTOR('',#2543,1.);
#2543 = DIRECTION('',(0.,1.,0.));
#2544 = PCURVE('',#2487,#2545);
#2545 = DEFINITIONAL_REPRESENTATION('',(#2546),#2550);
#2546 = LINE('',#2547,#2548);
#2547 = CARTESIAN_POINT('',(23.85,-14.65));
#2548 = VECTOR('',#2549,1.);
#2549 = DIRECTION('',(0.,1.));
#2550 = ( GEOMETRIC_REPRESENTATION_CONTEXT(2) 
PARAMETRIC_REPRESENTATION_CONTEXT() REPRESENTATION_CONTEXT('2D SPACE',''
  ) );
#2551 = PCURVE('',#2552,#2557);
#2552 = PLANE('',#2553);
#2553 = AXIS2_PLACEMENT_3D('',#2554,#2555,#2556);
#2554 = CARTESIAN_POINT('',(51.85,-23.65,268.));
#2555 = DIRECTION('',(-1.,0.,0.));
#2556 = DIRECTION('',(0.,1.,0.));
#2557 = DEFINITIONAL_REPRESENTATION('',(#2558),#2562);
#2558 = LINE('',#2559,#2560);
#2559 = CARTESIAN_POINT('',(0.,0.));
#2560 = VECTOR('',#2561,1.);
#2561 = DIRECTION('',(1.,0.));
#2562 = ( GEOMETRIC_REPRESENTATION_CONTEXT(2) 
PARAMETRIC_REPRESENTATION_CONTEXT() REPRESENTATION_CONTEXT('2D SPACE',''
  ) );
#2563 = ORIENTED_EDGE('',*,*,#2564,.T.);
#2564 = EDGE_CURVE('',#2537,#2565,#2567,.T.);
#2565 = VERTEX_POINT('',#2566);
#2566 = CARTESIAN_POINT('',(4.15,5.65,268.));
#2567 = SURFACE_CURVE('',#2568,(#2572,#2579),.PCURVE_S1.);
#2568 = LINE('',#2569,#2570);
#2569 = CARTESIAN_POINT('',(51.85,5.65,268.));
#2570 = VECTOR('',#2571,1.);
#2571 = DIRECTION('',(-1.,0.,0.));
#2572 = PCURVE('',#2487,#2573);
#2573 = DEFINITIONAL_REPRESENTATION('',(#2574),#2578);
#2574 = LINE('',#2575,#2576);
#2575 = CARTESIAN_POINT('',(23.85,14.65));
#2576 = VECTOR('',#2577,1.);
#2577 = DIRECTION('',(-1.,0.));
#2578 = ( GEOMETRIC_REPRESENTATION_CONTEXT(2) 
PARAMETRIC_REPRESENTATION_CONTEXT() REPRESENTATION_CONTEXT('2D SPACE',''
  ) );
#2579 = PCURVE('',#2580,#2585);
#2580 = PLANE('',#2581);
#2581 = AXIS2_PLACEMENT_3D('',#2582,#2583,#2584);
#2582 = CARTESIAN_POINT('',(51.85,5.65,268.));
#2583 = DIRECTION('',(0.,-1.,0.));
#2584 = DIRECTION('',(-1.,0.,0.));
#2585 = DEFINITIONAL_REPRESENTATION('',(#2586),#2590);
#2586 = LINE('',#2587,#2588);
#2587 = CARTESIAN_POINT('',(0.,-0.));
#2588 = VECTOR('',#2589,1.);
#2589 = DIRECTION('',(1.,0.));
#2590 = ( GEOMETRIC_REPRESENTATION_CONTEXT(2) 
PARAMETRIC_REPRESENTATION_CONTEXT() REPRESENTATION_CONTEXT('2D SPACE',''
  ) );
#2591 = ORIENTED_EDGE('',*,*,#2592,.T.);
#2592 = EDGE_CURVE('',#2565,#2507,#2593,.T.);
#2593 = SURFACE_CURVE('',#2594,(#2598,#2605),.PCURVE_S1.);
#2594 = LINE('',#2595,#2596);
#2595 = CARTESIAN_POINT('',(4.15,5.65,268.));
#2596 = VECTOR('',#2597,1.);
#2597 = DIRECTION('',(0.,-1.,0.));
#2598 = PCURVE('',#2487,#2599);
#2599 = DEFINITIONAL_REPRESENTATION('',(#2600),#2604);
#2600 = LINE('',#2601,#2602);
#2601 = CARTESIAN_POINT('',(-23.85,14.65));
#2602 = VECTOR('',#2603,1.);
#2603 = DIRECTION('',(0.,-1.));
#2604 = ( GEOMETRIC_REPRESENTATION_CONTEXT(2) 
PARAMETRIC_REPRESENTATION_CONTEXT() REPRESENTATION_CONTEXT('2D SPACE',''
  ) );
#2605 = PCURVE('',#2606,#2611);
#2606 = PLANE('',#2607);
#2607 = AXIS2_PLACEMENT_3D('',#2608,#2609,#2610);
#2608 = CARTESIAN_POINT('',(4.15,5.65,268.));
#2609 = DIRECTION('',(1.,0.,-0.));
#2610 = DIRECTION('',(0.,-1.,0.));
#2611 = DEFINITIONAL_REPRESENTATION('',(#2612),#2616);
#2612 = LINE('',#2613,#2614);
#2613 = CARTESIAN_POINT('',(0.,0.));
#2614 = VECTOR('',#2615,1.);
#2615 = DIRECTION('',(1.,0.));
#2616 = ( GEOMETRIC_REPRESENTATION_CONTEXT(2) 
PARAMETRIC_REPRESENTATION_CONTEXT() REPRESENTATION_CONTEXT('2D SPACE',''
  ) );
#2617 = FACE_BOUND('',#2618,.T.);
#2618 = EDGE_LOOP('',(#2619));
#2619 = ORIENTED_EDGE('',*,*,#2620,.T.);
#2620 = EDGE_CURVE('',#2621,#2621,#2623,.T.);
#2621 = VERTEX_POINT('',#2622);
#2622 = CARTESIAN_POINT('',(23.4,-9.,268.));
#2623 = SURFACE_CURVE('',#2624,(#2629,#2640),.PCURVE_S1.);
#2624 = CIRCLE('',#2625,8.4);
#2625 = AXIS2_PLACEMENT_3D('',#2626,#2627,#2628);
#2626 = CARTESIAN_POINT('',(15.,-9.,268.));
#2627 = DIRECTION('',(0.,0.,-1.));
#2628 = DIRECTION('',(1.,0.,0.));
#2629 = PCURVE('',#2487,#2630);
#2630 = DEFINITIONAL_REPRESENTATION('',(#2631),#2639);
#2631 = ( BOUNDED_CURVE() B_SPLINE_CURVE(2,(#2632,#2633,#2634,#2635,
#2636,#2637,#2638),.UNSPECIFIED.,.T.,.F.) B_SPLINE_CURVE_WITH_KNOTS((1,2
    ,2,2,2,1),(-2.094395102393,0.,2.094395102393,4.188790204786,
6.28318530718,8.377580409573),.UNSPECIFIED.) CURVE() 
GEOMETRIC_REPRESENTATION_ITEM() RATIONAL_B_SPLINE_CURVE((1.,0.5,1.,0.5,
1.,0.5,1.)) REPRESENTATION_ITEM('') );
#2632 = CARTESIAN_POINT('',(-4.6,-3.552713678801E-15));
#2633 = CARTESIAN_POINT('',(-4.6,-14.54922678357));
#2634 = CARTESIAN_POINT('',(-17.2,-7.274613391789));
#2635 = CARTESIAN_POINT('',(-29.8,-5.610120301368E-15));
#2636 = CARTESIAN_POINT('',(-17.2,7.274613391789));
#2637 = CARTESIAN_POINT('',(-4.6,14.549226783579));
#2638 = CARTESIAN_POINT('',(-4.6,-3.552713678801E-15));
#2639 = ( GEOMETRIC_REPRESENTATION_CONTEXT(2) 
PARAMETRIC_REPRESENTATION_CONTEXT() REPRESENTATION_CONTEXT('2D SPACE',''
  ) );
#2640 = PCURVE('',#2397,#2641);
#2641 = DEFINITIONAL_REPRESENTATION('',(#2642),#2646);
#2642 = LINE('',#2643,#2644);
#2643 = CARTESIAN_POINT('',(-6.28318530718,-14.));
#2644 = VECTOR('',#2645,1.);
#2645 = DIRECTION('',(1.,-0.));
#2646 = ( GEOMETRIC_REPRESENTATION_CONTEXT(2) 
PARAMETRIC_REPRESENTATION_CONTEXT() REPRESENTATION_CONTEXT('2D SPACE',''
  ) );
#2647 = FACE_BOUND('',#2648,.T.);
#2648 = EDGE_LOOP('',(#2649));
#2649 = ORIENTED_EDGE('',*,*,#2472,.T.);
#2650 = ADVANCED_FACE('',(#2651),#2580,.T.);
#2651 = FACE_BOUND('',#2652,.T.);
#2652 = EDGE_LOOP('',(#2653,#2654,#2677,#2710,#2736));
#2653 = ORIENTED_EDGE('',*,*,#2564,.F.);
#2654 = ORIENTED_EDGE('',*,*,#2655,.T.);
#2655 = EDGE_CURVE('',#2537,#2656,#2658,.T.);
#2656 = VERTEX_POINT('',#2657);
#2657 = CARTESIAN_POINT('',(51.85,5.65,275.27991477204));
#2658 = SURFACE_CURVE('',#2659,(#2663,#2670),.PCURVE_S1.);
#2659 = LINE('',#2660,#2661);
#2660 = CARTESIAN_POINT('',(51.85,5.65,268.));
#2661 = VECTOR('',#2662,1.);
#2662 = DIRECTION('',(0.,0.,1.));
#2663 = PCURVE('',#2580,#2664);
#2664 = DEFINITIONAL_REPRESENTATION('',(#2665),#2669);
#2665 = LINE('',#2666,#2667);
#2666 = CARTESIAN_POINT('',(0.,-0.));
#2667 = VECTOR('',#2668,1.);
#2668 = DIRECTION('',(0.,-1.));
#2669 = ( GEOMETRIC_REPRESENTATION_CONTEXT(2) 
PARAMETRIC_REPRESENTATION_CONTEXT() REPRESENTATION_CONTEXT('2D SPACE',''
  ) );
#2670 = PCURVE('',#2552,#2671);
#2671 = DEFINITIONAL_REPRESENTATION('',(#2672),#2676);
#2672 = LINE('',#2673,#2674);
#2673 = CARTESIAN_POINT('',(29.3,0.));
#2674 = VECTOR('',#2675,1.);
#2675 = DIRECTION('',(0.,-1.));
#2676 = ( GEOMETRIC_REPRESENTATION_CONTEXT(2) 
PARAMETRIC_REPRESENTATION_CONTEXT() REPRESENTATION_CONTEXT('2D SPACE',''
  ) );
#2677 = ORIENTED_EDGE('',*,*,#2678,.F.);
#2678 = EDGE_CURVE('',#2679,#2656,#2681,.T.);
#2679 = VERTEX_POINT('',#2680);
#2680 = CARTESIAN_POINT('',(49.,5.65,276.));
#2681 = SURFACE_CURVE('',#2682,(#2687,#2698),.PCURVE_S1.);
#2682 = CIRCLE('',#2683,6.);
#2683 = AXIS2_PLACEMENT_3D('',#2684,#2685,#2686);
#2684 = CARTESIAN_POINT('',(49.,5.65,270.));
#2685 = DIRECTION('',(0.,1.,0.));
#2686 = DIRECTION('',(1.,0.,-0.));
#2687 = PCURVE('',#2580,#2688);
#2688 = DEFINITIONAL_REPRESENTATION('',(#2689),#2697);
#2689 = ( BOUNDED_CURVE() B_SPLINE_CURVE(2,(#2690,#2691,#2692,#2693,
#2694,#2695,#2696),.UNSPECIFIED.,.T.,.F.) B_SPLINE_CURVE_WITH_KNOTS((1,2
    ,2,2,2,1),(-2.094395102393,0.,2.094395102393,4.188790204786,
6.28318530718,8.377580409573),.UNSPECIFIED.) CURVE() 
GEOMETRIC_REPRESENTATION_ITEM() RATIONAL_B_SPLINE_CURVE((1.,0.5,1.,0.5,
1.,0.5,1.)) REPRESENTATION_ITEM('') );
#2690 = CARTESIAN_POINT('',(-3.15,-2.));
#2691 = CARTESIAN_POINT('',(-3.15,8.392304845413));
#2692 = CARTESIAN_POINT('',(5.85,3.196152422707));
#2693 = CARTESIAN_POINT('',(14.85,-2.));
#2694 = CARTESIAN_POINT('',(5.85,-7.196152422707));
#2695 = CARTESIAN_POINT('',(-3.15,-12.39230484541));
#2696 = CARTESIAN_POINT('',(-3.15,-2.));
#2697 = ( GEOMETRIC_REPRESENTATION_CONTEXT(2) 
PARAMETRIC_REPRESENTATION_CONTEXT() REPRESENTATION_CONTEXT('2D SPACE',''
  ) );
#2698 = PCURVE('',#2699,#2704);
#2699 = CYLINDRICAL_SURFACE('',#2700,6.);
#2700 = AXIS2_PLACEMENT_3D('',#2701,#2702,#2703);
#2701 = CARTESIAN_POINT('',(49.,-24.,270.));
#2702 = DIRECTION('',(0.,1.,0.));
#2703 = DIRECTION('',(1.,0.,-0.));
#2704 = DEFINITIONAL_REPRESENTATION('',(#2705),#2709);
#2705 = LINE('',#2706,#2707);
#2706 = CARTESIAN_POINT('',(-6.28318530718,29.65));
#2707 = VECTOR('',#2708,1.);
#2708 = DIRECTION('',(1.,-0.));
#2709 = ( GEOMETRIC_REPRESENTATION_CONTEXT(2) 
PARAMETRIC_REPRESENTATION_CONTEXT() REPRESENTATION_CONTEXT('2D SPACE',''
  ) );
#2710 = ORIENTED_EDGE('',*,*,#2711,.F.);
#2711 = EDGE_CURVE('',#2712,#2679,#2714,.T.);
#2712 = VERTEX_POINT('',#2713);
#2713 = CARTESIAN_POINT('',(4.15,5.65,276.));
#2714 = SURFACE_CURVE('',#2715,(#2719,#2725),.PCURVE_S1.);
#2715 = LINE('',#2716,#2717);
#2716 = CARTESIAN_POINT('',(25.925,5.65,276.));
#2717 = VECTOR('',#2718,1.);
#2718 = DIRECTION('',(1.,0.,-0.));
#2719 = PCURVE('',#2580,#2720);
#2720 = DEFINITIONAL_REPRESENTATION('',(#2721),#2724);
#2721 = B_SPLINE_CURVE_WITH_KNOTS('',1,(#2722,#2723),.UNSPECIFIED.,.F.,
  .F.,(2,2),(-21.775,23.075),.PIECEWISE_BEZIER_KNOTS.);
#2722 = CARTESIAN_POINT('',(47.7,-8.));
#2723 = CARTESIAN_POINT('',(2.85,-8.));
#2724 = ( GEOMETRIC_REPRESENTATION_CONTEXT(2) 
PARAMETRIC_REPRESENTATION_CONTEXT() REPRESENTATION_CONTEXT('2D SPACE',''
  ) );
#2725 = PCURVE('',#2726,#2731);
#2726 = PLANE('',#2727);
#2727 = AXIS2_PLACEMENT_3D('',#2728,#2729,#2730);
#2728 = CARTESIAN_POINT('',(0.,-9.,276.));
#2729 = DIRECTION('',(0.,0.,1.));
#2730 = DIRECTION('',(1.,0.,-0.));
#2731 = DEFINITIONAL_REPRESENTATION('',(#2732),#2735);
#2732 = B_SPLINE_CURVE_WITH_KNOTS('',1,(#2733,#2734),.UNSPECIFIED.,.F.,
  .F.,(2,2),(-21.775,23.075),.PIECEWISE_BEZIER_KNOTS.);
#2733 = CARTESIAN_POINT('',(4.15,14.65));
#2734 = CARTESIAN_POINT('',(49.,14.65));
#2735 = ( GEOMETRIC_REPRESENTATION_CONTEXT(2) 
PARAMETRIC_REPRESENTATION_CONTEXT() REPRESENTATION_CONTEXT('2D SPACE',''
  ) );
#2736 = ORIENTED_EDGE('',*,*,#2737,.F.);
#2737 = EDGE_CURVE('',#2565,#2712,#2738,.T.);
#2738 = SURFACE_CURVE('',#2739,(#2743,#2750),.PCURVE_S1.);
#2739 = LINE('',#2740,#2741);
#2740 = CARTESIAN_POINT('',(4.15,5.65,268.));
#2741 = VECTOR('',#2742,1.);
#2742 = DIRECTION('',(0.,0.,1.));
#2743 = PCURVE('',#2580,#2744);
#2744 = DEFINITIONAL_REPRESENTATION('',(#2745),#2749);
#2745 = LINE('',#2746,#2747);
#2746 = CARTESIAN_POINT('',(47.7,0.));
#2747 = VECTOR('',#2748,1.);
#2748 = DIRECTION('',(0.,-1.));
#2749 = ( GEOMETRIC_REPRESENTATION_CONTEXT(2) 
PARAMETRIC_REPRESENTATION_CONTEXT() REPRESENTATION_CONTEXT('2D SPACE',''
  ) );
#2750 = PCURVE('',#2606,#2751);
#2751 = DEFINITIONAL_REPRESENTATION('',(#2752),#2756);
#2752 = LINE('',#2753,#2754);
#2753 = CARTESIAN_POINT('',(0.,0.));
#2754 = VECTOR('',#2755,1.);
#2755 = DIRECTION('',(0.,-1.));
#2756 = ( GEOMETRIC_REPRESENTATION_CONTEXT(2) 
PARAMETRIC_REPRESENTATION_CONTEXT() REPRESENTATION_CONTEXT('2D SPACE',''
  ) );
#2757 = ADVANCED_FACE('',(#2758),#2699,.T.);
#2758 = FACE_BOUND('',#2759,.F.);
#2759 = EDGE_LOOP('',(#2760,#2790,#2817,#2840,#2864,#2883,#2884,#2907));
#2760 = ORIENTED_EDGE('',*,*,#2761,.F.);
#2761 = EDGE_CURVE('',#2762,#2764,#2766,.T.);
#2762 = VERTEX_POINT('',#2763);
#2763 = CARTESIAN_POINT('',(55.,-24.,270.));
#2764 = VERTEX_POINT('',#2765);
#2765 = CARTESIAN_POINT('',(55.,6.,270.));
#2766 = SURFACE_CURVE('',#2767,(#2771,#2778),.PCURVE_S1.);
#2767 = LINE('',#2768,#2769);
#2768 = CARTESIAN_POINT('',(55.,-24.,270.));
#2769 = VECTOR('',#2770,1.);
#2770 = DIRECTION('',(0.,1.,0.));
#2771 = PCURVE('',#2699,#2772);
#2772 = DEFINITIONAL_REPRESENTATION('',(#2773),#2777);
#2773 = LINE('',#2774,#2775);
#2774 = CARTESIAN_POINT('',(-0.,0.));
#2775 = VECTOR('',#2776,1.);
#2776 = DIRECTION('',(-0.,1.));
#2777 = ( GEOMETRIC_REPRESENTATION_CONTEXT(2) 
PARAMETRIC_REPRESENTATION_CONTEXT() REPRESENTATION_CONTEXT('2D SPACE',''
  ) );
#2778 = PCURVE('',#2779,#2784);
#2779 = PLANE('',#2780);
#2780 = AXIS2_PLACEMENT_3D('',#2781,#2782,#2783);
#2781 = CARTESIAN_POINT('',(55.,-48.,258.));
#2782 = DIRECTION('',(-1.,0.,0.));
#2783 = DIRECTION('',(0.,1.,0.));
#2784 = DEFINITIONAL_REPRESENTATION('',(#2785),#2789);
#2785 = LINE('',#2786,#2787);
#2786 = CARTESIAN_POINT('',(24.,-12.));
#2787 = VECTOR('',#2788,1.);
#2788 = DIRECTION('',(1.,0.));
#2789 = ( GEOMETRIC_REPRESENTATION_CONTEXT(2) 
PARAMETRIC_REPRESENTATION_CONTEXT() REPRESENTATION_CONTEXT('2D SPACE',''
  ) );
#2790 = ORIENTED_EDGE('',*,*,#2791,.T.);
#2791 = EDGE_CURVE('',#2762,#2792,#2794,.T.);
#2792 = VERTEX_POINT('',#2793);
#2793 = CARTESIAN_POINT('',(49.,-24.,276.));
#2794 = SURFACE_CURVE('',#2795,(#2800,#2806),.PCURVE_S1.);
#2795 = CIRCLE('',#2796,6.);
#2796 = AXIS2_PLACEMENT_3D('',#2797,#2798,#2799);
#2797 = CARTESIAN_POINT('',(49.,-24.,270.));
#2798 = DIRECTION('',(-6.123233995737E-17,-1.,0.));
#2799 = DIRECTION('',(1.,-6.123233995737E-17,0.));
#2800 = PCURVE('',#2699,#2801);
#2801 = DEFINITIONAL_REPRESENTATION('',(#2802),#2805);
#2802 = B_SPLINE_CURVE_WITH_KNOTS('',1,(#2803,#2804),.UNSPECIFIED.,.F.,
  .F.,(2,2),(0.,1.570796326795),.PIECEWISE_BEZIER_KNOTS.);
#2803 = CARTESIAN_POINT('',(0.,0.));
#2804 = CARTESIAN_POINT('',(-1.570796326795,0.));
#2805 = ( GEOMETRIC_REPRESENTATION_CONTEXT(2) 
PARAMETRIC_REPRESENTATION_CONTEXT() REPRESENTATION_CONTEXT('2D SPACE',''
  ) );
#2806 = PCURVE('',#2807,#2812);
#2807 = TOROIDAL_SURFACE('',#2808,18.,6.);
#2808 = AXIS2_PLACEMENT_3D('',#2809,#2810,#2811);
#2809 = CARTESIAN_POINT('',(31.,-24.,270.));
#2810 = DIRECTION('',(0.,0.,1.));
#2811 = DIRECTION('',(0.,-1.,0.));
#2812 = DEFINITIONAL_REPRESENTATION('',(#2813),#2816);
#2813 = B_SPLINE_CURVE_WITH_KNOTS('',1,(#2814,#2815),.UNSPECIFIED.,.F.,
  .F.,(2,2),(0.,1.570796326795),.PIECEWISE_BEZIER_KNOTS.);
#2814 = CARTESIAN_POINT('',(1.570796326795,0.));
#2815 = CARTESIAN_POINT('',(1.570796326795,1.570796326795));
#2816 = ( GEOMETRIC_REPRESENTATION_CONTEXT(2) 
PARAMETRIC_REPRESENTATION_CONTEXT() REPRESENTATION_CONTEXT('2D SPACE',''
  ) );
#2817 = ORIENTED_EDGE('',*,*,#2818,.T.);
#2818 = EDGE_CURVE('',#2792,#2819,#2821,.T.);
#2819 = VERTEX_POINT('',#2820);
#2820 = CARTESIAN_POINT('',(49.,-23.65,276.));
#2821 = SURFACE_CURVE('',#2822,(#2826,#2833),.PCURVE_S1.);
#2822 = LINE('',#2823,#2824);
#2823 = CARTESIAN_POINT('',(49.,-24.,276.));
#2824 = VECTOR('',#2825,1.);
#2825 = DIRECTION('',(0.,1.,0.));
#2826 = PCURVE('',#2699,#2827);
#2827 = DEFINITIONAL_REPRESENTATION('',(#2828),#2832);
#2828 = LINE('',#2829,#2830);
#2829 = CARTESIAN_POINT('',(-1.570796326795,0.));
#2830 = VECTOR('',#2831,1.);
#2831 = DIRECTION('',(-0.,1.));
#2832 = ( GEOMETRIC_REPRESENTATION_CONTEXT(2) 
PARAMETRIC_REPRESENTATION_CONTEXT() REPRESENTATION_CONTEXT('2D SPACE',''
  ) );
#2833 = PCURVE('',#2726,#2834);
#2834 = DEFINITIONAL_REPRESENTATION('',(#2835),#2839);
#2835 = LINE('',#2836,#2837);
#2836 = CARTESIAN_POINT('',(49.,-15.));
#2837 = VECTOR('',#2838,1.);
#2838 = DIRECTION('',(0.,1.));
#2839 = ( GEOMETRIC_REPRESENTATION_CONTEXT(2) 
PARAMETRIC_REPRESENTATION_CONTEXT() REPRESENTATION_CONTEXT('2D SPACE',''
  ) );
#2840 = ORIENTED_EDGE('',*,*,#2841,.T.);
#2841 = EDGE_CURVE('',#2819,#2842,#2844,.T.);
#2842 = VERTEX_POINT('',#2843);
#2843 = CARTESIAN_POINT('',(51.85,-23.65,275.27991477204));
#2844 = SURFACE_CURVE('',#2845,(#2850,#2857),.PCURVE_S1.);
#2845 = CIRCLE('',#2846,6.);
#2846 = AXIS2_PLACEMENT_3D('',#2847,#2848,#2849);
#2847 = CARTESIAN_POINT('',(49.,-23.65,270.));
#2848 = DIRECTION('',(0.,1.,0.));
#2849 = DIRECTION('',(1.,0.,-0.));
#2850 = PCURVE('',#2699,#2851);
#2851 = DEFINITIONAL_REPRESENTATION('',(#2852),#2856);
#2852 = LINE('',#2853,#2854);
#2853 = CARTESIAN_POINT('',(-6.28318530718,0.35));
#2854 = VECTOR('',#2855,1.);
#2855 = DIRECTION('',(1.,-0.));
#2856 = ( GEOMETRIC_REPRESENTATION_CONTEXT(2) 
PARAMETRIC_REPRESENTATION_CONTEXT() REPRESENTATION_CONTEXT('2D SPACE',''
  ) );
#2857 = PCURVE('',#2524,#2858);
#2858 = DEFINITIONAL_REPRESENTATION('',(#2859),#2863);
#2859 = CIRCLE('',#2860,6.);
#2860 = AXIS2_PLACEMENT_2D('',#2861,#2862);
#2861 = CARTESIAN_POINT('',(44.85,-2.));
#2862 = DIRECTION('',(1.,0.));
#2863 = ( GEOMETRIC_REPRESENTATION_CONTEXT(2) 
PARAMETRIC_REPRESENTATION_CONTEXT() REPRESENTATION_CONTEXT('2D SPACE',''
  ) );
#2864 = ORIENTED_EDGE('',*,*,#2865,.T.);
#2865 = EDGE_CURVE('',#2842,#2656,#2866,.T.);
#2866 = SURFACE_CURVE('',#2867,(#2871,#2877),.PCURVE_S1.);
#2867 = LINE('',#2868,#2869);
#2868 = CARTESIAN_POINT('',(51.85,-24.,275.27991477203));
#2869 = VECTOR('',#2870,1.);
#2870 = DIRECTION('',(0.,1.,0.));
#2871 = PCURVE('',#2699,#2872);
#2872 = DEFINITIONAL_REPRESENTATION('',(#2873),#2876);
#2873 = B_SPLINE_CURVE_WITH_KNOTS('',1,(#2874,#2875),.UNSPECIFIED.,.F.,
  .F.,(2,2),(-5.999999999062E-07,30.0000006),.PIECEWISE_BEZIER_KNOTS.);
#2874 = CARTESIAN_POINT('',(-1.075832295078,-5.999999999062E-07));
#2875 = CARTESIAN_POINT('',(-1.075832295078,30.0000006));
#2876 = ( GEOMETRIC_REPRESENTATION_CONTEXT(2) 
PARAMETRIC_REPRESENTATION_CONTEXT() REPRESENTATION_CONTEXT('2D SPACE',''
  ) );
#2877 = PCURVE('',#2552,#2878);
#2878 = DEFINITIONAL_REPRESENTATION('',(#2879),#2882);
#2879 = B_SPLINE_CURVE_WITH_KNOTS('',1,(#2880,#2881),.UNSPECIFIED.,.F.,
  .F.,(2,2),(-5.999999999062E-07,30.0000006),.PIECEWISE_BEZIER_KNOTS.);
#2880 = CARTESIAN_POINT('',(-0.3500006,-7.279914772039));
#2881 = CARTESIAN_POINT('',(29.6500006,-7.279914772039));
#2882 = ( GEOMETRIC_REPRESENTATION_CONTEXT(2) 
PARAMETRIC_REPRESENTATION_CONTEXT() REPRESENTATION_CONTEXT('2D SPACE',''
  ) );
#2883 = ORIENTED_EDGE('',*,*,#2678,.F.);
#2884 = ORIENTED_EDGE('',*,*,#2885,.T.);
#2885 = EDGE_CURVE('',#2679,#2886,#2888,.T.);
#2886 = VERTEX_POINT('',#2887);
#2887 = CARTESIAN_POINT('',(49.,6.,276.));
#2888 = SURFACE_CURVE('',#2889,(#2893,#2900),.PCURVE_S1.);
#2889 = LINE('',#2890,#2891);
#2890 = CARTESIAN_POINT('',(49.,-24.,276.));
#2891 = VECTOR('',#2892,1.);
#2892 = DIRECTION('',(0.,1.,0.));
#2893 = PCURVE('',#2699,#2894);
#2894 = DEFINITIONAL_REPRESENTATION('',(#2895),#2899);
#2895 = LINE('',#2896,#2897);
#2896 = CARTESIAN_POINT('',(-1.570796326795,0.));
#2897 = VECTOR('',#2898,1.);
#2898 = DIRECTION('',(-0.,1.));
#2899 = ( GEOMETRIC_REPRESENTATION_CONTEXT(2) 
PARAMETRIC_REPRESENTATION_CONTEXT() REPRESENTATION_CONTEXT('2D SPACE',''
  ) );
#2900 = PCURVE('',#2726,#2901);
#2901 = DEFINITIONAL_REPRESENTATION('',(#2902),#2906);
#2902 = LINE('',#2903,#2904);
#2903 = CARTESIAN_POINT('',(49.,-15.));
#2904 = VECTOR('',#2905,1.);
#2905 = DIRECTION('',(0.,1.));
#2906 = ( GEOMETRIC_REPRESENTATION_CONTEXT(2) 
PARAMETRIC_REPRESENTATION_CONTEXT() REPRESENTATION_CONTEXT('2D SPACE',''
  ) );
#2907 = ORIENTED_EDGE('',*,*,#2908,.F.);
#2908 = EDGE_CURVE('',#2764,#2886,#2909,.T.);
#2909 = SURFACE_CURVE('',#2910,(#2915,#2921),.PCURVE_S1.);
#2910 = CIRCLE('',#2911,6.);
#2911 = AXIS2_PLACEMENT_3D('',#2912,#2913,#2914);
#2912 = CARTESIAN_POINT('',(49.,6.,270.));
#2913 = DIRECTION('',(0.,-1.,-0.));
#2914 = DIRECTION('',(1.,0.,-0.));
#2915 = PCURVE('',#2699,#2916);
#2916 = DEFINITIONAL_REPRESENTATION('',(#2917),#2920);
#2917 = B_SPLINE_CURVE_WITH_KNOTS('',1,(#2918,#2919),.UNSPECIFIED.,.F.,
  .F.,(2,2),(0.,1.570796326795),.PIECEWISE_BEZIER_KNOTS.);
#2918 = CARTESIAN_POINT('',(0.,30.));
#2919 = CARTESIAN_POINT('',(-1.570796326795,30.));
#2920 = ( GEOMETRIC_REPRESENTATION_CONTEXT(2) 
PARAMETRIC_REPRESENTATION_CONTEXT() REPRESENTATION_CONTEXT('2D SPACE',''
  ) );
#2921 = PCURVE('',#2922,#2927);
#2922 = TOROIDAL_SURFACE('',#2923,18.,6.);
#2923 = AXIS2_PLACEMENT_3D('',#2924,#2925,#2926);
#2924 = CARTESIAN_POINT('',(31.,6.,270.));
#2925 = DIRECTION('',(0.,0.,1.));
#2926 = DIRECTION('',(1.,-7.401486830834E-17,0.));
#2927 = DEFINITIONAL_REPRESENTATION('',(#2928),#2931);
#2928 = B_SPLINE_CURVE_WITH_KNOTS('',1,(#2929,#2930),.UNSPECIFIED.,.F.,
  .F.,(2,2),(0.,1.570796326795),.PIECEWISE_BEZIER_KNOTS.);
#2929 = CARTESIAN_POINT('',(0.,0.));
#2930 = CARTESIAN_POINT('',(0.,1.570796326795));
#2931 = ( GEOMETRIC_REPRESENTATION_CONTEXT(2) 
PARAMETRIC_REPRESENTATION_CONTEXT() REPRESENTATION_CONTEXT('2D SPACE',''
  ) );
#2932 = ADVANCED_FACE('',(#2933),#2807,.T.);
#2933 = FACE_BOUND('',#2934,.T.);
#2934 = EDGE_LOOP('',(#2935,#2964,#2991,#2992));
#2935 = ORIENTED_EDGE('',*,*,#2936,.F.);
#2936 = EDGE_CURVE('',#2937,#2939,#2941,.T.);
#2937 = VERTEX_POINT('',#2938);
#2938 = CARTESIAN_POINT('',(31.,-48.,270.));
#2939 = VERTEX_POINT('',#2940);
#2940 = CARTESIAN_POINT('',(31.,-42.,276.));
#2941 = SURFACE_CURVE('',#2942,(#2947,#2953),.PCURVE_S1.);
#2942 = CIRCLE('',#2943,6.);
#2943 = AXIS2_PLACEMENT_3D('',#2944,#2945,#2946);
#2944 = CARTESIAN_POINT('',(31.,-42.,270.));
#2945 = DIRECTION('',(-1.,-0.,0.));
#2946 = DIRECTION('',(0.,-1.,0.));
#2947 = PCURVE('',#2807,#2948);
#2948 = DEFINITIONAL_REPRESENTATION('',(#2949),#2952);
#2949 = B_SPLINE_CURVE_WITH_KNOTS('',1,(#2950,#2951),.UNSPECIFIED.,.F.,
  .F.,(2,2),(0.,1.570796326795),.PIECEWISE_BEZIER_KNOTS.);
#2950 = CARTESIAN_POINT('',(0.,0.));
#2951 = CARTESIAN_POINT('',(0.,1.570796326795));
#2952 = ( GEOMETRIC_REPRESENTATION_CONTEXT(2) 
PARAMETRIC_REPRESENTATION_CONTEXT() REPRESENTATION_CONTEXT('2D SPACE',''
  ) );
#2953 = PCURVE('',#2954,#2959);
#2954 = CYLINDRICAL_SURFACE('',#2955,6.);
#2955 = AXIS2_PLACEMENT_3D('',#2956,#2957,#2958);
#2956 = CARTESIAN_POINT('',(-31.,-42.,270.));
#2957 = DIRECTION('',(1.,0.,0.));
#2958 = DIRECTION('',(0.,-1.,-0.));
#2959 = DEFINITIONAL_REPRESENTATION('',(#2960),#2963);
#2960 = B_SPLINE_CURVE_WITH_KNOTS('',1,(#2961,#2962),.UNSPECIFIED.,.F.,
  .F.,(2,2),(0.,1.570796326795),.PIECEWISE_BEZIER_KNOTS.);
#2961 = CARTESIAN_POINT('',(0.,62.));
#2962 = CARTESIAN_POINT('',(-1.570796326795,62.));
#2963 = ( GEOMETRIC_REPRESENTATION_CONTEXT(2) 
PARAMETRIC_REPRESENTATION_CONTEXT() REPRESENTATION_CONTEXT('2D SPACE',''
  ) );
#2964 = ORIENTED_EDGE('',*,*,#2965,.T.);
#2965 = EDGE_CURVE('',#2937,#2762,#2966,.T.);
#2966 = SURFACE_CURVE('',#2967,(#2972,#2979),.PCURVE_S1.);
#2967 = CIRCLE('',#2968,24.);
#2968 = AXIS2_PLACEMENT_3D('',#2969,#2970,#2971);
#2969 = CARTESIAN_POINT('',(31.,-24.,270.));
#2970 = DIRECTION('',(0.,0.,1.));
#2971 = DIRECTION('',(0.,-1.,0.));
#2972 = PCURVE('',#2807,#2973);
#2973 = DEFINITIONAL_REPRESENTATION('',(#2974),#2978);
#2974 = LINE('',#2975,#2976);
#2975 = CARTESIAN_POINT('',(0.,0.));
#2976 = VECTOR('',#2977,1.);
#2977 = DIRECTION('',(1.,0.));
#2978 = ( GEOMETRIC_REPRESENTATION_CONTEXT(2) 
PARAMETRIC_REPRESENTATION_CONTEXT() REPRESENTATION_CONTEXT('2D SPACE',''
  ) );
#2979 = PCURVE('',#2980,#2985);
#2980 = CYLINDRICAL_SURFACE('',#2981,24.);
#2981 = AXIS2_PLACEMENT_3D('',#2982,#2983,#2984);
#2982 = CARTESIAN_POINT('',(31.,-24.,258.));
#2983 = DIRECTION('',(0.,0.,1.));
#2984 = DIRECTION('',(0.,-1.,0.));
#2985 = DEFINITIONAL_REPRESENTATION('',(#2986),#2990);
#2986 = LINE('',#2987,#2988);
#2987 = CARTESIAN_POINT('',(0.,12.));
#2988 = VECTOR('',#2989,1.);
#2989 = DIRECTION('',(1.,0.));
#2990 = ( GEOMETRIC_REPRESENTATION_CONTEXT(2) 
PARAMETRIC_REPRESENTATION_CONTEXT() REPRESENTATION_CONTEXT('2D SPACE',''
  ) );
#2991 = ORIENTED_EDGE('',*,*,#2791,.T.);
#2992 = ORIENTED_EDGE('',*,*,#2993,.F.);
#2993 = EDGE_CURVE('',#2939,#2792,#2994,.T.);
#2994 = SURFACE_CURVE('',#2995,(#3000,#3007),.PCURVE_S1.);
#2995 = CIRCLE('',#2996,18.);
#2996 = AXIS2_PLACEMENT_3D('',#2997,#2998,#2999);
#2997 = CARTESIAN_POINT('',(31.,-24.,276.));
#2998 = DIRECTION('',(0.,0.,1.));
#2999 = DIRECTION('',(0.,-1.,0.));
#3000 = PCURVE('',#2807,#3001);
#3001 = DEFINITIONAL_REPRESENTATION('',(#3002),#3006);
#3002 = LINE('',#3003,#3004);
#3003 = CARTESIAN_POINT('',(0.,1.570796326795));
#3004 = VECTOR('',#3005,1.);
#3005 = DIRECTION('',(1.,0.));
#3006 = ( GEOMETRIC_REPRESENTATION_CONTEXT(2) 
PARAMETRIC_REPRESENTATION_CONTEXT() REPRESENTATION_CONTEXT('2D SPACE',''
  ) );
#3007 = PCURVE('',#2726,#3008);
#3008 = DEFINITIONAL_REPRESENTATION('',(#3009),#3013);
#3009 = CIRCLE('',#3010,18.);
#3010 = AXIS2_PLACEMENT_2D('',#3011,#3012);
#3011 = CARTESIAN_POINT('',(31.,-15.));
#3012 = DIRECTION('',(0.,-1.));
#3013 = ( GEOMETRIC_REPRESENTATION_CONTEXT(2) 
PARAMETRIC_REPRESENTATION_CONTEXT() REPRESENTATION_CONTEXT('2D SPACE',''
  ) );
#3014 = ADVANCED_FACE('',(#3015),#2980,.T.);
#3015 = FACE_BOUND('',#3016,.T.);
#3016 = EDGE_LOOP('',(#3017,#3045,#3069,#3090));
#3017 = ORIENTED_EDGE('',*,*,#3018,.F.);
#3018 = EDGE_CURVE('',#3019,#2937,#3021,.T.);
#3019 = VERTEX_POINT('',#3020);
#3020 = CARTESIAN_POINT('',(31.,-48.,260.));
#3021 = SURFACE_CURVE('',#3022,(#3026,#3033),.PCURVE_S1.);
#3022 = LINE('',#3023,#3024);
#3023 = CARTESIAN_POINT('',(31.,-48.,258.));
#3024 = VECTOR('',#3025,1.);
#3025 = DIRECTION('',(0.,0.,1.));
#3026 = PCURVE('',#2980,#3027);
#3027 = DEFINITIONAL_REPRESENTATION('',(#3028),#3032);
#3028 = LINE('',#3029,#3030);
#3029 = CARTESIAN_POINT('',(0.,0.));
#3030 = VECTOR('',#3031,1.);
#3031 = DIRECTION('',(0.,1.));
#3032 = ( GEOMETRIC_REPRESENTATION_CONTEXT(2) 
PARAMETRIC_REPRESENTATION_CONTEXT() REPRESENTATION_CONTEXT('2D SPACE',''
  ) );
#3033 = PCURVE('',#3034,#3039);
#3034 = PLANE('',#3035);
#3035 = AXIS2_PLACEMENT_3D('',#3036,#3037,#3038);
#3036 = CARTESIAN_POINT('',(-55.,-48.,258.));
#3037 = DIRECTION('',(0.,1.,0.));
#3038 = DIRECTION('',(1.,0.,0.));
#3039 = DEFINITIONAL_REPRESENTATION('',(#3040),#3044);
#3040 = LINE('',#3041,#3042);
#3041 = CARTESIAN_POINT('',(86.,0.));
#3042 = VECTOR('',#3043,1.);
#3043 = DIRECTION('',(0.,-1.));
#3044 = ( GEOMETRIC_REPRESENTATION_CONTEXT(2) 
PARAMETRIC_REPRESENTATION_CONTEXT() REPRESENTATION_CONTEXT('2D SPACE',''
  ) );
#3045 = ORIENTED_EDGE('',*,*,#3046,.T.);
#3046 = EDGE_CURVE('',#3019,#3047,#3049,.T.);
#3047 = VERTEX_POINT('',#3048);
#3048 = CARTESIAN_POINT('',(55.,-24.,260.));
#3049 = SURFACE_CURVE('',#3050,(#3055,#3062),.PCURVE_S1.);
#3050 = CIRCLE('',#3051,24.);
#3051 = AXIS2_PLACEMENT_3D('',#3052,#3053,#3054);
#3052 = CARTESIAN_POINT('',(31.,-24.,260.));
#3053 = DIRECTION('',(0.,0.,1.));
#3054 = DIRECTION('',(0.,-1.,0.));
#3055 = PCURVE('',#2980,#3056);
#3056 = DEFINITIONAL_REPRESENTATION('',(#3057),#3061);
#3057 = LINE('',#3058,#3059);
#3058 = CARTESIAN_POINT('',(0.,2.));
#3059 = VECTOR('',#3060,1.);
#3060 = DIRECTION('',(1.,0.));
#3061 = ( GEOMETRIC_REPRESENTATION_CONTEXT(2) 
PARAMETRIC_REPRESENTATION_CONTEXT() REPRESENTATION_CONTEXT('2D SPACE',''
  ) );
#3062 = PCURVE('',#98,#3063);
#3063 = DEFINITIONAL_REPRESENTATION('',(#3064),#3068);
#3064 = CIRCLE('',#3065,24.);
#3065 = AXIS2_PLACEMENT_2D('',#3066,#3067);
#3066 = CARTESIAN_POINT('',(31.,-24.));
#3067 = DIRECTION('',(0.,-1.));
#3068 = ( GEOMETRIC_REPRESENTATION_CONTEXT(2) 
PARAMETRIC_REPRESENTATION_CONTEXT() REPRESENTATION_CONTEXT('2D SPACE',''
  ) );
#3069 = ORIENTED_EDGE('',*,*,#3070,.T.);
#3070 = EDGE_CURVE('',#3047,#2762,#3071,.T.);
#3071 = SURFACE_CURVE('',#3072,(#3076,#3083),.PCURVE_S1.);
#3072 = LINE('',#3073,#3074);
#3073 = CARTESIAN_POINT('',(55.,-24.,258.));
#3074 = VECTOR('',#3075,1.);
#3075 = DIRECTION('',(0.,0.,1.));
#3076 = PCURVE('',#2980,#3077);
#3077 = DEFINITIONAL_REPRESENTATION('',(#3078),#3082);
#3078 = LINE('',#3079,#3080);
#3079 = CARTESIAN_POINT('',(1.570796326795,0.));
#3080 = VECTOR('',#3081,1.);
#3081 = DIRECTION('',(0.,1.));
#3082 = ( GEOMETRIC_REPRESENTATION_CONTEXT(2) 
PARAMETRIC_REPRESENTATION_CONTEXT() REPRESENTATION_CONTEXT('2D SPACE',''
  ) );
#3083 = PCURVE('',#2779,#3084);
#3084 = DEFINITIONAL_REPRESENTATION('',(#3085),#3089);
#3085 = LINE('',#3086,#3087);
#3086 = CARTESIAN_POINT('',(24.,0.));
#3087 = VECTOR('',#3088,1.);
#3088 = DIRECTION('',(0.,-1.));
#3089 = ( GEOMETRIC_REPRESENTATION_CONTEXT(2) 
PARAMETRIC_REPRESENTATION_CONTEXT() REPRESENTATION_CONTEXT('2D SPACE',''
  ) );
#3090 = ORIENTED_EDGE('',*,*,#2965,.F.);
#3091 = ADVANCED_FACE('',(#3092),#3034,.F.);
#3092 = FACE_BOUND('',#3093,.F.);
#3093 = EDGE_LOOP('',(#3094,#3115,#3143,#3164));
#3094 = ORIENTED_EDGE('',*,*,#3095,.T.);
#3095 = EDGE_CURVE('',#3019,#3096,#3098,.T.);
#3096 = VERTEX_POINT('',#3097);
#3097 = CARTESIAN_POINT('',(-31.,-48.,260.));
#3098 = SURFACE_CURVE('',#3099,(#3103,#3109),.PCURVE_S1.);
#3099 = LINE('',#3100,#3101);
#3100 = CARTESIAN_POINT('',(-27.5,-48.,260.));
#3101 = VECTOR('',#3102,1.);
#3102 = DIRECTION('',(-1.,0.,0.));
#3103 = PCURVE('',#3034,#3104);
#3104 = DEFINITIONAL_REPRESENTATION('',(#3105),#3108);
#3105 = B_SPLINE_CURVE_WITH_KNOTS('',1,(#3106,#3107),.UNSPECIFIED.,.F.,
  .F.,(2,2),(-58.5,3.5),.PIECEWISE_BEZIER_KNOTS.);
#3106 = CARTESIAN_POINT('',(86.,-2.));
#3107 = CARTESIAN_POINT('',(24.,-2.));
#3108 = ( GEOMETRIC_REPRESENTATION_CONTEXT(2) 
PARAMETRIC_REPRESENTATION_CONTEXT() REPRESENTATION_CONTEXT('2D SPACE',''
  ) );
#3109 = PCURVE('',#98,#3110);
#3110 = DEFINITIONAL_REPRESENTATION('',(#3111),#3114);
#3111 = B_SPLINE_CURVE_WITH_KNOTS('',1,(#3112,#3113),.UNSPECIFIED.,.F.,
  .F.,(2,2),(-58.5,3.5),.PIECEWISE_BEZIER_KNOTS.);
#3112 = CARTESIAN_POINT('',(31.,-48.));
#3113 = CARTESIAN_POINT('',(-31.,-48.));
#3114 = ( GEOMETRIC_REPRESENTATION_CONTEXT(2) 
PARAMETRIC_REPRESENTATION_CONTEXT() REPRESENTATION_CONTEXT('2D SPACE',''
  ) );
#3115 = ORIENTED_EDGE('',*,*,#3116,.T.);
#3116 = EDGE_CURVE('',#3096,#3117,#3119,.T.);
#3117 = VERTEX_POINT('',#3118);
#3118 = CARTESIAN_POINT('',(-31.,-48.,270.));
#3119 = SURFACE_CURVE('',#3120,(#3124,#3131),.PCURVE_S1.);
#3120 = LINE('',#3121,#3122);
#3121 = CARTESIAN_POINT('',(-31.,-48.,258.));
#3122 = VECTOR('',#3123,1.);
#3123 = DIRECTION('',(0.,0.,1.));
#3124 = PCURVE('',#3034,#3125);
#3125 = DEFINITIONAL_REPRESENTATION('',(#3126),#3130);
#3126 = LINE('',#3127,#3128);
#3127 = CARTESIAN_POINT('',(24.,0.));
#3128 = VECTOR('',#3129,1.);
#3129 = DIRECTION('',(0.,-1.));
#3130 = ( GEOMETRIC_REPRESENTATION_CONTEXT(2) 
PARAMETRIC_REPRESENTATION_CONTEXT() REPRESENTATION_CONTEXT('2D SPACE',''
  ) );
#3131 = PCURVE('',#3132,#3137);
#3132 = CYLINDRICAL_SURFACE('',#3133,24.);
#3133 = AXIS2_PLACEMENT_3D('',#3134,#3135,#3136);
#3134 = CARTESIAN_POINT('',(-31.,-24.,258.));
#3135 = DIRECTION('',(0.,0.,1.));
#3136 = DIRECTION('',(0.,-1.,0.));
#3137 = DEFINITIONAL_REPRESENTATION('',(#3138),#3142);
#3138 = LINE('',#3139,#3140);
#3139 = CARTESIAN_POINT('',(-0.,0.));
#3140 = VECTOR('',#3141,1.);
#3141 = DIRECTION('',(-0.,1.));
#3142 = ( GEOMETRIC_REPRESENTATION_CONTEXT(2) 
PARAMETRIC_REPRESENTATION_CONTEXT() REPRESENTATION_CONTEXT('2D SPACE',''
  ) );
#3143 = ORIENTED_EDGE('',*,*,#3144,.T.);
#3144 = EDGE_CURVE('',#3117,#2937,#3145,.T.);
#3145 = SURFACE_CURVE('',#3146,(#3150,#3157),.PCURVE_S1.);
#3146 = LINE('',#3147,#3148);
#3147 = CARTESIAN_POINT('',(-31.,-48.,270.));
#3148 = VECTOR('',#3149,1.);
#3149 = DIRECTION('',(1.,0.,0.));
#3150 = PCURVE('',#3034,#3151);
#3151 = DEFINITIONAL_REPRESENTATION('',(#3152),#3156);
#3152 = LINE('',#3153,#3154);
#3153 = CARTESIAN_POINT('',(24.,-12.));
#3154 = VECTOR('',#3155,1.);
#3155 = DIRECTION('',(1.,0.));
#3156 = ( GEOMETRIC_REPRESENTATION_CONTEXT(2) 
PARAMETRIC_REPRESENTATION_CONTEXT() REPRESENTATION_CONTEXT('2D SPACE',''
  ) );
#3157 = PCURVE('',#2954,#3158);
#3158 = DEFINITIONAL_REPRESENTATION('',(#3159),#3163);
#3159 = LINE('',#3160,#3161);
#3160 = CARTESIAN_POINT('',(-0.,0.));
#3161 = VECTOR('',#3162,1.);
#3162 = DIRECTION('',(-0.,1.));
#3163 = ( GEOMETRIC_REPRESENTATION_CONTEXT(2) 
PARAMETRIC_REPRESENTATION_CONTEXT() REPRESENTATION_CONTEXT('2D SPACE',''
  ) );
#3164 = ORIENTED_EDGE('',*,*,#3018,.F.);
#3165 = ADVANCED_FACE('',(#3166),#3132,.T.);
#3166 = FACE_BOUND('',#3167,.F.);
#3167 = EDGE_LOOP('',(#3168,#3169,#3193,#3221,#3250,#3276,#3305,#3326));
#3168 = ORIENTED_EDGE('',*,*,#3116,.F.);
#3169 = ORIENTED_EDGE('',*,*,#3170,.F.);
#3170 = EDGE_CURVE('',#3171,#3096,#3173,.T.);
#3171 = VERTEX_POINT('',#3172);
#3172 = CARTESIAN_POINT('',(-55.,-24.,260.));
#3173 = SURFACE_CURVE('',#3174,(#3179,#3186),.PCURVE_S1.);
#3174 = CIRCLE('',#3175,24.);
#3175 = AXIS2_PLACEMENT_3D('',#3176,#3177,#3178);
#3176 = CARTESIAN_POINT('',(-31.,-24.,260.));
#3177 = DIRECTION('',(0.,0.,1.));
#3178 = DIRECTION('',(0.,-1.,0.));
#3179 = PCURVE('',#3132,#3180);
#3180 = DEFINITIONAL_REPRESENTATION('',(#3181),#3185);
#3181 = LINE('',#3182,#3183);
#3182 = CARTESIAN_POINT('',(-6.28318530718,2.));
#3183 = VECTOR('',#3184,1.);
#3184 = DIRECTION('',(1.,-0.));
#3185 = ( GEOMETRIC_REPRESENTATION_CONTEXT(2) 
PARAMETRIC_REPRESENTATION_CONTEXT() REPRESENTATION_CONTEXT('2D SPACE',''
  ) );
#3186 = PCURVE('',#98,#3187);
#3187 = DEFINITIONAL_REPRESENTATION('',(#3188),#3192);
#3188 = CIRCLE('',#3189,24.);
#3189 = AXIS2_PLACEMENT_2D('',#3190,#3191);
#3190 = CARTESIAN_POINT('',(-31.,-24.));
#3191 = DIRECTION('',(0.,-1.));
#3192 = ( GEOMETRIC_REPRESENTATION_CONTEXT(2) 
PARAMETRIC_REPRESENTATION_CONTEXT() REPRESENTATION_CONTEXT('2D SPACE',''
  ) );
#3193 = ORIENTED_EDGE('',*,*,#3194,.T.);
#3194 = EDGE_CURVE('',#3171,#3195,#3197,.T.);
#3195 = VERTEX_POINT('',#3196);
#3196 = CARTESIAN_POINT('',(-55.,-24.,270.));
#3197 = SURFACE_CURVE('',#3198,(#3202,#3209),.PCURVE_S1.);
#3198 = LINE('',#3199,#3200);
#3199 = CARTESIAN_POINT('',(-55.,-24.,258.));
#3200 = VECTOR('',#3201,1.);
#3201 = DIRECTION('',(0.,0.,1.));
#3202 = PCURVE('',#3132,#3203);
#3203 = DEFINITIONAL_REPRESENTATION('',(#3204),#3208);
#3204 = LINE('',#3205,#3206);
#3205 = CARTESIAN_POINT('',(-1.570796326795,0.));
#3206 = VECTOR('',#3207,1.);
#3207 = DIRECTION('',(-0.,1.));
#3208 = ( GEOMETRIC_REPRESENTATION_CONTEXT(2) 
PARAMETRIC_REPRESENTATION_CONTEXT() REPRESENTATION_CONTEXT('2D SPACE',''
  ) );
#3209 = PCURVE('',#3210,#3215);
#3210 = PLANE('',#3211);
#3211 = AXIS2_PLACEMENT_3D('',#3212,#3213,#3214);
#3212 = CARTESIAN_POINT('',(-55.,30.,258.));
#3213 = DIRECTION('',(1.,0.,-0.));
#3214 = DIRECTION('',(0.,-1.,0.));
#3215 = DEFINITIONAL_REPRESENTATION('',(#3216),#3220);
#3216 = LINE('',#3217,#3218);
#3217 = CARTESIAN_POINT('',(54.,0.));
#3218 = VECTOR('',#3219,1.);
#3219 = DIRECTION('',(0.,-1.));
#3220 = ( GEOMETRIC_REPRESENTATION_CONTEXT(2) 
PARAMETRIC_REPRESENTATION_CONTEXT() REPRESENTATION_CONTEXT('2D SPACE',''
  ) );
#3221 = ORIENTED_EDGE('',*,*,#3222,.T.);
#3222 = EDGE_CURVE('',#3195,#3223,#3225,.T.);
#3223 = VERTEX_POINT('',#3224);
#3224 = CARTESIAN_POINT('',(-48.69089527977,-40.21826822444,270.));
#3225 = SURFACE_CURVE('',#3226,(#3231,#3238),.PCURVE_S1.);
#3226 = CIRCLE('',#3227,24.);
#3227 = AXIS2_PLACEMENT_3D('',#3228,#3229,#3230);
#3228 = CARTESIAN_POINT('',(-31.,-24.,270.));
#3229 = DIRECTION('',(0.,0.,1.));
#3230 = DIRECTION('',(-1.,0.,0.));
#3231 = PCURVE('',#3132,#3232);
#3232 = DEFINITIONAL_REPRESENTATION('',(#3233),#3237);
#3233 = LINE('',#3234,#3235);
#3234 = CARTESIAN_POINT('',(-1.570796326795,12.));
#3235 = VECTOR('',#3236,1.);
#3236 = DIRECTION('',(1.,-0.));
#3237 = ( GEOMETRIC_REPRESENTATION_CONTEXT(2) 
PARAMETRIC_REPRESENTATION_CONTEXT() REPRESENTATION_CONTEXT('2D SPACE',''
  ) );
#3238 = PCURVE('',#3239,#3244);
#3239 = TOROIDAL_SURFACE('',#3240,18.,6.);
#3240 = AXIS2_PLACEMENT_3D('',#3241,#3242,#3243);
#3241 = CARTESIAN_POINT('',(-31.,-24.,270.));
#3242 = DIRECTION('',(0.,0.,1.));
#3243 = DIRECTION('',(-1.,0.,0.));
#3244 = DEFINITIONAL_REPRESENTATION('',(#3245),#3249);
#3245 = LINE('',#3246,#3247);
#3246 = CARTESIAN_POINT('',(0.,0.));
#3247 = VECTOR('',#3248,1.);
#3248 = DIRECTION('',(1.,0.));
#3249 = ( GEOMETRIC_REPRESENTATION_CONTEXT(2) 
PARAMETRIC_REPRESENTATION_CONTEXT() REPRESENTATION_CONTEXT('2D SPACE',''
  ) );
#3250 = ORIENTED_EDGE('',*,*,#3251,.F.);
#3251 = EDGE_CURVE('',#3252,#3223,#3254,.T.);
#3252 = VERTEX_POINT('',#3253);
#3253 = CARTESIAN_POINT('',(-48.69089527977,-40.21826822444,267.));
#3254 = SURFACE_CURVE('',#3255,(#3259,#3265),.PCURVE_S1.);
#3255 = LINE('',#3256,#3257);
#3256 = CARTESIAN_POINT('',(-48.69089527977,-40.21826822444,258.));
#3257 = VECTOR('',#3258,1.);
#3258 = DIRECTION('',(0.,0.,1.));
#3259 = PCURVE('',#3132,#3260);
#3260 = DEFINITIONAL_REPRESENTATION('',(#3261),#3264);
#3261 = B_SPLINE_CURVE_WITH_KNOTS('',1,(#3262,#3263),.UNSPECIFIED.,.F.,
  .F.,(2,2),(8.9999994,12.0000006),.PIECEWISE_BEZIER_KNOTS.);
#3262 = CARTESIAN_POINT('',(-0.828799478478,8.9999994));
#3263 = CARTESIAN_POINT('',(-0.828799478478,12.0000006));
#3264 = ( GEOMETRIC_REPRESENTATION_CONTEXT(2) 
PARAMETRIC_REPRESENTATION_CONTEXT() REPRESENTATION_CONTEXT('2D SPACE',''
  ) );
#3265 = PCURVE('',#3266,#3271);
#3266 = CYLINDRICAL_SURFACE('',#3267,2.);
#3267 = AXIS2_PLACEMENT_3D('',#3268,#3269,#3270);
#3268 = CARTESIAN_POINT('',(-46.85,-41.,267.));
#3269 = DIRECTION('',(-0.,-0.,-1.));
#3270 = DIRECTION('',(1.,0.,0.));
#3271 = DEFINITIONAL_REPRESENTATION('',(#3272),#3275);
#3272 = B_SPLINE_CURVE_WITH_KNOTS('',1,(#3273,#3274),.UNSPECIFIED.,.F.,
  .F.,(2,2),(8.9999994,12.0000006),.PIECEWISE_BEZIER_KNOTS.);
#3273 = CARTESIAN_POINT('',(-2.740020523931,6.000000212225E-07));
#3274 = CARTESIAN_POINT('',(-2.740020523931,-3.0000006));
#3275 = ( GEOMETRIC_REPRESENTATION_CONTEXT(2) 
PARAMETRIC_REPRESENTATION_CONTEXT() REPRESENTATION_CONTEXT('2D SPACE',''
  ) );
#3276 = ORIENTED_EDGE('',*,*,#3277,.T.);
#3277 = EDGE_CURVE('',#3252,#3278,#3280,.T.);
#3278 = VERTEX_POINT('',#3279);
#3279 = CARTESIAN_POINT('',(-45.94144903206,-42.7817225201,267.));
#3280 = SURFACE_CURVE('',#3281,(#3286,#3293),.PCURVE_S1.);
#3281 = CIRCLE('',#3282,24.);
#3282 = AXIS2_PLACEMENT_3D('',#3283,#3284,#3285);
#3283 = CARTESIAN_POINT('',(-31.,-24.,267.));
#3284 = DIRECTION('',(0.,0.,1.));
#3285 = DIRECTION('',(0.,-1.,0.));
#3286 = PCURVE('',#3132,#3287);
#3287 = DEFINITIONAL_REPRESENTATION('',(#3288),#3292);
#3288 = LINE('',#3289,#3290);
#3289 = CARTESIAN_POINT('',(-6.28318530718,9.));
#3290 = VECTOR('',#3291,1.);
#3291 = DIRECTION('',(1.,-0.));
#3292 = ( GEOMETRIC_REPRESENTATION_CONTEXT(2) 
PARAMETRIC_REPRESENTATION_CONTEXT() REPRESENTATION_CONTEXT('2D SPACE',''
  ) );
#3293 = PCURVE('',#3294,#3299);
#3294 = PLANE('',#3295);
#3295 = AXIS2_PLACEMENT_3D('',#3296,#3297,#3298);
#3296 = CARTESIAN_POINT('',(-46.85,-41.,267.));
#3297 = DIRECTION('',(0.,0.,1.));
#3298 = DIRECTION('',(1.,0.,-0.));
#3299 = DEFINITIONAL_REPRESENTATION('',(#3300),#3304);
#3300 = CIRCLE('',#3301,24.);
#3301 = AXIS2_PLACEMENT_2D('',#3302,#3303);
#3302 = CARTESIAN_POINT('',(15.85,17.));
#3303 = DIRECTION('',(0.,-1.));
#3304 = ( GEOMETRIC_REPRESENTATION_CONTEXT(2) 
PARAMETRIC_REPRESENTATION_CONTEXT() REPRESENTATION_CONTEXT('2D SPACE',''
  ) );
#3305 = ORIENTED_EDGE('',*,*,#3306,.T.);
#3306 = EDGE_CURVE('',#3278,#3307,#3309,.T.);
#3307 = VERTEX_POINT('',#3308);
#3308 = CARTESIAN_POINT('',(-45.94144903206,-42.7817225201,270.));
#3309 = SURFACE_CURVE('',#3310,(#3314,#3320),.PCURVE_S1.);
#3310 = LINE('',#3311,#3312);
#3311 = CARTESIAN_POINT('',(-45.94144903206,-42.7817225201,258.));
#3312 = VECTOR('',#3313,1.);
#3313 = DIRECTION('',(0.,0.,1.));
#3314 = PCURVE('',#3132,#3315);
#3315 = DEFINITIONAL_REPRESENTATION('',(#3316),#3319);
#3316 = B_SPLINE_CURVE_WITH_KNOTS('',1,(#3317,#3318),.UNSPECIFIED.,.F.,
  .F.,(2,2),(8.9999994,12.0000006),.PIECEWISE_BEZIER_KNOTS.);
#3317 = CARTESIAN_POINT('',(-0.672010208587,8.9999994));
#3318 = CARTESIAN_POINT('',(-0.672010208587,12.0000006));
#3319 = ( GEOMETRIC_REPRESENTATION_CONTEXT(2) 
PARAMETRIC_REPRESENTATION_CONTEXT() REPRESENTATION_CONTEXT('2D SPACE',''
  ) );
#3320 = PCURVE('',#3266,#3321);
#3321 = DEFINITIONAL_REPRESENTATION('',(#3322),#3325);
#3322 = B_SPLINE_CURVE_WITH_KNOTS('',1,(#3323,#3324),.UNSPECIFIED.,.F.,
  .F.,(2,2),(8.9999994,12.0000006),.PIECEWISE_BEZIER_KNOTS.);
#3323 = CARTESIAN_POINT('',(-5.183947749774,6.000000212225E-07));
#3324 = CARTESIAN_POINT('',(-5.183947749774,-3.0000006));
#3325 = ( GEOMETRIC_REPRESENTATION_CONTEXT(2) 
PARAMETRIC_REPRESENTATION_CONTEXT() REPRESENTATION_CONTEXT('2D SPACE',''
  ) );
#3326 = ORIENTED_EDGE('',*,*,#3327,.T.);
#3327 = EDGE_CURVE('',#3307,#3117,#3328,.T.);
#3328 = SURFACE_CURVE('',#3329,(#3334,#3341),.PCURVE_S1.);
#3329 = CIRCLE('',#3330,24.);
#3330 = AXIS2_PLACEMENT_3D('',#3331,#3332,#3333);
#3331 = CARTESIAN_POINT('',(-31.,-24.,270.));
#3332 = DIRECTION('',(0.,0.,1.));
#3333 = DIRECTION('',(-1.,0.,0.));
#3334 = PCURVE('',#3132,#3335);
#3335 = DEFINITIONAL_REPRESENTATION('',(#3336),#3340);
#3336 = LINE('',#3337,#3338);
#3337 = CARTESIAN_POINT('',(-1.570796326795,12.));
#3338 = VECTOR('',#3339,1.);
#3339 = DIRECTION('',(1.,-0.));
#3340 = ( GEOMETRIC_REPRESENTATION_CONTEXT(2) 
PARAMETRIC_REPRESENTATION_CONTEXT() REPRESENTATION_CONTEXT('2D SPACE',''
  ) );
#3341 = PCURVE('',#3239,#3342);
#3342 = DEFINITIONAL_REPRESENTATION('',(#3343),#3347);
#3343 = LINE('',#3344,#3345);
#3344 = CARTESIAN_POINT('',(0.,0.));
#3345 = VECTOR('',#3346,1.);
#3346 = DIRECTION('',(1.,0.));
#3347 = ( GEOMETRIC_REPRESENTATION_CONTEXT(2) 
PARAMETRIC_REPRESENTATION_CONTEXT() REPRESENTATION_CONTEXT('2D SPACE',''
  ) );
#3348 = ADVANCED_FACE('',(#3349),#3210,.F.);
#3349 = FACE_BOUND('',#3350,.F.);
#3350 = EDGE_LOOP('',(#3351,#3372,#3400,#3426));
#3351 = ORIENTED_EDGE('',*,*,#3352,.T.);
#3352 = EDGE_CURVE('',#3171,#3353,#3355,.T.);
#3353 = VERTEX_POINT('',#3354);
#3354 = CARTESIAN_POINT('',(-55.,6.,260.));
#3355 = SURFACE_CURVE('',#3356,(#3360,#3366),.PCURVE_S1.);
#3356 = LINE('',#3357,#3358);
#3357 = CARTESIAN_POINT('',(-55.,15.,260.));
#3358 = VECTOR('',#3359,1.);
#3359 = DIRECTION('',(-0.,1.,0.));
#3360 = PCURVE('',#3210,#3361);
#3361 = DEFINITIONAL_REPRESENTATION('',(#3362),#3365);
#3362 = B_SPLINE_CURVE_WITH_KNOTS('',1,(#3363,#3364),.UNSPECIFIED.,.F.,
  .F.,(2,2),(-39.,-9.),.PIECEWISE_BEZIER_KNOTS.);
#3363 = CARTESIAN_POINT('',(54.,-2.));
#3364 = CARTESIAN_POINT('',(24.,-2.));
#3365 = ( GEOMETRIC_REPRESENTATION_CONTEXT(2) 
PARAMETRIC_REPRESENTATION_CONTEXT() REPRESENTATION_CONTEXT('2D SPACE',''
  ) );
#3366 = PCURVE('',#98,#3367);
#3367 = DEFINITIONAL_REPRESENTATION('',(#3368),#3371);
#3368 = B_SPLINE_CURVE_WITH_KNOTS('',1,(#3369,#3370),.UNSPECIFIED.,.F.,
  .F.,(2,2),(-39.,-9.),.PIECEWISE_BEZIER_KNOTS.);
#3369 = CARTESIAN_POINT('',(-55.,-24.));
#3370 = CARTESIAN_POINT('',(-55.,6.));
#3371 = ( GEOMETRIC_REPRESENTATION_CONTEXT(2) 
PARAMETRIC_REPRESENTATION_CONTEXT() REPRESENTATION_CONTEXT('2D SPACE',''
  ) );
#3372 = ORIENTED_EDGE('',*,*,#3373,.T.);
#3373 = EDGE_CURVE('',#3353,#3374,#3376,.T.);
#3374 = VERTEX_POINT('',#3375);
#3375 = CARTESIAN_POINT('',(-55.,6.,270.));
#3376 = SURFACE_CURVE('',#3377,(#3381,#3388),.PCURVE_S1.);
#3377 = LINE('',#3378,#3379);
#3378 = CARTESIAN_POINT('',(-55.,6.,258.));
#3379 = VECTOR('',#3380,1.);
#3380 = DIRECTION('',(0.,0.,1.));
#3381 = PCURVE('',#3210,#3382);
#3382 = DEFINITIONAL_REPRESENTATION('',(#3383),#3387);
#3383 = LINE('',#3384,#3385);
#3384 = CARTESIAN_POINT('',(24.,0.));
#3385 = VECTOR('',#3386,1.);
#3386 = DIRECTION('',(0.,-1.));
#3387 = ( GEOMETRIC_REPRESENTATION_CONTEXT(2) 
PARAMETRIC_REPRESENTATION_CONTEXT() REPRESENTATION_CONTEXT('2D SPACE',''
  ) );
#3388 = PCURVE('',#3389,#3394);
#3389 = CYLINDRICAL_SURFACE('',#3390,24.);
#3390 = AXIS2_PLACEMENT_3D('',#3391,#3392,#3393);
#3391 = CARTESIAN_POINT('',(-31.,6.,258.));
#3392 = DIRECTION('',(0.,0.,1.));
#3393 = DIRECTION('',(-0.,1.,0.));
#3394 = DEFINITIONAL_REPRESENTATION('',(#3395),#3399);
#3395 = LINE('',#3396,#3397);
#3396 = CARTESIAN_POINT('',(1.570796326795,0.));
#3397 = VECTOR('',#3398,1.);
#3398 = DIRECTION('',(0.,1.));
#3399 = ( GEOMETRIC_REPRESENTATION_CONTEXT(2) 
PARAMETRIC_REPRESENTATION_CONTEXT() REPRESENTATION_CONTEXT('2D SPACE',''
  ) );
#3400 = ORIENTED_EDGE('',*,*,#3401,.T.);
#3401 = EDGE_CURVE('',#3374,#3195,#3402,.T.);
#3402 = SURFACE_CURVE('',#3403,(#3407,#3414),.PCURVE_S1.);
#3403 = LINE('',#3404,#3405);
#3404 = CARTESIAN_POINT('',(-55.,6.,270.));
#3405 = VECTOR('',#3406,1.);
#3406 = DIRECTION('',(0.,-1.,0.));
#3407 = PCURVE('',#3210,#3408);
#3408 = DEFINITIONAL_REPRESENTATION('',(#3409),#3413);
#3409 = LINE('',#3410,#3411);
#3410 = CARTESIAN_POINT('',(24.,-12.));
#3411 = VECTOR('',#3412,1.);
#3412 = DIRECTION('',(1.,0.));
#3413 = ( GEOMETRIC_REPRESENTATION_CONTEXT(2) 
PARAMETRIC_REPRESENTATION_CONTEXT() REPRESENTATION_CONTEXT('2D SPACE',''
  ) );
#3414 = PCURVE('',#3415,#3420);
#3415 = CYLINDRICAL_SURFACE('',#3416,6.);
#3416 = AXIS2_PLACEMENT_3D('',#3417,#3418,#3419);
#3417 = CARTESIAN_POINT('',(-49.,6.,270.));
#3418 = DIRECTION('',(0.,-1.,0.));
#3419 = DIRECTION('',(-1.,-0.,0.));
#3420 = DEFINITIONAL_REPRESENTATION('',(#3421),#3425);
#3421 = LINE('',#3422,#3423);
#3422 = CARTESIAN_POINT('',(-0.,0.));
#3423 = VECTOR('',#3424,1.);
#3424 = DIRECTION('',(-0.,1.));
#3425 = ( GEOMETRIC_REPRESENTATION_CONTEXT(2) 
PARAMETRIC_REPRESENTATION_CONTEXT() REPRESENTATION_CONTEXT('2D SPACE',''
  ) );
#3426 = ORIENTED_EDGE('',*,*,#3194,.F.);
#3427 = ADVANCED_FACE('',(#3428),#3389,.T.);
#3428 = FACE_BOUND('',#3429,.T.);
#3429 = EDGE_LOOP('',(#3430,#3460,#3482,#3483));
#3430 = ORIENTED_EDGE('',*,*,#3431,.F.);
#3431 = EDGE_CURVE('',#3432,#3434,#3436,.T.);
#3432 = VERTEX_POINT('',#3433);
#3433 = CARTESIAN_POINT('',(-31.,30.,260.));
#3434 = VERTEX_POINT('',#3435);
#3435 = CARTESIAN_POINT('',(-31.,30.,270.));
#3436 = SURFACE_CURVE('',#3437,(#3441,#3448),.PCURVE_S1.);
#3437 = LINE('',#3438,#3439);
#3438 = CARTESIAN_POINT('',(-31.,30.,258.));
#3439 = VECTOR('',#3440,1.);
#3440 = DIRECTION('',(0.,0.,1.));
#3441 = PCURVE('',#3389,#3442);
#3442 = DEFINITIONAL_REPRESENTATION('',(#3443),#3447);
#3443 = LINE('',#3444,#3445);
#3444 = CARTESIAN_POINT('',(0.,0.));
#3445 = VECTOR('',#3446,1.);
#3446 = DIRECTION('',(0.,1.));
#3447 = ( GEOMETRIC_REPRESENTATION_CONTEXT(2) 
PARAMETRIC_REPRESENTATION_CONTEXT() REPRESENTATION_CONTEXT('2D SPACE',''
  ) );
#3448 = PCURVE('',#3449,#3454);
#3449 = PLANE('',#3450);
#3450 = AXIS2_PLACEMENT_3D('',#3451,#3452,#3453);
#3451 = CARTESIAN_POINT('',(55.,30.,258.));
#3452 = DIRECTION('',(0.,-1.,0.));
#3453 = DIRECTION('',(-1.,0.,0.));
#3454 = DEFINITIONAL_REPRESENTATION('',(#3455),#3459);
#3455 = LINE('',#3456,#3457);
#3456 = CARTESIAN_POINT('',(86.,0.));
#3457 = VECTOR('',#3458,1.);
#3458 = DIRECTION('',(0.,-1.));
#3459 = ( GEOMETRIC_REPRESENTATION_CONTEXT(2) 
PARAMETRIC_REPRESENTATION_CONTEXT() REPRESENTATION_CONTEXT('2D SPACE',''
  ) );
#3460 = ORIENTED_EDGE('',*,*,#3461,.T.);
#3461 = EDGE_CURVE('',#3432,#3353,#3462,.T.);
#3462 = SURFACE_CURVE('',#3463,(#3468,#3475),.PCURVE_S1.);
#3463 = CIRCLE('',#3464,24.);
#3464 = AXIS2_PLACEMENT_3D('',#3465,#3466,#3467);
#3465 = CARTESIAN_POINT('',(-31.,6.,260.));
#3466 = DIRECTION('',(0.,0.,1.));
#3467 = DIRECTION('',(-0.,1.,0.));
#3468 = PCURVE('',#3389,#3469);
#3469 = DEFINITIONAL_REPRESENTATION('',(#3470),#3474);
#3470 = LINE('',#3471,#3472);
#3471 = CARTESIAN_POINT('',(0.,2.));
#3472 = VECTOR('',#3473,1.);
#3473 = DIRECTION('',(1.,0.));
#3474 = ( GEOMETRIC_REPRESENTATION_CONTEXT(2) 
PARAMETRIC_REPRESENTATION_CONTEXT() REPRESENTATION_CONTEXT('2D SPACE',''
  ) );
#3475 = PCURVE('',#98,#3476);
#3476 = DEFINITIONAL_REPRESENTATION('',(#3477),#3481);
#3477 = CIRCLE('',#3478,24.);
#3478 = AXIS2_PLACEMENT_2D('',#3479,#3480);
#3479 = CARTESIAN_POINT('',(-31.,6.));
#3480 = DIRECTION('',(0.,1.));
#3481 = ( GEOMETRIC_REPRESENTATION_CONTEXT(2) 
PARAMETRIC_REPRESENTATION_CONTEXT() REPRESENTATION_CONTEXT('2D SPACE',''
  ) );
#3482 = ORIENTED_EDGE('',*,*,#3373,.T.);
#3483 = ORIENTED_EDGE('',*,*,#3484,.F.);
#3484 = EDGE_CURVE('',#3434,#3374,#3485,.T.);
#3485 = SURFACE_CURVE('',#3486,(#3491,#3498),.PCURVE_S1.);
#3486 = CIRCLE('',#3487,24.);
#3487 = AXIS2_PLACEMENT_3D('',#3488,#3489,#3490);
#3488 = CARTESIAN_POINT('',(-31.,6.,270.));
#3489 = DIRECTION('',(0.,0.,1.));
#3490 = DIRECTION('',(0.,1.,-0.));
#3491 = PCURVE('',#3389,#3492);
#3492 = DEFINITIONAL_REPRESENTATION('',(#3493),#3497);
#3493 = LINE('',#3494,#3495);
#3494 = CARTESIAN_POINT('',(0.,12.));
#3495 = VECTOR('',#3496,1.);
#3496 = DIRECTION('',(1.,0.));
#3497 = ( GEOMETRIC_REPRESENTATION_CONTEXT(2) 
PARAMETRIC_REPRESENTATION_CONTEXT() REPRESENTATION_CONTEXT('2D SPACE',''
  ) );
#3498 = PCURVE('',#3499,#3504);
#3499 = TOROIDAL_SURFACE('',#3500,18.,6.);
#3500 = AXIS2_PLACEMENT_3D('',#3501,#3502,#3503);
#3501 = CARTESIAN_POINT('',(-31.,6.,270.));
#3502 = DIRECTION('',(0.,0.,1.));
#3503 = DIRECTION('',(0.,1.,-0.));
#3504 = DEFINITIONAL_REPRESENTATION('',(#3505),#3509);
#3505 = LINE('',#3506,#3507);
#3506 = CARTESIAN_POINT('',(0.,0.));
#3507 = VECTOR('',#3508,1.);
#3508 = DIRECTION('',(1.,0.));
#3509 = ( GEOMETRIC_REPRESENTATION_CONTEXT(2) 
PARAMETRIC_REPRESENTATION_CONTEXT() REPRESENTATION_CONTEXT('2D SPACE',''
  ) );
#3510 = ADVANCED_FACE('',(#3511),#3499,.T.);
#3511 = FACE_BOUND('',#3512,.T.);
#3512 = EDGE_LOOP('',(#3513,#3540,#3541,#3563));
#3513 = ORIENTED_EDGE('',*,*,#3514,.F.);
#3514 = EDGE_CURVE('',#3434,#3515,#3517,.T.);
#3515 = VERTEX_POINT('',#3516);
#3516 = CARTESIAN_POINT('',(-31.,24.,276.));
#3517 = SURFACE_CURVE('',#3518,(#3523,#3529),.PCURVE_S1.);
#3518 = CIRCLE('',#3519,6.);
#3519 = AXIS2_PLACEMENT_3D('',#3520,#3521,#3522);
#3520 = CARTESIAN_POINT('',(-31.,24.,270.));
#3521 = DIRECTION('',(1.,0.,-0.));
#3522 = DIRECTION('',(0.,1.,0.));
#3523 = PCURVE('',#3499,#3524);
#3524 = DEFINITIONAL_REPRESENTATION('',(#3525),#3528);
#3525 = B_SPLINE_CURVE_WITH_KNOTS('',1,(#3526,#3527),.UNSPECIFIED.,.F.,
  .F.,(2,2),(0.,1.570796326795),.PIECEWISE_BEZIER_KNOTS.);
#3526 = CARTESIAN_POINT('',(0.,0.));
#3527 = CARTESIAN_POINT('',(0.,1.570796326795));
#3528 = ( GEOMETRIC_REPRESENTATION_CONTEXT(2) 
PARAMETRIC_REPRESENTATION_CONTEXT() REPRESENTATION_CONTEXT('2D SPACE',''
  ) );
#3529 = PCURVE('',#3530,#3535);
#3530 = CYLINDRICAL_SURFACE('',#3531,6.);
#3531 = AXIS2_PLACEMENT_3D('',#3532,#3533,#3534);
#3532 = CARTESIAN_POINT('',(31.,24.,270.));
#3533 = DIRECTION('',(-1.,0.,0.));
#3534 = DIRECTION('',(0.,1.,-0.));
#3535 = DEFINITIONAL_REPRESENTATION('',(#3536),#3539);
#3536 = B_SPLINE_CURVE_WITH_KNOTS('',1,(#3537,#3538),.UNSPECIFIED.,.F.,
  .F.,(2,2),(0.,1.570796326795),.PIECEWISE_BEZIER_KNOTS.);
#3537 = CARTESIAN_POINT('',(0.,62.));
#3538 = CARTESIAN_POINT('',(-1.570796326795,62.));
#3539 = ( GEOMETRIC_REPRESENTATION_CONTEXT(2) 
PARAMETRIC_REPRESENTATION_CONTEXT() REPRESENTATION_CONTEXT('2D SPACE',''
  ) );
#3540 = ORIENTED_EDGE('',*,*,#3484,.T.);
#3541 = ORIENTED_EDGE('',*,*,#3542,.T.);
#3542 = EDGE_CURVE('',#3374,#3543,#3545,.T.);
#3543 = VERTEX_POINT('',#3544);
#3544 = CARTESIAN_POINT('',(-49.,6.,276.));
#3545 = SURFACE_CURVE('',#3546,(#3551,#3557),.PCURVE_S1.);
#3546 = CIRCLE('',#3547,6.);
#3547 = AXIS2_PLACEMENT_3D('',#3548,#3549,#3550);
#3548 = CARTESIAN_POINT('',(-49.,6.,270.));
#3549 = DIRECTION('',(6.123233995737E-17,1.,-0.));
#3550 = DIRECTION('',(-1.,6.123233995737E-17,0.));
#3551 = PCURVE('',#3499,#3552);
#3552 = DEFINITIONAL_REPRESENTATION('',(#3553),#3556);
#3553 = B_SPLINE_CURVE_WITH_KNOTS('',1,(#3554,#3555),.UNSPECIFIED.,.F.,
  .F.,(2,2),(0.,1.570796326795),.PIECEWISE_BEZIER_KNOTS.);
#3554 = CARTESIAN_POINT('',(1.570796326795,0.));
#3555 = CARTESIAN_POINT('',(1.570796326795,1.570796326795));
#3556 = ( GEOMETRIC_REPRESENTATION_CONTEXT(2) 
PARAMETRIC_REPRESENTATION_CONTEXT() REPRESENTATION_CONTEXT('2D SPACE',''
  ) );
#3557 = PCURVE('',#3415,#3558);
#3558 = DEFINITIONAL_REPRESENTATION('',(#3559),#3562);
#3559 = B_SPLINE_CURVE_WITH_KNOTS('',1,(#3560,#3561),.UNSPECIFIED.,.F.,
  .F.,(2,2),(0.,1.570796326795),.PIECEWISE_BEZIER_KNOTS.);
#3560 = CARTESIAN_POINT('',(0.,0.));
#3561 = CARTESIAN_POINT('',(-1.570796326795,0.));
#3562 = ( GEOMETRIC_REPRESENTATION_CONTEXT(2) 
PARAMETRIC_REPRESENTATION_CONTEXT() REPRESENTATION_CONTEXT('2D SPACE',''
  ) );
#3563 = ORIENTED_EDGE('',*,*,#3564,.F.);
#3564 = EDGE_CURVE('',#3515,#3543,#3565,.T.);
#3565 = SURFACE_CURVE('',#3566,(#3571,#3578),.PCURVE_S1.);
#3566 = CIRCLE('',#3567,18.);
#3567 = AXIS2_PLACEMENT_3D('',#3568,#3569,#3570);
#3568 = CARTESIAN_POINT('',(-31.,6.,276.));
#3569 = DIRECTION('',(0.,0.,1.));
#3570 = DIRECTION('',(0.,1.,-0.));
#3571 = PCURVE('',#3499,#3572);
#3572 = DEFINITIONAL_REPRESENTATION('',(#3573),#3577);
#3573 = LINE('',#3574,#3575);
#3574 = CARTESIAN_POINT('',(0.,1.570796326795));
#3575 = VECTOR('',#3576,1.);
#3576 = DIRECTION('',(1.,0.));
#3577 = ( GEOMETRIC_REPRESENTATION_CONTEXT(2) 
PARAMETRIC_REPRESENTATION_CONTEXT() REPRESENTATION_CONTEXT('2D SPACE',''
  ) );
#3578 = PCURVE('',#2726,#3579);
#3579 = DEFINITIONAL_REPRESENTATION('',(#3580),#3584);
#3580 = CIRCLE('',#3581,18.);
#3581 = AXIS2_PLACEMENT_2D('',#3582,#3583);
#3582 = CARTESIAN_POINT('',(-31.,15.));
#3583 = DIRECTION('',(0.,1.));
#3584 = ( GEOMETRIC_REPRESENTATION_CONTEXT(2) 
PARAMETRIC_REPRESENTATION_CONTEXT() REPRESENTATION_CONTEXT('2D SPACE',''
  ) );
#3585 = ADVANCED_FACE('',(#3586),#3530,.T.);
#3586 = FACE_BOUND('',#3587,.F.);
#3587 = EDGE_LOOP('',(#3588,#3612,#3633,#3634));
#3588 = ORIENTED_EDGE('',*,*,#3589,.T.);
#3589 = EDGE_CURVE('',#3590,#3592,#3594,.T.);
#3590 = VERTEX_POINT('',#3591);
#3591 = CARTESIAN_POINT('',(31.,30.,270.));
#3592 = VERTEX_POINT('',#3593);
#3593 = CARTESIAN_POINT('',(31.,24.,276.));
#3594 = SURFACE_CURVE('',#3595,(#3600,#3606),.PCURVE_S1.);
#3595 = CIRCLE('',#3596,6.);
#3596 = AXIS2_PLACEMENT_3D('',#3597,#3598,#3599);
#3597 = CARTESIAN_POINT('',(31.,24.,270.));
#3598 = DIRECTION('',(1.,-1.352472082657E-16,0.));
#3599 = DIRECTION('',(1.352472082657E-16,1.,0.));
#3600 = PCURVE('',#3530,#3601);
#3601 = DEFINITIONAL_REPRESENTATION('',(#3602),#3605);
#3602 = B_SPLINE_CURVE_WITH_KNOTS('',1,(#3603,#3604),.UNSPECIFIED.,.F.,
  .F.,(2,2),(0.,1.570796326795),.PIECEWISE_BEZIER_KNOTS.);
#3603 = CARTESIAN_POINT('',(0.,0.));
#3604 = CARTESIAN_POINT('',(-1.570796326795,0.));
#3605 = ( GEOMETRIC_REPRESENTATION_CONTEXT(2) 
PARAMETRIC_REPRESENTATION_CONTEXT() REPRESENTATION_CONTEXT('2D SPACE',''
  ) );
#3606 = PCURVE('',#2922,#3607);
#3607 = DEFINITIONAL_REPRESENTATION('',(#3608),#3611);
#3608 = B_SPLINE_CURVE_WITH_KNOTS('',1,(#3609,#3610),.UNSPECIFIED.,.F.,
  .F.,(2,2),(0.,1.570796326795),.PIECEWISE_BEZIER_KNOTS.);
#3609 = CARTESIAN_POINT('',(1.570796326795,0.));
#3610 = CARTESIAN_POINT('',(1.570796326795,1.570796326795));
#3611 = ( GEOMETRIC_REPRESENTATION_CONTEXT(2) 
PARAMETRIC_REPRESENTATION_CONTEXT() REPRESENTATION_CONTEXT('2D SPACE',''
  ) );
#3612 = ORIENTED_EDGE('',*,*,#3613,.T.);
#3613 = EDGE_CURVE('',#3592,#3515,#3614,.T.);
#3614 = SURFACE_CURVE('',#3615,(#3619,#3626),.PCURVE_S1.);
#3615 = LINE('',#3616,#3617);
#3616 = CARTESIAN_POINT('',(31.,24.,276.));
#3617 = VECTOR('',#3618,1.);
#3618 = DIRECTION('',(-1.,0.,0.));
#3619 = PCURVE('',#3530,#3620);
#3620 = DEFINITIONAL_REPRESENTATION('',(#3621),#3625);
#3621 = LINE('',#3622,#3623);
#3622 = CARTESIAN_POINT('',(-1.570796326795,0.));
#3623 = VECTOR('',#3624,1.);
#3624 = DIRECTION('',(-0.,1.));
#3625 = ( GEOMETRIC_REPRESENTATION_CONTEXT(2) 
PARAMETRIC_REPRESENTATION_CONTEXT() REPRESENTATION_CONTEXT('2D SPACE',''
  ) );
#3626 = PCURVE('',#2726,#3627);
#3627 = DEFINITIONAL_REPRESENTATION('',(#3628),#3632);
#3628 = LINE('',#3629,#3630);
#3629 = CARTESIAN_POINT('',(31.,33.));
#3630 = VECTOR('',#3631,1.);
#3631 = DIRECTION('',(-1.,0.));
#3632 = ( GEOMETRIC_REPRESENTATION_CONTEXT(2) 
PARAMETRIC_REPRESENTATION_CONTEXT() REPRESENTATION_CONTEXT('2D SPACE',''
  ) );
#3633 = ORIENTED_EDGE('',*,*,#3514,.F.);
#3634 = ORIENTED_EDGE('',*,*,#3635,.F.);
#3635 = EDGE_CURVE('',#3590,#3434,#3636,.T.);
#3636 = SURFACE_CURVE('',#3637,(#3641,#3648),.PCURVE_S1.);
#3637 = LINE('',#3638,#3639);
#3638 = CARTESIAN_POINT('',(31.,30.,270.));
#3639 = VECTOR('',#3640,1.);
#3640 = DIRECTION('',(-1.,0.,0.));
#3641 = PCURVE('',#3530,#3642);
#3642 = DEFINITIONAL_REPRESENTATION('',(#3643),#3647);
#3643 = LINE('',#3644,#3645);
#3644 = CARTESIAN_POINT('',(-0.,0.));
#3645 = VECTOR('',#3646,1.);
#3646 = DIRECTION('',(-0.,1.));
#3647 = ( GEOMETRIC_REPRESENTATION_CONTEXT(2) 
PARAMETRIC_REPRESENTATION_CONTEXT() REPRESENTATION_CONTEXT('2D SPACE',''
  ) );
#3648 = PCURVE('',#3449,#3649);
#3649 = DEFINITIONAL_REPRESENTATION('',(#3650),#3654);
#3650 = LINE('',#3651,#3652);
#3651 = CARTESIAN_POINT('',(24.,-12.));
#3652 = VECTOR('',#3653,1.);
#3653 = DIRECTION('',(1.,0.));
#3654 = ( GEOMETRIC_REPRESENTATION_CONTEXT(2) 
PARAMETRIC_REPRESENTATION_CONTEXT() REPRESENTATION_CONTEXT('2D SPACE',''
  ) );
#3655 = ADVANCED_FACE('',(#3656),#3449,.F.);
#3656 = FACE_BOUND('',#3657,.F.);
#3657 = EDGE_LOOP('',(#3658,#3679,#3705,#3706));
#3658 = ORIENTED_EDGE('',*,*,#3659,.T.);
#3659 = EDGE_CURVE('',#3432,#3660,#3662,.T.);
#3660 = VERTEX_POINT('',#3661);
#3661 = CARTESIAN_POINT('',(31.,30.,260.));
#3662 = SURFACE_CURVE('',#3663,(#3667,#3673),.PCURVE_S1.);
#3663 = LINE('',#3664,#3665);
#3664 = CARTESIAN_POINT('',(27.5,30.,260.));
#3665 = VECTOR('',#3666,1.);
#3666 = DIRECTION('',(1.,0.,-0.));
#3667 = PCURVE('',#3449,#3668);
#3668 = DEFINITIONAL_REPRESENTATION('',(#3669),#3672);
#3669 = B_SPLINE_CURVE_WITH_KNOTS('',1,(#3670,#3671),.UNSPECIFIED.,.F.,
  .F.,(2,2),(-58.5,3.5),.PIECEWISE_BEZIER_KNOTS.);
#3670 = CARTESIAN_POINT('',(86.,-2.));
#3671 = CARTESIAN_POINT('',(24.,-2.));
#3672 = ( GEOMETRIC_REPRESENTATION_CONTEXT(2) 
PARAMETRIC_REPRESENTATION_CONTEXT() REPRESENTATION_CONTEXT('2D SPACE',''
  ) );
#3673 = PCURVE('',#98,#3674);
#3674 = DEFINITIONAL_REPRESENTATION('',(#3675),#3678);
#3675 = B_SPLINE_CURVE_WITH_KNOTS('',1,(#3676,#3677),.UNSPECIFIED.,.F.,
  .F.,(2,2),(-58.5,3.5),.PIECEWISE_BEZIER_KNOTS.);
#3676 = CARTESIAN_POINT('',(-31.,30.));
#3677 = CARTESIAN_POINT('',(31.,30.));
#3678 = ( GEOMETRIC_REPRESENTATION_CONTEXT(2) 
PARAMETRIC_REPRESENTATION_CONTEXT() REPRESENTATION_CONTEXT('2D SPACE',''
  ) );
#3679 = ORIENTED_EDGE('',*,*,#3680,.T.);
#3680 = EDGE_CURVE('',#3660,#3590,#3681,.T.);
#3681 = SURFACE_CURVE('',#3682,(#3686,#3693),.PCURVE_S1.);
#3682 = LINE('',#3683,#3684);
#3683 = CARTESIAN_POINT('',(31.,30.,258.));
#3684 = VECTOR('',#3685,1.);
#3685 = DIRECTION('',(0.,0.,1.));
#3686 = PCURVE('',#3449,#3687);
#3687 = DEFINITIONAL_REPRESENTATION('',(#3688),#3692);
#3688 = LINE('',#3689,#3690);
#3689 = CARTESIAN_POINT('',(24.,0.));
#3690 = VECTOR('',#3691,1.);
#3691 = DIRECTION('',(0.,-1.));
#3692 = ( GEOMETRIC_REPRESENTATION_CONTEXT(2) 
PARAMETRIC_REPRESENTATION_CONTEXT() REPRESENTATION_CONTEXT('2D SPACE',''
  ) );
#3693 = PCURVE('',#3694,#3699);
#3694 = CYLINDRICAL_SURFACE('',#3695,24.);
#3695 = AXIS2_PLACEMENT_3D('',#3696,#3697,#3698);
#3696 = CARTESIAN_POINT('',(31.,6.,258.));
#3697 = DIRECTION('',(0.,0.,1.));
#3698 = DIRECTION('',(1.,0.,-0.));
#3699 = DEFINITIONAL_REPRESENTATION('',(#3700),#3704);
#3700 = LINE('',#3701,#3702);
#3701 = CARTESIAN_POINT('',(1.570796326795,0.));
#3702 = VECTOR('',#3703,1.);
#3703 = DIRECTION('',(0.,1.));
#3704 = ( GEOMETRIC_REPRESENTATION_CONTEXT(2) 
PARAMETRIC_REPRESENTATION_CONTEXT() REPRESENTATION_CONTEXT('2D SPACE',''
  ) );
#3705 = ORIENTED_EDGE('',*,*,#3635,.T.);
#3706 = ORIENTED_EDGE('',*,*,#3431,.F.);
#3707 = ADVANCED_FACE('',(#3708),#3694,.T.);
#3708 = FACE_BOUND('',#3709,.T.);
#3709 = EDGE_LOOP('',(#3710,#3733,#3755,#3756));
#3710 = ORIENTED_EDGE('',*,*,#3711,.F.);
#3711 = EDGE_CURVE('',#3712,#2764,#3714,.T.);
#3712 = VERTEX_POINT('',#3713);
#3713 = CARTESIAN_POINT('',(55.,6.,260.));
#3714 = SURFACE_CURVE('',#3715,(#3719,#3726),.PCURVE_S1.);
#3715 = LINE('',#3716,#3717);
#3716 = CARTESIAN_POINT('',(55.,6.,258.));
#3717 = VECTOR('',#3718,1.);
#3718 = DIRECTION('',(0.,0.,1.));
#3719 = PCURVE('',#3694,#3720);
#3720 = DEFINITIONAL_REPRESENTATION('',(#3721),#3725);
#3721 = LINE('',#3722,#3723);
#3722 = CARTESIAN_POINT('',(0.,0.));
#3723 = VECTOR('',#3724,1.);
#3724 = DIRECTION('',(0.,1.));
#3725 = ( GEOMETRIC_REPRESENTATION_CONTEXT(2) 
PARAMETRIC_REPRESENTATION_CONTEXT() REPRESENTATION_CONTEXT('2D SPACE',''
  ) );
#3726 = PCURVE('',#2779,#3727);
#3727 = DEFINITIONAL_REPRESENTATION('',(#3728),#3732);
#3728 = LINE('',#3729,#3730);
#3729 = CARTESIAN_POINT('',(54.,0.));
#3730 = VECTOR('',#3731,1.);
#3731 = DIRECTION('',(0.,-1.));
#3732 = ( GEOMETRIC_REPRESENTATION_CONTEXT(2) 
PARAMETRIC_REPRESENTATION_CONTEXT() REPRESENTATION_CONTEXT('2D SPACE',''
  ) );
#3733 = ORIENTED_EDGE('',*,*,#3734,.T.);
#3734 = EDGE_CURVE('',#3712,#3660,#3735,.T.);
#3735 = SURFACE_CURVE('',#3736,(#3741,#3748),.PCURVE_S1.);
#3736 = CIRCLE('',#3737,24.);
#3737 = AXIS2_PLACEMENT_3D('',#3738,#3739,#3740);
#3738 = CARTESIAN_POINT('',(31.,6.,260.));
#3739 = DIRECTION('',(0.,0.,1.));
#3740 = DIRECTION('',(1.,0.,-0.));
#3741 = PCURVE('',#3694,#3742);
#3742 = DEFINITIONAL_REPRESENTATION('',(#3743),#3747);
#3743 = LINE('',#3744,#3745);
#3744 = CARTESIAN_POINT('',(0.,2.));
#3745 = VECTOR('',#3746,1.);
#3746 = DIRECTION('',(1.,0.));
#3747 = ( GEOMETRIC_REPRESENTATION_CONTEXT(2) 
PARAMETRIC_REPRESENTATION_CONTEXT() REPRESENTATION_CONTEXT('2D SPACE',''
  ) );
#3748 = PCURVE('',#98,#3749);
#3749 = DEFINITIONAL_REPRESENTATION('',(#3750),#3754);
#3750 = CIRCLE('',#3751,24.);
#3751 = AXIS2_PLACEMENT_2D('',#3752,#3753);
#3752 = CARTESIAN_POINT('',(31.,6.));
#3753 = DIRECTION('',(1.,0.));
#3754 = ( GEOMETRIC_REPRESENTATION_CONTEXT(2) 
PARAMETRIC_REPRESENTATION_CONTEXT() REPRESENTATION_CONTEXT('2D SPACE',''
  ) );
#3755 = ORIENTED_EDGE('',*,*,#3680,.T.);
#3756 = ORIENTED_EDGE('',*,*,#3757,.F.);
#3757 = EDGE_CURVE('',#2764,#3590,#3758,.T.);
#3758 = SURFACE_CURVE('',#3759,(#3764,#3771),.PCURVE_S1.);
#3759 = CIRCLE('',#3760,24.);
#3760 = AXIS2_PLACEMENT_3D('',#3761,#3762,#3763);
#3761 = CARTESIAN_POINT('',(31.,6.,270.));
#3762 = DIRECTION('',(0.,0.,1.));
#3763 = DIRECTION('',(1.,-7.401486830834E-17,0.));
#3764 = PCURVE('',#3694,#3765);
#3765 = DEFINITIONAL_REPRESENTATION('',(#3766),#3770);
#3766 = LINE('',#3767,#3768);
#3767 = CARTESIAN_POINT('',(0.,12.));
#3768 = VECTOR('',#3769,1.);
#3769 = DIRECTION('',(1.,0.));
#3770 = ( GEOMETRIC_REPRESENTATION_CONTEXT(2) 
PARAMETRIC_REPRESENTATION_CONTEXT() REPRESENTATION_CONTEXT('2D SPACE',''
  ) );
#3771 = PCURVE('',#2922,#3772);
#3772 = DEFINITIONAL_REPRESENTATION('',(#3773),#3777);
#3773 = LINE('',#3774,#3775);
#3774 = CARTESIAN_POINT('',(0.,0.));
#3775 = VECTOR('',#3776,1.);
#3776 = DIRECTION('',(1.,0.));
#3777 = ( GEOMETRIC_REPRESENTATION_CONTEXT(2) 
PARAMETRIC_REPRESENTATION_CONTEXT() REPRESENTATION_CONTEXT('2D SPACE',''
  ) );
#3778 = ADVANCED_FACE('',(#3779),#3415,.T.);
#3779 = FACE_BOUND('',#3780,.F.);
#3780 = EDGE_LOOP('',(#3781,#3782,#3805,#3825));
#3781 = ORIENTED_EDGE('',*,*,#3542,.T.);
#3782 = ORIENTED_EDGE('',*,*,#3783,.T.);
#3783 = EDGE_CURVE('',#3543,#3784,#3786,.T.);
#3784 = VERTEX_POINT('',#3785);
#3785 = CARTESIAN_POINT('',(-49.,-24.,276.));
#3786 = SURFACE_CURVE('',#3787,(#3791,#3798),.PCURVE_S1.);
#3787 = LINE('',#3788,#3789);
#3788 = CARTESIAN_POINT('',(-49.,6.,276.));
#3789 = VECTOR('',#3790,1.);
#3790 = DIRECTION('',(0.,-1.,0.));
#3791 = PCURVE('',#3415,#3792);
#3792 = DEFINITIONAL_REPRESENTATION('',(#3793),#3797);
#3793 = LINE('',#3794,#3795);
#3794 = CARTESIAN_POINT('',(-1.570796326795,0.));
#3795 = VECTOR('',#3796,1.);
#3796 = DIRECTION('',(-0.,1.));
#3797 = ( GEOMETRIC_REPRESENTATION_CONTEXT(2) 
PARAMETRIC_REPRESENTATION_CONTEXT() REPRESENTATION_CONTEXT('2D SPACE',''
  ) );
#3798 = PCURVE('',#2726,#3799);
#3799 = DEFINITIONAL_REPRESENTATION('',(#3800),#3804);
#3800 = LINE('',#3801,#3802);
#3801 = CARTESIAN_POINT('',(-49.,15.));
#3802 = VECTOR('',#3803,1.);
#3803 = DIRECTION('',(0.,-1.));
#3804 = ( GEOMETRIC_REPRESENTATION_CONTEXT(2) 
PARAMETRIC_REPRESENTATION_CONTEXT() REPRESENTATION_CONTEXT('2D SPACE',''
  ) );
#3805 = ORIENTED_EDGE('',*,*,#3806,.F.);
#3806 = EDGE_CURVE('',#3195,#3784,#3807,.T.);
#3807 = SURFACE_CURVE('',#3808,(#3813,#3819),.PCURVE_S1.);
#3808 = CIRCLE('',#3809,6.);
#3809 = AXIS2_PLACEMENT_3D('',#3810,#3811,#3812);
#3810 = CARTESIAN_POINT('',(-49.,-24.,270.));
#3811 = DIRECTION('',(-0.,1.,0.));
#3812 = DIRECTION('',(-1.,-0.,0.));
#3813 = PCURVE('',#3415,#3814);
#3814 = DEFINITIONAL_REPRESENTATION('',(#3815),#3818);
#3815 = B_SPLINE_CURVE_WITH_KNOTS('',1,(#3816,#3817),.UNSPECIFIED.,.F.,
  .F.,(2,2),(0.,1.570796326795),.PIECEWISE_BEZIER_KNOTS.);
#3816 = CARTESIAN_POINT('',(0.,30.));
#3817 = CARTESIAN_POINT('',(-1.570796326795,30.));
#3818 = ( GEOMETRIC_REPRESENTATION_CONTEXT(2) 
PARAMETRIC_REPRESENTATION_CONTEXT() REPRESENTATION_CONTEXT('2D SPACE',''
  ) );
#3819 = PCURVE('',#3239,#3820);
#3820 = DEFINITIONAL_REPRESENTATION('',(#3821),#3824);
#3821 = B_SPLINE_CURVE_WITH_KNOTS('',1,(#3822,#3823),.UNSPECIFIED.,.F.,
  .F.,(2,2),(0.,1.570796326795),.PIECEWISE_BEZIER_KNOTS.);
#3822 = CARTESIAN_POINT('',(0.,0.));
#3823 = CARTESIAN_POINT('',(0.,1.570796326795));
#3824 = ( GEOMETRIC_REPRESENTATION_CONTEXT(2) 
PARAMETRIC_REPRESENTATION_CONTEXT() REPRESENTATION_CONTEXT('2D SPACE',''
  ) );
#3825 = ORIENTED_EDGE('',*,*,#3401,.F.);
#3826 = ADVANCED_FACE('',(#3827),#3294,.F.);
#3827 = FACE_BOUND('',#3828,.F.);
#3828 = EDGE_LOOP('',(#3829,#3830));
#3829 = ORIENTED_EDGE('',*,*,#3277,.F.);
#3830 = ORIENTED_EDGE('',*,*,#3831,.T.);
#3831 = EDGE_CURVE('',#3252,#3278,#3832,.T.);
#3832 = SURFACE_CURVE('',#3833,(#3838,#3845),.PCURVE_S1.);
#3833 = CIRCLE('',#3834,2.);
#3834 = AXIS2_PLACEMENT_3D('',#3835,#3836,#3837);
#3835 = CARTESIAN_POINT('',(-46.85,-41.,267.));
#3836 = DIRECTION('',(0.,0.,1.));
#3837 = DIRECTION('',(1.,0.,0.));
#3838 = PCURVE('',#3294,#3839);
#3839 = DEFINITIONAL_REPRESENTATION('',(#3840),#3844);
#3840 = CIRCLE('',#3841,2.);
#3841 = AXIS2_PLACEMENT_2D('',#3842,#3843);
#3842 = CARTESIAN_POINT('',(7.105427357601E-15,0.));
#3843 = DIRECTION('',(1.,0.));
#3844 = ( GEOMETRIC_REPRESENTATION_CONTEXT(2) 
PARAMETRIC_REPRESENTATION_CONTEXT() REPRESENTATION_CONTEXT('2D SPACE',''
  ) );
#3845 = PCURVE('',#3266,#3846);
#3846 = DEFINITIONAL_REPRESENTATION('',(#3847),#3851);
#3847 = LINE('',#3848,#3849);
#3848 = CARTESIAN_POINT('',(-0.,0.));
#3849 = VECTOR('',#3850,1.);
#3850 = DIRECTION('',(-1.,0.));
#3851 = ( GEOMETRIC_REPRESENTATION_CONTEXT(2) 
PARAMETRIC_REPRESENTATION_CONTEXT() REPRESENTATION_CONTEXT('2D SPACE',''
  ) );
#3852 = ADVANCED_FACE('',(#3853),#3266,.T.);
#3853 = FACE_BOUND('',#3854,.F.);
#3854 = EDGE_LOOP('',(#3855,#3856,#3857,#3884));
#3855 = ORIENTED_EDGE('',*,*,#3831,.F.);
#3856 = ORIENTED_EDGE('',*,*,#3251,.T.);
#3857 = ORIENTED_EDGE('',*,*,#3858,.T.);
#3858 = EDGE_CURVE('',#3223,#3307,#3859,.T.);
#3859 = SURFACE_CURVE('',#3860,(#3865,#3872),.PCURVE_S1.);
#3860 = CIRCLE('',#3861,2.);
#3861 = AXIS2_PLACEMENT_3D('',#3862,#3863,#3864);
#3862 = CARTESIAN_POINT('',(-46.85,-41.,270.));
#3863 = DIRECTION('',(0.,0.,1.));
#3864 = DIRECTION('',(1.,0.,0.));
#3865 = PCURVE('',#3266,#3866);
#3866 = DEFINITIONAL_REPRESENTATION('',(#3867),#3871);
#3867 = LINE('',#3868,#3869);
#3868 = CARTESIAN_POINT('',(-0.,-3.));
#3869 = VECTOR('',#3870,1.);
#3870 = DIRECTION('',(-1.,0.));
#3871 = ( GEOMETRIC_REPRESENTATION_CONTEXT(2) 
PARAMETRIC_REPRESENTATION_CONTEXT() REPRESENTATION_CONTEXT('2D SPACE',''
  ) );
#3872 = PCURVE('',#3873,#3878);
#3873 = PLANE('',#3874);
#3874 = AXIS2_PLACEMENT_3D('',#3875,#3876,#3877);
#3875 = CARTESIAN_POINT('',(-46.85,-41.,270.));
#3876 = DIRECTION('',(0.,0.,1.));
#3877 = DIRECTION('',(1.,0.,-0.));
#3878 = DEFINITIONAL_REPRESENTATION('',(#3879),#3883);
#3879 = CIRCLE('',#3880,2.);
#3880 = AXIS2_PLACEMENT_2D('',#3881,#3882);
#3881 = CARTESIAN_POINT('',(7.105427357601E-15,0.));
#3882 = DIRECTION('',(1.,0.));
#3883 = ( GEOMETRIC_REPRESENTATION_CONTEXT(2) 
PARAMETRIC_REPRESENTATION_CONTEXT() REPRESENTATION_CONTEXT('2D SPACE',''
  ) );
#3884 = ORIENTED_EDGE('',*,*,#3306,.F.);
#3885 = ADVANCED_FACE('',(#3886),#3873,.T.);
#3886 = FACE_BOUND('',#3887,.T.);
#3887 = EDGE_LOOP('',(#3888,#3910));
#3888 = ORIENTED_EDGE('',*,*,#3889,.F.);
#3889 = EDGE_CURVE('',#3223,#3307,#3890,.T.);
#3890 = SURFACE_CURVE('',#3891,(#3896,#3903),.PCURVE_S1.);
#3891 = CIRCLE('',#3892,24.);
#3892 = AXIS2_PLACEMENT_3D('',#3893,#3894,#3895);
#3893 = CARTESIAN_POINT('',(-31.,-24.,270.));
#3894 = DIRECTION('',(0.,0.,1.));
#3895 = DIRECTION('',(-1.,0.,0.));
#3896 = PCURVE('',#3873,#3897);
#3897 = DEFINITIONAL_REPRESENTATION('',(#3898),#3902);
#3898 = CIRCLE('',#3899,24.);
#3899 = AXIS2_PLACEMENT_2D('',#3900,#3901);
#3900 = CARTESIAN_POINT('',(15.85,17.));
#3901 = DIRECTION('',(-1.,0.));
#3902 = ( GEOMETRIC_REPRESENTATION_CONTEXT(2) 
PARAMETRIC_REPRESENTATION_CONTEXT() REPRESENTATION_CONTEXT('2D SPACE',''
  ) );
#3903 = PCURVE('',#3239,#3904);
#3904 = DEFINITIONAL_REPRESENTATION('',(#3905),#3909);
#3905 = LINE('',#3906,#3907);
#3906 = CARTESIAN_POINT('',(0.,0.));
#3907 = VECTOR('',#3908,1.);
#3908 = DIRECTION('',(1.,0.));
#3909 = ( GEOMETRIC_REPRESENTATION_CONTEXT(2) 
PARAMETRIC_REPRESENTATION_CONTEXT() REPRESENTATION_CONTEXT('2D SPACE',''
  ) );
#3910 = ORIENTED_EDGE('',*,*,#3858,.T.);
#3911 = ADVANCED_FACE('',(#3912),#3239,.T.);
#3912 = FACE_BOUND('',#3913,.T.);
#3913 = EDGE_LOOP('',(#3914,#3915,#3916,#3917,#3918,#3940));
#3914 = ORIENTED_EDGE('',*,*,#3806,.F.);
#3915 = ORIENTED_EDGE('',*,*,#3222,.T.);
#3916 = ORIENTED_EDGE('',*,*,#3889,.T.);
#3917 = ORIENTED_EDGE('',*,*,#3327,.T.);
#3918 = ORIENTED_EDGE('',*,*,#3919,.T.);
#3919 = EDGE_CURVE('',#3117,#3920,#3922,.T.);
#3920 = VERTEX_POINT('',#3921);
#3921 = CARTESIAN_POINT('',(-31.,-42.,276.));
#3922 = SURFACE_CURVE('',#3923,(#3928,#3934),.PCURVE_S1.);
#3923 = CIRCLE('',#3924,6.);
#3924 = AXIS2_PLACEMENT_3D('',#3925,#3926,#3927);
#3925 = CARTESIAN_POINT('',(-31.,-42.,270.));
#3926 = DIRECTION('',(-1.,-0.,0.));
#3927 = DIRECTION('',(0.,-1.,0.));
#3928 = PCURVE('',#3239,#3929);
#3929 = DEFINITIONAL_REPRESENTATION('',(#3930),#3933);
#3930 = B_SPLINE_CURVE_WITH_KNOTS('',1,(#3931,#3932),.UNSPECIFIED.,.F.,
  .F.,(2,2),(0.,1.570796326795),.PIECEWISE_BEZIER_KNOTS.);
#3931 = CARTESIAN_POINT('',(1.570796326795,0.));
#3932 = CARTESIAN_POINT('',(1.570796326795,1.570796326795));
#3933 = ( GEOMETRIC_REPRESENTATION_CONTEXT(2) 
PARAMETRIC_REPRESENTATION_CONTEXT() REPRESENTATION_CONTEXT('2D SPACE',''
  ) );
#3934 = PCURVE('',#2954,#3935);
#3935 = DEFINITIONAL_REPRESENTATION('',(#3936),#3939);
#3936 = B_SPLINE_CURVE_WITH_KNOTS('',1,(#3937,#3938),.UNSPECIFIED.,.F.,
  .F.,(2,2),(0.,1.570796326795),.PIECEWISE_BEZIER_KNOTS.);
#3937 = CARTESIAN_POINT('',(0.,0.));
#3938 = CARTESIAN_POINT('',(-1.570796326795,0.));
#3939 = ( GEOMETRIC_REPRESENTATION_CONTEXT(2) 
PARAMETRIC_REPRESENTATION_CONTEXT() REPRESENTATION_CONTEXT('2D SPACE',''
  ) );
#3940 = ORIENTED_EDGE('',*,*,#3941,.F.);
#3941 = EDGE_CURVE('',#3784,#3920,#3942,.T.);
#3942 = SURFACE_CURVE('',#3943,(#3948,#3955),.PCURVE_S1.);
#3943 = CIRCLE('',#3944,18.);
#3944 = AXIS2_PLACEMENT_3D('',#3945,#3946,#3947);
#3945 = CARTESIAN_POINT('',(-31.,-24.,276.));
#3946 = DIRECTION('',(0.,0.,1.));
#3947 = DIRECTION('',(-1.,0.,0.));
#3948 = PCURVE('',#3239,#3949);
#3949 = DEFINITIONAL_REPRESENTATION('',(#3950),#3954);
#3950 = LINE('',#3951,#3952);
#3951 = CARTESIAN_POINT('',(0.,1.570796326795));
#3952 = VECTOR('',#3953,1.);
#3953 = DIRECTION('',(1.,0.));
#3954 = ( GEOMETRIC_REPRESENTATION_CONTEXT(2) 
PARAMETRIC_REPRESENTATION_CONTEXT() REPRESENTATION_CONTEXT('2D SPACE',''
  ) );
#3955 = PCURVE('',#2726,#3956);
#3956 = DEFINITIONAL_REPRESENTATION('',(#3957),#3961);
#3957 = CIRCLE('',#3958,18.);
#3958 = AXIS2_PLACEMENT_2D('',#3959,#3960);
#3959 = CARTESIAN_POINT('',(-31.,-15.));
#3960 = DIRECTION('',(-1.,0.));
#3961 = ( GEOMETRIC_REPRESENTATION_CONTEXT(2) 
PARAMETRIC_REPRESENTATION_CONTEXT() REPRESENTATION_CONTEXT('2D SPACE',''
  ) );
#3962 = ADVANCED_FACE('',(#3963),#2954,.T.);
#3963 = FACE_BOUND('',#3964,.F.);
#3964 = EDGE_LOOP('',(#3965,#3966,#3987,#3988));
#3965 = ORIENTED_EDGE('',*,*,#3919,.T.);
#3966 = ORIENTED_EDGE('',*,*,#3967,.T.);
#3967 = EDGE_CURVE('',#3920,#2939,#3968,.T.);
#3968 = SURFACE_CURVE('',#3969,(#3973,#3980),.PCURVE_S1.);
#3969 = LINE('',#3970,#3971);
#3970 = CARTESIAN_POINT('',(-31.,-42.,276.));
#3971 = VECTOR('',#3972,1.);
#3972 = DIRECTION('',(1.,0.,0.));
#3973 = PCURVE('',#2954,#3974);
#3974 = DEFINITIONAL_REPRESENTATION('',(#3975),#3979);
#3975 = LINE('',#3976,#3977);
#3976 = CARTESIAN_POINT('',(-1.570796326795,0.));
#3977 = VECTOR('',#3978,1.);
#3978 = DIRECTION('',(-0.,1.));
#3979 = ( GEOMETRIC_REPRESENTATION_CONTEXT(2) 
PARAMETRIC_REPRESENTATION_CONTEXT() REPRESENTATION_CONTEXT('2D SPACE',''
  ) );
#3980 = PCURVE('',#2726,#3981);
#3981 = DEFINITIONAL_REPRESENTATION('',(#3982),#3986);
#3982 = LINE('',#3983,#3984);
#3983 = CARTESIAN_POINT('',(-31.,-33.));
#3984 = VECTOR('',#3985,1.);
#3985 = DIRECTION('',(1.,0.));
#3986 = ( GEOMETRIC_REPRESENTATION_CONTEXT(2) 
PARAMETRIC_REPRESENTATION_CONTEXT() REPRESENTATION_CONTEXT('2D SPACE',''
  ) );
#3987 = ORIENTED_EDGE('',*,*,#2936,.F.);
#3988 = ORIENTED_EDGE('',*,*,#3144,.F.);
#3989 = ADVANCED_FACE('',(#3990),#2922,.T.);
#3990 = FACE_BOUND('',#3991,.T.);
#3991 = EDGE_LOOP('',(#3992,#3993,#3994,#3995));
#3992 = ORIENTED_EDGE('',*,*,#2908,.F.);
#3993 = ORIENTED_EDGE('',*,*,#3757,.T.);
#3994 = ORIENTED_EDGE('',*,*,#3589,.T.);
#3995 = ORIENTED_EDGE('',*,*,#3996,.F.);
#3996 = EDGE_CURVE('',#2886,#3592,#3997,.T.);
#3997 = SURFACE_CURVE('',#3998,(#4003,#4010),.PCURVE_S1.);
#3998 = CIRCLE('',#3999,18.);
#3999 = AXIS2_PLACEMENT_3D('',#4000,#4001,#4002);
#4000 = CARTESIAN_POINT('',(31.,6.,276.));
#4001 = DIRECTION('',(0.,0.,1.));
#4002 = DIRECTION('',(1.,-7.401486830834E-17,0.));
#4003 = PCURVE('',#2922,#4004);
#4004 = DEFINITIONAL_REPRESENTATION('',(#4005),#4009);
#4005 = LINE('',#4006,#4007);
#4006 = CARTESIAN_POINT('',(0.,1.570796326795));
#4007 = VECTOR('',#4008,1.);
#4008 = DIRECTION('',(1.,0.));
#4009 = ( GEOMETRIC_REPRESENTATION_CONTEXT(2) 
PARAMETRIC_REPRESENTATION_CONTEXT() REPRESENTATION_CONTEXT('2D SPACE',''
  ) );
#4010 = PCURVE('',#2726,#4011);
#4011 = DEFINITIONAL_REPRESENTATION('',(#4012),#4016);
#4012 = CIRCLE('',#4013,18.);
#4013 = AXIS2_PLACEMENT_2D('',#4014,#4015);
#4014 = CARTESIAN_POINT('',(31.,15.));
#4015 = DIRECTION('',(1.,-9.868649107779E-17));
#4016 = ( GEOMETRIC_REPRESENTATION_CONTEXT(2) 
PARAMETRIC_REPRESENTATION_CONTEXT() REPRESENTATION_CONTEXT('2D SPACE',''
  ) );
#4017 = ADVANCED_FACE('',(#4018),#2779,.F.);
#4018 = FACE_BOUND('',#4019,.F.);
#4019 = EDGE_LOOP('',(#4020,#4039,#4040,#4041));
#4020 = ORIENTED_EDGE('',*,*,#4021,.T.);
#4021 = EDGE_CURVE('',#3712,#3047,#4022,.T.);
#4022 = SURFACE_CURVE('',#4023,(#4027,#4033),.PCURVE_S1.);
#4023 = LINE('',#4024,#4025);
#4024 = CARTESIAN_POINT('',(55.,-24.,260.));
#4025 = VECTOR('',#4026,1.);
#4026 = DIRECTION('',(0.,-1.,0.));
#4027 = PCURVE('',#2779,#4028);
#4028 = DEFINITIONAL_REPRESENTATION('',(#4029),#4032);
#4029 = B_SPLINE_CURVE_WITH_KNOTS('',1,(#4030,#4031),.UNSPECIFIED.,.F.,
  .F.,(2,2),(-30.,3.552713678801E-15),.PIECEWISE_BEZIER_KNOTS.);
#4030 = CARTESIAN_POINT('',(54.,-2.));
#4031 = CARTESIAN_POINT('',(24.,-2.));
#4032 = ( GEOMETRIC_REPRESENTATION_CONTEXT(2) 
PARAMETRIC_REPRESENTATION_CONTEXT() REPRESENTATION_CONTEXT('2D SPACE',''
  ) );
#4033 = PCURVE('',#98,#4034);
#4034 = DEFINITIONAL_REPRESENTATION('',(#4035),#4038);
#4035 = B_SPLINE_CURVE_WITH_KNOTS('',1,(#4036,#4037),.UNSPECIFIED.,.F.,
  .F.,(2,2),(-30.,3.552713678801E-15),.PIECEWISE_BEZIER_KNOTS.);
#4036 = CARTESIAN_POINT('',(55.,6.));
#4037 = CARTESIAN_POINT('',(55.,-24.));
#4038 = ( GEOMETRIC_REPRESENTATION_CONTEXT(2) 
PARAMETRIC_REPRESENTATION_CONTEXT() REPRESENTATION_CONTEXT('2D SPACE',''
  ) );
#4039 = ORIENTED_EDGE('',*,*,#3070,.T.);
#4040 = ORIENTED_EDGE('',*,*,#2761,.T.);
#4041 = ORIENTED_EDGE('',*,*,#3711,.F.);
#4042 = ADVANCED_FACE('',(#4043,#4095),#2726,.T.);
#4043 = FACE_BOUND('',#4044,.T.);
#4044 = EDGE_LOOP('',(#4045,#4046,#4047,#4048,#4049,#4050,#4071,#4090,
    #4091,#4092,#4093,#4094));
#4045 = ORIENTED_EDGE('',*,*,#3783,.T.);
#4046 = ORIENTED_EDGE('',*,*,#3941,.T.);
#4047 = ORIENTED_EDGE('',*,*,#3967,.T.);
#4048 = ORIENTED_EDGE('',*,*,#2993,.T.);
#4049 = ORIENTED_EDGE('',*,*,#2818,.T.);
#4050 = ORIENTED_EDGE('',*,*,#4051,.T.);
#4051 = EDGE_CURVE('',#2819,#4052,#4054,.T.);
#4052 = VERTEX_POINT('',#4053);
#4053 = CARTESIAN_POINT('',(4.15,-23.65,276.));
#4054 = SURFACE_CURVE('',#4055,(#4059,#4065),.PCURVE_S1.);
#4055 = LINE('',#4056,#4057);
#4056 = CARTESIAN_POINT('',(2.075,-23.65,276.));
#4057 = VECTOR('',#4058,1.);
#4058 = DIRECTION('',(-1.,0.,0.));
#4059 = PCURVE('',#2726,#4060);
#4060 = DEFINITIONAL_REPRESENTATION('',(#4061),#4064);
#4061 = B_SPLINE_CURVE_WITH_KNOTS('',1,(#4062,#4063),.UNSPECIFIED.,.F.,
  .F.,(2,2),(-46.925,-2.075),.PIECEWISE_BEZIER_KNOTS.);
#4062 = CARTESIAN_POINT('',(49.,-14.65));
#4063 = CARTESIAN_POINT('',(4.15,-14.65));
#4064 = ( GEOMETRIC_REPRESENTATION_CONTEXT(2) 
PARAMETRIC_REPRESENTATION_CONTEXT() REPRESENTATION_CONTEXT('2D SPACE',''
  ) );
#4065 = PCURVE('',#2524,#4066);
#4066 = DEFINITIONAL_REPRESENTATION('',(#4067),#4070);
#4067 = B_SPLINE_CURVE_WITH_KNOTS('',1,(#4068,#4069),.UNSPECIFIED.,.F.,
  .F.,(2,2),(-46.925,-2.075),.PIECEWISE_BEZIER_KNOTS.);
#4068 = CARTESIAN_POINT('',(44.85,-8.));
#4069 = CARTESIAN_POINT('',(0.,-8.));
#4070 = ( GEOMETRIC_REPRESENTATION_CONTEXT(2) 
PARAMETRIC_REPRESENTATION_CONTEXT() REPRESENTATION_CONTEXT('2D SPACE',''
  ) );
#4071 = ORIENTED_EDGE('',*,*,#4072,.T.);
#4072 = EDGE_CURVE('',#4052,#2712,#4073,.T.);
#4073 = SURFACE_CURVE('',#4074,(#4078,#4084),.PCURVE_S1.);
#4074 = LINE('',#4075,#4076);
#4075 = CARTESIAN_POINT('',(4.15,-1.675,276.));
#4076 = VECTOR('',#4077,1.);
#4077 = DIRECTION('',(-0.,1.,0.));
#4078 = PCURVE('',#2726,#4079);
#4079 = DEFINITIONAL_REPRESENTATION('',(#4080),#4083);
#4080 = B_SPLINE_CURVE_WITH_KNOTS('',1,(#4081,#4082),.UNSPECIFIED.,.F.,
  .F.,(2,2),(-21.975,7.325),.PIECEWISE_BEZIER_KNOTS.);
#4081 = CARTESIAN_POINT('',(4.15,-14.65));
#4082 = CARTESIAN_POINT('',(4.15,14.65));
#4083 = ( GEOMETRIC_REPRESENTATION_CONTEXT(2) 
PARAMETRIC_REPRESENTATION_CONTEXT() REPRESENTATION_CONTEXT('2D SPACE',''
  ) );
#4084 = PCURVE('',#2606,#4085);
#4085 = DEFINITIONAL_REPRESENTATION('',(#4086),#4089);
#4086 = B_SPLINE_CURVE_WITH_KNOTS('',1,(#4087,#4088),.UNSPECIFIED.,.F.,
  .F.,(2,2),(-21.975,7.325),.PIECEWISE_BEZIER_KNOTS.);
#4087 = CARTESIAN_POINT('',(29.3,-8.));
#4088 = CARTESIAN_POINT('',(0.,-8.));
#4089 = ( GEOMETRIC_REPRESENTATION_CONTEXT(2) 
PARAMETRIC_REPRESENTATION_CONTEXT() REPRESENTATION_CONTEXT('2D SPACE',''
  ) );
#4090 = ORIENTED_EDGE('',*,*,#2711,.T.);
#4091 = ORIENTED_EDGE('',*,*,#2885,.T.);
#4092 = ORIENTED_EDGE('',*,*,#3996,.T.);
#4093 = ORIENTED_EDGE('',*,*,#3613,.T.);
#4094 = ORIENTED_EDGE('',*,*,#3564,.T.);
#4095 = FACE_BOUND('',#4096,.T.);
#4096 = EDGE_LOOP('',(#4097,#4125,#4151,#4177));
#4097 = ORIENTED_EDGE('',*,*,#4098,.T.);
#4098 = EDGE_CURVE('',#4099,#4101,#4103,.T.);
#4099 = VERTEX_POINT('',#4100);
#4100 = CARTESIAN_POINT('',(-12.95,8.05,276.));
#4101 = VERTEX_POINT('',#4102);
#4102 = CARTESIAN_POINT('',(-12.95,-26.05,276.));
#4103 = SURFACE_CURVE('',#4104,(#4108,#4114),.PCURVE_S1.);
#4104 = LINE('',#4105,#4106);
#4105 = CARTESIAN_POINT('',(-12.95,-17.525,276.));
#4106 = VECTOR('',#4107,1.);
#4107 = DIRECTION('',(0.,-1.,0.));
#4108 = PCURVE('',#2726,#4109);
#4109 = DEFINITIONAL_REPRESENTATION('',(#4110),#4113);
#4110 = B_SPLINE_CURVE_WITH_KNOTS('',1,(#4111,#4112),.UNSPECIFIED.,.F.,
  .F.,(2,2),(-25.575,8.525),.PIECEWISE_BEZIER_KNOTS.);
#4111 = CARTESIAN_POINT('',(-12.95,17.05));
#4112 = CARTESIAN_POINT('',(-12.95,-17.05));
#4113 = ( GEOMETRIC_REPRESENTATION_CONTEXT(2) 
PARAMETRIC_REPRESENTATION_CONTEXT() REPRESENTATION_CONTEXT('2D SPACE',''
  ) );
#4114 = PCURVE('',#4115,#4120);
#4115 = PLANE('',#4116);
#4116 = AXIS2_PLACEMENT_3D('',#4117,#4118,#4119);
#4117 = CARTESIAN_POINT('',(-12.95,-26.05,268.));
#4118 = DIRECTION('',(-1.,0.,0.));
#4119 = DIRECTION('',(0.,1.,0.));
#4120 = DEFINITIONAL_REPRESENTATION('',(#4121),#4124);
#4121 = B_SPLINE_CURVE_WITH_KNOTS('',1,(#4122,#4123),.UNSPECIFIED.,.F.,
  .F.,(2,2),(-25.575,8.525),.PIECEWISE_BEZIER_KNOTS.);
#4122 = CARTESIAN_POINT('',(34.1,-8.));
#4123 = CARTESIAN_POINT('',(0.,-8.));
#4124 = ( GEOMETRIC_REPRESENTATION_CONTEXT(2) 
PARAMETRIC_REPRESENTATION_CONTEXT() REPRESENTATION_CONTEXT('2D SPACE',''
  ) );
#4125 = ORIENTED_EDGE('',*,*,#4126,.T.);
#4126 = EDGE_CURVE('',#4101,#4127,#4129,.T.);
#4127 = VERTEX_POINT('',#4128);
#4128 = CARTESIAN_POINT('',(-47.05,-26.05,276.));
#4129 = SURFACE_CURVE('',#4130,(#4134,#4140),.PCURVE_S1.);
#4130 = LINE('',#4131,#4132);
#4131 = CARTESIAN_POINT('',(-23.525,-26.05,276.));
#4132 = VECTOR('',#4133,1.);
#4133 = DIRECTION('',(-1.,0.,0.));
#4134 = PCURVE('',#2726,#4135);
#4135 = DEFINITIONAL_REPRESENTATION('',(#4136),#4139);
#4136 = B_SPLINE_CURVE_WITH_KNOTS('',1,(#4137,#4138),.UNSPECIFIED.,.F.,
  .F.,(2,2),(-10.575,23.525),.PIECEWISE_BEZIER_KNOTS.);
#4137 = CARTESIAN_POINT('',(-12.95,-17.05));
#4138 = CARTESIAN_POINT('',(-47.05,-17.05));
#4139 = ( GEOMETRIC_REPRESENTATION_CONTEXT(2) 
PARAMETRIC_REPRESENTATION_CONTEXT() REPRESENTATION_CONTEXT('2D SPACE',''
  ) );
#4140 = PCURVE('',#4141,#4146);
#4141 = PLANE('',#4142);
#4142 = AXIS2_PLACEMENT_3D('',#4143,#4144,#4145);
#4143 = CARTESIAN_POINT('',(-47.05,-26.05,268.));
#4144 = DIRECTION('',(0.,1.,0.));
#4145 = DIRECTION('',(1.,0.,0.));
#4146 = DEFINITIONAL_REPRESENTATION('',(#4147),#4150);
#4147 = B_SPLINE_CURVE_WITH_KNOTS('',1,(#4148,#4149),.UNSPECIFIED.,.F.,
  .F.,(2,2),(-10.575,23.525),.PIECEWISE_BEZIER_KNOTS.);
#4148 = CARTESIAN_POINT('',(34.1,-8.));
#4149 = CARTESIAN_POINT('',(0.,-8.));
#4150 = ( GEOMETRIC_REPRESENTATION_CONTEXT(2) 
PARAMETRIC_REPRESENTATION_CONTEXT() REPRESENTATION_CONTEXT('2D SPACE',''
  ) );
#4151 = ORIENTED_EDGE('',*,*,#4152,.T.);
#4152 = EDGE_CURVE('',#4127,#4153,#4155,.T.);
#4153 = VERTEX_POINT('',#4154);
#4154 = CARTESIAN_POINT('',(-47.05,8.05,276.));
#4155 = SURFACE_CURVE('',#4156,(#4160,#4166),.PCURVE_S1.);
#4156 = LINE('',#4157,#4158);
#4157 = CARTESIAN_POINT('',(-47.05,-0.475,276.));
#4158 = VECTOR('',#4159,1.);
#4159 = DIRECTION('',(-0.,1.,0.));
#4160 = PCURVE('',#2726,#4161);
#4161 = DEFINITIONAL_REPRESENTATION('',(#4162),#4165);
#4162 = B_SPLINE_CURVE_WITH_KNOTS('',1,(#4163,#4164),.UNSPECIFIED.,.F.,
  .F.,(2,2),(-25.575,8.525),.PIECEWISE_BEZIER_KNOTS.);
#4163 = CARTESIAN_POINT('',(-47.05,-17.05));
#4164 = CARTESIAN_POINT('',(-47.05,17.05));
#4165 = ( GEOMETRIC_REPRESENTATION_CONTEXT(2) 
PARAMETRIC_REPRESENTATION_CONTEXT() REPRESENTATION_CONTEXT('2D SPACE',''
  ) );
#4166 = PCURVE('',#4167,#4172);
#4167 = PLANE('',#4168);
#4168 = AXIS2_PLACEMENT_3D('',#4169,#4170,#4171);
#4169 = CARTESIAN_POINT('',(-47.05,8.05,268.));
#4170 = DIRECTION('',(1.,0.,-0.));
#4171 = DIRECTION('',(0.,-1.,0.));
#4172 = DEFINITIONAL_REPRESENTATION('',(#4173),#4176);
#4173 = B_SPLINE_CURVE_WITH_KNOTS('',1,(#4174,#4175),.UNSPECIFIED.,.F.,
  .F.,(2,2),(-25.575,8.525),.PIECEWISE_BEZIER_KNOTS.);
#4174 = CARTESIAN_POINT('',(34.1,-8.));
#4175 = CARTESIAN_POINT('',(0.,-8.));
#4176 = ( GEOMETRIC_REPRESENTATION_CONTEXT(2) 
PARAMETRIC_REPRESENTATION_CONTEXT() REPRESENTATION_CONTEXT('2D SPACE',''
  ) );
#4177 = ORIENTED_EDGE('',*,*,#4178,.T.);
#4178 = EDGE_CURVE('',#4153,#4099,#4179,.T.);
#4179 = SURFACE_CURVE('',#4180,(#4184,#4190),.PCURVE_S1.);
#4180 = LINE('',#4181,#4182);
#4181 = CARTESIAN_POINT('',(-6.475,8.05,276.));
#4182 = VECTOR('',#4183,1.);
#4183 = DIRECTION('',(1.,0.,-0.));
#4184 = PCURVE('',#2726,#4185);
#4185 = DEFINITIONAL_REPRESENTATION('',(#4186),#4189);
#4186 = B_SPLINE_CURVE_WITH_KNOTS('',1,(#4187,#4188),.UNSPECIFIED.,.F.,
  .F.,(2,2),(-40.575,-6.475),.PIECEWISE_BEZIER_KNOTS.);
#4187 = CARTESIAN_POINT('',(-47.05,17.05));
#4188 = CARTESIAN_POINT('',(-12.95,17.05));
#4189 = ( GEOMETRIC_REPRESENTATION_CONTEXT(2) 
PARAMETRIC_REPRESENTATION_CONTEXT() REPRESENTATION_CONTEXT('2D SPACE',''
  ) );
#4190 = PCURVE('',#4191,#4196);
#4191 = PLANE('',#4192);
#4192 = AXIS2_PLACEMENT_3D('',#4193,#4194,#4195);
#4193 = CARTESIAN_POINT('',(-12.95,8.05,268.));
#4194 = DIRECTION('',(0.,-1.,0.));
#4195 = DIRECTION('',(-1.,0.,0.));
#4196 = DEFINITIONAL_REPRESENTATION('',(#4197),#4200);
#4197 = B_SPLINE_CURVE_WITH_KNOTS('',1,(#4198,#4199),.UNSPECIFIED.,.F.,
  .F.,(2,2),(-40.575,-6.475),.PIECEWISE_BEZIER_KNOTS.);
#4198 = CARTESIAN_POINT('',(34.1,-8.));
#4199 = CARTESIAN_POINT('',(0.,-8.));
#4200 = ( GEOMETRIC_REPRESENTATION_CONTEXT(2) 
PARAMETRIC_REPRESENTATION_CONTEXT() REPRESENTATION_CONTEXT('2D SPACE',''
  ) );
#4201 = ADVANCED_FACE('',(#4202),#4167,.T.);
#4202 = FACE_BOUND('',#4203,.T.);
#4203 = EDGE_LOOP('',(#4204,#4234,#4255,#4256));
#4204 = ORIENTED_EDGE('',*,*,#4205,.F.);
#4205 = EDGE_CURVE('',#4206,#4208,#4210,.T.);
#4206 = VERTEX_POINT('',#4207);
#4207 = CARTESIAN_POINT('',(-47.05,8.05,268.));
#4208 = VERTEX_POINT('',#4209);
#4209 = CARTESIAN_POINT('',(-47.05,-26.05,268.));
#4210 = SURFACE_CURVE('',#4211,(#4215,#4222),.PCURVE_S1.);
#4211 = LINE('',#4212,#4213);
#4212 = CARTESIAN_POINT('',(-47.05,8.05,268.));
#4213 = VECTOR('',#4214,1.);
#4214 = DIRECTION('',(0.,-1.,0.));
#4215 = PCURVE('',#4167,#4216);
#4216 = DEFINITIONAL_REPRESENTATION('',(#4217),#4221);
#4217 = LINE('',#4218,#4219);
#4218 = CARTESIAN_POINT('',(0.,0.));
#4219 = VECTOR('',#4220,1.);
#4220 = DIRECTION('',(1.,0.));
#4221 = ( GEOMETRIC_REPRESENTATION_CONTEXT(2) 
PARAMETRIC_REPRESENTATION_CONTEXT() REPRESENTATION_CONTEXT('2D SPACE',''
  ) );
#4222 = PCURVE('',#4223,#4228);
#4223 = PLANE('',#4224);
#4224 = AXIS2_PLACEMENT_3D('',#4225,#4226,#4227);
#4225 = CARTESIAN_POINT('',(-30.,-9.,268.));
#4226 = DIRECTION('',(0.,0.,1.));
#4227 = DIRECTION('',(1.,0.,-0.));
#4228 = DEFINITIONAL_REPRESENTATION('',(#4229),#4233);
#4229 = LINE('',#4230,#4231);
#4230 = CARTESIAN_POINT('',(-17.05,17.05));
#4231 = VECTOR('',#4232,1.);
#4232 = DIRECTION('',(0.,-1.));
#4233 = ( GEOMETRIC_REPRESENTATION_CONTEXT(2) 
PARAMETRIC_REPRESENTATION_CONTEXT() REPRESENTATION_CONTEXT('2D SPACE',''
  ) );
#4234 = ORIENTED_EDGE('',*,*,#4235,.T.);
#4235 = EDGE_CURVE('',#4206,#4153,#4236,.T.);
#4236 = SURFACE_CURVE('',#4237,(#4241,#4248),.PCURVE_S1.);
#4237 = LINE('',#4238,#4239);
#4238 = CARTESIAN_POINT('',(-47.05,8.05,268.));
#4239 = VECTOR('',#4240,1.);
#4240 = DIRECTION('',(0.,0.,1.));
#4241 = PCURVE('',#4167,#4242);
#4242 = DEFINITIONAL_REPRESENTATION('',(#4243),#4247);
#4243 = LINE('',#4244,#4245);
#4244 = CARTESIAN_POINT('',(0.,0.));
#4245 = VECTOR('',#4246,1.);
#4246 = DIRECTION('',(0.,-1.));
#4247 = ( GEOMETRIC_REPRESENTATION_CONTEXT(2) 
PARAMETRIC_REPRESENTATION_CONTEXT() REPRESENTATION_CONTEXT('2D SPACE',''
  ) );
#4248 = PCURVE('',#4191,#4249);
#4249 = DEFINITIONAL_REPRESENTATION('',(#4250),#4254);
#4250 = LINE('',#4251,#4252);
#4251 = CARTESIAN_POINT('',(34.1,0.));
#4252 = VECTOR('',#4253,1.);
#4253 = DIRECTION('',(0.,-1.));
#4254 = ( GEOMETRIC_REPRESENTATION_CONTEXT(2) 
PARAMETRIC_REPRESENTATION_CONTEXT() REPRESENTATION_CONTEXT('2D SPACE',''
  ) );
#4255 = ORIENTED_EDGE('',*,*,#4152,.F.);
#4256 = ORIENTED_EDGE('',*,*,#4257,.F.);
#4257 = EDGE_CURVE('',#4208,#4127,#4258,.T.);
#4258 = SURFACE_CURVE('',#4259,(#4263,#4270),.PCURVE_S1.);
#4259 = LINE('',#4260,#4261);
#4260 = CARTESIAN_POINT('',(-47.05,-26.05,268.));
#4261 = VECTOR('',#4262,1.);
#4262 = DIRECTION('',(0.,0.,1.));
#4263 = PCURVE('',#4167,#4264);
#4264 = DEFINITIONAL_REPRESENTATION('',(#4265),#4269);
#4265 = LINE('',#4266,#4267);
#4266 = CARTESIAN_POINT('',(34.1,0.));
#4267 = VECTOR('',#4268,1.);
#4268 = DIRECTION('',(0.,-1.));
#4269 = ( GEOMETRIC_REPRESENTATION_CONTEXT(2) 
PARAMETRIC_REPRESENTATION_CONTEXT() REPRESENTATION_CONTEXT('2D SPACE',''
  ) );
#4270 = PCURVE('',#4141,#4271);
#4271 = DEFINITIONAL_REPRESENTATION('',(#4272),#4276);
#4272 = LINE('',#4273,#4274);
#4273 = CARTESIAN_POINT('',(0.,0.));
#4274 = VECTOR('',#4275,1.);
#4275 = DIRECTION('',(0.,-1.));
#4276 = ( GEOMETRIC_REPRESENTATION_CONTEXT(2) 
PARAMETRIC_REPRESENTATION_CONTEXT() REPRESENTATION_CONTEXT('2D SPACE',''
  ) );
#4277 = ADVANCED_FACE('',(#4278,#4348),#4223,.T.);
#4278 = FACE_BOUND('',#4279,.T.);
#4279 = EDGE_LOOP('',(#4280,#4303,#4326,#4347));
#4280 = ORIENTED_EDGE('',*,*,#4281,.T.);
#4281 = EDGE_CURVE('',#4208,#4282,#4284,.T.);
#4282 = VERTEX_POINT('',#4283);
#4283 = CARTESIAN_POINT('',(-12.95,-26.05,268.));
#4284 = SURFACE_CURVE('',#4285,(#4289,#4296),.PCURVE_S1.);
#4285 = LINE('',#4286,#4287);
#4286 = CARTESIAN_POINT('',(-47.05,-26.05,268.));
#4287 = VECTOR('',#4288,1.);
#4288 = DIRECTION('',(1.,0.,0.));
#4289 = PCURVE('',#4223,#4290);
#4290 = DEFINITIONAL_REPRESENTATION('',(#4291),#4295);
#4291 = LINE('',#4292,#4293);
#4292 = CARTESIAN_POINT('',(-17.05,-17.05));
#4293 = VECTOR('',#4294,1.);
#4294 = DIRECTION('',(1.,0.));
#4295 = ( GEOMETRIC_REPRESENTATION_CONTEXT(2) 
PARAMETRIC_REPRESENTATION_CONTEXT() REPRESENTATION_CONTEXT('2D SPACE',''
  ) );
#4296 = PCURVE('',#4141,#4297);
#4297 = DEFINITIONAL_REPRESENTATION('',(#4298),#4302);
#4298 = LINE('',#4299,#4300);
#4299 = CARTESIAN_POINT('',(0.,0.));
#4300 = VECTOR('',#4301,1.);
#4301 = DIRECTION('',(1.,0.));
#4302 = ( GEOMETRIC_REPRESENTATION_CONTEXT(2) 
PARAMETRIC_REPRESENTATION_CONTEXT() REPRESENTATION_CONTEXT('2D SPACE',''
  ) );
#4303 = ORIENTED_EDGE('',*,*,#4304,.T.);
#4304 = EDGE_CURVE('',#4282,#4305,#4307,.T.);
#4305 = VERTEX_POINT('',#4306);
#4306 = CARTESIAN_POINT('',(-12.95,8.05,268.));
#4307 = SURFACE_CURVE('',#4308,(#4312,#4319),.PCURVE_S1.);
#4308 = LINE('',#4309,#4310);
#4309 = CARTESIAN_POINT('',(-12.95,-26.05,268.));
#4310 = VECTOR('',#4311,1.);
#4311 = DIRECTION('',(0.,1.,0.));
#4312 = PCURVE('',#4223,#4313);
#4313 = DEFINITIONAL_REPRESENTATION('',(#4314),#4318);
#4314 = LINE('',#4315,#4316);
#4315 = CARTESIAN_POINT('',(17.05,-17.05));
#4316 = VECTOR('',#4317,1.);
#4317 = DIRECTION('',(0.,1.));
#4318 = ( GEOMETRIC_REPRESENTATION_CONTEXT(2) 
PARAMETRIC_REPRESENTATION_CONTEXT() REPRESENTATION_CONTEXT('2D SPACE',''
  ) );
#4319 = PCURVE('',#4115,#4320);
#4320 = DEFINITIONAL_REPRESENTATION('',(#4321),#4325);
#4321 = LINE('',#4322,#4323);
#4322 = CARTESIAN_POINT('',(0.,0.));
#4323 = VECTOR('',#4324,1.);
#4324 = DIRECTION('',(1.,0.));
#4325 = ( GEOMETRIC_REPRESENTATION_CONTEXT(2) 
PARAMETRIC_REPRESENTATION_CONTEXT() REPRESENTATION_CONTEXT('2D SPACE',''
  ) );
#4326 = ORIENTED_EDGE('',*,*,#4327,.T.);
#4327 = EDGE_CURVE('',#4305,#4206,#4328,.T.);
#4328 = SURFACE_CURVE('',#4329,(#4333,#4340),.PCURVE_S1.);
#4329 = LINE('',#4330,#4331);
#4330 = CARTESIAN_POINT('',(-12.95,8.05,268.));
#4331 = VECTOR('',#4332,1.);
#4332 = DIRECTION('',(-1.,0.,0.));
#4333 = PCURVE('',#4223,#4334);
#4334 = DEFINITIONAL_REPRESENTATION('',(#4335),#4339);
#4335 = LINE('',#4336,#4337);
#4336 = CARTESIAN_POINT('',(17.05,17.05));
#4337 = VECTOR('',#4338,1.);
#4338 = DIRECTION('',(-1.,0.));
#4339 = ( GEOMETRIC_REPRESENTATION_CONTEXT(2) 
PARAMETRIC_REPRESENTATION_CONTEXT() REPRESENTATION_CONTEXT('2D SPACE',''
  ) );
#4340 = PCURVE('',#4191,#4341);
#4341 = DEFINITIONAL_REPRESENTATION('',(#4342),#4346);
#4342 = LINE('',#4343,#4344);
#4343 = CARTESIAN_POINT('',(0.,-0.));
#4344 = VECTOR('',#4345,1.);
#4345 = DIRECTION('',(1.,0.));
#4346 = ( GEOMETRIC_REPRESENTATION_CONTEXT(2) 
PARAMETRIC_REPRESENTATION_CONTEXT() REPRESENTATION_CONTEXT('2D SPACE',''
  ) );
#4347 = ORIENTED_EDGE('',*,*,#4205,.T.);
#4348 = FACE_BOUND('',#4349,.T.);
#4349 = EDGE_LOOP('',(#4350));
#4350 = ORIENTED_EDGE('',*,*,#4351,.T.);
#4351 = EDGE_CURVE('',#4352,#4352,#4354,.T.);
#4352 = VERTEX_POINT('',#4353);
#4353 = CARTESIAN_POINT('',(-22.,-9.,268.));
#4354 = SURFACE_CURVE('',#4355,(#4360,#4371),.PCURVE_S1.);
#4355 = CIRCLE('',#4356,8.);
#4356 = AXIS2_PLACEMENT_3D('',#4357,#4358,#4359);
#4357 = CARTESIAN_POINT('',(-30.,-9.,268.));
#4358 = DIRECTION('',(0.,0.,-1.));
#4359 = DIRECTION('',(1.,0.,0.));
#4360 = PCURVE('',#4223,#4361);
#4361 = DEFINITIONAL_REPRESENTATION('',(#4362),#4370);
#4362 = ( BOUNDED_CURVE() B_SPLINE_CURVE(2,(#4363,#4364,#4365,#4366,
#4367,#4368,#4369),.UNSPECIFIED.,.T.,.F.) B_SPLINE_CURVE_WITH_KNOTS((1,2
    ,2,2,2,1),(-2.094395102393,0.,2.094395102393,4.188790204786,
6.28318530718,8.377580409573),.UNSPECIFIED.) CURVE() 
GEOMETRIC_REPRESENTATION_ITEM() RATIONAL_B_SPLINE_CURVE((1.,0.5,1.,0.5,
1.,0.5,1.)) REPRESENTATION_ITEM('') );
#4363 = CARTESIAN_POINT('',(8.,0.));
#4364 = CARTESIAN_POINT('',(8.,-13.85640646055));
#4365 = CARTESIAN_POINT('',(-4.,-6.928203230276));
#4366 = CARTESIAN_POINT('',(-16.,-1.959434878636E-15));
#4367 = CARTESIAN_POINT('',(-4.,6.928203230276));
#4368 = CARTESIAN_POINT('',(8.,13.856406460551));
#4369 = CARTESIAN_POINT('',(8.,0.));
#4370 = ( GEOMETRIC_REPRESENTATION_CONTEXT(2) 
PARAMETRIC_REPRESENTATION_CONTEXT() REPRESENTATION_CONTEXT('2D SPACE',''
  ) );
#4371 = PCURVE('',#2362,#4372);
#4372 = DEFINITIONAL_REPRESENTATION('',(#4373),#4377);
#4373 = LINE('',#4374,#4375);
#4374 = CARTESIAN_POINT('',(-6.28318530718,-14.));
#4375 = VECTOR('',#4376,1.);
#4376 = DIRECTION('',(1.,-0.));
#4377 = ( GEOMETRIC_REPRESENTATION_CONTEXT(2) 
PARAMETRIC_REPRESENTATION_CONTEXT() REPRESENTATION_CONTEXT('2D SPACE',''
  ) );
#4378 = ADVANCED_FACE('',(#4379),#4141,.T.);
#4379 = FACE_BOUND('',#4380,.T.);
#4380 = EDGE_LOOP('',(#4381,#4382,#4383,#4384));
#4381 = ORIENTED_EDGE('',*,*,#4281,.F.);
#4382 = ORIENTED_EDGE('',*,*,#4257,.T.);
#4383 = ORIENTED_EDGE('',*,*,#4126,.F.);
#4384 = ORIENTED_EDGE('',*,*,#4385,.F.);
#4385 = EDGE_CURVE('',#4282,#4101,#4386,.T.);
#4386 = SURFACE_CURVE('',#4387,(#4391,#4398),.PCURVE_S1.);
#4387 = LINE('',#4388,#4389);
#4388 = CARTESIAN_POINT('',(-12.95,-26.05,268.));
#4389 = VECTOR('',#4390,1.);
#4390 = DIRECTION('',(0.,0.,1.));
#4391 = PCURVE('',#4141,#4392);
#4392 = DEFINITIONAL_REPRESENTATION('',(#4393),#4397);
#4393 = LINE('',#4394,#4395);
#4394 = CARTESIAN_POINT('',(34.1,0.));
#4395 = VECTOR('',#4396,1.);
#4396 = DIRECTION('',(0.,-1.));
#4397 = ( GEOMETRIC_REPRESENTATION_CONTEXT(2) 
PARAMETRIC_REPRESENTATION_CONTEXT() REPRESENTATION_CONTEXT('2D SPACE',''
  ) );
#4398 = PCURVE('',#4115,#4399);
#4399 = DEFINITIONAL_REPRESENTATION('',(#4400),#4404);
#4400 = LINE('',#4401,#4402);
#4401 = CARTESIAN_POINT('',(0.,0.));
#4402 = VECTOR('',#4403,1.);
#4403 = DIRECTION('',(0.,-1.));
#4404 = ( GEOMETRIC_REPRESENTATION_CONTEXT(2) 
PARAMETRIC_REPRESENTATION_CONTEXT() REPRESENTATION_CONTEXT('2D SPACE',''
  ) );
#4405 = ADVANCED_FACE('',(#4406),#4191,.T.);
#4406 = FACE_BOUND('',#4407,.T.);
#4407 = EDGE_LOOP('',(#4408,#4409,#4430,#4431));
#4408 = ORIENTED_EDGE('',*,*,#4327,.F.);
#4409 = ORIENTED_EDGE('',*,*,#4410,.T.);
#4410 = EDGE_CURVE('',#4305,#4099,#4411,.T.);
#4411 = SURFACE_CURVE('',#4412,(#4416,#4423),.PCURVE_S1.);
#4412 = LINE('',#4413,#4414);
#4413 = CARTESIAN_POINT('',(-12.95,8.05,268.));
#4414 = VECTOR('',#4415,1.);
#4415 = DIRECTION('',(0.,0.,1.));
#4416 = PCURVE('',#4191,#4417);
#4417 = DEFINITIONAL_REPRESENTATION('',(#4418),#4422);
#4418 = LINE('',#4419,#4420);
#4419 = CARTESIAN_POINT('',(0.,-0.));
#4420 = VECTOR('',#4421,1.);
#4421 = DIRECTION('',(0.,-1.));
#4422 = ( GEOMETRIC_REPRESENTATION_CONTEXT(2) 
PARAMETRIC_REPRESENTATION_CONTEXT() REPRESENTATION_CONTEXT('2D SPACE',''
  ) );
#4423 = PCURVE('',#4115,#4424);
#4424 = DEFINITIONAL_REPRESENTATION('',(#4425),#4429);
#4425 = LINE('',#4426,#4427);
#4426 = CARTESIAN_POINT('',(34.1,0.));
#4427 = VECTOR('',#4428,1.);
#4428 = DIRECTION('',(0.,-1.));
#4429 = ( GEOMETRIC_REPRESENTATION_CONTEXT(2) 
PARAMETRIC_REPRESENTATION_CONTEXT() REPRESENTATION_CONTEXT('2D SPACE',''
  ) );
#4430 = ORIENTED_EDGE('',*,*,#4178,.F.);
#4431 = ORIENTED_EDGE('',*,*,#4235,.F.);
#4432 = ADVANCED_FACE('',(#4433),#4115,.T.);
#4433 = FACE_BOUND('',#4434,.T.);
#4434 = EDGE_LOOP('',(#4435,#4436,#4437,#4438));
#4435 = ORIENTED_EDGE('',*,*,#4304,.F.);
#4436 = ORIENTED_EDGE('',*,*,#4385,.T.);
#4437 = ORIENTED_EDGE('',*,*,#4098,.F.);
#4438 = ORIENTED_EDGE('',*,*,#4410,.F.);
#4439 = ADVANCED_FACE('',(#4440),#2552,.T.);
#4440 = FACE_BOUND('',#4441,.T.);
#4441 = EDGE_LOOP('',(#4442,#4443,#4464,#4465));
#4442 = ORIENTED_EDGE('',*,*,#2536,.F.);
#4443 = ORIENTED_EDGE('',*,*,#4444,.T.);
#4444 = EDGE_CURVE('',#2509,#2842,#4445,.T.);
#4445 = SURFACE_CURVE('',#4446,(#4450,#4457),.PCURVE_S1.);
#4446 = LINE('',#4447,#4448);
#4447 = CARTESIAN_POINT('',(51.85,-23.65,268.));
#4448 = VECTOR('',#4449,1.);
#4449 = DIRECTION('',(0.,0.,1.));
#4450 = PCURVE('',#2552,#4451);
#4451 = DEFINITIONAL_REPRESENTATION('',(#4452),#4456);
#4452 = LINE('',#4453,#4454);
#4453 = CARTESIAN_POINT('',(0.,0.));
#4454 = VECTOR('',#4455,1.);
#4455 = DIRECTION('',(0.,-1.));
#4456 = ( GEOMETRIC_REPRESENTATION_CONTEXT(2) 
PARAMETRIC_REPRESENTATION_CONTEXT() REPRESENTATION_CONTEXT('2D SPACE',''
  ) );
#4457 = PCURVE('',#2524,#4458);
#4458 = DEFINITIONAL_REPRESENTATION('',(#4459),#4463);
#4459 = LINE('',#4460,#4461);
#4460 = CARTESIAN_POINT('',(47.7,0.));
#4461 = VECTOR('',#4462,1.);
#4462 = DIRECTION('',(0.,-1.));
#4463 = ( GEOMETRIC_REPRESENTATION_CONTEXT(2) 
PARAMETRIC_REPRESENTATION_CONTEXT() REPRESENTATION_CONTEXT('2D SPACE',''
  ) );
#4464 = ORIENTED_EDGE('',*,*,#2865,.T.);
#4465 = ORIENTED_EDGE('',*,*,#2655,.F.);
#4466 = ADVANCED_FACE('',(#4467),#2606,.T.);
#4467 = FACE_BOUND('',#4468,.T.);
#4468 = EDGE_LOOP('',(#4469,#4470,#4471,#4472));
#4469 = ORIENTED_EDGE('',*,*,#2592,.F.);
#4470 = ORIENTED_EDGE('',*,*,#2737,.T.);
#4471 = ORIENTED_EDGE('',*,*,#4072,.F.);
#4472 = ORIENTED_EDGE('',*,*,#4473,.F.);
#4473 = EDGE_CURVE('',#2507,#4052,#4474,.T.);
#4474 = SURFACE_CURVE('',#4475,(#4479,#4486),.PCURVE_S1.);
#4475 = LINE('',#4476,#4477);
#4476 = CARTESIAN_POINT('',(4.15,-23.65,268.));
#4477 = VECTOR('',#4478,1.);
#4478 = DIRECTION('',(0.,0.,1.));
#4479 = PCURVE('',#2606,#4480);
#4480 = DEFINITIONAL_REPRESENTATION('',(#4481),#4485);
#4481 = LINE('',#4482,#4483);
#4482 = CARTESIAN_POINT('',(29.3,0.));
#4483 = VECTOR('',#4484,1.);
#4484 = DIRECTION('',(0.,-1.));
#4485 = ( GEOMETRIC_REPRESENTATION_CONTEXT(2) 
PARAMETRIC_REPRESENTATION_CONTEXT() REPRESENTATION_CONTEXT('2D SPACE',''
  ) );
#4486 = PCURVE('',#2524,#4487);
#4487 = DEFINITIONAL_REPRESENTATION('',(#4488),#4492);
#4488 = LINE('',#4489,#4490);
#4489 = CARTESIAN_POINT('',(0.,0.));
#4490 = VECTOR('',#4491,1.);
#4491 = DIRECTION('',(0.,-1.));
#4492 = ( GEOMETRIC_REPRESENTATION_CONTEXT(2) 
PARAMETRIC_REPRESENTATION_CONTEXT() REPRESENTATION_CONTEXT('2D SPACE',''
  ) );
#4493 = ADVANCED_FACE('',(#4494),#2524,.T.);
#4494 = FACE_BOUND('',#4495,.T.);
#4495 = EDGE_LOOP('',(#4496,#4497,#4498,#4499,#4500));
#4496 = ORIENTED_EDGE('',*,*,#2506,.F.);
#4497 = ORIENTED_EDGE('',*,*,#4473,.T.);
#4498 = ORIENTED_EDGE('',*,*,#4051,.F.);
#4499 = ORIENTED_EDGE('',*,*,#2841,.T.);
#4500 = ORIENTED_EDGE('',*,*,#4444,.F.);
#4501 = ADVANCED_FACE('',(#4502),#2397,.F.);
#4502 = FACE_BOUND('',#4503,.T.);
#4503 = EDGE_LOOP('',(#4504,#4525,#4526,#4527));
#4504 = ORIENTED_EDGE('',*,*,#4505,.F.);
#4505 = EDGE_CURVE('',#2377,#2621,#4506,.T.);
#4506 = SEAM_CURVE('',#4507,(#4511,#4518),.PCURVE_S1.);
#4507 = LINE('',#4508,#4509);
#4508 = CARTESIAN_POINT('',(23.4,-9.,254.));
#4509 = VECTOR('',#4510,1.);
#4510 = DIRECTION('',(0.,0.,1.));
#4511 = PCURVE('',#2397,#4512);
#4512 = DEFINITIONAL_REPRESENTATION('',(#4513),#4517);
#4513 = LINE('',#4514,#4515);
#4514 = CARTESIAN_POINT('',(-6.28318530718,0.));
#4515 = VECTOR('',#4516,1.);
#4516 = DIRECTION('',(-0.,-1.));
#4517 = ( GEOMETRIC_REPRESENTATION_CONTEXT(2) 
PARAMETRIC_REPRESENTATION_CONTEXT() REPRESENTATION_CONTEXT('2D SPACE',''
  ) );
#4518 = PCURVE('',#2397,#4519);
#4519 = DEFINITIONAL_REPRESENTATION('',(#4520),#4524);
#4520 = LINE('',#4521,#4522);
#4521 = CARTESIAN_POINT('',(-0.,0.));
#4522 = VECTOR('',#4523,1.);
#4523 = DIRECTION('',(-0.,-1.));
#4524 = ( GEOMETRIC_REPRESENTATION_CONTEXT(2) 
PARAMETRIC_REPRESENTATION_CONTEXT() REPRESENTATION_CONTEXT('2D SPACE',''
  ) );
#4525 = ORIENTED_EDGE('',*,*,#2376,.T.);
#4526 = ORIENTED_EDGE('',*,*,#4505,.T.);
#4527 = ORIENTED_EDGE('',*,*,#2620,.F.);
#4528 = ADVANCED_FACE('',(#4529),#2362,.F.);
#4529 = FACE_BOUND('',#4530,.T.);
#4530 = EDGE_LOOP('',(#4531,#4552,#4553,#4554));
#4531 = ORIENTED_EDGE('',*,*,#4532,.F.);
#4532 = EDGE_CURVE('',#2342,#4352,#4533,.T.);
#4533 = SEAM_CURVE('',#4534,(#4538,#4545),.PCURVE_S1.);
#4534 = LINE('',#4535,#4536);
#4535 = CARTESIAN_POINT('',(-22.,-9.,254.));
#4536 = VECTOR('',#4537,1.);
#4537 = DIRECTION('',(0.,0.,1.));
#4538 = PCURVE('',#2362,#4539);
#4539 = DEFINITIONAL_REPRESENTATION('',(#4540),#4544);
#4540 = LINE('',#4541,#4542);
#4541 = CARTESIAN_POINT('',(-6.28318530718,0.));
#4542 = VECTOR('',#4543,1.);
#4543 = DIRECTION('',(-0.,-1.));
#4544 = ( GEOMETRIC_REPRESENTATION_CONTEXT(2) 
PARAMETRIC_REPRESENTATION_CONTEXT() REPRESENTATION_CONTEXT('2D SPACE',''
  ) );
#4545 = PCURVE('',#2362,#4546);
#4546 = DEFINITIONAL_REPRESENTATION('',(#4547),#4551);
#4547 = LINE('',#4548,#4549);
#4548 = CARTESIAN_POINT('',(-0.,0.));
#4549 = VECTOR('',#4550,1.);
#4550 = DIRECTION('',(-0.,-1.));
#4551 = ( GEOMETRIC_REPRESENTATION_CONTEXT(2) 
PARAMETRIC_REPRESENTATION_CONTEXT() REPRESENTATION_CONTEXT('2D SPACE',''
  ) );
#4552 = ORIENTED_EDGE('',*,*,#2341,.T.);
#4553 = ORIENTED_EDGE('',*,*,#4532,.T.);
#4554 = ORIENTED_EDGE('',*,*,#4351,.F.);
#4555 = ADVANCED_FACE('',(#4556,#4626),#2105,.T.);
#4556 = FACE_BOUND('',#4557,.T.);
#4557 = EDGE_LOOP('',(#4558,#4583,#4604,#4605));
#4558 = ORIENTED_EDGE('',*,*,#4559,.F.);
#4559 = EDGE_CURVE('',#4560,#4562,#4564,.T.);
#4560 = VERTEX_POINT('',#4561);
#4561 = CARTESIAN_POINT('',(75.,-50.,17.));
#4562 = VERTEX_POINT('',#4563);
#4563 = CARTESIAN_POINT('',(75.,50.,17.));
#4564 = SURFACE_CURVE('',#4565,(#4569,#4576),.PCURVE_S1.);
#4565 = LINE('',#4566,#4567);
#4566 = CARTESIAN_POINT('',(75.,-67.,17.));
#4567 = VECTOR('',#4568,1.);
#4568 = DIRECTION('',(0.,1.,0.));
#4569 = PCURVE('',#2105,#4570);
#4570 = DEFINITIONAL_REPRESENTATION('',(#4571),#4575);
#4571 = LINE('',#4572,#4573);
#4572 = CARTESIAN_POINT('',(0.,0.));
#4573 = VECTOR('',#4574,1.);
#4574 = DIRECTION('',(1.,0.));
#4575 = ( GEOMETRIC_REPRESENTATION_CONTEXT(2) 
PARAMETRIC_REPRESENTATION_CONTEXT() REPRESENTATION_CONTEXT('2D SPACE',''
  ) );
#4576 = PCURVE('',#701,#4577);
#4577 = DEFINITIONAL_REPRESENTATION('',(#4578),#4582);
#4578 = LINE('',#4579,#4580);
#4579 = CARTESIAN_POINT('',(75.,-67.));
#4580 = VECTOR('',#4581,1.);
#4581 = DIRECTION('',(0.,1.));
#4582 = ( GEOMETRIC_REPRESENTATION_CONTEXT(2) 
PARAMETRIC_REPRESENTATION_CONTEXT() REPRESENTATION_CONTEXT('2D SPACE',''
  ) );
#4583 = ORIENTED_EDGE('',*,*,#4584,.T.);
#4584 = EDGE_CURVE('',#4560,#2066,#4585,.T.);
#4585 = SURFACE_CURVE('',#4586,(#4590,#4597),.PCURVE_S1.);
#4586 = LINE('',#4587,#4588);
#4587 = CARTESIAN_POINT('',(75.,-50.,17.));
#4588 = VECTOR('',#4589,1.);
#4589 = DIRECTION('',(0.,0.,1.));
#4590 = PCURVE('',#2105,#4591);
#4591 = DEFINITIONAL_REPRESENTATION('',(#4592),#4596);
#4592 = LINE('',#4593,#4594);
#4593 = CARTESIAN_POINT('',(17.,0.));
#4594 = VECTOR('',#4595,1.);
#4595 = DIRECTION('',(0.,-1.));
#4596 = ( GEOMETRIC_REPRESENTATION_CONTEXT(2) 
PARAMETRIC_REPRESENTATION_CONTEXT() REPRESENTATION_CONTEXT('2D SPACE',''
  ) );
#4597 = PCURVE('',#783,#4598);
#4598 = DEFINITIONAL_REPRESENTATION('',(#4599),#4603);
#4599 = LINE('',#4600,#4601);
#4600 = CARTESIAN_POINT('',(1.570796326795,0.));
#4601 = VECTOR('',#4602,1.);
#4602 = DIRECTION('',(0.,1.));
#4603 = ( GEOMETRIC_REPRESENTATION_CONTEXT(2) 
PARAMETRIC_REPRESENTATION_CONTEXT() REPRESENTATION_CONTEXT('2D SPACE',''
  ) );
#4604 = ORIENTED_EDGE('',*,*,#2089,.T.);
#4605 = ORIENTED_EDGE('',*,*,#4606,.F.);
#4606 = EDGE_CURVE('',#4562,#2090,#4607,.T.);
#4607 = SURFACE_CURVE('',#4608,(#4612,#4619),.PCURVE_S1.);
#4608 = LINE('',#4609,#4610);
#4609 = CARTESIAN_POINT('',(75.,50.,17.));
#4610 = VECTOR('',#4611,1.);
#4611 = DIRECTION('',(0.,0.,1.));
#4612 = PCURVE('',#2105,#4613);
#4613 = DEFINITIONAL_REPRESENTATION('',(#4614),#4618);
#4614 = LINE('',#4615,#4616);
#4615 = CARTESIAN_POINT('',(117.,0.));
#4616 = VECTOR('',#4617,1.);
#4617 = DIRECTION('',(0.,-1.));
#4618 = ( GEOMETRIC_REPRESENTATION_CONTEXT(2) 
PARAMETRIC_REPRESENTATION_CONTEXT() REPRESENTATION_CONTEXT('2D SPACE',''
  ) );
#4619 = PCURVE('',#2134,#4620);
#4620 = DEFINITIONAL_REPRESENTATION('',(#4621),#4625);
#4621 = LINE('',#4622,#4623);
#4622 = CARTESIAN_POINT('',(0.,0.));
#4623 = VECTOR('',#4624,1.);
#4624 = DIRECTION('',(0.,1.));
#4625 = ( GEOMETRIC_REPRESENTATION_CONTEXT(2) 
PARAMETRIC_REPRESENTATION_CONTEXT() REPRESENTATION_CONTEXT('2D SPACE',''
  ) );
#4626 = FACE_BOUND('',#4627,.T.);
#4627 = EDGE_LOOP('',(#4628));
#4628 = ORIENTED_EDGE('',*,*,#4629,.T.);
#4629 = EDGE_CURVE('',#4630,#4630,#4632,.T.);
#4630 = VERTEX_POINT('',#4631);
#4631 = CARTESIAN_POINT('',(75.,-26.85,86.));
#4632 = SURFACE_CURVE('',#4633,(#4638,#4649),.PCURVE_S1.);
#4633 = CIRCLE('',#4634,2.);
#4634 = AXIS2_PLACEMENT_3D('',#4635,#4636,#4637);
#4635 = CARTESIAN_POINT('',(75.,-28.85,86.));
#4636 = DIRECTION('',(1.,0.,0.));
#4637 = DIRECTION('',(-0.,1.,0.));
#4638 = PCURVE('',#2105,#4639);
#4639 = DEFINITIONAL_REPRESENTATION('',(#4640),#4648);
#4640 = ( BOUNDED_CURVE() B_SPLINE_CURVE(2,(#4641,#4642,#4643,#4644,
#4645,#4646,#4647),.UNSPECIFIED.,.T.,.F.) B_SPLINE_CURVE_WITH_KNOTS((1,2
    ,2,2,2,1),(-2.094395102393,0.,2.094395102393,4.188790204786,
6.28318530718,8.377580409573),.UNSPECIFIED.) CURVE() 
GEOMETRIC_REPRESENTATION_ITEM() RATIONAL_B_SPLINE_CURVE((1.,0.5,1.,0.5,
1.,0.5,1.)) REPRESENTATION_ITEM('') );
#4641 = CARTESIAN_POINT('',(40.15,-69.));
#4642 = CARTESIAN_POINT('',(40.15,-72.46410161513));
#4643 = CARTESIAN_POINT('',(37.15,-70.73205080756));
#4644 = CARTESIAN_POINT('',(34.15,-69.));
#4645 = CARTESIAN_POINT('',(37.15,-67.26794919243));
#4646 = CARTESIAN_POINT('',(40.15,-65.53589838486));
#4647 = CARTESIAN_POINT('',(40.15,-69.));
#4648 = ( GEOMETRIC_REPRESENTATION_CONTEXT(2) 
PARAMETRIC_REPRESENTATION_CONTEXT() REPRESENTATION_CONTEXT('2D SPACE',''
  ) );
#4649 = PCURVE('',#4650,#4655);
#4650 = CYLINDRICAL_SURFACE('',#4651,2.);
#4651 = AXIS2_PLACEMENT_3D('',#4652,#4653,#4654);
#4652 = CARTESIAN_POINT('',(76.,-28.85,86.));
#4653 = DIRECTION('',(1.,0.,0.));
#4654 = DIRECTION('',(0.,1.,0.));
#4655 = DEFINITIONAL_REPRESENTATION('',(#4656),#4660);
#4656 = LINE('',#4657,#4658);
#4657 = CARTESIAN_POINT('',(0.,-1.));
#4658 = VECTOR('',#4659,1.);
#4659 = DIRECTION('',(1.,0.));
#4660 = ( GEOMETRIC_REPRESENTATION_CONTEXT(2) 
PARAMETRIC_REPRESENTATION_CONTEXT() REPRESENTATION_CONTEXT('2D SPACE',''
  ) );
#4661 = ADVANCED_FACE('',(#4662),#4650,.T.);
#4662 = FACE_BOUND('',#4663,.T.);
#4663 = EDGE_LOOP('',(#4664,#4665,#4688,#4715));
#4664 = ORIENTED_EDGE('',*,*,#4629,.F.);
#4665 = ORIENTED_EDGE('',*,*,#4666,.T.);
#4666 = EDGE_CURVE('',#4630,#4667,#4669,.T.);
#4667 = VERTEX_POINT('',#4668);
#4668 = CARTESIAN_POINT('',(72.,-26.85,86.));
#4669 = SEAM_CURVE('',#4670,(#4674,#4681),.PCURVE_S1.);
#4670 = LINE('',#4671,#4672);
#4671 = CARTESIAN_POINT('',(76.,-26.85,86.));
#4672 = VECTOR('',#4673,1.);
#4673 = DIRECTION('',(-1.,-0.,-0.));
#4674 = PCURVE('',#4650,#4675);
#4675 = DEFINITIONAL_REPRESENTATION('',(#4676),#4680);
#4676 = LINE('',#4677,#4678);
#4677 = CARTESIAN_POINT('',(6.28318530718,0.));
#4678 = VECTOR('',#4679,1.);
#4679 = DIRECTION('',(0.,-1.));
#4680 = ( GEOMETRIC_REPRESENTATION_CONTEXT(2) 
PARAMETRIC_REPRESENTATION_CONTEXT() REPRESENTATION_CONTEXT('2D SPACE',''
  ) );
#4681 = PCURVE('',#4650,#4682);
#4682 = DEFINITIONAL_REPRESENTATION('',(#4683),#4687);
#4683 = LINE('',#4684,#4685);
#4684 = CARTESIAN_POINT('',(0.,0.));
#4685 = VECTOR('',#4686,1.);
#4686 = DIRECTION('',(0.,-1.));
#4687 = ( GEOMETRIC_REPRESENTATION_CONTEXT(2) 
PARAMETRIC_REPRESENTATION_CONTEXT() REPRESENTATION_CONTEXT('2D SPACE',''
  ) );
#4688 = ORIENTED_EDGE('',*,*,#4689,.T.);
#4689 = EDGE_CURVE('',#4667,#4667,#4690,.T.);
#4690 = SURFACE_CURVE('',#4691,(#4696,#4703),.PCURVE_S1.);
#4691 = CIRCLE('',#4692,2.);
#4692 = AXIS2_PLACEMENT_3D('',#4693,#4694,#4695);
#4693 = CARTESIAN_POINT('',(72.,-28.85,86.));
#4694 = DIRECTION('',(1.,0.,0.));
#4695 = DIRECTION('',(0.,1.,0.));
#4696 = PCURVE('',#4650,#4697);
#4697 = DEFINITIONAL_REPRESENTATION('',(#4698),#4702);
#4698 = LINE('',#4699,#4700);
#4699 = CARTESIAN_POINT('',(0.,-4.));
#4700 = VECTOR('',#4701,1.);
#4701 = DIRECTION('',(1.,0.));
#4702 = ( GEOMETRIC_REPRESENTATION_CONTEXT(2) 
PARAMETRIC_REPRESENTATION_CONTEXT() REPRESENTATION_CONTEXT('2D SPACE',''
  ) );
#4703 = PCURVE('',#4704,#4709);
#4704 = PLANE('',#4705);
#4705 = AXIS2_PLACEMENT_3D('',#4706,#4707,#4708);
#4706 = CARTESIAN_POINT('',(72.,-28.85,86.));
#4707 = DIRECTION('',(1.,0.,0.));
#4708 = DIRECTION('',(-0.,0.,1.));
#4709 = DEFINITIONAL_REPRESENTATION('',(#4710),#4714);
#4710 = CIRCLE('',#4711,2.);
#4711 = AXIS2_PLACEMENT_2D('',#4712,#4713);
#4712 = CARTESIAN_POINT('',(1.42108547152E-14,0.));
#4713 = DIRECTION('',(0.,-1.));
#4714 = ( GEOMETRIC_REPRESENTATION_CONTEXT(2) 
PARAMETRIC_REPRESENTATION_CONTEXT() REPRESENTATION_CONTEXT('2D SPACE',''
  ) );
#4715 = ORIENTED_EDGE('',*,*,#4666,.F.);
#4716 = ADVANCED_FACE('',(#4717),#4704,.F.);
#4717 = FACE_BOUND('',#4718,.F.);
#4718 = EDGE_LOOP('',(#4719));
#4719 = ORIENTED_EDGE('',*,*,#4689,.T.);
#4720 = ADVANCED_FACE('',(#4721),#2134,.F.);
#4721 = FACE_BOUND('',#4722,.F.);
#4722 = EDGE_LOOP('',(#4723,#4747,#4775,#4803,#4824,#4825));
#4723 = ORIENTED_EDGE('',*,*,#4724,.T.);
#4724 = EDGE_CURVE('',#4562,#4725,#4727,.T.);
#4725 = VERTEX_POINT('',#4726);
#4726 = CARTESIAN_POINT('',(58.,67.,17.));
#4727 = SURFACE_CURVE('',#4728,(#4733,#4740),.PCURVE_S1.);
#4728 = CIRCLE('',#4729,17.);
#4729 = AXIS2_PLACEMENT_3D('',#4730,#4731,#4732);
#4730 = CARTESIAN_POINT('',(58.,50.,17.));
#4731 = DIRECTION('',(0.,0.,1.));
#4732 = DIRECTION('',(0.,-1.,0.));
#4733 = PCURVE('',#2134,#4734);
#4734 = DEFINITIONAL_REPRESENTATION('',(#4735),#4739);
#4735 = LINE('',#4736,#4737);
#4736 = CARTESIAN_POINT('',(-1.570796326795,0.));
#4737 = VECTOR('',#4738,1.);
#4738 = DIRECTION('',(1.,0.));
#4739 = ( GEOMETRIC_REPRESENTATION_CONTEXT(2) 
PARAMETRIC_REPRESENTATION_CONTEXT() REPRESENTATION_CONTEXT('2D SPACE',''
  ) );
#4740 = PCURVE('',#701,#4741);
#4741 = DEFINITIONAL_REPRESENTATION('',(#4742),#4746);
#4742 = CIRCLE('',#4743,17.);
#4743 = AXIS2_PLACEMENT_2D('',#4744,#4745);
#4744 = CARTESIAN_POINT('',(58.,50.));
#4745 = DIRECTION('',(0.,-1.));
#4746 = ( GEOMETRIC_REPRESENTATION_CONTEXT(2) 
PARAMETRIC_REPRESENTATION_CONTEXT() REPRESENTATION_CONTEXT('2D SPACE',''
  ) );
#4747 = ORIENTED_EDGE('',*,*,#4748,.T.);
#4748 = EDGE_CURVE('',#4725,#4749,#4751,.T.);
#4749 = VERTEX_POINT('',#4750);
#4750 = CARTESIAN_POINT('',(58.,67.,28.));
#4751 = SURFACE_CURVE('',#4752,(#4756,#4763),.PCURVE_S1.);
#4752 = LINE('',#4753,#4754);
#4753 = CARTESIAN_POINT('',(58.,67.,17.));
#4754 = VECTOR('',#4755,1.);
#4755 = DIRECTION('',(0.,0.,1.));
#4756 = PCURVE('',#2134,#4757);
#4757 = DEFINITIONAL_REPRESENTATION('',(#4758),#4762);
#4758 = LINE('',#4759,#4760);
#4759 = CARTESIAN_POINT('',(1.570796326795,0.));
#4760 = VECTOR('',#4761,1.);
#4761 = DIRECTION('',(0.,1.));
#4762 = ( GEOMETRIC_REPRESENTATION_CONTEXT(2) 
PARAMETRIC_REPRESENTATION_CONTEXT() REPRESENTATION_CONTEXT('2D SPACE',''
  ) );
#4763 = PCURVE('',#4764,#4769);
#4764 = PLANE('',#4765);
#4765 = AXIS2_PLACEMENT_3D('',#4766,#4767,#4768);
#4766 = CARTESIAN_POINT('',(75.,67.,17.));
#4767 = DIRECTION('',(0.,-1.,0.));
#4768 = DIRECTION('',(-1.,0.,0.));
#4769 = DEFINITIONAL_REPRESENTATION('',(#4770),#4774);
#4770 = LINE('',#4771,#4772);
#4771 = CARTESIAN_POINT('',(17.,0.));
#4772 = VECTOR('',#4773,1.);
#4773 = DIRECTION('',(0.,-1.));
#4774 = ( GEOMETRIC_REPRESENTATION_CONTEXT(2) 
PARAMETRIC_REPRESENTATION_CONTEXT() REPRESENTATION_CONTEXT('2D SPACE',''
  ) );
#4775 = ORIENTED_EDGE('',*,*,#4776,.T.);
#4776 = EDGE_CURVE('',#4749,#4777,#4779,.T.);
#4777 = VERTEX_POINT('',#4778);
#4778 = CARTESIAN_POINT('',(58.,67.,246.));
#4779 = SURFACE_CURVE('',#4780,(#4784,#4791),.PCURVE_S1.);
#4780 = LINE('',#4781,#4782);
#4781 = CARTESIAN_POINT('',(58.,67.,17.));
#4782 = VECTOR('',#4783,1.);
#4783 = DIRECTION('',(0.,0.,1.));
#4784 = PCURVE('',#2134,#4785);
#4785 = DEFINITIONAL_REPRESENTATION('',(#4786),#4790);
#4786 = LINE('',#4787,#4788);
#4787 = CARTESIAN_POINT('',(1.570796326795,0.));
#4788 = VECTOR('',#4789,1.);
#4789 = DIRECTION('',(0.,1.));
#4790 = ( GEOMETRIC_REPRESENTATION_CONTEXT(2) 
PARAMETRIC_REPRESENTATION_CONTEXT() REPRESENTATION_CONTEXT('2D SPACE',''
  ) );
#4791 = PCURVE('',#4792,#4797);
#4792 = PLANE('',#4793);
#4793 = AXIS2_PLACEMENT_3D('',#4794,#4795,#4796);
#4794 = CARTESIAN_POINT('',(58.,-1.5,28.));
#4795 = DIRECTION('',(-1.,0.,0.));
#4796 = DIRECTION('',(0.,1.,0.));
#4797 = DEFINITIONAL_REPRESENTATION('',(#4798),#4802);
#4798 = LINE('',#4799,#4800);
#4799 = CARTESIAN_POINT('',(68.5,11.));
#4800 = VECTOR('',#4801,1.);
#4801 = DIRECTION('',(0.,-1.));
#4802 = ( GEOMETRIC_REPRESENTATION_CONTEXT(2) 
PARAMETRIC_REPRESENTATION_CONTEXT() REPRESENTATION_CONTEXT('2D SPACE',''
  ) );
#4803 = ORIENTED_EDGE('',*,*,#4804,.T.);
#4804 = EDGE_CURVE('',#4777,#2118,#4805,.T.);
#4805 = SURFACE_CURVE('',#4806,(#4810,#4817),.PCURVE_S1.);
#4806 = LINE('',#4807,#4808);
#4807 = CARTESIAN_POINT('',(58.,67.,17.));
#4808 = VECTOR('',#4809,1.);
#4809 = DIRECTION('',(0.,0.,1.));
#4810 = PCURVE('',#2134,#4811);
#4811 = DEFINITIONAL_REPRESENTATION('',(#4812),#4816);
#4812 = LINE('',#4813,#4814);
#4813 = CARTESIAN_POINT('',(1.570796326795,0.));
#4814 = VECTOR('',#4815,1.);
#4815 = DIRECTION('',(0.,1.));
#4816 = ( GEOMETRIC_REPRESENTATION_CONTEXT(2) 
PARAMETRIC_REPRESENTATION_CONTEXT() REPRESENTATION_CONTEXT('2D SPACE',''
  ) );
#4817 = PCURVE('',#2162,#4818);
#4818 = DEFINITIONAL_REPRESENTATION('',(#4819),#4823);
#4819 = LINE('',#4820,#4821);
#4820 = CARTESIAN_POINT('',(17.,0.));
#4821 = VECTOR('',#4822,1.);
#4822 = DIRECTION('',(0.,-1.));
#4823 = ( GEOMETRIC_REPRESENTATION_CONTEXT(2) 
PARAMETRIC_REPRESENTATION_CONTEXT() REPRESENTATION_CONTEXT('2D SPACE',''
  ) );
#4824 = ORIENTED_EDGE('',*,*,#2117,.F.);
#4825 = ORIENTED_EDGE('',*,*,#4606,.F.);
#4826 = ADVANCED_FACE('',(#4827),#4792,.T.);
#4827 = FACE_BOUND('',#4828,.T.);
#4828 = EDGE_LOOP('',(#4829,#4857,#4858,#4886));
#4829 = ORIENTED_EDGE('',*,*,#4830,.F.);
#4830 = EDGE_CURVE('',#4749,#4831,#4833,.T.);
#4831 = VERTEX_POINT('',#4832);
#4832 = CARTESIAN_POINT('',(58.,70.,28.));
#4833 = SURFACE_CURVE('',#4834,(#4838,#4845),.PCURVE_S1.);
#4834 = LINE('',#4835,#4836);
#4835 = CARTESIAN_POINT('',(58.,-1.5,28.));
#4836 = VECTOR('',#4837,1.);
#4837 = DIRECTION('',(0.,1.,0.));
#4838 = PCURVE('',#4792,#4839);
#4839 = DEFINITIONAL_REPRESENTATION('',(#4840),#4844);
#4840 = LINE('',#4841,#4842);
#4841 = CARTESIAN_POINT('',(0.,0.));
#4842 = VECTOR('',#4843,1.);
#4843 = DIRECTION('',(1.,0.));
#4844 = ( GEOMETRIC_REPRESENTATION_CONTEXT(2) 
PARAMETRIC_REPRESENTATION_CONTEXT() REPRESENTATION_CONTEXT('2D SPACE',''
  ) );
#4845 = PCURVE('',#4846,#4851);
#4846 = PLANE('',#4847);
#4847 = AXIS2_PLACEMENT_3D('',#4848,#4849,#4850);
#4848 = CARTESIAN_POINT('',(0.,68.5,28.));
#4849 = DIRECTION('',(0.,0.,1.));
#4850 = DIRECTION('',(1.,0.,-0.));
#4851 = DEFINITIONAL_REPRESENTATION('',(#4852),#4856);
#4852 = LINE('',#4853,#4854);
#4853 = CARTESIAN_POINT('',(58.,-70.));
#4854 = VECTOR('',#4855,1.);
#4855 = DIRECTION('',(0.,1.));
#4856 = ( GEOMETRIC_REPRESENTATION_CONTEXT(2) 
PARAMETRIC_REPRESENTATION_CONTEXT() REPRESENTATION_CONTEXT('2D SPACE',''
  ) );
#4857 = ORIENTED_EDGE('',*,*,#4776,.T.);
#4858 = ORIENTED_EDGE('',*,*,#4859,.T.);
#4859 = EDGE_CURVE('',#4777,#4860,#4862,.T.);
#4860 = VERTEX_POINT('',#4861);
#4861 = CARTESIAN_POINT('',(58.,70.,246.));
#4862 = SURFACE_CURVE('',#4863,(#4867,#4874),.PCURVE_S1.);
#4863 = LINE('',#4864,#4865);
#4864 = CARTESIAN_POINT('',(58.,-1.5,246.));
#4865 = VECTOR('',#4866,1.);
#4866 = DIRECTION('',(0.,1.,0.));
#4867 = PCURVE('',#4792,#4868);
#4868 = DEFINITIONAL_REPRESENTATION('',(#4869),#4873);
#4869 = LINE('',#4870,#4871);
#4870 = CARTESIAN_POINT('',(0.,-218.));
#4871 = VECTOR('',#4872,1.);
#4872 = DIRECTION('',(1.,0.));
#4873 = ( GEOMETRIC_REPRESENTATION_CONTEXT(2) 
PARAMETRIC_REPRESENTATION_CONTEXT() REPRESENTATION_CONTEXT('2D SPACE',''
  ) );
#4874 = PCURVE('',#4875,#4880);
#4875 = PLANE('',#4876);
#4876 = AXIS2_PLACEMENT_3D('',#4877,#4878,#4879);
#4877 = CARTESIAN_POINT('',(0.,68.5,246.));
#4878 = DIRECTION('',(0.,0.,1.));
#4879 = DIRECTION('',(1.,0.,-0.));
#4880 = DEFINITIONAL_REPRESENTATION('',(#4881),#4885);
#4881 = LINE('',#4882,#4883);
#4882 = CARTESIAN_POINT('',(58.,-70.));
#4883 = VECTOR('',#4884,1.);
#4884 = DIRECTION('',(0.,1.));
#4885 = ( GEOMETRIC_REPRESENTATION_CONTEXT(2) 
PARAMETRIC_REPRESENTATION_CONTEXT() REPRESENTATION_CONTEXT('2D SPACE',''
  ) );
#4886 = ORIENTED_EDGE('',*,*,#4887,.F.);
#4887 = EDGE_CURVE('',#4831,#4860,#4888,.T.);
#4888 = SURFACE_CURVE('',#4889,(#4893,#4900),.PCURVE_S1.);
#4889 = LINE('',#4890,#4891);
#4890 = CARTESIAN_POINT('',(58.,70.,13.));
#4891 = VECTOR('',#4892,1.);
#4892 = DIRECTION('',(0.,0.,1.));
#4893 = PCURVE('',#4792,#4894);
#4894 = DEFINITIONAL_REPRESENTATION('',(#4895),#4899);
#4895 = LINE('',#4896,#4897);
#4896 = CARTESIAN_POINT('',(71.5,15.));
#4897 = VECTOR('',#4898,1.);
#4898 = DIRECTION('',(0.,-1.));
#4899 = ( GEOMETRIC_REPRESENTATION_CONTEXT(2) 
PARAMETRIC_REPRESENTATION_CONTEXT() REPRESENTATION_CONTEXT('2D SPACE',''
  ) );
#4900 = PCURVE('',#4901,#4906);
#4901 = CYLINDRICAL_SURFACE('',#4902,20.);
#4902 = AXIS2_PLACEMENT_3D('',#4903,#4904,#4905);
#4903 = CARTESIAN_POINT('',(58.,50.,13.));
#4904 = DIRECTION('',(0.,0.,1.));
#4905 = DIRECTION('',(1.,0.,-0.));
#4906 = DEFINITIONAL_REPRESENTATION('',(#4907),#4911);
#4907 = LINE('',#4908,#4909);
#4908 = CARTESIAN_POINT('',(1.570796326795,0.));
#4909 = VECTOR('',#4910,1.);
#4910 = DIRECTION('',(0.,1.));
#4911 = ( GEOMETRIC_REPRESENTATION_CONTEXT(2) 
PARAMETRIC_REPRESENTATION_CONTEXT() REPRESENTATION_CONTEXT('2D SPACE',''
  ) );
#4912 = ADVANCED_FACE('',(#4913),#4875,.F.);
#4913 = FACE_BOUND('',#4914,.F.);
#4914 = EDGE_LOOP('',(#4915,#4945,#4964,#4965));
#4915 = ORIENTED_EDGE('',*,*,#4916,.T.);
#4916 = EDGE_CURVE('',#4917,#4919,#4921,.T.);
#4917 = VERTEX_POINT('',#4918);
#4918 = CARTESIAN_POINT('',(-58.,70.,246.));
#4919 = VERTEX_POINT('',#4920);
#4920 = CARTESIAN_POINT('',(-58.,67.,246.));
#4921 = SURFACE_CURVE('',#4922,(#4926,#4933),.PCURVE_S1.);
#4922 = LINE('',#4923,#4924);
#4923 = CARTESIAN_POINT('',(-58.,138.5,246.));
#4924 = VECTOR('',#4925,1.);
#4925 = DIRECTION('',(0.,-1.,0.));
#4926 = PCURVE('',#4875,#4927);
#4927 = DEFINITIONAL_REPRESENTATION('',(#4928),#4932);
#4928 = LINE('',#4929,#4930);
#4929 = CARTESIAN_POINT('',(-58.,70.));
#4930 = VECTOR('',#4931,1.);
#4931 = DIRECTION('',(0.,-1.));
#4932 = ( GEOMETRIC_REPRESENTATION_CONTEXT(2) 
PARAMETRIC_REPRESENTATION_CONTEXT() REPRESENTATION_CONTEXT('2D SPACE',''
  ) );
#4933 = PCURVE('',#4934,#4939);
#4934 = PLANE('',#4935);
#4935 = AXIS2_PLACEMENT_3D('',#4936,#4937,#4938);
#4936 = CARTESIAN_POINT('',(-58.,138.5,28.));
#4937 = DIRECTION('',(1.,0.,-0.));
#4938 = DIRECTION('',(0.,-1.,0.));
#4939 = DEFINITIONAL_REPRESENTATION('',(#4940),#4944);
#4940 = LINE('',#4941,#4942);
#4941 = CARTESIAN_POINT('',(0.,-218.));
#4942 = VECTOR('',#4943,1.);
#4943 = DIRECTION('',(1.,0.));
#4944 = ( GEOMETRIC_REPRESENTATION_CONTEXT(2) 
PARAMETRIC_REPRESENTATION_CONTEXT() REPRESENTATION_CONTEXT('2D SPACE',''
  ) );
#4945 = ORIENTED_EDGE('',*,*,#4946,.F.);
#4946 = EDGE_CURVE('',#4777,#4919,#4947,.T.);
#4947 = SURFACE_CURVE('',#4948,(#4952,#4958),.PCURVE_S1.);
#4948 = LINE('',#4949,#4950);
#4949 = CARTESIAN_POINT('',(37.5,67.,246.));
#4950 = VECTOR('',#4951,1.);
#4951 = DIRECTION('',(-1.,0.,0.));
#4952 = PCURVE('',#4875,#4953);
#4953 = DEFINITIONAL_REPRESENTATION('',(#4954),#4957);
#4954 = B_SPLINE_CURVE_WITH_KNOTS('',1,(#4955,#4956),.UNSPECIFIED.,.F.,
  .F.,(2,2),(-20.5,95.5),.PIECEWISE_BEZIER_KNOTS.);
#4955 = CARTESIAN_POINT('',(58.,-1.5));
#4956 = CARTESIAN_POINT('',(-58.,-1.5));
#4957 = ( GEOMETRIC_REPRESENTATION_CONTEXT(2) 
PARAMETRIC_REPRESENTATION_CONTEXT() REPRESENTATION_CONTEXT('2D SPACE',''
  ) );
#4958 = PCURVE('',#2162,#4959);
#4959 = DEFINITIONAL_REPRESENTATION('',(#4960),#4963);
#4960 = B_SPLINE_CURVE_WITH_KNOTS('',1,(#4961,#4962),.UNSPECIFIED.,.F.,
  .F.,(2,2),(-20.5,95.5),.PIECEWISE_BEZIER_KNOTS.);
#4961 = CARTESIAN_POINT('',(17.,-229.));
#4962 = CARTESIAN_POINT('',(133.,-229.));
#4963 = ( GEOMETRIC_REPRESENTATION_CONTEXT(2) 
PARAMETRIC_REPRESENTATION_CONTEXT() REPRESENTATION_CONTEXT('2D SPACE',''
  ) );
#4964 = ORIENTED_EDGE('',*,*,#4859,.T.);
#4965 = ORIENTED_EDGE('',*,*,#4966,.T.);
#4966 = EDGE_CURVE('',#4860,#4917,#4967,.T.);
#4967 = SURFACE_CURVE('',#4968,(#4972,#4978),.PCURVE_S1.);
#4968 = LINE('',#4969,#4970);
#4969 = CARTESIAN_POINT('',(39.,70.,246.));
#4970 = VECTOR('',#4971,1.);
#4971 = DIRECTION('',(-1.,0.,0.));
#4972 = PCURVE('',#4875,#4973);
#4973 = DEFINITIONAL_REPRESENTATION('',(#4974),#4977);
#4974 = B_SPLINE_CURVE_WITH_KNOTS('',1,(#4975,#4976),.UNSPECIFIED.,.F.,
  .F.,(2,2),(-19.,97.),.PIECEWISE_BEZIER_KNOTS.);
#4975 = CARTESIAN_POINT('',(58.,1.5));
#4976 = CARTESIAN_POINT('',(-58.,1.5));
#4977 = ( GEOMETRIC_REPRESENTATION_CONTEXT(2) 
PARAMETRIC_REPRESENTATION_CONTEXT() REPRESENTATION_CONTEXT('2D SPACE',''
  ) );
#4978 = PCURVE('',#4979,#4984);
#4979 = PLANE('',#4980);
#4980 = AXIS2_PLACEMENT_3D('',#4981,#4982,#4983);
#4981 = CARTESIAN_POINT('',(78.,70.,13.));
#4982 = DIRECTION('',(0.,-1.,0.));
#4983 = DIRECTION('',(-1.,0.,0.));
#4984 = DEFINITIONAL_REPRESENTATION('',(#4985),#4988);
#4985 = B_SPLINE_CURVE_WITH_KNOTS('',1,(#4986,#4987),.UNSPECIFIED.,.F.,
  .F.,(2,2),(-19.,97.),.PIECEWISE_BEZIER_KNOTS.);
#4986 = CARTESIAN_POINT('',(20.,-233.));
#4987 = CARTESIAN_POINT('',(136.,-233.));
#4988 = ( GEOMETRIC_REPRESENTATION_CONTEXT(2) 
PARAMETRIC_REPRESENTATION_CONTEXT() REPRESENTATION_CONTEXT('2D SPACE',''
  ) );
#4989 = ADVANCED_FACE('',(#4990),#4979,.F.);
#4990 = FACE_BOUND('',#4991,.F.);
#4991 = EDGE_LOOP('',(#4992,#4993,#5016,#5039,#5060,#5086,#5107,#5130,
    #5151,#5177,#5198,#5221));
#4992 = ORIENTED_EDGE('',*,*,#4966,.F.);
#4993 = ORIENTED_EDGE('',*,*,#4994,.T.);
#4994 = EDGE_CURVE('',#4860,#4995,#4997,.T.);
#4995 = VERTEX_POINT('',#4996);
#4996 = CARTESIAN_POINT('',(58.,70.,260.));
#4997 = SURFACE_CURVE('',#4998,(#5002,#5009),.PCURVE_S1.);
#4998 = LINE('',#4999,#5000);
#4999 = CARTESIAN_POINT('',(58.,70.,13.));
#5000 = VECTOR('',#5001,1.);
#5001 = DIRECTION('',(0.,0.,1.));
#5002 = PCURVE('',#4979,#5003);
#5003 = DEFINITIONAL_REPRESENTATION('',(#5004),#5008);
#5004 = LINE('',#5005,#5006);
#5005 = CARTESIAN_POINT('',(20.,0.));
#5006 = VECTOR('',#5007,1.);
#5007 = DIRECTION('',(0.,-1.));
#5008 = ( GEOMETRIC_REPRESENTATION_CONTEXT(2) 
PARAMETRIC_REPRESENTATION_CONTEXT() REPRESENTATION_CONTEXT('2D SPACE',''
  ) );
#5009 = PCURVE('',#4901,#5010);
#5010 = DEFINITIONAL_REPRESENTATION('',(#5011),#5015);
#5011 = LINE('',#5012,#5013);
#5012 = CARTESIAN_POINT('',(1.570796326795,0.));
#5013 = VECTOR('',#5014,1.);
#5014 = DIRECTION('',(0.,1.));
#5015 = ( GEOMETRIC_REPRESENTATION_CONTEXT(2) 
PARAMETRIC_REPRESENTATION_CONTEXT() REPRESENTATION_CONTEXT('2D SPACE',''
  ) );
#5016 = ORIENTED_EDGE('',*,*,#5017,.T.);
#5017 = EDGE_CURVE('',#4995,#5018,#5020,.T.);
#5018 = VERTEX_POINT('',#5019);
#5019 = CARTESIAN_POINT('',(54.556776436284,70.,260.));
#5020 = SURFACE_CURVE('',#5021,(#5025,#5032),.PCURVE_S1.);
#5021 = LINE('',#5022,#5023);
#5022 = CARTESIAN_POINT('',(78.,70.,260.));
#5023 = VECTOR('',#5024,1.);
#5024 = DIRECTION('',(-1.,0.,0.));
#5025 = PCURVE('',#4979,#5026);
#5026 = DEFINITIONAL_REPRESENTATION('',(#5027),#5031);
#5027 = LINE('',#5028,#5029);
#5028 = CARTESIAN_POINT('',(0.,-247.));
#5029 = VECTOR('',#5030,1.);
#5030 = DIRECTION('',(1.,0.));
#5031 = ( GEOMETRIC_REPRESENTATION_CONTEXT(2) 
PARAMETRIC_REPRESENTATION_CONTEXT() REPRESENTATION_CONTEXT('2D SPACE',''
  ) );
#5032 = PCURVE('',#98,#5033);
#5033 = DEFINITIONAL_REPRESENTATION('',(#5034),#5038);
#5034 = LINE('',#5035,#5036);
#5035 = CARTESIAN_POINT('',(78.,70.));
#5036 = VECTOR('',#5037,1.);
#5037 = DIRECTION('',(-1.,0.));
#5038 = ( GEOMETRIC_REPRESENTATION_CONTEXT(2) 
PARAMETRIC_REPRESENTATION_CONTEXT() REPRESENTATION_CONTEXT('2D SPACE',''
  ) );
#5039 = ORIENTED_EDGE('',*,*,#5040,.T.);
#5040 = EDGE_CURVE('',#5018,#5041,#5043,.T.);
#5041 = VERTEX_POINT('',#5042);
#5042 = CARTESIAN_POINT('',(54.556776436283,70.,253.));
#5043 = SURFACE_CURVE('',#5044,(#5048,#5054),.PCURVE_S1.);
#5044 = LINE('',#5045,#5046);
#5045 = CARTESIAN_POINT('',(54.556776436283,70.,253.));
#5046 = VECTOR('',#5047,1.);
#5047 = DIRECTION('',(-0.,-0.,-1.));
#5048 = PCURVE('',#4979,#5049);
#5049 = DEFINITIONAL_REPRESENTATION('',(#5050),#5053);
#5050 = B_SPLINE_CURVE_WITH_KNOTS('',1,(#5051,#5052),.UNSPECIFIED.,.F.,
  .F.,(2,2),(-8.4,5.999999928008E-07),.PIECEWISE_BEZIER_KNOTS.);
#5051 = CARTESIAN_POINT('',(23.443223563717,-248.4));
#5052 = CARTESIAN_POINT('',(23.443223563717,-239.9999994));
#5053 = ( GEOMETRIC_REPRESENTATION_CONTEXT(2) 
PARAMETRIC_REPRESENTATION_CONTEXT() REPRESENTATION_CONTEXT('2D SPACE',''
  ) );
#5054 = PCURVE('',#2195,#5055);
#5055 = DEFINITIONAL_REPRESENTATION('',(#5056),#5059);
#5056 = B_SPLINE_CURVE_WITH_KNOTS('',1,(#5057,#5058),.UNSPECIFIED.,.F.,
  .F.,(2,2),(-7.,-0.),.PIECEWISE_BEZIER_KNOTS.);
#5057 = CARTESIAN_POINT('',(-7.498560432284,-7.));
#5058 = CARTESIAN_POINT('',(-7.498560432284,0.));
#5059 = ( GEOMETRIC_REPRESENTATION_CONTEXT(2) 
PARAMETRIC_REPRESENTATION_CONTEXT() REPRESENTATION_CONTEXT('2D SPACE',''
  ) );
#5060 = ORIENTED_EDGE('',*,*,#5061,.T.);
#5061 = EDGE_CURVE('',#5041,#5062,#5064,.T.);
#5062 = VERTEX_POINT('',#5063);
#5063 = CARTESIAN_POINT('',(53.443223563717,70.,253.));
#5064 = SURFACE_CURVE('',#5065,(#5069,#5075),.PCURVE_S1.);
#5065 = LINE('',#5066,#5067);
#5066 = CARTESIAN_POINT('',(66.,70.,253.));
#5067 = VECTOR('',#5068,1.);
#5068 = DIRECTION('',(-1.,0.,0.));
#5069 = PCURVE('',#4979,#5070);
#5070 = DEFINITIONAL_REPRESENTATION('',(#5071),#5074);
#5071 = B_SPLINE_CURVE_WITH_KNOTS('',1,(#5072,#5073),.UNSPECIFIED.,.F.,
  .F.,(2,2),(10.4,13.6),.PIECEWISE_BEZIER_KNOTS.);
#5072 = CARTESIAN_POINT('',(22.4,-240.));
#5073 = CARTESIAN_POINT('',(25.6,-240.));
#5074 = ( GEOMETRIC_REPRESENTATION_CONTEXT(2) 
PARAMETRIC_REPRESENTATION_CONTEXT() REPRESENTATION_CONTEXT('2D SPACE',''
  ) );
#5075 = PCURVE('',#5076,#5081);
#5076 = PLANE('',#5077);
#5077 = AXIS2_PLACEMENT_3D('',#5078,#5079,#5080);
#5078 = CARTESIAN_POINT('',(54.,68.5,253.));
#5079 = DIRECTION('',(0.,0.,1.));
#5080 = DIRECTION('',(1.,0.,-0.));
#5081 = DEFINITIONAL_REPRESENTATION('',(#5082),#5085);
#5082 = B_SPLINE_CURVE_WITH_KNOTS('',1,(#5083,#5084),.UNSPECIFIED.,.F.,
  .F.,(2,2),(10.4,13.6),.PIECEWISE_BEZIER_KNOTS.);
#5083 = CARTESIAN_POINT('',(1.6,1.5));
#5084 = CARTESIAN_POINT('',(-1.6,1.5));
#5085 = ( GEOMETRIC_REPRESENTATION_CONTEXT(2) 
PARAMETRIC_REPRESENTATION_CONTEXT() REPRESENTATION_CONTEXT('2D SPACE',''
  ) );
#5086 = ORIENTED_EDGE('',*,*,#5087,.F.);
#5087 = EDGE_CURVE('',#5088,#5062,#5090,.T.);
#5088 = VERTEX_POINT('',#5089);
#5089 = CARTESIAN_POINT('',(53.443223563716,70.,260.));
#5090 = SURFACE_CURVE('',#5091,(#5095,#5101),.PCURVE_S1.);
#5091 = LINE('',#5092,#5093);
#5092 = CARTESIAN_POINT('',(53.443223563717,70.,253.));
#5093 = VECTOR('',#5094,1.);
#5094 = DIRECTION('',(-0.,-0.,-1.));
#5095 = PCURVE('',#4979,#5096);
#5096 = DEFINITIONAL_REPRESENTATION('',(#5097),#5100);
#5097 = B_SPLINE_CURVE_WITH_KNOTS('',1,(#5098,#5099),.UNSPECIFIED.,.F.,
  .F.,(2,2),(-8.4,5.999999928008E-07),.PIECEWISE_BEZIER_KNOTS.);
#5098 = CARTESIAN_POINT('',(24.556776436283,-248.4));
#5099 = CARTESIAN_POINT('',(24.556776436283,-239.9999994));
#5100 = ( GEOMETRIC_REPRESENTATION_CONTEXT(2) 
PARAMETRIC_REPRESENTATION_CONTEXT() REPRESENTATION_CONTEXT('2D SPACE',''
  ) );
#5101 = PCURVE('',#2195,#5102);
#5102 = DEFINITIONAL_REPRESENTATION('',(#5103),#5106);
#5103 = B_SPLINE_CURVE_WITH_KNOTS('',1,(#5104,#5105),.UNSPECIFIED.,.F.,
  .F.,(2,2),(-7.,-0.),.PIECEWISE_BEZIER_KNOTS.);
#5104 = CARTESIAN_POINT('',(-1.926217528485,-7.));
#5105 = CARTESIAN_POINT('',(-1.926217528485,0.));
#5106 = ( GEOMETRIC_REPRESENTATION_CONTEXT(2) 
PARAMETRIC_REPRESENTATION_CONTEXT() REPRESENTATION_CONTEXT('2D SPACE',''
  ) );
#5107 = ORIENTED_EDGE('',*,*,#5108,.T.);
#5108 = EDGE_CURVE('',#5088,#5109,#5111,.T.);
#5109 = VERTEX_POINT('',#5110);
#5110 = CARTESIAN_POINT('',(-53.44322356371,70.,260.));
#5111 = SURFACE_CURVE('',#5112,(#5116,#5123),.PCURVE_S1.);
#5112 = LINE('',#5113,#5114);
#5113 = CARTESIAN_POINT('',(78.,70.,260.));
#5114 = VECTOR('',#5115,1.);
#5115 = DIRECTION('',(-1.,0.,0.));
#5116 = PCURVE('',#4979,#5117);
#5117 = DEFINITIONAL_REPRESENTATION('',(#5118),#5122);
#5118 = LINE('',#5119,#5120);
#5119 = CARTESIAN_POINT('',(0.,-247.));
#5120 = VECTOR('',#5121,1.);
#5121 = DIRECTION('',(1.,0.));
#5122 = ( GEOMETRIC_REPRESENTATION_CONTEXT(2) 
PARAMETRIC_REPRESENTATION_CONTEXT() REPRESENTATION_CONTEXT('2D SPACE',''
  ) );
#5123 = PCURVE('',#98,#5124);
#5124 = DEFINITIONAL_REPRESENTATION('',(#5125),#5129);
#5125 = LINE('',#5126,#5127);
#5126 = CARTESIAN_POINT('',(78.,70.));
#5127 = VECTOR('',#5128,1.);
#5128 = DIRECTION('',(-1.,0.));
#5129 = ( GEOMETRIC_REPRESENTATION_CONTEXT(2) 
PARAMETRIC_REPRESENTATION_CONTEXT() REPRESENTATION_CONTEXT('2D SPACE',''
  ) );
#5130 = ORIENTED_EDGE('',*,*,#5131,.T.);
#5131 = EDGE_CURVE('',#5109,#5132,#5134,.T.);
#5132 = VERTEX_POINT('',#5133);
#5133 = CARTESIAN_POINT('',(-53.44322356371,70.,253.));
#5134 = SURFACE_CURVE('',#5135,(#5139,#5145),.PCURVE_S1.);
#5135 = LINE('',#5136,#5137);
#5136 = CARTESIAN_POINT('',(-53.44322356371,70.,253.));
#5137 = VECTOR('',#5138,1.);
#5138 = DIRECTION('',(-0.,-0.,-1.));
#5139 = PCURVE('',#4979,#5140);
#5140 = DEFINITIONAL_REPRESENTATION('',(#5141),#5144);
#5141 = B_SPLINE_CURVE_WITH_KNOTS('',1,(#5142,#5143),.UNSPECIFIED.,.F.,
  .F.,(2,2),(-8.4,5.999999928008E-07),.PIECEWISE_BEZIER_KNOTS.);
#5142 = CARTESIAN_POINT('',(131.44322356371,-248.4));
#5143 = CARTESIAN_POINT('',(131.44322356371,-239.9999994));
#5144 = ( GEOMETRIC_REPRESENTATION_CONTEXT(2) 
PARAMETRIC_REPRESENTATION_CONTEXT() REPRESENTATION_CONTEXT('2D SPACE',''
  ) );
#5145 = PCURVE('',#2250,#5146);
#5146 = DEFINITIONAL_REPRESENTATION('',(#5147),#5150);
#5147 = B_SPLINE_CURVE_WITH_KNOTS('',1,(#5148,#5149),.UNSPECIFIED.,.F.,
  .F.,(2,2),(-7.,-0.),.PIECEWISE_BEZIER_KNOTS.);
#5148 = CARTESIAN_POINT('',(-7.498560432284,-7.));
#5149 = CARTESIAN_POINT('',(-7.498560432284,0.));
#5150 = ( GEOMETRIC_REPRESENTATION_CONTEXT(2) 
PARAMETRIC_REPRESENTATION_CONTEXT() REPRESENTATION_CONTEXT('2D SPACE',''
  ) );
#5151 = ORIENTED_EDGE('',*,*,#5152,.T.);
#5152 = EDGE_CURVE('',#5132,#5153,#5155,.T.);
#5153 = VERTEX_POINT('',#5154);
#5154 = CARTESIAN_POINT('',(-54.55677643628,70.,253.));
#5155 = SURFACE_CURVE('',#5156,(#5160,#5166),.PCURVE_S1.);
#5156 = LINE('',#5157,#5158);
#5157 = CARTESIAN_POINT('',(12.,70.,253.));
#5158 = VECTOR('',#5159,1.);
#5159 = DIRECTION('',(-1.,0.,0.));
#5160 = PCURVE('',#4979,#5161);
#5161 = DEFINITIONAL_REPRESENTATION('',(#5162),#5165);
#5162 = B_SPLINE_CURVE_WITH_KNOTS('',1,(#5163,#5164),.UNSPECIFIED.,.F.,
  .F.,(2,2),(64.4,67.6),.PIECEWISE_BEZIER_KNOTS.);
#5163 = CARTESIAN_POINT('',(130.4,-240.));
#5164 = CARTESIAN_POINT('',(133.6,-240.));
#5165 = ( GEOMETRIC_REPRESENTATION_CONTEXT(2) 
PARAMETRIC_REPRESENTATION_CONTEXT() REPRESENTATION_CONTEXT('2D SPACE',''
  ) );
#5166 = PCURVE('',#5167,#5172);
#5167 = PLANE('',#5168);
#5168 = AXIS2_PLACEMENT_3D('',#5169,#5170,#5171);
#5169 = CARTESIAN_POINT('',(-54.,68.5,253.));
#5170 = DIRECTION('',(0.,0.,1.));
#5171 = DIRECTION('',(1.,0.,-0.));
#5172 = DEFINITIONAL_REPRESENTATION('',(#5173),#5176);
#5173 = B_SPLINE_CURVE_WITH_KNOTS('',1,(#5174,#5175),.UNSPECIFIED.,.F.,
  .F.,(2,2),(64.4,67.6),.PIECEWISE_BEZIER_KNOTS.);
#5174 = CARTESIAN_POINT('',(1.6,1.5));
#5175 = CARTESIAN_POINT('',(-1.6,1.5));
#5176 = ( GEOMETRIC_REPRESENTATION_CONTEXT(2) 
PARAMETRIC_REPRESENTATION_CONTEXT() REPRESENTATION_CONTEXT('2D SPACE',''
  ) );
#5177 = ORIENTED_EDGE('',*,*,#5178,.F.);
#5178 = EDGE_CURVE('',#5179,#5153,#5181,.T.);
#5179 = VERTEX_POINT('',#5180);
#5180 = CARTESIAN_POINT('',(-54.55677643628,70.,260.));
#5181 = SURFACE_CURVE('',#5182,(#5186,#5192),.PCURVE_S1.);
#5182 = LINE('',#5183,#5184);
#5183 = CARTESIAN_POINT('',(-54.55677643628,70.,253.));
#5184 = VECTOR('',#5185,1.);
#5185 = DIRECTION('',(-0.,-0.,-1.));
#5186 = PCURVE('',#4979,#5187);
#5187 = DEFINITIONAL_REPRESENTATION('',(#5188),#5191);
#5188 = B_SPLINE_CURVE_WITH_KNOTS('',1,(#5189,#5190),.UNSPECIFIED.,.F.,
  .F.,(2,2),(-8.4,5.999999928008E-07),.PIECEWISE_BEZIER_KNOTS.);
#5189 = CARTESIAN_POINT('',(132.55677643628,-248.4));
#5190 = CARTESIAN_POINT('',(132.55677643628,-239.9999994));
#5191 = ( GEOMETRIC_REPRESENTATION_CONTEXT(2) 
PARAMETRIC_REPRESENTATION_CONTEXT() REPRESENTATION_CONTEXT('2D SPACE',''
  ) );
#5192 = PCURVE('',#2250,#5193);
#5193 = DEFINITIONAL_REPRESENTATION('',(#5194),#5197);
#5194 = B_SPLINE_CURVE_WITH_KNOTS('',1,(#5195,#5196),.UNSPECIFIED.,.F.,
  .F.,(2,2),(-7.,-0.),.PIECEWISE_BEZIER_KNOTS.);
#5195 = CARTESIAN_POINT('',(-1.926217528485,-7.));
#5196 = CARTESIAN_POINT('',(-1.926217528485,0.));
#5197 = ( GEOMETRIC_REPRESENTATION_CONTEXT(2) 
PARAMETRIC_REPRESENTATION_CONTEXT() REPRESENTATION_CONTEXT('2D SPACE',''
  ) );
#5198 = ORIENTED_EDGE('',*,*,#5199,.T.);
#5199 = EDGE_CURVE('',#5179,#5200,#5202,.T.);
#5200 = VERTEX_POINT('',#5201);
#5201 = CARTESIAN_POINT('',(-58.,70.,260.));
#5202 = SURFACE_CURVE('',#5203,(#5207,#5214),.PCURVE_S1.);
#5203 = LINE('',#5204,#5205);
#5204 = CARTESIAN_POINT('',(78.,70.,260.));
#5205 = VECTOR('',#5206,1.);
#5206 = DIRECTION('',(-1.,0.,0.));
#5207 = PCURVE('',#4979,#5208);
#5208 = DEFINITIONAL_REPRESENTATION('',(#5209),#5213);
#5209 = LINE('',#5210,#5211);
#5210 = CARTESIAN_POINT('',(0.,-247.));
#5211 = VECTOR('',#5212,1.);
#5212 = DIRECTION('',(1.,0.));
#5213 = ( GEOMETRIC_REPRESENTATION_CONTEXT(2) 
PARAMETRIC_REPRESENTATION_CONTEXT() REPRESENTATION_CONTEXT('2D SPACE',''
  ) );
#5214 = PCURVE('',#98,#5215);
#5215 = DEFINITIONAL_REPRESENTATION('',(#5216),#5220);
#5216 = LINE('',#5217,#5218);
#5217 = CARTESIAN_POINT('',(78.,70.));
#5218 = VECTOR('',#5219,1.);
#5219 = DIRECTION('',(-1.,0.));
#5220 = ( GEOMETRIC_REPRESENTATION_CONTEXT(2) 
PARAMETRIC_REPRESENTATION_CONTEXT() REPRESENTATION_CONTEXT('2D SPACE',''
  ) );
#5221 = ORIENTED_EDGE('',*,*,#5222,.F.);
#5222 = EDGE_CURVE('',#4917,#5200,#5223,.T.);
#5223 = SURFACE_CURVE('',#5224,(#5228,#5235),.PCURVE_S1.);
#5224 = LINE('',#5225,#5226);
#5225 = CARTESIAN_POINT('',(-58.,70.,13.));
#5226 = VECTOR('',#5227,1.);
#5227 = DIRECTION('',(0.,0.,1.));
#5228 = PCURVE('',#4979,#5229);
#5229 = DEFINITIONAL_REPRESENTATION('',(#5230),#5234);
#5230 = LINE('',#5231,#5232);
#5231 = CARTESIAN_POINT('',(136.,0.));
#5232 = VECTOR('',#5233,1.);
#5233 = DIRECTION('',(0.,-1.));
#5234 = ( GEOMETRIC_REPRESENTATION_CONTEXT(2) 
PARAMETRIC_REPRESENTATION_CONTEXT() REPRESENTATION_CONTEXT('2D SPACE',''
  ) );
#5235 = PCURVE('',#5236,#5241);
#5236 = CYLINDRICAL_SURFACE('',#5237,20.);
#5237 = AXIS2_PLACEMENT_3D('',#5238,#5239,#5240);
#5238 = CARTESIAN_POINT('',(-58.,50.,13.));
#5239 = DIRECTION('',(0.,0.,1.));
#5240 = DIRECTION('',(-0.,1.,0.));
#5241 = DEFINITIONAL_REPRESENTATION('',(#5242),#5246);
#5242 = LINE('',#5243,#5244);
#5243 = CARTESIAN_POINT('',(0.,0.));
#5244 = VECTOR('',#5245,1.);
#5245 = DIRECTION('',(0.,1.));
#5246 = ( GEOMETRIC_REPRESENTATION_CONTEXT(2) 
PARAMETRIC_REPRESENTATION_CONTEXT() REPRESENTATION_CONTEXT('2D SPACE',''
  ) );
#5247 = ADVANCED_FACE('',(#5248),#5076,.T.);
#5248 = FACE_BOUND('',#5249,.T.);
#5249 = EDGE_LOOP('',(#5250,#5273,#5299,#5300));
#5250 = ORIENTED_EDGE('',*,*,#5251,.F.);
#5251 = EDGE_CURVE('',#5252,#5254,#5256,.T.);
#5252 = VERTEX_POINT('',#5253);
#5253 = CARTESIAN_POINT('',(54.556776436283,67.,253.));
#5254 = VERTEX_POINT('',#5255);
#5255 = CARTESIAN_POINT('',(53.443223563717,67.,253.));
#5256 = SURFACE_CURVE('',#5257,(#5261,#5267),.PCURVE_S1.);
#5257 = LINE('',#5258,#5259);
#5258 = CARTESIAN_POINT('',(64.5,67.,253.));
#5259 = VECTOR('',#5260,1.);
#5260 = DIRECTION('',(-1.,0.,0.));
#5261 = PCURVE('',#5076,#5262);
#5262 = DEFINITIONAL_REPRESENTATION('',(#5263),#5266);
#5263 = B_SPLINE_CURVE_WITH_KNOTS('',1,(#5264,#5265),.UNSPECIFIED.,.F.,
  .F.,(2,2),(8.9,12.1),.PIECEWISE_BEZIER_KNOTS.);
#5264 = CARTESIAN_POINT('',(1.6,-1.5));
#5265 = CARTESIAN_POINT('',(-1.6,-1.5));
#5266 = ( GEOMETRIC_REPRESENTATION_CONTEXT(2) 
PARAMETRIC_REPRESENTATION_CONTEXT() REPRESENTATION_CONTEXT('2D SPACE',''
  ) );
#5267 = PCURVE('',#2162,#5268);
#5268 = DEFINITIONAL_REPRESENTATION('',(#5269),#5272);
#5269 = B_SPLINE_CURVE_WITH_KNOTS('',1,(#5270,#5271),.UNSPECIFIED.,.F.,
  .F.,(2,2),(8.9,12.1),.PIECEWISE_BEZIER_KNOTS.);
#5270 = CARTESIAN_POINT('',(19.4,-236.));
#5271 = CARTESIAN_POINT('',(22.6,-236.));
#5272 = ( GEOMETRIC_REPRESENTATION_CONTEXT(2) 
PARAMETRIC_REPRESENTATION_CONTEXT() REPRESENTATION_CONTEXT('2D SPACE',''
  ) );
#5273 = ORIENTED_EDGE('',*,*,#5274,.F.);
#5274 = EDGE_CURVE('',#5041,#5252,#5275,.T.);
#5275 = SURFACE_CURVE('',#5276,(#5281,#5292),.PCURVE_S1.);
#5276 = CIRCLE('',#5277,1.6);
#5277 = AXIS2_PLACEMENT_3D('',#5278,#5279,#5280);
#5278 = CARTESIAN_POINT('',(54.,68.5,253.));
#5279 = DIRECTION('',(0.,0.,-1.));
#5280 = DIRECTION('',(0.347985272677,0.9375,0.));
#5281 = PCURVE('',#5076,#5282);
#5282 = DEFINITIONAL_REPRESENTATION('',(#5283),#5291);
#5283 = ( BOUNDED_CURVE() B_SPLINE_CURVE(2,(#5284,#5285,#5286,#5287,
#5288,#5289,#5290),.UNSPECIFIED.,.T.,.F.) B_SPLINE_CURVE_WITH_KNOTS((1,2
    ,2,2,2,1),(-2.094395102393,0.,2.094395102393,4.188790204786,
6.28318530718,8.377580409573),.UNSPECIFIED.) CURVE() 
GEOMETRIC_REPRESENTATION_ITEM() RATIONAL_B_SPLINE_CURVE((1.,0.5,1.,0.5,
1.,0.5,1.)) REPRESENTATION_ITEM('') );
#5284 = CARTESIAN_POINT('',(0.556776436283,1.5));
#5285 = CARTESIAN_POINT('',(3.154852647636,0.535634923901));
#5286 = CARTESIAN_POINT('',(1.020649887535,-1.23218253805));
#5287 = CARTESIAN_POINT('',(-1.113552872566,-3.));
#5288 = CARTESIAN_POINT('',(-1.577426323818,-0.26781746195));
#5289 = CARTESIAN_POINT('',(-2.04129977507,2.464365076099));
#5290 = CARTESIAN_POINT('',(0.556776436283,1.5));
#5291 = ( GEOMETRIC_REPRESENTATION_CONTEXT(2) 
PARAMETRIC_REPRESENTATION_CONTEXT() REPRESENTATION_CONTEXT('2D SPACE',''
  ) );
#5292 = PCURVE('',#2195,#5293);
#5293 = DEFINITIONAL_REPRESENTATION('',(#5294),#5298);
#5294 = LINE('',#5295,#5296);
#5295 = CARTESIAN_POINT('',(-7.498560432284,0.));
#5296 = VECTOR('',#5297,1.);
#5297 = DIRECTION('',(1.,-0.));
#5298 = ( GEOMETRIC_REPRESENTATION_CONTEXT(2) 
PARAMETRIC_REPRESENTATION_CONTEXT() REPRESENTATION_CONTEXT('2D SPACE',''
  ) );
#5299 = ORIENTED_EDGE('',*,*,#5061,.T.);
#5300 = ORIENTED_EDGE('',*,*,#5301,.T.);
#5301 = EDGE_CURVE('',#5062,#5254,#5302,.T.);
#5302 = SURFACE_CURVE('',#5303,(#5308,#5315),.PCURVE_S1.);
#5303 = CIRCLE('',#5304,1.6);
#5304 = AXIS2_PLACEMENT_3D('',#5305,#5306,#5307);
#5305 = CARTESIAN_POINT('',(54.,68.5,253.));
#5306 = DIRECTION('',(0.,0.,1.));
#5307 = DIRECTION('',(1.,0.,0.));
#5308 = PCURVE('',#5076,#5309);
#5309 = DEFINITIONAL_REPRESENTATION('',(#5310),#5314);
#5310 = CIRCLE('',#5311,1.6);
#5311 = AXIS2_PLACEMENT_2D('',#5312,#5313);
#5312 = CARTESIAN_POINT('',(0.,0.));
#5313 = DIRECTION('',(1.,0.));
#5314 = ( GEOMETRIC_REPRESENTATION_CONTEXT(2) 
PARAMETRIC_REPRESENTATION_CONTEXT() REPRESENTATION_CONTEXT('2D SPACE',''
  ) );
#5315 = PCURVE('',#2195,#5316);
#5316 = DEFINITIONAL_REPRESENTATION('',(#5317),#5320);
#5317 = B_SPLINE_CURVE_WITH_KNOTS('',1,(#5318,#5319),.UNSPECIFIED.,.F.,
  .F.,(2,2),(1.926217528485,4.356967778694),.PIECEWISE_BEZIER_KNOTS.);
#5318 = CARTESIAN_POINT('',(-1.926217528485,0.));
#5319 = CARTESIAN_POINT('',(-4.356967778694,0.));
#5320 = ( GEOMETRIC_REPRESENTATION_CONTEXT(2) 
PARAMETRIC_REPRESENTATION_CONTEXT() REPRESENTATION_CONTEXT('2D SPACE',''
  ) );
#5321 = ADVANCED_FACE('',(#5322),#5167,.T.);
#5322 = FACE_BOUND('',#5323,.T.);
#5323 = EDGE_LOOP('',(#5324,#5347,#5373,#5374));
#5324 = ORIENTED_EDGE('',*,*,#5325,.F.);
#5325 = EDGE_CURVE('',#5326,#5328,#5330,.T.);
#5326 = VERTEX_POINT('',#5327);
#5327 = CARTESIAN_POINT('',(-53.44322356371,67.,253.));
#5328 = VERTEX_POINT('',#5329);
#5329 = CARTESIAN_POINT('',(-54.55677643628,67.,253.));
#5330 = SURFACE_CURVE('',#5331,(#5335,#5341),.PCURVE_S1.);
#5331 = LINE('',#5332,#5333);
#5332 = CARTESIAN_POINT('',(10.5,67.,253.));
#5333 = VECTOR('',#5334,1.);
#5334 = DIRECTION('',(-1.,0.,0.));
#5335 = PCURVE('',#5167,#5336);
#5336 = DEFINITIONAL_REPRESENTATION('',(#5337),#5340);
#5337 = B_SPLINE_CURVE_WITH_KNOTS('',1,(#5338,#5339),.UNSPECIFIED.,.F.,
  .F.,(2,2),(62.9,66.1),.PIECEWISE_BEZIER_KNOTS.);
#5338 = CARTESIAN_POINT('',(1.6,-1.5));
#5339 = CARTESIAN_POINT('',(-1.6,-1.5));
#5340 = ( GEOMETRIC_REPRESENTATION_CONTEXT(2) 
PARAMETRIC_REPRESENTATION_CONTEXT() REPRESENTATION_CONTEXT('2D SPACE',''
  ) );
#5341 = PCURVE('',#2162,#5342);
#5342 = DEFINITIONAL_REPRESENTATION('',(#5343),#5346);
#5343 = B_SPLINE_CURVE_WITH_KNOTS('',1,(#5344,#5345),.UNSPECIFIED.,.F.,
  .F.,(2,2),(62.9,66.1),.PIECEWISE_BEZIER_KNOTS.);
#5344 = CARTESIAN_POINT('',(127.4,-236.));
#5345 = CARTESIAN_POINT('',(130.6,-236.));
#5346 = ( GEOMETRIC_REPRESENTATION_CONTEXT(2) 
PARAMETRIC_REPRESENTATION_CONTEXT() REPRESENTATION_CONTEXT('2D SPACE',''
  ) );
#5347 = ORIENTED_EDGE('',*,*,#5348,.F.);
#5348 = EDGE_CURVE('',#5132,#5326,#5349,.T.);
#5349 = SURFACE_CURVE('',#5350,(#5355,#5366),.PCURVE_S1.);
#5350 = CIRCLE('',#5351,1.6);
#5351 = AXIS2_PLACEMENT_3D('',#5352,#5353,#5354);
#5352 = CARTESIAN_POINT('',(-54.,68.5,253.));
#5353 = DIRECTION('',(0.,0.,-1.));
#5354 = DIRECTION('',(0.347985272677,0.9375,0.));
#5355 = PCURVE('',#5167,#5356);
#5356 = DEFINITIONAL_REPRESENTATION('',(#5357),#5365);
#5357 = ( BOUNDED_CURVE() B_SPLINE_CURVE(2,(#5358,#5359,#5360,#5361,
#5362,#5363,#5364),.UNSPECIFIED.,.T.,.F.) B_SPLINE_CURVE_WITH_KNOTS((1,2
    ,2,2,2,1),(-2.094395102393,0.,2.094395102393,4.188790204786,
6.28318530718,8.377580409573),.UNSPECIFIED.) CURVE() 
GEOMETRIC_REPRESENTATION_ITEM() RATIONAL_B_SPLINE_CURVE((1.,0.5,1.,0.5,
1.,0.5,1.)) REPRESENTATION_ITEM('') );
#5358 = CARTESIAN_POINT('',(0.556776436283,1.5));
#5359 = CARTESIAN_POINT('',(3.154852647636,0.535634923901));
#5360 = CARTESIAN_POINT('',(1.020649887535,-1.23218253805));
#5361 = CARTESIAN_POINT('',(-1.113552872566,-3.));
#5362 = CARTESIAN_POINT('',(-1.577426323818,-0.26781746195));
#5363 = CARTESIAN_POINT('',(-2.04129977507,2.464365076099));
#5364 = CARTESIAN_POINT('',(0.556776436283,1.5));
#5365 = ( GEOMETRIC_REPRESENTATION_CONTEXT(2) 
PARAMETRIC_REPRESENTATION_CONTEXT() REPRESENTATION_CONTEXT('2D SPACE',''
  ) );
#5366 = PCURVE('',#2250,#5367);
#5367 = DEFINITIONAL_REPRESENTATION('',(#5368),#5372);
#5368 = LINE('',#5369,#5370);
#5369 = CARTESIAN_POINT('',(-7.498560432284,0.));
#5370 = VECTOR('',#5371,1.);
#5371 = DIRECTION('',(1.,-0.));
#5372 = ( GEOMETRIC_REPRESENTATION_CONTEXT(2) 
PARAMETRIC_REPRESENTATION_CONTEXT() REPRESENTATION_CONTEXT('2D SPACE',''
  ) );
#5373 = ORIENTED_EDGE('',*,*,#5152,.T.);
#5374 = ORIENTED_EDGE('',*,*,#5375,.T.);
#5375 = EDGE_CURVE('',#5153,#5328,#5376,.T.);
#5376 = SURFACE_CURVE('',#5377,(#5382,#5389),.PCURVE_S1.);
#5377 = CIRCLE('',#5378,1.6);
#5378 = AXIS2_PLACEMENT_3D('',#5379,#5380,#5381);
#5379 = CARTESIAN_POINT('',(-54.,68.5,253.));
#5380 = DIRECTION('',(0.,0.,1.));
#5381 = DIRECTION('',(1.,0.,0.));
#5382 = PCURVE('',#5167,#5383);
#5383 = DEFINITIONAL_REPRESENTATION('',(#5384),#5388);
#5384 = CIRCLE('',#5385,1.6);
#5385 = AXIS2_PLACEMENT_2D('',#5386,#5387);
#5386 = CARTESIAN_POINT('',(-7.105427357601E-15,0.));
#5387 = DIRECTION('',(1.,0.));
#5388 = ( GEOMETRIC_REPRESENTATION_CONTEXT(2) 
PARAMETRIC_REPRESENTATION_CONTEXT() REPRESENTATION_CONTEXT('2D SPACE',''
  ) );
#5389 = PCURVE('',#2250,#5390);
#5390 = DEFINITIONAL_REPRESENTATION('',(#5391),#5394);
#5391 = B_SPLINE_CURVE_WITH_KNOTS('',1,(#5392,#5393),.UNSPECIFIED.,.F.,
  .F.,(2,2),(1.926217528485,4.356967778694),.PIECEWISE_BEZIER_KNOTS.);
#5392 = CARTESIAN_POINT('',(-1.926217528485,0.));
#5393 = CARTESIAN_POINT('',(-4.356967778694,0.));
#5394 = ( GEOMETRIC_REPRESENTATION_CONTEXT(2) 
PARAMETRIC_REPRESENTATION_CONTEXT() REPRESENTATION_CONTEXT('2D SPACE',''
  ) );
#5395 = ADVANCED_FACE('',(#5396),#5236,.T.);
#5396 = FACE_BOUND('',#5397,.T.);
#5397 = EDGE_LOOP('',(#5398,#5428,#5452,#5480,#5502,#5503));
#5398 = ORIENTED_EDGE('',*,*,#5399,.F.);
#5399 = EDGE_CURVE('',#5400,#5402,#5404,.T.);
#5400 = VERTEX_POINT('',#5401);
#5401 = CARTESIAN_POINT('',(-58.,70.,14.));
#5402 = VERTEX_POINT('',#5403);
#5403 = CARTESIAN_POINT('',(-58.,70.,28.));
#5404 = SURFACE_CURVE('',#5405,(#5409,#5416),.PCURVE_S1.);
#5405 = LINE('',#5406,#5407);
#5406 = CARTESIAN_POINT('',(-58.,70.,13.));
#5407 = VECTOR('',#5408,1.);
#5408 = DIRECTION('',(0.,0.,1.));
#5409 = PCURVE('',#5236,#5410);
#5410 = DEFINITIONAL_REPRESENTATION('',(#5411),#5415);
#5411 = LINE('',#5412,#5413);
#5412 = CARTESIAN_POINT('',(0.,0.));
#5413 = VECTOR('',#5414,1.);
#5414 = DIRECTION('',(0.,1.));
#5415 = ( GEOMETRIC_REPRESENTATION_CONTEXT(2) 
PARAMETRIC_REPRESENTATION_CONTEXT() REPRESENTATION_CONTEXT('2D SPACE',''
  ) );
#5416 = PCURVE('',#5417,#5422);
#5417 = PLANE('',#5418);
#5418 = AXIS2_PLACEMENT_3D('',#5419,#5420,#5421);
#5419 = CARTESIAN_POINT('',(78.,70.,13.));
#5420 = DIRECTION('',(0.,-1.,0.));
#5421 = DIRECTION('',(-1.,0.,0.));
#5422 = DEFINITIONAL_REPRESENTATION('',(#5423),#5427);
#5423 = LINE('',#5424,#5425);
#5424 = CARTESIAN_POINT('',(136.,0.));
#5425 = VECTOR('',#5426,1.);
#5426 = DIRECTION('',(0.,-1.));
#5427 = ( GEOMETRIC_REPRESENTATION_CONTEXT(2) 
PARAMETRIC_REPRESENTATION_CONTEXT() REPRESENTATION_CONTEXT('2D SPACE',''
  ) );
#5428 = ORIENTED_EDGE('',*,*,#5429,.T.);
#5429 = EDGE_CURVE('',#5400,#5430,#5432,.T.);
#5430 = VERTEX_POINT('',#5431);
#5431 = CARTESIAN_POINT('',(-78.,50.,14.));
#5432 = SURFACE_CURVE('',#5433,(#5438,#5445),.PCURVE_S1.);
#5433 = CIRCLE('',#5434,20.);
#5434 = AXIS2_PLACEMENT_3D('',#5435,#5436,#5437);
#5435 = CARTESIAN_POINT('',(-58.,50.,14.));
#5436 = DIRECTION('',(0.,0.,1.));
#5437 = DIRECTION('',(-0.,1.,0.));
#5438 = PCURVE('',#5236,#5439);
#5439 = DEFINITIONAL_REPRESENTATION('',(#5440),#5444);
#5440 = LINE('',#5441,#5442);
#5441 = CARTESIAN_POINT('',(0.,1.));
#5442 = VECTOR('',#5443,1.);
#5443 = DIRECTION('',(1.,0.));
#5444 = ( GEOMETRIC_REPRESENTATION_CONTEXT(2) 
PARAMETRIC_REPRESENTATION_CONTEXT() REPRESENTATION_CONTEXT('2D SPACE',''
  ) );
#5445 = PCURVE('',#43,#5446);
#5446 = DEFINITIONAL_REPRESENTATION('',(#5447),#5451);
#5447 = CIRCLE('',#5448,20.);
#5448 = AXIS2_PLACEMENT_2D('',#5449,#5450);
#5449 = CARTESIAN_POINT('',(-58.,50.));
#5450 = DIRECTION('',(0.,1.));
#5451 = ( GEOMETRIC_REPRESENTATION_CONTEXT(2) 
PARAMETRIC_REPRESENTATION_CONTEXT() REPRESENTATION_CONTEXT('2D SPACE',''
  ) );
#5452 = ORIENTED_EDGE('',*,*,#5453,.T.);
#5453 = EDGE_CURVE('',#5430,#5454,#5456,.T.);
#5454 = VERTEX_POINT('',#5455);
#5455 = CARTESIAN_POINT('',(-78.,50.,260.));
#5456 = SURFACE_CURVE('',#5457,(#5461,#5468),.PCURVE_S1.);
#5457 = LINE('',#5458,#5459);
#5458 = CARTESIAN_POINT('',(-78.,50.,13.));
#5459 = VECTOR('',#5460,1.);
#5460 = DIRECTION('',(0.,0.,1.));
#5461 = PCURVE('',#5236,#5462);
#5462 = DEFINITIONAL_REPRESENTATION('',(#5463),#5467);
#5463 = LINE('',#5464,#5465);
#5464 = CARTESIAN_POINT('',(1.570796326795,0.));
#5465 = VECTOR('',#5466,1.);
#5466 = DIRECTION('',(0.,1.));
#5467 = ( GEOMETRIC_REPRESENTATION_CONTEXT(2) 
PARAMETRIC_REPRESENTATION_CONTEXT() REPRESENTATION_CONTEXT('2D SPACE',''
  ) );
#5468 = PCURVE('',#5469,#5474);
#5469 = PLANE('',#5470);
#5470 = AXIS2_PLACEMENT_3D('',#5471,#5472,#5473);
#5471 = CARTESIAN_POINT('',(-78.,70.,13.));
#5472 = DIRECTION('',(1.,0.,-0.));
#5473 = DIRECTION('',(0.,-1.,0.));
#5474 = DEFINITIONAL_REPRESENTATION('',(#5475),#5479);
#5475 = LINE('',#5476,#5477);
#5476 = CARTESIAN_POINT('',(20.,0.));
#5477 = VECTOR('',#5478,1.);
#5478 = DIRECTION('',(0.,-1.));
#5479 = ( GEOMETRIC_REPRESENTATION_CONTEXT(2) 
PARAMETRIC_REPRESENTATION_CONTEXT() REPRESENTATION_CONTEXT('2D SPACE',''
  ) );
#5480 = ORIENTED_EDGE('',*,*,#5481,.F.);
#5481 = EDGE_CURVE('',#5200,#5454,#5482,.T.);
#5482 = SURFACE_CURVE('',#5483,(#5488,#5495),.PCURVE_S1.);
#5483 = CIRCLE('',#5484,20.);
#5484 = AXIS2_PLACEMENT_3D('',#5485,#5486,#5487);
#5485 = CARTESIAN_POINT('',(-58.,50.,260.));
#5486 = DIRECTION('',(0.,0.,1.));
#5487 = DIRECTION('',(0.,-1.,0.));
#5488 = PCURVE('',#5236,#5489);
#5489 = DEFINITIONAL_REPRESENTATION('',(#5490),#5494);
#5490 = LINE('',#5491,#5492);
#5491 = CARTESIAN_POINT('',(-3.14159265359,247.));
#5492 = VECTOR('',#5493,1.);
#5493 = DIRECTION('',(1.,0.));
#5494 = ( GEOMETRIC_REPRESENTATION_CONTEXT(2) 
PARAMETRIC_REPRESENTATION_CONTEXT() REPRESENTATION_CONTEXT('2D SPACE',''
  ) );
#5495 = PCURVE('',#98,#5496);
#5496 = DEFINITIONAL_REPRESENTATION('',(#5497),#5501);
#5497 = CIRCLE('',#5498,20.);
#5498 = AXIS2_PLACEMENT_2D('',#5499,#5500);
#5499 = CARTESIAN_POINT('',(-58.,50.));
#5500 = DIRECTION('',(0.,-1.));
#5501 = ( GEOMETRIC_REPRESENTATION_CONTEXT(2) 
PARAMETRIC_REPRESENTATION_CONTEXT() REPRESENTATION_CONTEXT('2D SPACE',''
  ) );
#5502 = ORIENTED_EDGE('',*,*,#5222,.F.);
#5503 = ORIENTED_EDGE('',*,*,#5504,.F.);
#5504 = EDGE_CURVE('',#5402,#4917,#5505,.T.);
#5505 = SURFACE_CURVE('',#5506,(#5510,#5517),.PCURVE_S1.);
#5506 = LINE('',#5507,#5508);
#5507 = CARTESIAN_POINT('',(-58.,70.,13.));
#5508 = VECTOR('',#5509,1.);
#5509 = DIRECTION('',(0.,0.,1.));
#5510 = PCURVE('',#5236,#5511);
#5511 = DEFINITIONAL_REPRESENTATION('',(#5512),#5516);
#5512 = LINE('',#5513,#5514);
#5513 = CARTESIAN_POINT('',(0.,0.));
#5514 = VECTOR('',#5515,1.);
#5515 = DIRECTION('',(0.,1.));
#5516 = ( GEOMETRIC_REPRESENTATION_CONTEXT(2) 
PARAMETRIC_REPRESENTATION_CONTEXT() REPRESENTATION_CONTEXT('2D SPACE',''
  ) );
#5517 = PCURVE('',#4934,#5518);
#5518 = DEFINITIONAL_REPRESENTATION('',(#5519),#5523);
#5519 = LINE('',#5520,#5521);
#5520 = CARTESIAN_POINT('',(68.5,15.));
#5521 = VECTOR('',#5522,1.);
#5522 = DIRECTION('',(0.,-1.));
#5523 = ( GEOMETRIC_REPRESENTATION_CONTEXT(2) 
PARAMETRIC_REPRESENTATION_CONTEXT() REPRESENTATION_CONTEXT('2D SPACE',''
  ) );
#5524 = ADVANCED_FACE('',(#5525,#5593),#5469,.F.);
#5525 = FACE_BOUND('',#5526,.F.);
#5526 = EDGE_LOOP('',(#5527,#5548,#5549,#5572));
#5527 = ORIENTED_EDGE('',*,*,#5528,.F.);
#5528 = EDGE_CURVE('',#5430,#5529,#5531,.T.);
#5529 = VERTEX_POINT('',#5530);
#5530 = CARTESIAN_POINT('',(-78.,-50.,14.));
#5531 = SURFACE_CURVE('',#5532,(#5536,#5542),.PCURVE_S1.);
#5532 = LINE('',#5533,#5534);
#5533 = CARTESIAN_POINT('',(-78.,35.,14.));
#5534 = VECTOR('',#5535,1.);
#5535 = DIRECTION('',(0.,-1.,0.));
#5536 = PCURVE('',#5469,#5537);
#5537 = DEFINITIONAL_REPRESENTATION('',(#5538),#5541);
#5538 = B_SPLINE_CURVE_WITH_KNOTS('',1,(#5539,#5540),.UNSPECIFIED.,.F.,
  .F.,(2,2),(-15.,85.),.PIECEWISE_BEZIER_KNOTS.);
#5539 = CARTESIAN_POINT('',(20.,-1.));
#5540 = CARTESIAN_POINT('',(120.,-1.));
#5541 = ( GEOMETRIC_REPRESENTATION_CONTEXT(2) 
PARAMETRIC_REPRESENTATION_CONTEXT() REPRESENTATION_CONTEXT('2D SPACE',''
  ) );
#5542 = PCURVE('',#43,#5543);
#5543 = DEFINITIONAL_REPRESENTATION('',(#5544),#5547);
#5544 = B_SPLINE_CURVE_WITH_KNOTS('',1,(#5545,#5546),.UNSPECIFIED.,.F.,
  .F.,(2,2),(-15.,85.),.PIECEWISE_BEZIER_KNOTS.);
#5545 = CARTESIAN_POINT('',(-78.,50.));
#5546 = CARTESIAN_POINT('',(-78.,-50.));
#5547 = ( GEOMETRIC_REPRESENTATION_CONTEXT(2) 
PARAMETRIC_REPRESENTATION_CONTEXT() REPRESENTATION_CONTEXT('2D SPACE',''
  ) );
#5548 = ORIENTED_EDGE('',*,*,#5453,.T.);
#5549 = ORIENTED_EDGE('',*,*,#5550,.T.);
#5550 = EDGE_CURVE('',#5454,#5551,#5553,.T.);
#5551 = VERTEX_POINT('',#5552);
#5552 = CARTESIAN_POINT('',(-78.,-50.,260.));
#5553 = SURFACE_CURVE('',#5554,(#5558,#5565),.PCURVE_S1.);
#5554 = LINE('',#5555,#5556);
#5555 = CARTESIAN_POINT('',(-78.,70.,260.));
#5556 = VECTOR('',#5557,1.);
#5557 = DIRECTION('',(0.,-1.,0.));
#5558 = PCURVE('',#5469,#5559);
#5559 = DEFINITIONAL_REPRESENTATION('',(#5560),#5564);
#5560 = LINE('',#5561,#5562);
#5561 = CARTESIAN_POINT('',(0.,-247.));
#5562 = VECTOR('',#5563,1.);
#5563 = DIRECTION('',(1.,0.));
#5564 = ( GEOMETRIC_REPRESENTATION_CONTEXT(2) 
PARAMETRIC_REPRESENTATION_CONTEXT() REPRESENTATION_CONTEXT('2D SPACE',''
  ) );
#5565 = PCURVE('',#98,#5566);
#5566 = DEFINITIONAL_REPRESENTATION('',(#5567),#5571);
#5567 = LINE('',#5568,#5569);
#5568 = CARTESIAN_POINT('',(-78.,70.));
#5569 = VECTOR('',#5570,1.);
#5570 = DIRECTION('',(0.,-1.));
#5571 = ( GEOMETRIC_REPRESENTATION_CONTEXT(2) 
PARAMETRIC_REPRESENTATION_CONTEXT() REPRESENTATION_CONTEXT('2D SPACE',''
  ) );
#5572 = ORIENTED_EDGE('',*,*,#5573,.F.);
#5573 = EDGE_CURVE('',#5529,#5551,#5574,.T.);
#5574 = SURFACE_CURVE('',#5575,(#5579,#5586),.PCURVE_S1.);
#5575 = LINE('',#5576,#5577);
#5576 = CARTESIAN_POINT('',(-78.,-50.,13.));
#5577 = VECTOR('',#5578,1.);
#5578 = DIRECTION('',(0.,0.,1.));
#5579 = PCURVE('',#5469,#5580);
#5580 = DEFINITIONAL_REPRESENTATION('',(#5581),#5585);
#5581 = LINE('',#5582,#5583);
#5582 = CARTESIAN_POINT('',(120.,0.));
#5583 = VECTOR('',#5584,1.);
#5584 = DIRECTION('',(0.,-1.));
#5585 = ( GEOMETRIC_REPRESENTATION_CONTEXT(2) 
PARAMETRIC_REPRESENTATION_CONTEXT() REPRESENTATION_CONTEXT('2D SPACE',''
  ) );
#5586 = PCURVE('',#70,#5587);
#5587 = DEFINITIONAL_REPRESENTATION('',(#5588),#5592);
#5588 = LINE('',#5589,#5590);
#5589 = CARTESIAN_POINT('',(-1.570796326795,0.));
#5590 = VECTOR('',#5591,1.);
#5591 = DIRECTION('',(-0.,1.));
#5592 = ( GEOMETRIC_REPRESENTATION_CONTEXT(2) 
PARAMETRIC_REPRESENTATION_CONTEXT() REPRESENTATION_CONTEXT('2D SPACE',''
  ) );
#5593 = FACE_BOUND('',#5594,.F.);
#5594 = EDGE_LOOP('',(#5595,#5625,#5653,#5681));
#5595 = ORIENTED_EDGE('',*,*,#5596,.F.);
#5596 = EDGE_CURVE('',#5597,#5599,#5601,.T.);
#5597 = VERTEX_POINT('',#5598);
#5598 = CARTESIAN_POINT('',(-78.,-29.75,132.1));
#5599 = VERTEX_POINT('',#5600);
#5600 = CARTESIAN_POINT('',(-78.,11.75,132.1));
#5601 = SURFACE_CURVE('',#5602,(#5606,#5613),.PCURVE_S1.);
#5602 = LINE('',#5603,#5604);
#5603 = CARTESIAN_POINT('',(-78.,-29.75,132.1));
#5604 = VECTOR('',#5605,1.);
#5605 = DIRECTION('',(0.,1.,0.));
#5606 = PCURVE('',#5469,#5607);
#5607 = DEFINITIONAL_REPRESENTATION('',(#5608),#5612);
#5608 = LINE('',#5609,#5610);
#5609 = CARTESIAN_POINT('',(99.75,-119.1));
#5610 = VECTOR('',#5611,1.);
#5611 = DIRECTION('',(-1.,0.));
#5612 = ( GEOMETRIC_REPRESENTATION_CONTEXT(2) 
PARAMETRIC_REPRESENTATION_CONTEXT() REPRESENTATION_CONTEXT('2D SPACE',''
  ) );
#5613 = PCURVE('',#5614,#5619);
#5614 = PLANE('',#5615);
#5615 = AXIS2_PLACEMENT_3D('',#5616,#5617,#5618);
#5616 = CARTESIAN_POINT('',(-78.,-29.75,132.1));
#5617 = DIRECTION('',(0.,0.,1.));
#5618 = DIRECTION('',(0.,1.,0.));
#5619 = DEFINITIONAL_REPRESENTATION('',(#5620),#5624);
#5620 = LINE('',#5621,#5622);
#5621 = CARTESIAN_POINT('',(0.,0.));
#5622 = VECTOR('',#5623,1.);
#5623 = DIRECTION('',(1.,0.));
#5624 = ( GEOMETRIC_REPRESENTATION_CONTEXT(2) 
PARAMETRIC_REPRESENTATION_CONTEXT() REPRESENTATION_CONTEXT('2D SPACE',''
  ) );
#5625 = ORIENTED_EDGE('',*,*,#5626,.F.);
#5626 = EDGE_CURVE('',#5627,#5597,#5629,.T.);
#5627 = VERTEX_POINT('',#5628);
#5628 = CARTESIAN_POINT('',(-78.,-29.75,199.9));
#5629 = SURFACE_CURVE('',#5630,(#5634,#5641),.PCURVE_S1.);
#5630 = LINE('',#5631,#5632);
#5631 = CARTESIAN_POINT('',(-78.,-29.75,199.9));
#5632 = VECTOR('',#5633,1.);
#5633 = DIRECTION('',(0.,0.,-1.));
#5634 = PCURVE('',#5469,#5635);
#5635 = DEFINITIONAL_REPRESENTATION('',(#5636),#5640);
#5636 = LINE('',#5637,#5638);
#5637 = CARTESIAN_POINT('',(99.75,-186.9));
#5638 = VECTOR('',#5639,1.);
#5639 = DIRECTION('',(0.,1.));
#5640 = ( GEOMETRIC_REPRESENTATION_CONTEXT(2) 
PARAMETRIC_REPRESENTATION_CONTEXT() REPRESENTATION_CONTEXT('2D SPACE',''
  ) );
#5641 = PCURVE('',#5642,#5647);
#5642 = PLANE('',#5643);
#5643 = AXIS2_PLACEMENT_3D('',#5644,#5645,#5646);
#5644 = CARTESIAN_POINT('',(-78.,-29.75,199.9));
#5645 = DIRECTION('',(-0.,1.,0.));
#5646 = DIRECTION('',(0.,0.,-1.));
#5647 = DEFINITIONAL_REPRESENTATION('',(#5648),#5652);
#5648 = LINE('',#5649,#5650);
#5649 = CARTESIAN_POINT('',(0.,0.));
#5650 = VECTOR('',#5651,1.);
#5651 = DIRECTION('',(1.,0.));
#5652 = ( GEOMETRIC_REPRESENTATION_CONTEXT(2) 
PARAMETRIC_REPRESENTATION_CONTEXT() REPRESENTATION_CONTEXT('2D SPACE',''
  ) );
#5653 = ORIENTED_EDGE('',*,*,#5654,.F.);
#5654 = EDGE_CURVE('',#5655,#5627,#5657,.T.);
#5655 = VERTEX_POINT('',#5656);
#5656 = CARTESIAN_POINT('',(-78.,11.75,199.9));
#5657 = SURFACE_CURVE('',#5658,(#5662,#5669),.PCURVE_S1.);
#5658 = LINE('',#5659,#5660);
#5659 = CARTESIAN_POINT('',(-78.,11.75,199.9));
#5660 = VECTOR('',#5661,1.);
#5661 = DIRECTION('',(0.,-1.,0.));
#5662 = PCURVE('',#5469,#5663);
#5663 = DEFINITIONAL_REPRESENTATION('',(#5664),#5668);
#5664 = LINE('',#5665,#5666);
#5665 = CARTESIAN_POINT('',(58.25,-186.9));
#5666 = VECTOR('',#5667,1.);
#5667 = DIRECTION('',(1.,0.));
#5668 = ( GEOMETRIC_REPRESENTATION_CONTEXT(2) 
PARAMETRIC_REPRESENTATION_CONTEXT() REPRESENTATION_CONTEXT('2D SPACE',''
  ) );
#5669 = PCURVE('',#5670,#5675);
#5670 = PLANE('',#5671);
#5671 = AXIS2_PLACEMENT_3D('',#5672,#5673,#5674);
#5672 = CARTESIAN_POINT('',(-78.,11.75,199.9));
#5673 = DIRECTION('',(0.,0.,-1.));
#5674 = DIRECTION('',(0.,-1.,0.));
#5675 = DEFINITIONAL_REPRESENTATION('',(#5676),#5680);
#5676 = LINE('',#5677,#5678);
#5677 = CARTESIAN_POINT('',(0.,-0.));
#5678 = VECTOR('',#5679,1.);
#5679 = DIRECTION('',(1.,0.));
#5680 = ( GEOMETRIC_REPRESENTATION_CONTEXT(2) 
PARAMETRIC_REPRESENTATION_CONTEXT() REPRESENTATION_CONTEXT('2D SPACE',''
  ) );
#5681 = ORIENTED_EDGE('',*,*,#5682,.F.);
#5682 = EDGE_CURVE('',#5599,#5655,#5683,.T.);
#5683 = SURFACE_CURVE('',#5684,(#5688,#5695),.PCURVE_S1.);
#5684 = LINE('',#5685,#5686);
#5685 = CARTESIAN_POINT('',(-78.,11.75,132.1));
#5686 = VECTOR('',#5687,1.);
#5687 = DIRECTION('',(0.,0.,1.));
#5688 = PCURVE('',#5469,#5689);
#5689 = DEFINITIONAL_REPRESENTATION('',(#5690),#5694);
#5690 = LINE('',#5691,#5692);
#5691 = CARTESIAN_POINT('',(58.25,-119.1));
#5692 = VECTOR('',#5693,1.);
#5693 = DIRECTION('',(0.,-1.));
#5694 = ( GEOMETRIC_REPRESENTATION_CONTEXT(2) 
PARAMETRIC_REPRESENTATION_CONTEXT() REPRESENTATION_CONTEXT('2D SPACE',''
  ) );
#5695 = PCURVE('',#5696,#5701);
#5696 = PLANE('',#5697);
#5697 = AXIS2_PLACEMENT_3D('',#5698,#5699,#5700);
#5698 = CARTESIAN_POINT('',(-78.,11.75,132.1));
#5699 = DIRECTION('',(0.,-1.,0.));
#5700 = DIRECTION('',(0.,0.,1.));
#5701 = DEFINITIONAL_REPRESENTATION('',(#5702),#5706);
#5702 = LINE('',#5703,#5704);
#5703 = CARTESIAN_POINT('',(0.,0.));
#5704 = VECTOR('',#5705,1.);
#5705 = DIRECTION('',(1.,0.));
#5706 = ( GEOMETRIC_REPRESENTATION_CONTEXT(2) 
PARAMETRIC_REPRESENTATION_CONTEXT() REPRESENTATION_CONTEXT('2D SPACE',''
  ) );
#5707 = ADVANCED_FACE('',(#5708),#5642,.T.);
#5708 = FACE_BOUND('',#5709,.T.);
#5709 = EDGE_LOOP('',(#5710,#5733,#5761,#5782));
#5710 = ORIENTED_EDGE('',*,*,#5711,.T.);
#5711 = EDGE_CURVE('',#5627,#5712,#5714,.T.);
#5712 = VERTEX_POINT('',#5713);
#5713 = CARTESIAN_POINT('',(-76.5,-29.75,199.9));
#5714 = SURFACE_CURVE('',#5715,(#5719,#5726),.PCURVE_S1.);
#5715 = LINE('',#5716,#5717);
#5716 = CARTESIAN_POINT('',(-78.,-29.75,199.9));
#5717 = VECTOR('',#5718,1.);
#5718 = DIRECTION('',(1.,0.,0.));
#5719 = PCURVE('',#5642,#5720);
#5720 = DEFINITIONAL_REPRESENTATION('',(#5721),#5725);
#5721 = LINE('',#5722,#5723);
#5722 = CARTESIAN_POINT('',(0.,0.));
#5723 = VECTOR('',#5724,1.);
#5724 = DIRECTION('',(0.,-1.));
#5725 = ( GEOMETRIC_REPRESENTATION_CONTEXT(2) 
PARAMETRIC_REPRESENTATION_CONTEXT() REPRESENTATION_CONTEXT('2D SPACE',''
  ) );
#5726 = PCURVE('',#5670,#5727);
#5727 = DEFINITIONAL_REPRESENTATION('',(#5728),#5732);
#5728 = LINE('',#5729,#5730);
#5729 = CARTESIAN_POINT('',(41.5,0.));
#5730 = VECTOR('',#5731,1.);
#5731 = DIRECTION('',(0.,-1.));
#5732 = ( GEOMETRIC_REPRESENTATION_CONTEXT(2) 
PARAMETRIC_REPRESENTATION_CONTEXT() REPRESENTATION_CONTEXT('2D SPACE',''
  ) );
#5733 = ORIENTED_EDGE('',*,*,#5734,.T.);
#5734 = EDGE_CURVE('',#5712,#5735,#5737,.T.);
#5735 = VERTEX_POINT('',#5736);
#5736 = CARTESIAN_POINT('',(-76.5,-29.75,132.1));
#5737 = SURFACE_CURVE('',#5738,(#5742,#5749),.PCURVE_S1.);
#5738 = LINE('',#5739,#5740);
#5739 = CARTESIAN_POINT('',(-76.5,-29.75,199.9));
#5740 = VECTOR('',#5741,1.);
#5741 = DIRECTION('',(0.,0.,-1.));
#5742 = PCURVE('',#5642,#5743);
#5743 = DEFINITIONAL_REPRESENTATION('',(#5744),#5748);
#5744 = LINE('',#5745,#5746);
#5745 = CARTESIAN_POINT('',(0.,-1.5));
#5746 = VECTOR('',#5747,1.);
#5747 = DIRECTION('',(1.,0.));
#5748 = ( GEOMETRIC_REPRESENTATION_CONTEXT(2) 
PARAMETRIC_REPRESENTATION_CONTEXT() REPRESENTATION_CONTEXT('2D SPACE',''
  ) );
#5749 = PCURVE('',#5750,#5755);
#5750 = PLANE('',#5751);
#5751 = AXIS2_PLACEMENT_3D('',#5752,#5753,#5754);
#5752 = CARTESIAN_POINT('',(-76.5,-9.,166.));
#5753 = DIRECTION('',(1.,0.,0.));
#5754 = DIRECTION('',(-0.,0.,1.));
#5755 = DEFINITIONAL_REPRESENTATION('',(#5756),#5760);
#5756 = LINE('',#5757,#5758);
#5757 = CARTESIAN_POINT('',(33.9,20.75));
#5758 = VECTOR('',#5759,1.);
#5759 = DIRECTION('',(-1.,0.));
#5760 = ( GEOMETRIC_REPRESENTATION_CONTEXT(2) 
PARAMETRIC_REPRESENTATION_CONTEXT() REPRESENTATION_CONTEXT('2D SPACE',''
  ) );
#5761 = ORIENTED_EDGE('',*,*,#5762,.F.);
#5762 = EDGE_CURVE('',#5597,#5735,#5763,.T.);
#5763 = SURFACE_CURVE('',#5764,(#5768,#5775),.PCURVE_S1.);
#5764 = LINE('',#5765,#5766);
#5765 = CARTESIAN_POINT('',(-78.,-29.75,132.1));
#5766 = VECTOR('',#5767,1.);
#5767 = DIRECTION('',(1.,0.,0.));
#5768 = PCURVE('',#5642,#5769);
#5769 = DEFINITIONAL_REPRESENTATION('',(#5770),#5774);
#5770 = LINE('',#5771,#5772);
#5771 = CARTESIAN_POINT('',(67.8,0.));
#5772 = VECTOR('',#5773,1.);
#5773 = DIRECTION('',(0.,-1.));
#5774 = ( GEOMETRIC_REPRESENTATION_CONTEXT(2) 
PARAMETRIC_REPRESENTATION_CONTEXT() REPRESENTATION_CONTEXT('2D SPACE',''
  ) );
#5775 = PCURVE('',#5614,#5776);
#5776 = DEFINITIONAL_REPRESENTATION('',(#5777),#5781);
#5777 = LINE('',#5778,#5779);
#5778 = CARTESIAN_POINT('',(0.,0.));
#5779 = VECTOR('',#5780,1.);
#5780 = DIRECTION('',(0.,-1.));
#5781 = ( GEOMETRIC_REPRESENTATION_CONTEXT(2) 
PARAMETRIC_REPRESENTATION_CONTEXT() REPRESENTATION_CONTEXT('2D SPACE',''
  ) );
#5782 = ORIENTED_EDGE('',*,*,#5626,.F.);
#5783 = ADVANCED_FACE('',(#5784,#5854),#5750,.F.);
#5784 = FACE_BOUND('',#5785,.F.);
#5785 = EDGE_LOOP('',(#5786,#5809,#5832,#5853));
#5786 = ORIENTED_EDGE('',*,*,#5787,.T.);
#5787 = EDGE_CURVE('',#5735,#5788,#5790,.T.);
#5788 = VERTEX_POINT('',#5789);
#5789 = CARTESIAN_POINT('',(-76.5,11.75,132.1));
#5790 = SURFACE_CURVE('',#5791,(#5795,#5802),.PCURVE_S1.);
#5791 = LINE('',#5792,#5793);
#5792 = CARTESIAN_POINT('',(-76.5,-29.75,132.1));
#5793 = VECTOR('',#5794,1.);
#5794 = DIRECTION('',(0.,1.,0.));
#5795 = PCURVE('',#5750,#5796);
#5796 = DEFINITIONAL_REPRESENTATION('',(#5797),#5801);
#5797 = LINE('',#5798,#5799);
#5798 = CARTESIAN_POINT('',(-33.9,20.75));
#5799 = VECTOR('',#5800,1.);
#5800 = DIRECTION('',(0.,-1.));
#5801 = ( GEOMETRIC_REPRESENTATION_CONTEXT(2) 
PARAMETRIC_REPRESENTATION_CONTEXT() REPRESENTATION_CONTEXT('2D SPACE',''
  ) );
#5802 = PCURVE('',#5614,#5803);
#5803 = DEFINITIONAL_REPRESENTATION('',(#5804),#5808);
#5804 = LINE('',#5805,#5806);
#5805 = CARTESIAN_POINT('',(0.,-1.5));
#5806 = VECTOR('',#5807,1.);
#5807 = DIRECTION('',(1.,0.));
#5808 = ( GEOMETRIC_REPRESENTATION_CONTEXT(2) 
PARAMETRIC_REPRESENTATION_CONTEXT() REPRESENTATION_CONTEXT('2D SPACE',''
  ) );
#5809 = ORIENTED_EDGE('',*,*,#5810,.T.);
#5810 = EDGE_CURVE('',#5788,#5811,#5813,.T.);
#5811 = VERTEX_POINT('',#5812);
#5812 = CARTESIAN_POINT('',(-76.5,11.75,199.9));
#5813 = SURFACE_CURVE('',#5814,(#5818,#5825),.PCURVE_S1.);
#5814 = LINE('',#5815,#5816);
#5815 = CARTESIAN_POINT('',(-76.5,11.75,132.1));
#5816 = VECTOR('',#5817,1.);
#5817 = DIRECTION('',(0.,0.,1.));
#5818 = PCURVE('',#5750,#5819);
#5819 = DEFINITIONAL_REPRESENTATION('',(#5820),#5824);
#5820 = LINE('',#5821,#5822);
#5821 = CARTESIAN_POINT('',(-33.9,-20.75));
#5822 = VECTOR('',#5823,1.);
#5823 = DIRECTION('',(1.,0.));
#5824 = ( GEOMETRIC_REPRESENTATION_CONTEXT(2) 
PARAMETRIC_REPRESENTATION_CONTEXT() REPRESENTATION_CONTEXT('2D SPACE',''
  ) );
#5825 = PCURVE('',#5696,#5826);
#5826 = DEFINITIONAL_REPRESENTATION('',(#5827),#5831);
#5827 = LINE('',#5828,#5829);
#5828 = CARTESIAN_POINT('',(0.,-1.5));
#5829 = VECTOR('',#5830,1.);
#5830 = DIRECTION('',(1.,0.));
#5831 = ( GEOMETRIC_REPRESENTATION_CONTEXT(2) 
PARAMETRIC_REPRESENTATION_CONTEXT() REPRESENTATION_CONTEXT('2D SPACE',''
  ) );
#5832 = ORIENTED_EDGE('',*,*,#5833,.T.);
#5833 = EDGE_CURVE('',#5811,#5712,#5834,.T.);
#5834 = SURFACE_CURVE('',#5835,(#5839,#5846),.PCURVE_S1.);
#5835 = LINE('',#5836,#5837);
#5836 = CARTESIAN_POINT('',(-76.5,11.75,199.9));
#5837 = VECTOR('',#5838,1.);
#5838 = DIRECTION('',(0.,-1.,0.));
#5839 = PCURVE('',#5750,#5840);
#5840 = DEFINITIONAL_REPRESENTATION('',(#5841),#5845);
#5841 = LINE('',#5842,#5843);
#5842 = CARTESIAN_POINT('',(33.9,-20.75));
#5843 = VECTOR('',#5844,1.);
#5844 = DIRECTION('',(0.,1.));
#5845 = ( GEOMETRIC_REPRESENTATION_CONTEXT(2) 
PARAMETRIC_REPRESENTATION_CONTEXT() REPRESENTATION_CONTEXT('2D SPACE',''
  ) );
#5846 = PCURVE('',#5670,#5847);
#5847 = DEFINITIONAL_REPRESENTATION('',(#5848),#5852);
#5848 = LINE('',#5849,#5850);
#5849 = CARTESIAN_POINT('',(0.,-1.5));
#5850 = VECTOR('',#5851,1.);
#5851 = DIRECTION('',(1.,0.));
#5852 = ( GEOMETRIC_REPRESENTATION_CONTEXT(2) 
PARAMETRIC_REPRESENTATION_CONTEXT() REPRESENTATION_CONTEXT('2D SPACE',''
  ) );
#5853 = ORIENTED_EDGE('',*,*,#5734,.T.);
#5854 = FACE_BOUND('',#5855,.F.);
#5855 = EDGE_LOOP('',(#5856,#5884,#5910,#5936));
#5856 = ORIENTED_EDGE('',*,*,#5857,.T.);
#5857 = EDGE_CURVE('',#5858,#5860,#5862,.T.);
#5858 = VERTEX_POINT('',#5859);
#5859 = CARTESIAN_POINT('',(-76.5,7.75,195.9));
#5860 = VERTEX_POINT('',#5861);
#5861 = CARTESIAN_POINT('',(-76.5,7.75,136.1));
#5862 = SURFACE_CURVE('',#5863,(#5867,#5873),.PCURVE_S1.);
#5863 = LINE('',#5864,#5865);
#5864 = CARTESIAN_POINT('',(-76.5,7.75,151.05));
#5865 = VECTOR('',#5866,1.);
#5866 = DIRECTION('',(0.,0.,-1.));
#5867 = PCURVE('',#5750,#5868);
#5868 = DEFINITIONAL_REPRESENTATION('',(#5869),#5872);
#5869 = B_SPLINE_CURVE_WITH_KNOTS('',1,(#5870,#5871),.UNSPECIFIED.,.F.,
  .F.,(2,2),(-44.85,14.95),.PIECEWISE_BEZIER_KNOTS.);
#5870 = CARTESIAN_POINT('',(29.9,-16.75));
#5871 = CARTESIAN_POINT('',(-29.9,-16.75));
#5872 = ( GEOMETRIC_REPRESENTATION_CONTEXT(2) 
PARAMETRIC_REPRESENTATION_CONTEXT() REPRESENTATION_CONTEXT('2D SPACE',''
  ) );
#5873 = PCURVE('',#5874,#5879);
#5874 = PLANE('',#5875);
#5875 = AXIS2_PLACEMENT_3D('',#5876,#5877,#5878);
#5876 = CARTESIAN_POINT('',(-78.,7.75,136.1));
#5877 = DIRECTION('',(0.,-1.,0.));
#5878 = DIRECTION('',(0.,0.,1.));
#5879 = DEFINITIONAL_REPRESENTATION('',(#5880),#5883);
#5880 = B_SPLINE_CURVE_WITH_KNOTS('',1,(#5881,#5882),.UNSPECIFIED.,.F.,
  .F.,(2,2),(-44.85,14.95),.PIECEWISE_BEZIER_KNOTS.);
#5881 = CARTESIAN_POINT('',(59.8,-1.5));
#5882 = CARTESIAN_POINT('',(0.,-1.5));
#5883 = ( GEOMETRIC_REPRESENTATION_CONTEXT(2) 
PARAMETRIC_REPRESENTATION_CONTEXT() REPRESENTATION_CONTEXT('2D SPACE',''
  ) );
#5884 = ORIENTED_EDGE('',*,*,#5885,.T.);
#5885 = EDGE_CURVE('',#5860,#5886,#5888,.T.);
#5886 = VERTEX_POINT('',#5887);
#5887 = CARTESIAN_POINT('',(-76.5,-25.75,136.1));
#5888 = SURFACE_CURVE('',#5889,(#5893,#5899),.PCURVE_S1.);
#5889 = LINE('',#5890,#5891);
#5890 = CARTESIAN_POINT('',(-76.5,-17.375,136.1));
#5891 = VECTOR('',#5892,1.);
#5892 = DIRECTION('',(0.,-1.,0.));
#5893 = PCURVE('',#5750,#5894);
#5894 = DEFINITIONAL_REPRESENTATION('',(#5895),#5898);
#5895 = B_SPLINE_CURVE_WITH_KNOTS('',1,(#5896,#5897),.UNSPECIFIED.,.F.,
  .F.,(2,2),(-25.125,8.375),.PIECEWISE_BEZIER_KNOTS.);
#5896 = CARTESIAN_POINT('',(-29.9,-16.75));
#5897 = CARTESIAN_POINT('',(-29.9,16.75));
#5898 = ( GEOMETRIC_REPRESENTATION_CONTEXT(2) 
PARAMETRIC_REPRESENTATION_CONTEXT() REPRESENTATION_CONTEXT('2D SPACE',''
  ) );
#5899 = PCURVE('',#5900,#5905);
#5900 = PLANE('',#5901);
#5901 = AXIS2_PLACEMENT_3D('',#5902,#5903,#5904);
#5902 = CARTESIAN_POINT('',(-78.,-25.75,136.1));
#5903 = DIRECTION('',(0.,0.,1.));
#5904 = DIRECTION('',(0.,1.,0.));
#5905 = DEFINITIONAL_REPRESENTATION('',(#5906),#5909);
#5906 = B_SPLINE_CURVE_WITH_KNOTS('',1,(#5907,#5908),.UNSPECIFIED.,.F.,
  .F.,(2,2),(-25.125,8.375),.PIECEWISE_BEZIER_KNOTS.);
#5907 = CARTESIAN_POINT('',(33.5,-1.5));
#5908 = CARTESIAN_POINT('',(0.,-1.5));
#5909 = ( GEOMETRIC_REPRESENTATION_CONTEXT(2) 
PARAMETRIC_REPRESENTATION_CONTEXT() REPRESENTATION_CONTEXT('2D SPACE',''
  ) );
#5910 = ORIENTED_EDGE('',*,*,#5911,.T.);
#5911 = EDGE_CURVE('',#5886,#5912,#5914,.T.);
#5912 = VERTEX_POINT('',#5913);
#5913 = CARTESIAN_POINT('',(-76.5,-25.75,195.9));
#5914 = SURFACE_CURVE('',#5915,(#5919,#5925),.PCURVE_S1.);
#5915 = LINE('',#5916,#5917);
#5916 = CARTESIAN_POINT('',(-76.5,-25.75,180.95));
#5917 = VECTOR('',#5918,1.);
#5918 = DIRECTION('',(0.,-0.,1.));
#5919 = PCURVE('',#5750,#5920);
#5920 = DEFINITIONAL_REPRESENTATION('',(#5921),#5924);
#5921 = B_SPLINE_CURVE_WITH_KNOTS('',1,(#5922,#5923),.UNSPECIFIED.,.F.,
  .F.,(2,2),(-44.85,14.95),.PIECEWISE_BEZIER_KNOTS.);
#5922 = CARTESIAN_POINT('',(-29.9,16.75));
#5923 = CARTESIAN_POINT('',(29.9,16.75));
#5924 = ( GEOMETRIC_REPRESENTATION_CONTEXT(2) 
PARAMETRIC_REPRESENTATION_CONTEXT() REPRESENTATION_CONTEXT('2D SPACE',''
  ) );
#5925 = PCURVE('',#5926,#5931);
#5926 = PLANE('',#5927);
#5927 = AXIS2_PLACEMENT_3D('',#5928,#5929,#5930);
#5928 = CARTESIAN_POINT('',(-78.,-25.75,195.9));
#5929 = DIRECTION('',(-0.,1.,0.));
#5930 = DIRECTION('',(0.,0.,-1.));
#5931 = DEFINITIONAL_REPRESENTATION('',(#5932),#5935);
#5932 = B_SPLINE_CURVE_WITH_KNOTS('',1,(#5933,#5934),.UNSPECIFIED.,.F.,
  .F.,(2,2),(-44.85,14.95),.PIECEWISE_BEZIER_KNOTS.);
#5933 = CARTESIAN_POINT('',(59.8,-1.5));
#5934 = CARTESIAN_POINT('',(0.,-1.5));
#5935 = ( GEOMETRIC_REPRESENTATION_CONTEXT(2) 
PARAMETRIC_REPRESENTATION_CONTEXT() REPRESENTATION_CONTEXT('2D SPACE',''
  ) );
#5936 = ORIENTED_EDGE('',*,*,#5937,.T.);
#5937 = EDGE_CURVE('',#5912,#5858,#5938,.T.);
#5938 = SURFACE_CURVE('',#5939,(#5943,#5949),.PCURVE_S1.);
#5939 = LINE('',#5940,#5941);
#5940 = CARTESIAN_POINT('',(-76.5,-0.625,195.9));
#5941 = VECTOR('',#5942,1.);
#5942 = DIRECTION('',(-0.,1.,0.));
#5943 = PCURVE('',#5750,#5944);
#5944 = DEFINITIONAL_REPRESENTATION('',(#5945),#5948);
#5945 = B_SPLINE_CURVE_WITH_KNOTS('',1,(#5946,#5947),.UNSPECIFIED.,.F.,
  .F.,(2,2),(-25.125,8.375),.PIECEWISE_BEZIER_KNOTS.);
#5946 = CARTESIAN_POINT('',(29.9,16.75));
#5947 = CARTESIAN_POINT('',(29.9,-16.75));
#5948 = ( GEOMETRIC_REPRESENTATION_CONTEXT(2) 
PARAMETRIC_REPRESENTATION_CONTEXT() REPRESENTATION_CONTEXT('2D SPACE',''
  ) );
#5949 = PCURVE('',#5950,#5955);
#5950 = PLANE('',#5951);
#5951 = AXIS2_PLACEMENT_3D('',#5952,#5953,#5954);
#5952 = CARTESIAN_POINT('',(-78.,7.75,195.9));
#5953 = DIRECTION('',(0.,0.,-1.));
#5954 = DIRECTION('',(0.,-1.,0.));
#5955 = DEFINITIONAL_REPRESENTATION('',(#5956),#5959);
#5956 = B_SPLINE_CURVE_WITH_KNOTS('',1,(#5957,#5958),.UNSPECIFIED.,.F.,
  .F.,(2,2),(-25.125,8.375),.PIECEWISE_BEZIER_KNOTS.);
#5957 = CARTESIAN_POINT('',(33.5,-1.5));
#5958 = CARTESIAN_POINT('',(0.,-1.5));
#5959 = ( GEOMETRIC_REPRESENTATION_CONTEXT(2) 
PARAMETRIC_REPRESENTATION_CONTEXT() REPRESENTATION_CONTEXT('2D SPACE',''
  ) );
#5960 = ADVANCED_FACE('',(#5961),#5900,.T.);
#5961 = FACE_BOUND('',#5962,.T.);
#5962 = EDGE_LOOP('',(#5963,#5964,#5987,#6008));
#5963 = ORIENTED_EDGE('',*,*,#5885,.T.);
#5964 = ORIENTED_EDGE('',*,*,#5965,.T.);
#5965 = EDGE_CURVE('',#5886,#5966,#5968,.T.);
#5966 = VERTEX_POINT('',#5967);
#5967 = CARTESIAN_POINT('',(-75.,-25.75,136.1));
#5968 = SURFACE_CURVE('',#5969,(#5973,#5980),.PCURVE_S1.);
#5969 = LINE('',#5970,#5971);
#5970 = CARTESIAN_POINT('',(-78.,-25.75,136.1));
#5971 = VECTOR('',#5972,1.);
#5972 = DIRECTION('',(1.,0.,0.));
#5973 = PCURVE('',#5900,#5974);
#5974 = DEFINITIONAL_REPRESENTATION('',(#5975),#5979);
#5975 = LINE('',#5976,#5977);
#5976 = CARTESIAN_POINT('',(0.,0.));
#5977 = VECTOR('',#5978,1.);
#5978 = DIRECTION('',(0.,-1.));
#5979 = ( GEOMETRIC_REPRESENTATION_CONTEXT(2) 
PARAMETRIC_REPRESENTATION_CONTEXT() REPRESENTATION_CONTEXT('2D SPACE',''
  ) );
#5980 = PCURVE('',#5926,#5981);
#5981 = DEFINITIONAL_REPRESENTATION('',(#5982),#5986);
#5982 = LINE('',#5983,#5984);
#5983 = CARTESIAN_POINT('',(59.8,0.));
#5984 = VECTOR('',#5985,1.);
#5985 = DIRECTION('',(0.,-1.));
#5986 = ( GEOMETRIC_REPRESENTATION_CONTEXT(2) 
PARAMETRIC_REPRESENTATION_CONTEXT() REPRESENTATION_CONTEXT('2D SPACE',''
  ) );
#5987 = ORIENTED_EDGE('',*,*,#5988,.F.);
#5988 = EDGE_CURVE('',#5989,#5966,#5991,.T.);
#5989 = VERTEX_POINT('',#5990);
#5990 = CARTESIAN_POINT('',(-75.,7.75,136.1));
#5991 = SURFACE_CURVE('',#5992,(#5996,#6002),.PCURVE_S1.);
#5992 = LINE('',#5993,#5994);
#5993 = CARTESIAN_POINT('',(-75.,20.625,136.1));
#5994 = VECTOR('',#5995,1.);
#5995 = DIRECTION('',(0.,-1.,0.));
#5996 = PCURVE('',#5900,#5997);
#5997 = DEFINITIONAL_REPRESENTATION('',(#5998),#6001);
#5998 = B_SPLINE_CURVE_WITH_KNOTS('',1,(#5999,#6000),.UNSPECIFIED.,.F.,
  .F.,(2,2),(12.875,46.375),.PIECEWISE_BEZIER_KNOTS.);
#5999 = CARTESIAN_POINT('',(33.5,-3.));
#6000 = CARTESIAN_POINT('',(0.,-3.));
#6001 = ( GEOMETRIC_REPRESENTATION_CONTEXT(2) 
PARAMETRIC_REPRESENTATION_CONTEXT() REPRESENTATION_CONTEXT('2D SPACE',''
  ) );
#6002 = PCURVE('',#2327,#6003);
#6003 = DEFINITIONAL_REPRESENTATION('',(#6004),#6007);
#6004 = B_SPLINE_CURVE_WITH_KNOTS('',1,(#6005,#6006),.UNSPECIFIED.,.F.,
  .F.,(2,2),(12.875,46.375),.PIECEWISE_BEZIER_KNOTS.);
#6005 = CARTESIAN_POINT('',(59.25,-119.1));
#6006 = CARTESIAN_POINT('',(92.75,-119.1));
#6007 = ( GEOMETRIC_REPRESENTATION_CONTEXT(2) 
PARAMETRIC_REPRESENTATION_CONTEXT() REPRESENTATION_CONTEXT('2D SPACE',''
  ) );
#6008 = ORIENTED_EDGE('',*,*,#6009,.F.);
#6009 = EDGE_CURVE('',#5860,#5989,#6010,.T.);
#6010 = SURFACE_CURVE('',#6011,(#6015,#6022),.PCURVE_S1.);
#6011 = LINE('',#6012,#6013);
#6012 = CARTESIAN_POINT('',(-78.,7.75,136.1));
#6013 = VECTOR('',#6014,1.);
#6014 = DIRECTION('',(1.,0.,0.));
#6015 = PCURVE('',#5900,#6016);
#6016 = DEFINITIONAL_REPRESENTATION('',(#6017),#6021);
#6017 = LINE('',#6018,#6019);
#6018 = CARTESIAN_POINT('',(33.5,0.));
#6019 = VECTOR('',#6020,1.);
#6020 = DIRECTION('',(0.,-1.));
#6021 = ( GEOMETRIC_REPRESENTATION_CONTEXT(2) 
PARAMETRIC_REPRESENTATION_CONTEXT() REPRESENTATION_CONTEXT('2D SPACE',''
  ) );
#6022 = PCURVE('',#5874,#6023);
#6023 = DEFINITIONAL_REPRESENTATION('',(#6024),#6028);
#6024 = LINE('',#6025,#6026);
#6025 = CARTESIAN_POINT('',(0.,0.));
#6026 = VECTOR('',#6027,1.);
#6027 = DIRECTION('',(0.,-1.));
#6028 = ( GEOMETRIC_REPRESENTATION_CONTEXT(2) 
PARAMETRIC_REPRESENTATION_CONTEXT() REPRESENTATION_CONTEXT('2D SPACE',''
  ) );
#6029 = ADVANCED_FACE('',(#6030),#5926,.T.);
#6030 = FACE_BOUND('',#6031,.T.);
#6031 = EDGE_LOOP('',(#6032,#6033,#6056,#6075));
#6032 = ORIENTED_EDGE('',*,*,#5911,.T.);
#6033 = ORIENTED_EDGE('',*,*,#6034,.T.);
#6034 = EDGE_CURVE('',#5912,#6035,#6037,.T.);
#6035 = VERTEX_POINT('',#6036);
#6036 = CARTESIAN_POINT('',(-75.,-25.75,195.9));
#6037 = SURFACE_CURVE('',#6038,(#6042,#6049),.PCURVE_S1.);
#6038 = LINE('',#6039,#6040);
#6039 = CARTESIAN_POINT('',(-78.,-25.75,195.9));
#6040 = VECTOR('',#6041,1.);
#6041 = DIRECTION('',(1.,0.,0.));
#6042 = PCURVE('',#5926,#6043);
#6043 = DEFINITIONAL_REPRESENTATION('',(#6044),#6048);
#6044 = LINE('',#6045,#6046);
#6045 = CARTESIAN_POINT('',(0.,0.));
#6046 = VECTOR('',#6047,1.);
#6047 = DIRECTION('',(0.,-1.));
#6048 = ( GEOMETRIC_REPRESENTATION_CONTEXT(2) 
PARAMETRIC_REPRESENTATION_CONTEXT() REPRESENTATION_CONTEXT('2D SPACE',''
  ) );
#6049 = PCURVE('',#5950,#6050);
#6050 = DEFINITIONAL_REPRESENTATION('',(#6051),#6055);
#6051 = LINE('',#6052,#6053);
#6052 = CARTESIAN_POINT('',(33.5,0.));
#6053 = VECTOR('',#6054,1.);
#6054 = DIRECTION('',(0.,-1.));
#6055 = ( GEOMETRIC_REPRESENTATION_CONTEXT(2) 
PARAMETRIC_REPRESENTATION_CONTEXT() REPRESENTATION_CONTEXT('2D SPACE',''
  ) );
#6056 = ORIENTED_EDGE('',*,*,#6057,.F.);
#6057 = EDGE_CURVE('',#5966,#6035,#6058,.T.);
#6058 = SURFACE_CURVE('',#6059,(#6063,#6069),.PCURVE_S1.);
#6059 = LINE('',#6060,#6061);
#6060 = CARTESIAN_POINT('',(-75.,-25.75,106.45));
#6061 = VECTOR('',#6062,1.);
#6062 = DIRECTION('',(0.,0.,1.));
#6063 = PCURVE('',#5926,#6064);
#6064 = DEFINITIONAL_REPRESENTATION('',(#6065),#6068);
#6065 = B_SPLINE_CURVE_WITH_KNOTS('',1,(#6066,#6067),.UNSPECIFIED.,.F.,
  .F.,(2,2),(29.65,89.45),.PIECEWISE_BEZIER_KNOTS.);
#6066 = CARTESIAN_POINT('',(59.8,-3.));
#6067 = CARTESIAN_POINT('',(0.,-3.));
#6068 = ( GEOMETRIC_REPRESENTATION_CONTEXT(2) 
PARAMETRIC_REPRESENTATION_CONTEXT() REPRESENTATION_CONTEXT('2D SPACE',''
  ) );
#6069 = PCURVE('',#2327,#6070);
#6070 = DEFINITIONAL_REPRESENTATION('',(#6071),#6074);
#6071 = B_SPLINE_CURVE_WITH_KNOTS('',1,(#6072,#6073),.UNSPECIFIED.,.F.,
  .F.,(2,2),(29.65,89.45),.PIECEWISE_BEZIER_KNOTS.);
#6072 = CARTESIAN_POINT('',(92.75,-119.1));
#6073 = CARTESIAN_POINT('',(92.75,-178.9));
#6074 = ( GEOMETRIC_REPRESENTATION_CONTEXT(2) 
PARAMETRIC_REPRESENTATION_CONTEXT() REPRESENTATION_CONTEXT('2D SPACE',''
  ) );
#6075 = ORIENTED_EDGE('',*,*,#5965,.F.);
#6076 = ADVANCED_FACE('',(#6077),#5950,.T.);
#6077 = FACE_BOUND('',#6078,.T.);
#6078 = EDGE_LOOP('',(#6079,#6080,#6103,#6122));
#6079 = ORIENTED_EDGE('',*,*,#5937,.T.);
#6080 = ORIENTED_EDGE('',*,*,#6081,.T.);
#6081 = EDGE_CURVE('',#5858,#6082,#6084,.T.);
#6082 = VERTEX_POINT('',#6083);
#6083 = CARTESIAN_POINT('',(-75.,7.75,195.9));
#6084 = SURFACE_CURVE('',#6085,(#6089,#6096),.PCURVE_S1.);
#6085 = LINE('',#6086,#6087);
#6086 = CARTESIAN_POINT('',(-78.,7.75,195.9));
#6087 = VECTOR('',#6088,1.);
#6088 = DIRECTION('',(1.,0.,0.));
#6089 = PCURVE('',#5950,#6090);
#6090 = DEFINITIONAL_REPRESENTATION('',(#6091),#6095);
#6091 = LINE('',#6092,#6093);
#6092 = CARTESIAN_POINT('',(0.,-0.));
#6093 = VECTOR('',#6094,1.);
#6094 = DIRECTION('',(0.,-1.));
#6095 = ( GEOMETRIC_REPRESENTATION_CONTEXT(2) 
PARAMETRIC_REPRESENTATION_CONTEXT() REPRESENTATION_CONTEXT('2D SPACE',''
  ) );
#6096 = PCURVE('',#5874,#6097);
#6097 = DEFINITIONAL_REPRESENTATION('',(#6098),#6102);
#6098 = LINE('',#6099,#6100);
#6099 = CARTESIAN_POINT('',(59.8,0.));
#6100 = VECTOR('',#6101,1.);
#6101 = DIRECTION('',(0.,-1.));
#6102 = ( GEOMETRIC_REPRESENTATION_CONTEXT(2) 
PARAMETRIC_REPRESENTATION_CONTEXT() REPRESENTATION_CONTEXT('2D SPACE',''
  ) );
#6103 = ORIENTED_EDGE('',*,*,#6104,.F.);
#6104 = EDGE_CURVE('',#6035,#6082,#6105,.T.);
#6105 = SURFACE_CURVE('',#6106,(#6110,#6116),.PCURVE_S1.);
#6106 = LINE('',#6107,#6108);
#6107 = CARTESIAN_POINT('',(-75.,37.375,195.9));
#6108 = VECTOR('',#6109,1.);
#6109 = DIRECTION('',(0.,1.,0.));
#6110 = PCURVE('',#5950,#6111);
#6111 = DEFINITIONAL_REPRESENTATION('',(#6112),#6115);
#6112 = B_SPLINE_CURVE_WITH_KNOTS('',1,(#6113,#6114),.UNSPECIFIED.,.F.,
  .F.,(2,2),(-63.125,-29.625),.PIECEWISE_BEZIER_KNOTS.);
#6113 = CARTESIAN_POINT('',(33.5,-3.));
#6114 = CARTESIAN_POINT('',(0.,-3.));
#6115 = ( GEOMETRIC_REPRESENTATION_CONTEXT(2) 
PARAMETRIC_REPRESENTATION_CONTEXT() REPRESENTATION_CONTEXT('2D SPACE',''
  ) );
#6116 = PCURVE('',#2327,#6117);
#6117 = DEFINITIONAL_REPRESENTATION('',(#6118),#6121);
#6118 = B_SPLINE_CURVE_WITH_KNOTS('',1,(#6119,#6120),.UNSPECIFIED.,.F.,
  .F.,(2,2),(-63.125,-29.625),.PIECEWISE_BEZIER_KNOTS.);
#6119 = CARTESIAN_POINT('',(92.75,-178.9));
#6120 = CARTESIAN_POINT('',(59.25,-178.9));
#6121 = ( GEOMETRIC_REPRESENTATION_CONTEXT(2) 
PARAMETRIC_REPRESENTATION_CONTEXT() REPRESENTATION_CONTEXT('2D SPACE',''
  ) );
#6122 = ORIENTED_EDGE('',*,*,#6034,.F.);
#6123 = ADVANCED_FACE('',(#6124),#5874,.T.);
#6124 = FACE_BOUND('',#6125,.T.);
#6125 = EDGE_LOOP('',(#6126,#6127,#6128,#6147));
#6126 = ORIENTED_EDGE('',*,*,#5857,.T.);
#6127 = ORIENTED_EDGE('',*,*,#6009,.T.);
#6128 = ORIENTED_EDGE('',*,*,#6129,.F.);
#6129 = EDGE_CURVE('',#6082,#5989,#6130,.T.);
#6130 = SURFACE_CURVE('',#6131,(#6135,#6141),.PCURVE_S1.);
#6131 = LINE('',#6132,#6133);
#6132 = CARTESIAN_POINT('',(-75.,7.75,76.55));
#6133 = VECTOR('',#6134,1.);
#6134 = DIRECTION('',(0.,-0.,-1.));
#6135 = PCURVE('',#5874,#6136);
#6136 = DEFINITIONAL_REPRESENTATION('',(#6137),#6140);
#6137 = B_SPLINE_CURVE_WITH_KNOTS('',1,(#6138,#6139),.UNSPECIFIED.,.F.,
  .F.,(2,2),(-119.35,-59.55),.PIECEWISE_BEZIER_KNOTS.);
#6138 = CARTESIAN_POINT('',(59.8,-3.));
#6139 = CARTESIAN_POINT('',(0.,-3.));
#6140 = ( GEOMETRIC_REPRESENTATION_CONTEXT(2) 
PARAMETRIC_REPRESENTATION_CONTEXT() REPRESENTATION_CONTEXT('2D SPACE',''
  ) );
#6141 = PCURVE('',#2327,#6142);
#6142 = DEFINITIONAL_REPRESENTATION('',(#6143),#6146);
#6143 = B_SPLINE_CURVE_WITH_KNOTS('',1,(#6144,#6145),.UNSPECIFIED.,.F.,
  .F.,(2,2),(-119.35,-59.55),.PIECEWISE_BEZIER_KNOTS.);
#6144 = CARTESIAN_POINT('',(59.25,-178.9));
#6145 = CARTESIAN_POINT('',(59.25,-119.1));
#6146 = ( GEOMETRIC_REPRESENTATION_CONTEXT(2) 
PARAMETRIC_REPRESENTATION_CONTEXT() REPRESENTATION_CONTEXT('2D SPACE',''
  ) );
#6147 = ORIENTED_EDGE('',*,*,#6081,.F.);
#6148 = ADVANCED_FACE('',(#6149),#5670,.T.);
#6149 = FACE_BOUND('',#6150,.T.);
#6150 = EDGE_LOOP('',(#6151,#6172,#6173,#6174));
#6151 = ORIENTED_EDGE('',*,*,#6152,.T.);
#6152 = EDGE_CURVE('',#5655,#5811,#6153,.T.);
#6153 = SURFACE_CURVE('',#6154,(#6158,#6165),.PCURVE_S1.);
#6154 = LINE('',#6155,#6156);
#6155 = CARTESIAN_POINT('',(-78.,11.75,199.9));
#6156 = VECTOR('',#6157,1.);
#6157 = DIRECTION('',(1.,0.,0.));
#6158 = PCURVE('',#5670,#6159);
#6159 = DEFINITIONAL_REPRESENTATION('',(#6160),#6164);
#6160 = LINE('',#6161,#6162);
#6161 = CARTESIAN_POINT('',(0.,-0.));
#6162 = VECTOR('',#6163,1.);
#6163 = DIRECTION('',(0.,-1.));
#6164 = ( GEOMETRIC_REPRESENTATION_CONTEXT(2) 
PARAMETRIC_REPRESENTATION_CONTEXT() REPRESENTATION_CONTEXT('2D SPACE',''
  ) );
#6165 = PCURVE('',#5696,#6166);
#6166 = DEFINITIONAL_REPRESENTATION('',(#6167),#6171);
#6167 = LINE('',#6168,#6169);
#6168 = CARTESIAN_POINT('',(67.8,0.));
#6169 = VECTOR('',#6170,1.);
#6170 = DIRECTION('',(0.,-1.));
#6171 = ( GEOMETRIC_REPRESENTATION_CONTEXT(2) 
PARAMETRIC_REPRESENTATION_CONTEXT() REPRESENTATION_CONTEXT('2D SPACE',''
  ) );
#6172 = ORIENTED_EDGE('',*,*,#5833,.T.);
#6173 = ORIENTED_EDGE('',*,*,#5711,.F.);
#6174 = ORIENTED_EDGE('',*,*,#5654,.F.);
#6175 = ADVANCED_FACE('',(#6176),#5696,.T.);
#6176 = FACE_BOUND('',#6177,.T.);
#6177 = EDGE_LOOP('',(#6178,#6199,#6200,#6201));
#6178 = ORIENTED_EDGE('',*,*,#6179,.T.);
#6179 = EDGE_CURVE('',#5599,#5788,#6180,.T.);
#6180 = SURFACE_CURVE('',#6181,(#6185,#6192),.PCURVE_S1.);
#6181 = LINE('',#6182,#6183);
#6182 = CARTESIAN_POINT('',(-78.,11.75,132.1));
#6183 = VECTOR('',#6184,1.);
#6184 = DIRECTION('',(1.,0.,0.));
#6185 = PCURVE('',#5696,#6186);
#6186 = DEFINITIONAL_REPRESENTATION('',(#6187),#6191);
#6187 = LINE('',#6188,#6189);
#6188 = CARTESIAN_POINT('',(0.,0.));
#6189 = VECTOR('',#6190,1.);
#6190 = DIRECTION('',(0.,-1.));
#6191 = ( GEOMETRIC_REPRESENTATION_CONTEXT(2) 
PARAMETRIC_REPRESENTATION_CONTEXT() REPRESENTATION_CONTEXT('2D SPACE',''
  ) );
#6192 = PCURVE('',#5614,#6193);
#6193 = DEFINITIONAL_REPRESENTATION('',(#6194),#6198);
#6194 = LINE('',#6195,#6196);
#6195 = CARTESIAN_POINT('',(41.5,0.));
#6196 = VECTOR('',#6197,1.);
#6197 = DIRECTION('',(0.,-1.));
#6198 = ( GEOMETRIC_REPRESENTATION_CONTEXT(2) 
PARAMETRIC_REPRESENTATION_CONTEXT() REPRESENTATION_CONTEXT('2D SPACE',''
  ) );
#6199 = ORIENTED_EDGE('',*,*,#5810,.T.);
#6200 = ORIENTED_EDGE('',*,*,#6152,.F.);
#6201 = ORIENTED_EDGE('',*,*,#5682,.F.);
#6202 = ADVANCED_FACE('',(#6203),#5614,.T.);
#6203 = FACE_BOUND('',#6204,.T.);
#6204 = EDGE_LOOP('',(#6205,#6206,#6207,#6208));
#6205 = ORIENTED_EDGE('',*,*,#5762,.T.);
#6206 = ORIENTED_EDGE('',*,*,#5787,.T.);
#6207 = ORIENTED_EDGE('',*,*,#6179,.F.);
#6208 = ORIENTED_EDGE('',*,*,#5596,.F.);
#6209 = ADVANCED_FACE('',(#6210),#5417,.F.);
#6210 = FACE_BOUND('',#6211,.F.);
#6211 = EDGE_LOOP('',(#6212,#6233,#6254,#6275,#6301,#6327,#6353,#6379,
    #6405,#6431,#6457,#6481));
#6212 = ORIENTED_EDGE('',*,*,#6213,.F.);
#6213 = EDGE_CURVE('',#6214,#5400,#6216,.T.);
#6214 = VERTEX_POINT('',#6215);
#6215 = CARTESIAN_POINT('',(58.,70.,14.));
#6216 = SURFACE_CURVE('',#6217,(#6221,#6227),.PCURVE_S1.);
#6217 = LINE('',#6218,#6219);
#6218 = CARTESIAN_POINT('',(39.,70.,14.));
#6219 = VECTOR('',#6220,1.);
#6220 = DIRECTION('',(-1.,0.,0.));
#6221 = PCURVE('',#5417,#6222);
#6222 = DEFINITIONAL_REPRESENTATION('',(#6223),#6226);
#6223 = B_SPLINE_CURVE_WITH_KNOTS('',1,(#6224,#6225),.UNSPECIFIED.,.F.,
  .F.,(2,2),(-19.,97.),.PIECEWISE_BEZIER_KNOTS.);
#6224 = CARTESIAN_POINT('',(20.,-1.));
#6225 = CARTESIAN_POINT('',(136.,-1.));
#6226 = ( GEOMETRIC_REPRESENTATION_CONTEXT(2) 
PARAMETRIC_REPRESENTATION_CONTEXT() REPRESENTATION_CONTEXT('2D SPACE',''
  ) );
#6227 = PCURVE('',#43,#6228);
#6228 = DEFINITIONAL_REPRESENTATION('',(#6229),#6232);
#6229 = B_SPLINE_CURVE_WITH_KNOTS('',1,(#6230,#6231),.UNSPECIFIED.,.F.,
  .F.,(2,2),(-19.,97.),.PIECEWISE_BEZIER_KNOTS.);
#6230 = CARTESIAN_POINT('',(58.,70.));
#6231 = CARTESIAN_POINT('',(-58.,70.));
#6232 = ( GEOMETRIC_REPRESENTATION_CONTEXT(2) 
PARAMETRIC_REPRESENTATION_CONTEXT() REPRESENTATION_CONTEXT('2D SPACE',''
  ) );
#6233 = ORIENTED_EDGE('',*,*,#6234,.T.);
#6234 = EDGE_CURVE('',#6214,#4831,#6235,.T.);
#6235 = SURFACE_CURVE('',#6236,(#6240,#6247),.PCURVE_S1.);
#6236 = LINE('',#6237,#6238);
#6237 = CARTESIAN_POINT('',(58.,70.,13.));
#6238 = VECTOR('',#6239,1.);
#6239 = DIRECTION('',(0.,0.,1.));
#6240 = PCURVE('',#5417,#6241);
#6241 = DEFINITIONAL_REPRESENTATION('',(#6242),#6246);
#6242 = LINE('',#6243,#6244);
#6243 = CARTESIAN_POINT('',(20.,0.));
#6244 = VECTOR('',#6245,1.);
#6245 = DIRECTION('',(0.,-1.));
#6246 = ( GEOMETRIC_REPRESENTATION_CONTEXT(2) 
PARAMETRIC_REPRESENTATION_CONTEXT() REPRESENTATION_CONTEXT('2D SPACE',''
  ) );
#6247 = PCURVE('',#4901,#6248);
#6248 = DEFINITIONAL_REPRESENTATION('',(#6249),#6253);
#6249 = LINE('',#6250,#6251);
#6250 = CARTESIAN_POINT('',(1.570796326795,0.));
#6251 = VECTOR('',#6252,1.);
#6252 = DIRECTION('',(0.,1.));
#6253 = ( GEOMETRIC_REPRESENTATION_CONTEXT(2) 
PARAMETRIC_REPRESENTATION_CONTEXT() REPRESENTATION_CONTEXT('2D SPACE',''
  ) );
#6254 = ORIENTED_EDGE('',*,*,#6255,.T.);
#6255 = EDGE_CURVE('',#4831,#6256,#6258,.T.);
#6256 = VERTEX_POINT('',#6257);
#6257 = CARTESIAN_POINT('',(54.556776436284,70.,28.));
#6258 = SURFACE_CURVE('',#6259,(#6263,#6269),.PCURVE_S1.);
#6259 = LINE('',#6260,#6261);
#6260 = CARTESIAN_POINT('',(39.,70.,28.));
#6261 = VECTOR('',#6262,1.);
#6262 = DIRECTION('',(-1.,0.,0.));
#6263 = PCURVE('',#5417,#6264);
#6264 = DEFINITIONAL_REPRESENTATION('',(#6265),#6268);
#6265 = B_SPLINE_CURVE_WITH_KNOTS('',1,(#6266,#6267),.UNSPECIFIED.,.F.,
  .F.,(2,2),(-19.,97.),.PIECEWISE_BEZIER_KNOTS.);
#6266 = CARTESIAN_POINT('',(20.,-15.));
#6267 = CARTESIAN_POINT('',(136.,-15.));
#6268 = ( GEOMETRIC_REPRESENTATION_CONTEXT(2) 
PARAMETRIC_REPRESENTATION_CONTEXT() REPRESENTATION_CONTEXT('2D SPACE',''
  ) );
#6269 = PCURVE('',#4846,#6270);
#6270 = DEFINITIONAL_REPRESENTATION('',(#6271),#6274);
#6271 = B_SPLINE_CURVE_WITH_KNOTS('',1,(#6272,#6273),.UNSPECIFIED.,.F.,
  .F.,(2,2),(-19.,97.),.PIECEWISE_BEZIER_KNOTS.);
#6272 = CARTESIAN_POINT('',(58.,1.5));
#6273 = CARTESIAN_POINT('',(-58.,1.5));
#6274 = ( GEOMETRIC_REPRESENTATION_CONTEXT(2) 
PARAMETRIC_REPRESENTATION_CONTEXT() REPRESENTATION_CONTEXT('2D SPACE',''
  ) );
#6275 = ORIENTED_EDGE('',*,*,#6276,.T.);
#6276 = EDGE_CURVE('',#6256,#6277,#6279,.T.);
#6277 = VERTEX_POINT('',#6278);
#6278 = CARTESIAN_POINT('',(54.556776436283,70.,21.));
#6279 = SURFACE_CURVE('',#6280,(#6284,#6290),.PCURVE_S1.);
#6280 = LINE('',#6281,#6282);
#6281 = CARTESIAN_POINT('',(54.556776436283,70.,21.));
#6282 = VECTOR('',#6283,1.);
#6283 = DIRECTION('',(-0.,-0.,-1.));
#6284 = PCURVE('',#5417,#6285);
#6285 = DEFINITIONAL_REPRESENTATION('',(#6286),#6289);
#6286 = B_SPLINE_CURVE_WITH_KNOTS('',1,(#6287,#6288),.UNSPECIFIED.,.F.,
  .F.,(2,2),(-8.4,5.999999999062E-07),.PIECEWISE_BEZIER_KNOTS.);
#6287 = CARTESIAN_POINT('',(23.443223563717,-16.4));
#6288 = CARTESIAN_POINT('',(23.443223563717,-7.9999994));
#6289 = ( GEOMETRIC_REPRESENTATION_CONTEXT(2) 
PARAMETRIC_REPRESENTATION_CONTEXT() REPRESENTATION_CONTEXT('2D SPACE',''
  ) );
#6290 = PCURVE('',#6291,#6296);
#6291 = CYLINDRICAL_SURFACE('',#6292,1.6);
#6292 = AXIS2_PLACEMENT_3D('',#6293,#6294,#6295);
#6293 = CARTESIAN_POINT('',(54.,68.5,21.));
#6294 = DIRECTION('',(-0.,-0.,-1.));
#6295 = DIRECTION('',(1.,0.,0.));
#6296 = DEFINITIONAL_REPRESENTATION('',(#6297),#6300);
#6297 = B_SPLINE_CURVE_WITH_KNOTS('',1,(#6298,#6299),.UNSPECIFIED.,.F.,
  .F.,(2,2),(-7.,-0.),.PIECEWISE_BEZIER_KNOTS.);
#6298 = CARTESIAN_POINT('',(-7.498560432284,-7.));
#6299 = CARTESIAN_POINT('',(-7.498560432284,0.));
#6300 = ( GEOMETRIC_REPRESENTATION_CONTEXT(2) 
PARAMETRIC_REPRESENTATION_CONTEXT() REPRESENTATION_CONTEXT('2D SPACE',''
  ) );
#6301 = ORIENTED_EDGE('',*,*,#6302,.T.);
#6302 = EDGE_CURVE('',#6277,#6303,#6305,.T.);
#6303 = VERTEX_POINT('',#6304);
#6304 = CARTESIAN_POINT('',(53.443223563717,70.,21.));
#6305 = SURFACE_CURVE('',#6306,(#6310,#6316),.PCURVE_S1.);
#6306 = LINE('',#6307,#6308);
#6307 = CARTESIAN_POINT('',(66.,70.,21.));
#6308 = VECTOR('',#6309,1.);
#6309 = DIRECTION('',(-1.,0.,0.));
#6310 = PCURVE('',#5417,#6311);
#6311 = DEFINITIONAL_REPRESENTATION('',(#6312),#6315);
#6312 = B_SPLINE_CURVE_WITH_KNOTS('',1,(#6313,#6314),.UNSPECIFIED.,.F.,
  .F.,(2,2),(10.4,13.6),.PIECEWISE_BEZIER_KNOTS.);
#6313 = CARTESIAN_POINT('',(22.4,-8.));
#6314 = CARTESIAN_POINT('',(25.6,-8.));
#6315 = ( GEOMETRIC_REPRESENTATION_CONTEXT(2) 
PARAMETRIC_REPRESENTATION_CONTEXT() REPRESENTATION_CONTEXT('2D SPACE',''
  ) );
#6316 = PCURVE('',#6317,#6322);
#6317 = PLANE('',#6318);
#6318 = AXIS2_PLACEMENT_3D('',#6319,#6320,#6321);
#6319 = CARTESIAN_POINT('',(54.,68.5,21.));
#6320 = DIRECTION('',(0.,0.,1.));
#6321 = DIRECTION('',(1.,0.,-0.));
#6322 = DEFINITIONAL_REPRESENTATION('',(#6323),#6326);
#6323 = B_SPLINE_CURVE_WITH_KNOTS('',1,(#6324,#6325),.UNSPECIFIED.,.F.,
  .F.,(2,2),(10.4,13.6),.PIECEWISE_BEZIER_KNOTS.);
#6324 = CARTESIAN_POINT('',(1.6,1.5));
#6325 = CARTESIAN_POINT('',(-1.6,1.5));
#6326 = ( GEOMETRIC_REPRESENTATION_CONTEXT(2) 
PARAMETRIC_REPRESENTATION_CONTEXT() REPRESENTATION_CONTEXT('2D SPACE',''
  ) );
#6327 = ORIENTED_EDGE('',*,*,#6328,.F.);
#6328 = EDGE_CURVE('',#6329,#6303,#6331,.T.);
#6329 = VERTEX_POINT('',#6330);
#6330 = CARTESIAN_POINT('',(53.443223563716,70.,28.));
#6331 = SURFACE_CURVE('',#6332,(#6336,#6342),.PCURVE_S1.);
#6332 = LINE('',#6333,#6334);
#6333 = CARTESIAN_POINT('',(53.443223563717,70.,21.));
#6334 = VECTOR('',#6335,1.);
#6335 = DIRECTION('',(-0.,-0.,-1.));
#6336 = PCURVE('',#5417,#6337);
#6337 = DEFINITIONAL_REPRESENTATION('',(#6338),#6341);
#6338 = B_SPLINE_CURVE_WITH_KNOTS('',1,(#6339,#6340),.UNSPECIFIED.,.F.,
  .F.,(2,2),(-8.4,5.999999999062E-07),.PIECEWISE_BEZIER_KNOTS.);
#6339 = CARTESIAN_POINT('',(24.556776436283,-16.4));
#6340 = CARTESIAN_POINT('',(24.556776436283,-7.9999994));
#6341 = ( GEOMETRIC_REPRESENTATION_CONTEXT(2) 
PARAMETRIC_REPRESENTATION_CONTEXT() REPRESENTATION_CONTEXT('2D SPACE',''
  ) );
#6342 = PCURVE('',#6343,#6348);
#6343 = CYLINDRICAL_SURFACE('',#6344,1.6);
#6344 = AXIS2_PLACEMENT_3D('',#6345,#6346,#6347);
#6345 = CARTESIAN_POINT('',(54.,68.5,21.));
#6346 = DIRECTION('',(-0.,-0.,-1.));
#6347 = DIRECTION('',(1.,0.,0.));
#6348 = DEFINITIONAL_REPRESENTATION('',(#6349),#6352);
#6349 = B_SPLINE_CURVE_WITH_KNOTS('',1,(#6350,#6351),.UNSPECIFIED.,.F.,
  .F.,(2,2),(-8.4,5.999999999062E-07),.PIECEWISE_BEZIER_KNOTS.);
#6350 = CARTESIAN_POINT('',(-1.926217528485,-8.4));
#6351 = CARTESIAN_POINT('',(-1.926217528485,5.999999999062E-07));
#6352 = ( GEOMETRIC_REPRESENTATION_CONTEXT(2) 
PARAMETRIC_REPRESENTATION_CONTEXT() REPRESENTATION_CONTEXT('2D SPACE',''
  ) );
#6353 = ORIENTED_EDGE('',*,*,#6354,.T.);
#6354 = EDGE_CURVE('',#6329,#6355,#6357,.T.);
#6355 = VERTEX_POINT('',#6356);
#6356 = CARTESIAN_POINT('',(-53.44322356371,70.,28.));
#6357 = SURFACE_CURVE('',#6358,(#6362,#6368),.PCURVE_S1.);
#6358 = LINE('',#6359,#6360);
#6359 = CARTESIAN_POINT('',(39.,70.,28.));
#6360 = VECTOR('',#6361,1.);
#6361 = DIRECTION('',(-1.,0.,0.));
#6362 = PCURVE('',#5417,#6363);
#6363 = DEFINITIONAL_REPRESENTATION('',(#6364),#6367);
#6364 = B_SPLINE_CURVE_WITH_KNOTS('',1,(#6365,#6366),.UNSPECIFIED.,.F.,
  .F.,(2,2),(-19.,97.),.PIECEWISE_BEZIER_KNOTS.);
#6365 = CARTESIAN_POINT('',(20.,-15.));
#6366 = CARTESIAN_POINT('',(136.,-15.));
#6367 = ( GEOMETRIC_REPRESENTATION_CONTEXT(2) 
PARAMETRIC_REPRESENTATION_CONTEXT() REPRESENTATION_CONTEXT('2D SPACE',''
  ) );
#6368 = PCURVE('',#6369,#6374);
#6369 = PLANE('',#6370);
#6370 = AXIS2_PLACEMENT_3D('',#6371,#6372,#6373);
#6371 = CARTESIAN_POINT('',(0.,68.5,28.));
#6372 = DIRECTION('',(0.,0.,1.));
#6373 = DIRECTION('',(1.,0.,-0.));
#6374 = DEFINITIONAL_REPRESENTATION('',(#6375),#6378);
#6375 = B_SPLINE_CURVE_WITH_KNOTS('',1,(#6376,#6377),.UNSPECIFIED.,.F.,
  .F.,(2,2),(-19.,97.),.PIECEWISE_BEZIER_KNOTS.);
#6376 = CARTESIAN_POINT('',(58.,1.5));
#6377 = CARTESIAN_POINT('',(-58.,1.5));
#6378 = ( GEOMETRIC_REPRESENTATION_CONTEXT(2) 
PARAMETRIC_REPRESENTATION_CONTEXT() REPRESENTATION_CONTEXT('2D SPACE',''
  ) );
#6379 = ORIENTED_EDGE('',*,*,#6380,.T.);
#6380 = EDGE_CURVE('',#6355,#6381,#6383,.T.);
#6381 = VERTEX_POINT('',#6382);
#6382 = CARTESIAN_POINT('',(-53.44322356371,70.,21.));
#6383 = SURFACE_CURVE('',#6384,(#6388,#6394),.PCURVE_S1.);
#6384 = LINE('',#6385,#6386);
#6385 = CARTESIAN_POINT('',(-53.44322356371,70.,21.));
#6386 = VECTOR('',#6387,1.);
#6387 = DIRECTION('',(-0.,-0.,-1.));
#6388 = PCURVE('',#5417,#6389);
#6389 = DEFINITIONAL_REPRESENTATION('',(#6390),#6393);
#6390 = B_SPLINE_CURVE_WITH_KNOTS('',1,(#6391,#6392),.UNSPECIFIED.,.F.,
  .F.,(2,2),(-8.4,5.999999999062E-07),.PIECEWISE_BEZIER_KNOTS.);
#6391 = CARTESIAN_POINT('',(131.44322356371,-16.4));
#6392 = CARTESIAN_POINT('',(131.44322356371,-7.9999994));
#6393 = ( GEOMETRIC_REPRESENTATION_CONTEXT(2) 
PARAMETRIC_REPRESENTATION_CONTEXT() REPRESENTATION_CONTEXT('2D SPACE',''
  ) );
#6394 = PCURVE('',#6395,#6400);
#6395 = CYLINDRICAL_SURFACE('',#6396,1.6);
#6396 = AXIS2_PLACEMENT_3D('',#6397,#6398,#6399);
#6397 = CARTESIAN_POINT('',(-54.,68.5,21.));
#6398 = DIRECTION('',(-0.,-0.,-1.));
#6399 = DIRECTION('',(1.,0.,0.));
#6400 = DEFINITIONAL_REPRESENTATION('',(#6401),#6404);
#6401 = B_SPLINE_CURVE_WITH_KNOTS('',1,(#6402,#6403),.UNSPECIFIED.,.F.,
  .F.,(2,2),(-7.,-0.),.PIECEWISE_BEZIER_KNOTS.);
#6402 = CARTESIAN_POINT('',(-7.498560432284,-7.));
#6403 = CARTESIAN_POINT('',(-7.498560432284,0.));
#6404 = ( GEOMETRIC_REPRESENTATION_CONTEXT(2) 
PARAMETRIC_REPRESENTATION_CONTEXT() REPRESENTATION_CONTEXT('2D SPACE',''
  ) );
#6405 = ORIENTED_EDGE('',*,*,#6406,.T.);
#6406 = EDGE_CURVE('',#6381,#6407,#6409,.T.);
#6407 = VERTEX_POINT('',#6408);
#6408 = CARTESIAN_POINT('',(-54.55677643628,70.,21.));
#6409 = SURFACE_CURVE('',#6410,(#6414,#6420),.PCURVE_S1.);
#6410 = LINE('',#6411,#6412);
#6411 = CARTESIAN_POINT('',(12.,70.,21.));
#6412 = VECTOR('',#6413,1.);
#6413 = DIRECTION('',(-1.,0.,0.));
#6414 = PCURVE('',#5417,#6415);
#6415 = DEFINITIONAL_REPRESENTATION('',(#6416),#6419);
#6416 = B_SPLINE_CURVE_WITH_KNOTS('',1,(#6417,#6418),.UNSPECIFIED.,.F.,
  .F.,(2,2),(64.4,67.6),.PIECEWISE_BEZIER_KNOTS.);
#6417 = CARTESIAN_POINT('',(130.4,-8.));
#6418 = CARTESIAN_POINT('',(133.6,-8.));
#6419 = ( GEOMETRIC_REPRESENTATION_CONTEXT(2) 
PARAMETRIC_REPRESENTATION_CONTEXT() REPRESENTATION_CONTEXT('2D SPACE',''
  ) );
#6420 = PCURVE('',#6421,#6426);
#6421 = PLANE('',#6422);
#6422 = AXIS2_PLACEMENT_3D('',#6423,#6424,#6425);
#6423 = CARTESIAN_POINT('',(-54.,68.5,21.));
#6424 = DIRECTION('',(0.,0.,1.));
#6425 = DIRECTION('',(1.,0.,-0.));
#6426 = DEFINITIONAL_REPRESENTATION('',(#6427),#6430);
#6427 = B_SPLINE_CURVE_WITH_KNOTS('',1,(#6428,#6429),.UNSPECIFIED.,.F.,
  .F.,(2,2),(64.4,67.6),.PIECEWISE_BEZIER_KNOTS.);
#6428 = CARTESIAN_POINT('',(1.6,1.5));
#6429 = CARTESIAN_POINT('',(-1.6,1.5));
#6430 = ( GEOMETRIC_REPRESENTATION_CONTEXT(2) 
PARAMETRIC_REPRESENTATION_CONTEXT() REPRESENTATION_CONTEXT('2D SPACE',''
  ) );
#6431 = ORIENTED_EDGE('',*,*,#6432,.F.);
#6432 = EDGE_CURVE('',#6433,#6407,#6435,.T.);
#6433 = VERTEX_POINT('',#6434);
#6434 = CARTESIAN_POINT('',(-54.55677643628,70.,28.));
#6435 = SURFACE_CURVE('',#6436,(#6440,#6446),.PCURVE_S1.);
#6436 = LINE('',#6437,#6438);
#6437 = CARTESIAN_POINT('',(-54.55677643628,70.,21.));
#6438 = VECTOR('',#6439,1.);
#6439 = DIRECTION('',(-0.,-0.,-1.));
#6440 = PCURVE('',#5417,#6441);
#6441 = DEFINITIONAL_REPRESENTATION('',(#6442),#6445);
#6442 = B_SPLINE_CURVE_WITH_KNOTS('',1,(#6443,#6444),.UNSPECIFIED.,.F.,
  .F.,(2,2),(-8.4,5.999999999062E-07),.PIECEWISE_BEZIER_KNOTS.);
#6443 = CARTESIAN_POINT('',(132.55677643628,-16.4));
#6444 = CARTESIAN_POINT('',(132.55677643628,-7.9999994));
#6445 = ( GEOMETRIC_REPRESENTATION_CONTEXT(2) 
PARAMETRIC_REPRESENTATION_CONTEXT() REPRESENTATION_CONTEXT('2D SPACE',''
  ) );
#6446 = PCURVE('',#6447,#6452);
#6447 = CYLINDRICAL_SURFACE('',#6448,1.6);
#6448 = AXIS2_PLACEMENT_3D('',#6449,#6450,#6451);
#6449 = CARTESIAN_POINT('',(-54.,68.5,21.));
#6450 = DIRECTION('',(-0.,-0.,-1.));
#6451 = DIRECTION('',(1.,0.,0.));
#6452 = DEFINITIONAL_REPRESENTATION('',(#6453),#6456);
#6453 = B_SPLINE_CURVE_WITH_KNOTS('',1,(#6454,#6455),.UNSPECIFIED.,.F.,
  .F.,(2,2),(-8.4,5.999999999062E-07),.PIECEWISE_BEZIER_KNOTS.);
#6454 = CARTESIAN_POINT('',(-1.926217528485,-8.4));
#6455 = CARTESIAN_POINT('',(-1.926217528485,5.999999999062E-07));
#6456 = ( GEOMETRIC_REPRESENTATION_CONTEXT(2) 
PARAMETRIC_REPRESENTATION_CONTEXT() REPRESENTATION_CONTEXT('2D SPACE',''
  ) );
#6457 = ORIENTED_EDGE('',*,*,#6458,.T.);
#6458 = EDGE_CURVE('',#6433,#5402,#6459,.T.);
#6459 = SURFACE_CURVE('',#6460,(#6464,#6470),.PCURVE_S1.);
#6460 = LINE('',#6461,#6462);
#6461 = CARTESIAN_POINT('',(39.,70.,28.));
#6462 = VECTOR('',#6463,1.);
#6463 = DIRECTION('',(-1.,0.,0.));
#6464 = PCURVE('',#5417,#6465);
#6465 = DEFINITIONAL_REPRESENTATION('',(#6466),#6469);
#6466 = B_SPLINE_CURVE_WITH_KNOTS('',1,(#6467,#6468),.UNSPECIFIED.,.F.,
  .F.,(2,2),(-19.,97.),.PIECEWISE_BEZIER_KNOTS.);
#6467 = CARTESIAN_POINT('',(20.,-15.));
#6468 = CARTESIAN_POINT('',(136.,-15.));
#6469 = ( GEOMETRIC_REPRESENTATION_CONTEXT(2) 
PARAMETRIC_REPRESENTATION_CONTEXT() REPRESENTATION_CONTEXT('2D SPACE',''
  ) );
#6470 = PCURVE('',#6471,#6476);
#6471 = PLANE('',#6472);
#6472 = AXIS2_PLACEMENT_3D('',#6473,#6474,#6475);
#6473 = CARTESIAN_POINT('',(0.,68.5,28.));
#6474 = DIRECTION('',(0.,0.,1.));
#6475 = DIRECTION('',(1.,0.,-0.));
#6476 = DEFINITIONAL_REPRESENTATION('',(#6477),#6480);
#6477 = B_SPLINE_CURVE_WITH_KNOTS('',1,(#6478,#6479),.UNSPECIFIED.,.F.,
  .F.,(2,2),(-19.,97.),.PIECEWISE_BEZIER_KNOTS.);
#6478 = CARTESIAN_POINT('',(58.,1.5));
#6479 = CARTESIAN_POINT('',(-58.,1.5));
#6480 = ( GEOMETRIC_REPRESENTATION_CONTEXT(2) 
PARAMETRIC_REPRESENTATION_CONTEXT() REPRESENTATION_CONTEXT('2D SPACE',''
  ) );
#6481 = ORIENTED_EDGE('',*,*,#5399,.F.);
#6482 = ADVANCED_FACE('',(#6483),#6291,.F.);
#6483 = FACE_BOUND('',#6484,.T.);
#6484 = EDGE_LOOP('',(#6485,#6509,#6530,#6552));
#6485 = ORIENTED_EDGE('',*,*,#6486,.F.);
#6486 = EDGE_CURVE('',#6487,#6277,#6489,.T.);
#6487 = VERTEX_POINT('',#6488);
#6488 = CARTESIAN_POINT('',(54.556776436283,67.,21.));
#6489 = SURFACE_CURVE('',#6490,(#6495,#6502),.PCURVE_S1.);
#6490 = CIRCLE('',#6491,1.6);
#6491 = AXIS2_PLACEMENT_3D('',#6492,#6493,#6494);
#6492 = CARTESIAN_POINT('',(54.,68.5,21.));
#6493 = DIRECTION('',(-0.,0.,1.));
#6494 = DIRECTION('',(0.347985272677,-0.9375,0.));
#6495 = PCURVE('',#6291,#6496);
#6496 = DEFINITIONAL_REPRESENTATION('',(#6497),#6501);
#6497 = LINE('',#6498,#6499);
#6498 = CARTESIAN_POINT('',(-5.067810182075,0.));
#6499 = VECTOR('',#6500,1.);
#6500 = DIRECTION('',(-1.,0.));
#6501 = ( GEOMETRIC_REPRESENTATION_CONTEXT(2) 
PARAMETRIC_REPRESENTATION_CONTEXT() REPRESENTATION_CONTEXT('2D SPACE',''
  ) );
#6502 = PCURVE('',#6317,#6503);
#6503 = DEFINITIONAL_REPRESENTATION('',(#6504),#6508);
#6504 = CIRCLE('',#6505,1.6);
#6505 = AXIS2_PLACEMENT_2D('',#6506,#6507);
#6506 = CARTESIAN_POINT('',(0.,0.));
#6507 = DIRECTION('',(0.347985272677,-0.9375));
#6508 = ( GEOMETRIC_REPRESENTATION_CONTEXT(2) 
PARAMETRIC_REPRESENTATION_CONTEXT() REPRESENTATION_CONTEXT('2D SPACE',''
  ) );
#6509 = ORIENTED_EDGE('',*,*,#6510,.F.);
#6510 = EDGE_CURVE('',#6511,#6487,#6513,.T.);
#6511 = VERTEX_POINT('',#6512);
#6512 = CARTESIAN_POINT('',(54.556776436284,67.,28.));
#6513 = SURFACE_CURVE('',#6514,(#6518,#6524),.PCURVE_S1.);
#6514 = LINE('',#6515,#6516);
#6515 = CARTESIAN_POINT('',(54.556776436283,67.,21.));
#6516 = VECTOR('',#6517,1.);
#6517 = DIRECTION('',(-0.,-0.,-1.));
#6518 = PCURVE('',#6291,#6519);
#6519 = DEFINITIONAL_REPRESENTATION('',(#6520),#6523);
#6520 = B_SPLINE_CURVE_WITH_KNOTS('',1,(#6521,#6522),.UNSPECIFIED.,.F.,
  .F.,(2,2),(-7.,-0.),.PIECEWISE_BEZIER_KNOTS.);
#6521 = CARTESIAN_POINT('',(-5.067810182075,-7.));
#6522 = CARTESIAN_POINT('',(-5.067810182075,0.));
#6523 = ( GEOMETRIC_REPRESENTATION_CONTEXT(2) 
PARAMETRIC_REPRESENTATION_CONTEXT() REPRESENTATION_CONTEXT('2D SPACE',''
  ) );
#6524 = PCURVE('',#4764,#6525);
#6525 = DEFINITIONAL_REPRESENTATION('',(#6526),#6529);
#6526 = B_SPLINE_CURVE_WITH_KNOTS('',1,(#6527,#6528),.UNSPECIFIED.,.F.,
  .F.,(2,2),(-8.1,5.999999999062E-07),.PIECEWISE_BEZIER_KNOTS.);
#6527 = CARTESIAN_POINT('',(20.443223563717,-12.1));
#6528 = CARTESIAN_POINT('',(20.443223563717,-3.9999994));
#6529 = ( GEOMETRIC_REPRESENTATION_CONTEXT(2) 
PARAMETRIC_REPRESENTATION_CONTEXT() REPRESENTATION_CONTEXT('2D SPACE',''
  ) );
#6530 = ORIENTED_EDGE('',*,*,#6531,.T.);
#6531 = EDGE_CURVE('',#6511,#6256,#6532,.T.);
#6532 = SURFACE_CURVE('',#6533,(#6538,#6545),.PCURVE_S1.);
#6533 = CIRCLE('',#6534,1.6);
#6534 = AXIS2_PLACEMENT_3D('',#6535,#6536,#6537);
#6535 = CARTESIAN_POINT('',(54.,68.5,28.));
#6536 = DIRECTION('',(-0.,0.,1.));
#6537 = DIRECTION('',(0.347985272678,-0.9375,0.));
#6538 = PCURVE('',#6291,#6539);
#6539 = DEFINITIONAL_REPRESENTATION('',(#6540),#6544);
#6540 = LINE('',#6541,#6542);
#6541 = CARTESIAN_POINT('',(-5.067810182076,-7.));
#6542 = VECTOR('',#6543,1.);
#6543 = DIRECTION('',(-1.,-0.));
#6544 = ( GEOMETRIC_REPRESENTATION_CONTEXT(2) 
PARAMETRIC_REPRESENTATION_CONTEXT() REPRESENTATION_CONTEXT('2D SPACE',''
  ) );
#6545 = PCURVE('',#4846,#6546);
#6546 = DEFINITIONAL_REPRESENTATION('',(#6547),#6551);
#6547 = CIRCLE('',#6548,1.6);
#6548 = AXIS2_PLACEMENT_2D('',#6549,#6550);
#6549 = CARTESIAN_POINT('',(54.,0.));
#6550 = DIRECTION('',(0.347985272678,-0.9375));
#6551 = ( GEOMETRIC_REPRESENTATION_CONTEXT(2) 
PARAMETRIC_REPRESENTATION_CONTEXT() REPRESENTATION_CONTEXT('2D SPACE',''
  ) );
#6552 = ORIENTED_EDGE('',*,*,#6276,.T.);
#6553 = ADVANCED_FACE('',(#6554),#6317,.T.);
#6554 = FACE_BOUND('',#6555,.T.);
#6555 = EDGE_LOOP('',(#6556,#6557,#6558,#6582));
#6556 = ORIENTED_EDGE('',*,*,#6486,.T.);
#6557 = ORIENTED_EDGE('',*,*,#6302,.T.);
#6558 = ORIENTED_EDGE('',*,*,#6559,.T.);
#6559 = EDGE_CURVE('',#6303,#6560,#6562,.T.);
#6560 = VERTEX_POINT('',#6561);
#6561 = CARTESIAN_POINT('',(53.443223563717,67.,21.));
#6562 = SURFACE_CURVE('',#6563,(#6568,#6575),.PCURVE_S1.);
#6563 = CIRCLE('',#6564,1.6);
#6564 = AXIS2_PLACEMENT_3D('',#6565,#6566,#6567);
#6565 = CARTESIAN_POINT('',(54.,68.5,21.));
#6566 = DIRECTION('',(0.,0.,1.));
#6567 = DIRECTION('',(1.,0.,0.));
#6568 = PCURVE('',#6317,#6569);
#6569 = DEFINITIONAL_REPRESENTATION('',(#6570),#6574);
#6570 = CIRCLE('',#6571,1.6);
#6571 = AXIS2_PLACEMENT_2D('',#6572,#6573);
#6572 = CARTESIAN_POINT('',(0.,0.));
#6573 = DIRECTION('',(1.,0.));
#6574 = ( GEOMETRIC_REPRESENTATION_CONTEXT(2) 
PARAMETRIC_REPRESENTATION_CONTEXT() REPRESENTATION_CONTEXT('2D SPACE',''
  ) );
#6575 = PCURVE('',#6343,#6576);
#6576 = DEFINITIONAL_REPRESENTATION('',(#6577),#6581);
#6577 = LINE('',#6578,#6579);
#6578 = CARTESIAN_POINT('',(-0.,0.));
#6579 = VECTOR('',#6580,1.);
#6580 = DIRECTION('',(-1.,0.));
#6581 = ( GEOMETRIC_REPRESENTATION_CONTEXT(2) 
PARAMETRIC_REPRESENTATION_CONTEXT() REPRESENTATION_CONTEXT('2D SPACE',''
  ) );
#6582 = ORIENTED_EDGE('',*,*,#6583,.F.);
#6583 = EDGE_CURVE('',#6487,#6560,#6584,.T.);
#6584 = SURFACE_CURVE('',#6585,(#6589,#6595),.PCURVE_S1.);
#6585 = LINE('',#6586,#6587);
#6586 = CARTESIAN_POINT('',(64.5,67.,21.));
#6587 = VECTOR('',#6588,1.);
#6588 = DIRECTION('',(-1.,0.,0.));
#6589 = PCURVE('',#6317,#6590);
#6590 = DEFINITIONAL_REPRESENTATION('',(#6591),#6594);
#6591 = B_SPLINE_CURVE_WITH_KNOTS('',1,(#6592,#6593),.UNSPECIFIED.,.F.,
  .F.,(2,2),(8.9,12.1),.PIECEWISE_BEZIER_KNOTS.);
#6592 = CARTESIAN_POINT('',(1.6,-1.5));
#6593 = CARTESIAN_POINT('',(-1.6,-1.5));
#6594 = ( GEOMETRIC_REPRESENTATION_CONTEXT(2) 
PARAMETRIC_REPRESENTATION_CONTEXT() REPRESENTATION_CONTEXT('2D SPACE',''
  ) );
#6595 = PCURVE('',#4764,#6596);
#6596 = DEFINITIONAL_REPRESENTATION('',(#6597),#6600);
#6597 = B_SPLINE_CURVE_WITH_KNOTS('',1,(#6598,#6599),.UNSPECIFIED.,.F.,
  .F.,(2,2),(8.9,12.1),.PIECEWISE_BEZIER_KNOTS.);
#6598 = CARTESIAN_POINT('',(19.4,-4.));
#6599 = CARTESIAN_POINT('',(22.6,-4.));
#6600 = ( GEOMETRIC_REPRESENTATION_CONTEXT(2) 
PARAMETRIC_REPRESENTATION_CONTEXT() REPRESENTATION_CONTEXT('2D SPACE',''
  ) );
#6601 = ADVANCED_FACE('',(#6602),#6343,.F.);
#6602 = FACE_BOUND('',#6603,.T.);
#6603 = EDGE_LOOP('',(#6604,#6605,#6606,#6634));
#6604 = ORIENTED_EDGE('',*,*,#6559,.F.);
#6605 = ORIENTED_EDGE('',*,*,#6328,.F.);
#6606 = ORIENTED_EDGE('',*,*,#6607,.F.);
#6607 = EDGE_CURVE('',#6608,#6329,#6610,.T.);
#6608 = VERTEX_POINT('',#6609);
#6609 = CARTESIAN_POINT('',(53.443223563716,67.,28.));
#6610 = SURFACE_CURVE('',#6611,(#6616,#6623),.PCURVE_S1.);
#6611 = CIRCLE('',#6612,1.6);
#6612 = AXIS2_PLACEMENT_3D('',#6613,#6614,#6615);
#6613 = CARTESIAN_POINT('',(54.,68.5,28.));
#6614 = DIRECTION('',(0.,0.,-1.));
#6615 = DIRECTION('',(1.,0.,0.));
#6616 = PCURVE('',#6343,#6617);
#6617 = DEFINITIONAL_REPRESENTATION('',(#6618),#6622);
#6618 = LINE('',#6619,#6620);
#6619 = CARTESIAN_POINT('',(-6.28318530718,-7.));
#6620 = VECTOR('',#6621,1.);
#6621 = DIRECTION('',(1.,-0.));
#6622 = ( GEOMETRIC_REPRESENTATION_CONTEXT(2) 
PARAMETRIC_REPRESENTATION_CONTEXT() REPRESENTATION_CONTEXT('2D SPACE',''
  ) );
#6623 = PCURVE('',#6369,#6624);
#6624 = DEFINITIONAL_REPRESENTATION('',(#6625),#6633);
#6625 = ( BOUNDED_CURVE() B_SPLINE_CURVE(2,(#6626,#6627,#6628,#6629,
#6630,#6631,#6632),.UNSPECIFIED.,.T.,.F.) B_SPLINE_CURVE_WITH_KNOTS((1,2
    ,2,2,2,1),(-2.094395102393,0.,2.094395102393,4.188790204786,
6.28318530718,8.377580409573),.UNSPECIFIED.) CURVE() 
GEOMETRIC_REPRESENTATION_ITEM() RATIONAL_B_SPLINE_CURVE((1.,0.5,1.,0.5,
1.,0.5,1.)) REPRESENTATION_ITEM('') );
#6626 = CARTESIAN_POINT('',(55.6,0.));
#6627 = CARTESIAN_POINT('',(55.6,-2.77128129211));
#6628 = CARTESIAN_POINT('',(53.2,-1.385640646055));
#6629 = CARTESIAN_POINT('',(50.8,-3.918869757272E-16));
#6630 = CARTESIAN_POINT('',(53.2,1.385640646055));
#6631 = CARTESIAN_POINT('',(55.6,2.77128129211));
#6632 = CARTESIAN_POINT('',(55.6,0.));
#6633 = ( GEOMETRIC_REPRESENTATION_CONTEXT(2) 
PARAMETRIC_REPRESENTATION_CONTEXT() REPRESENTATION_CONTEXT('2D SPACE',''
  ) );
#6634 = ORIENTED_EDGE('',*,*,#6635,.T.);
#6635 = EDGE_CURVE('',#6608,#6560,#6636,.T.);
#6636 = SURFACE_CURVE('',#6637,(#6641,#6647),.PCURVE_S1.);
#6637 = LINE('',#6638,#6639);
#6638 = CARTESIAN_POINT('',(53.443223563717,67.,21.));
#6639 = VECTOR('',#6640,1.);
#6640 = DIRECTION('',(-0.,-0.,-1.));
#6641 = PCURVE('',#6343,#6642);
#6642 = DEFINITIONAL_REPRESENTATION('',(#6643),#6646);
#6643 = B_SPLINE_CURVE_WITH_KNOTS('',1,(#6644,#6645),.UNSPECIFIED.,.F.,
  .F.,(2,2),(-8.1,5.999999999062E-07),.PIECEWISE_BEZIER_KNOTS.);
#6644 = CARTESIAN_POINT('',(-4.356967778694,-8.1));
#6645 = CARTESIAN_POINT('',(-4.356967778694,5.999999999062E-07));
#6646 = ( GEOMETRIC_REPRESENTATION_CONTEXT(2) 
PARAMETRIC_REPRESENTATION_CONTEXT() REPRESENTATION_CONTEXT('2D SPACE',''
  ) );
#6647 = PCURVE('',#4764,#6648);
#6648 = DEFINITIONAL_REPRESENTATION('',(#6649),#6652);
#6649 = B_SPLINE_CURVE_WITH_KNOTS('',1,(#6650,#6651),.UNSPECIFIED.,.F.,
  .F.,(2,2),(-8.1,5.999999999062E-07),.PIECEWISE_BEZIER_KNOTS.);
#6650 = CARTESIAN_POINT('',(21.556776436283,-12.1));
#6651 = CARTESIAN_POINT('',(21.556776436283,-3.9999994));
#6652 = ( GEOMETRIC_REPRESENTATION_CONTEXT(2) 
PARAMETRIC_REPRESENTATION_CONTEXT() REPRESENTATION_CONTEXT('2D SPACE',''
  ) );
#6653 = ADVANCED_FACE('',(#6654),#6369,.T.);
#6654 = FACE_BOUND('',#6655,.T.);
#6655 = EDGE_LOOP('',(#6656,#6657,#6658,#6682));
#6656 = ORIENTED_EDGE('',*,*,#6607,.T.);
#6657 = ORIENTED_EDGE('',*,*,#6354,.T.);
#6658 = ORIENTED_EDGE('',*,*,#6659,.F.);
#6659 = EDGE_CURVE('',#6660,#6355,#6662,.T.);
#6660 = VERTEX_POINT('',#6661);
#6661 = CARTESIAN_POINT('',(-53.44322356371,67.,28.));
#6662 = SURFACE_CURVE('',#6663,(#6668,#6675),.PCURVE_S1.);
#6663 = CIRCLE('',#6664,1.6);
#6664 = AXIS2_PLACEMENT_3D('',#6665,#6666,#6667);
#6665 = CARTESIAN_POINT('',(-54.,68.5,28.));
#6666 = DIRECTION('',(-0.,0.,1.));
#6667 = DIRECTION('',(0.347985272678,-0.9375,0.));
#6668 = PCURVE('',#6369,#6669);
#6669 = DEFINITIONAL_REPRESENTATION('',(#6670),#6674);
#6670 = CIRCLE('',#6671,1.6);
#6671 = AXIS2_PLACEMENT_2D('',#6672,#6673);
#6672 = CARTESIAN_POINT('',(-54.,0.));
#6673 = DIRECTION('',(0.347985272678,-0.9375));
#6674 = ( GEOMETRIC_REPRESENTATION_CONTEXT(2) 
PARAMETRIC_REPRESENTATION_CONTEXT() REPRESENTATION_CONTEXT('2D SPACE',''
  ) );
#6675 = PCURVE('',#6395,#6676);
#6676 = DEFINITIONAL_REPRESENTATION('',(#6677),#6681);
#6677 = LINE('',#6678,#6679);
#6678 = CARTESIAN_POINT('',(-5.067810182076,-7.));
#6679 = VECTOR('',#6680,1.);
#6680 = DIRECTION('',(-1.,-0.));
#6681 = ( GEOMETRIC_REPRESENTATION_CONTEXT(2) 
PARAMETRIC_REPRESENTATION_CONTEXT() REPRESENTATION_CONTEXT('2D SPACE',''
  ) );
#6682 = ORIENTED_EDGE('',*,*,#6683,.F.);
#6683 = EDGE_CURVE('',#6608,#6660,#6684,.T.);
#6684 = SURFACE_CURVE('',#6685,(#6689,#6695),.PCURVE_S1.);
#6685 = LINE('',#6686,#6687);
#6686 = CARTESIAN_POINT('',(37.5,67.,28.));
#6687 = VECTOR('',#6688,1.);
#6688 = DIRECTION('',(-1.,0.,0.));
#6689 = PCURVE('',#6369,#6690);
#6690 = DEFINITIONAL_REPRESENTATION('',(#6691),#6694);
#6691 = B_SPLINE_CURVE_WITH_KNOTS('',1,(#6692,#6693),.UNSPECIFIED.,.F.,
  .F.,(2,2),(-20.5,95.5),.PIECEWISE_BEZIER_KNOTS.);
#6692 = CARTESIAN_POINT('',(58.,-1.5));
#6693 = CARTESIAN_POINT('',(-58.,-1.5));
#6694 = ( GEOMETRIC_REPRESENTATION_CONTEXT(2) 
PARAMETRIC_REPRESENTATION_CONTEXT() REPRESENTATION_CONTEXT('2D SPACE',''
  ) );
#6695 = PCURVE('',#4764,#6696);
#6696 = DEFINITIONAL_REPRESENTATION('',(#6697),#6700);
#6697 = B_SPLINE_CURVE_WITH_KNOTS('',1,(#6698,#6699),.UNSPECIFIED.,.F.,
  .F.,(2,2),(-20.5,95.5),.PIECEWISE_BEZIER_KNOTS.);
#6698 = CARTESIAN_POINT('',(17.,-11.));
#6699 = CARTESIAN_POINT('',(133.,-11.));
#6700 = ( GEOMETRIC_REPRESENTATION_CONTEXT(2) 
PARAMETRIC_REPRESENTATION_CONTEXT() REPRESENTATION_CONTEXT('2D SPACE',''
  ) );
#6701 = ADVANCED_FACE('',(#6702),#6395,.F.);
#6702 = FACE_BOUND('',#6703,.T.);
#6703 = EDGE_LOOP('',(#6704,#6728,#6747,#6748));
#6704 = ORIENTED_EDGE('',*,*,#6705,.F.);
#6705 = EDGE_CURVE('',#6706,#6381,#6708,.T.);
#6706 = VERTEX_POINT('',#6707);
#6707 = CARTESIAN_POINT('',(-53.44322356371,67.,21.));
#6708 = SURFACE_CURVE('',#6709,(#6714,#6721),.PCURVE_S1.);
#6709 = CIRCLE('',#6710,1.6);
#6710 = AXIS2_PLACEMENT_3D('',#6711,#6712,#6713);
#6711 = CARTESIAN_POINT('',(-54.,68.5,21.));
#6712 = DIRECTION('',(-0.,0.,1.));
#6713 = DIRECTION('',(0.347985272677,-0.9375,0.));
#6714 = PCURVE('',#6395,#6715);
#6715 = DEFINITIONAL_REPRESENTATION('',(#6716),#6720);
#6716 = LINE('',#6717,#6718);
#6717 = CARTESIAN_POINT('',(-5.067810182075,0.));
#6718 = VECTOR('',#6719,1.);
#6719 = DIRECTION('',(-1.,0.));
#6720 = ( GEOMETRIC_REPRESENTATION_CONTEXT(2) 
PARAMETRIC_REPRESENTATION_CONTEXT() REPRESENTATION_CONTEXT('2D SPACE',''
  ) );
#6721 = PCURVE('',#6421,#6722);
#6722 = DEFINITIONAL_REPRESENTATION('',(#6723),#6727);
#6723 = CIRCLE('',#6724,1.6);
#6724 = AXIS2_PLACEMENT_2D('',#6725,#6726);
#6725 = CARTESIAN_POINT('',(-7.105427357601E-15,0.));
#6726 = DIRECTION('',(0.347985272677,-0.9375));
#6727 = ( GEOMETRIC_REPRESENTATION_CONTEXT(2) 
PARAMETRIC_REPRESENTATION_CONTEXT() REPRESENTATION_CONTEXT('2D SPACE',''
  ) );
#6728 = ORIENTED_EDGE('',*,*,#6729,.F.);
#6729 = EDGE_CURVE('',#6660,#6706,#6730,.T.);
#6730 = SURFACE_CURVE('',#6731,(#6735,#6741),.PCURVE_S1.);
#6731 = LINE('',#6732,#6733);
#6732 = CARTESIAN_POINT('',(-53.44322356371,67.,21.));
#6733 = VECTOR('',#6734,1.);
#6734 = DIRECTION('',(-0.,-0.,-1.));
#6735 = PCURVE('',#6395,#6736);
#6736 = DEFINITIONAL_REPRESENTATION('',(#6737),#6740);
#6737 = B_SPLINE_CURVE_WITH_KNOTS('',1,(#6738,#6739),.UNSPECIFIED.,.F.,
  .F.,(2,2),(-7.,-0.),.PIECEWISE_BEZIER_KNOTS.);
#6738 = CARTESIAN_POINT('',(-5.067810182075,-7.));
#6739 = CARTESIAN_POINT('',(-5.067810182075,0.));
#6740 = ( GEOMETRIC_REPRESENTATION_CONTEXT(2) 
PARAMETRIC_REPRESENTATION_CONTEXT() REPRESENTATION_CONTEXT('2D SPACE',''
  ) );
#6741 = PCURVE('',#4764,#6742);
#6742 = DEFINITIONAL_REPRESENTATION('',(#6743),#6746);
#6743 = B_SPLINE_CURVE_WITH_KNOTS('',1,(#6744,#6745),.UNSPECIFIED.,.F.,
  .F.,(2,2),(-8.1,5.999999999062E-07),.PIECEWISE_BEZIER_KNOTS.);
#6744 = CARTESIAN_POINT('',(128.44322356371,-12.1));
#6745 = CARTESIAN_POINT('',(128.44322356371,-3.9999994));
#6746 = ( GEOMETRIC_REPRESENTATION_CONTEXT(2) 
PARAMETRIC_REPRESENTATION_CONTEXT() REPRESENTATION_CONTEXT('2D SPACE',''
  ) );
#6747 = ORIENTED_EDGE('',*,*,#6659,.T.);
#6748 = ORIENTED_EDGE('',*,*,#6380,.T.);
#6749 = ADVANCED_FACE('',(#6750),#6421,.T.);
#6750 = FACE_BOUND('',#6751,.T.);
#6751 = EDGE_LOOP('',(#6752,#6753,#6754,#6778));
#6752 = ORIENTED_EDGE('',*,*,#6705,.T.);
#6753 = ORIENTED_EDGE('',*,*,#6406,.T.);
#6754 = ORIENTED_EDGE('',*,*,#6755,.T.);
#6755 = EDGE_CURVE('',#6407,#6756,#6758,.T.);
#6756 = VERTEX_POINT('',#6757);
#6757 = CARTESIAN_POINT('',(-54.55677643628,67.,21.));
#6758 = SURFACE_CURVE('',#6759,(#6764,#6771),.PCURVE_S1.);
#6759 = CIRCLE('',#6760,1.6);
#6760 = AXIS2_PLACEMENT_3D('',#6761,#6762,#6763);
#6761 = CARTESIAN_POINT('',(-54.,68.5,21.));
#6762 = DIRECTION('',(0.,0.,1.));
#6763 = DIRECTION('',(1.,0.,0.));
#6764 = PCURVE('',#6421,#6765);
#6765 = DEFINITIONAL_REPRESENTATION('',(#6766),#6770);
#6766 = CIRCLE('',#6767,1.6);
#6767 = AXIS2_PLACEMENT_2D('',#6768,#6769);
#6768 = CARTESIAN_POINT('',(-7.105427357601E-15,0.));
#6769 = DIRECTION('',(1.,0.));
#6770 = ( GEOMETRIC_REPRESENTATION_CONTEXT(2) 
PARAMETRIC_REPRESENTATION_CONTEXT() REPRESENTATION_CONTEXT('2D SPACE',''
  ) );
#6771 = PCURVE('',#6447,#6772);
#6772 = DEFINITIONAL_REPRESENTATION('',(#6773),#6777);
#6773 = LINE('',#6774,#6775);
#6774 = CARTESIAN_POINT('',(-0.,0.));
#6775 = VECTOR('',#6776,1.);
#6776 = DIRECTION('',(-1.,0.));
#6777 = ( GEOMETRIC_REPRESENTATION_CONTEXT(2) 
PARAMETRIC_REPRESENTATION_CONTEXT() REPRESENTATION_CONTEXT('2D SPACE',''
  ) );
#6778 = ORIENTED_EDGE('',*,*,#6779,.F.);
#6779 = EDGE_CURVE('',#6706,#6756,#6780,.T.);
#6780 = SURFACE_CURVE('',#6781,(#6785,#6791),.PCURVE_S1.);
#6781 = LINE('',#6782,#6783);
#6782 = CARTESIAN_POINT('',(10.5,67.,21.));
#6783 = VECTOR('',#6784,1.);
#6784 = DIRECTION('',(-1.,0.,0.));
#6785 = PCURVE('',#6421,#6786);
#6786 = DEFINITIONAL_REPRESENTATION('',(#6787),#6790);
#6787 = B_SPLINE_CURVE_WITH_KNOTS('',1,(#6788,#6789),.UNSPECIFIED.,.F.,
  .F.,(2,2),(62.9,66.1),.PIECEWISE_BEZIER_KNOTS.);
#6788 = CARTESIAN_POINT('',(1.6,-1.5));
#6789 = CARTESIAN_POINT('',(-1.6,-1.5));
#6790 = ( GEOMETRIC_REPRESENTATION_CONTEXT(2) 
PARAMETRIC_REPRESENTATION_CONTEXT() REPRESENTATION_CONTEXT('2D SPACE',''
  ) );
#6791 = PCURVE('',#4764,#6792);
#6792 = DEFINITIONAL_REPRESENTATION('',(#6793),#6796);
#6793 = B_SPLINE_CURVE_WITH_KNOTS('',1,(#6794,#6795),.UNSPECIFIED.,.F.,
  .F.,(2,2),(62.9,66.1),.PIECEWISE_BEZIER_KNOTS.);
#6794 = CARTESIAN_POINT('',(127.4,-4.));
#6795 = CARTESIAN_POINT('',(130.6,-4.));
#6796 = ( GEOMETRIC_REPRESENTATION_CONTEXT(2) 
PARAMETRIC_REPRESENTATION_CONTEXT() REPRESENTATION_CONTEXT('2D SPACE',''
  ) );
#6797 = ADVANCED_FACE('',(#6798),#6447,.F.);
#6798 = FACE_BOUND('',#6799,.T.);
#6799 = EDGE_LOOP('',(#6800,#6801,#6802,#6830));
#6800 = ORIENTED_EDGE('',*,*,#6755,.F.);
#6801 = ORIENTED_EDGE('',*,*,#6432,.F.);
#6802 = ORIENTED_EDGE('',*,*,#6803,.F.);
#6803 = EDGE_CURVE('',#6804,#6433,#6806,.T.);
#6804 = VERTEX_POINT('',#6805);
#6805 = CARTESIAN_POINT('',(-54.55677643628,67.,28.));
#6806 = SURFACE_CURVE('',#6807,(#6812,#6819),.PCURVE_S1.);
#6807 = CIRCLE('',#6808,1.6);
#6808 = AXIS2_PLACEMENT_3D('',#6809,#6810,#6811);
#6809 = CARTESIAN_POINT('',(-54.,68.5,28.));
#6810 = DIRECTION('',(0.,0.,-1.));
#6811 = DIRECTION('',(1.,0.,0.));
#6812 = PCURVE('',#6447,#6813);
#6813 = DEFINITIONAL_REPRESENTATION('',(#6814),#6818);
#6814 = LINE('',#6815,#6816);
#6815 = CARTESIAN_POINT('',(-6.28318530718,-7.));
#6816 = VECTOR('',#6817,1.);
#6817 = DIRECTION('',(1.,-0.));
#6818 = ( GEOMETRIC_REPRESENTATION_CONTEXT(2) 
PARAMETRIC_REPRESENTATION_CONTEXT() REPRESENTATION_CONTEXT('2D SPACE',''
  ) );
#6819 = PCURVE('',#6471,#6820);
#6820 = DEFINITIONAL_REPRESENTATION('',(#6821),#6829);
#6821 = ( BOUNDED_CURVE() B_SPLINE_CURVE(2,(#6822,#6823,#6824,#6825,
#6826,#6827,#6828),.UNSPECIFIED.,.T.,.F.) B_SPLINE_CURVE_WITH_KNOTS((1,2
    ,2,2,2,1),(-2.094395102393,0.,2.094395102393,4.188790204786,
6.28318530718,8.377580409573),.UNSPECIFIED.) CURVE() 
GEOMETRIC_REPRESENTATION_ITEM() RATIONAL_B_SPLINE_CURVE((1.,0.5,1.,0.5,
1.,0.5,1.)) REPRESENTATION_ITEM('') );
#6822 = CARTESIAN_POINT('',(-52.4,0.));
#6823 = CARTESIAN_POINT('',(-52.4,-2.77128129211));
#6824 = CARTESIAN_POINT('',(-54.8,-1.385640646055));
#6825 = CARTESIAN_POINT('',(-57.2,-3.918869757272E-16));
#6826 = CARTESIAN_POINT('',(-54.8,1.385640646055));
#6827 = CARTESIAN_POINT('',(-52.4,2.77128129211));
#6828 = CARTESIAN_POINT('',(-52.4,0.));
#6829 = ( GEOMETRIC_REPRESENTATION_CONTEXT(2) 
PARAMETRIC_REPRESENTATION_CONTEXT() REPRESENTATION_CONTEXT('2D SPACE',''
  ) );
#6830 = ORIENTED_EDGE('',*,*,#6831,.T.);
#6831 = EDGE_CURVE('',#6804,#6756,#6832,.T.);
#6832 = SURFACE_CURVE('',#6833,(#6837,#6843),.PCURVE_S1.);
#6833 = LINE('',#6834,#6835);
#6834 = CARTESIAN_POINT('',(-54.55677643628,67.,21.));
#6835 = VECTOR('',#6836,1.);
#6836 = DIRECTION('',(-0.,-0.,-1.));
#6837 = PCURVE('',#6447,#6838);
#6838 = DEFINITIONAL_REPRESENTATION('',(#6839),#6842);
#6839 = B_SPLINE_CURVE_WITH_KNOTS('',1,(#6840,#6841),.UNSPECIFIED.,.F.,
  .F.,(2,2),(-8.1,5.999999999062E-07),.PIECEWISE_BEZIER_KNOTS.);
#6840 = CARTESIAN_POINT('',(-4.356967778694,-8.1));
#6841 = CARTESIAN_POINT('',(-4.356967778694,5.999999999062E-07));
#6842 = ( GEOMETRIC_REPRESENTATION_CONTEXT(2) 
PARAMETRIC_REPRESENTATION_CONTEXT() REPRESENTATION_CONTEXT('2D SPACE',''
  ) );
#6843 = PCURVE('',#4764,#6844);
#6844 = DEFINITIONAL_REPRESENTATION('',(#6845),#6848);
#6845 = B_SPLINE_CURVE_WITH_KNOTS('',1,(#6846,#6847),.UNSPECIFIED.,.F.,
  .F.,(2,2),(-8.1,5.999999999062E-07),.PIECEWISE_BEZIER_KNOTS.);
#6846 = CARTESIAN_POINT('',(129.55677643628,-12.1));
#6847 = CARTESIAN_POINT('',(129.55677643628,-3.9999994));
#6848 = ( GEOMETRIC_REPRESENTATION_CONTEXT(2) 
PARAMETRIC_REPRESENTATION_CONTEXT() REPRESENTATION_CONTEXT('2D SPACE',''
  ) );
#6849 = ADVANCED_FACE('',(#6850),#6471,.T.);
#6850 = FACE_BOUND('',#6851,.T.);
#6851 = EDGE_LOOP('',(#6852,#6853,#6876,#6895));
#6852 = ORIENTED_EDGE('',*,*,#6458,.T.);
#6853 = ORIENTED_EDGE('',*,*,#6854,.T.);
#6854 = EDGE_CURVE('',#5402,#6855,#6857,.T.);
#6855 = VERTEX_POINT('',#6856);
#6856 = CARTESIAN_POINT('',(-58.,67.,28.));
#6857 = SURFACE_CURVE('',#6858,(#6862,#6869),.PCURVE_S1.);
#6858 = LINE('',#6859,#6860);
#6859 = CARTESIAN_POINT('',(-58.,138.5,28.));
#6860 = VECTOR('',#6861,1.);
#6861 = DIRECTION('',(0.,-1.,0.));
#6862 = PCURVE('',#6471,#6863);
#6863 = DEFINITIONAL_REPRESENTATION('',(#6864),#6868);
#6864 = LINE('',#6865,#6866);
#6865 = CARTESIAN_POINT('',(-58.,70.));
#6866 = VECTOR('',#6867,1.);
#6867 = DIRECTION('',(0.,-1.));
#6868 = ( GEOMETRIC_REPRESENTATION_CONTEXT(2) 
PARAMETRIC_REPRESENTATION_CONTEXT() REPRESENTATION_CONTEXT('2D SPACE',''
  ) );
#6869 = PCURVE('',#4934,#6870);
#6870 = DEFINITIONAL_REPRESENTATION('',(#6871),#6875);
#6871 = LINE('',#6872,#6873);
#6872 = CARTESIAN_POINT('',(0.,0.));
#6873 = VECTOR('',#6874,1.);
#6874 = DIRECTION('',(1.,0.));
#6875 = ( GEOMETRIC_REPRESENTATION_CONTEXT(2) 
PARAMETRIC_REPRESENTATION_CONTEXT() REPRESENTATION_CONTEXT('2D SPACE',''
  ) );
#6876 = ORIENTED_EDGE('',*,*,#6877,.F.);
#6877 = EDGE_CURVE('',#6804,#6855,#6878,.T.);
#6878 = SURFACE_CURVE('',#6879,(#6883,#6889),.PCURVE_S1.);
#6879 = LINE('',#6880,#6881);
#6880 = CARTESIAN_POINT('',(37.5,67.,28.));
#6881 = VECTOR('',#6882,1.);
#6882 = DIRECTION('',(-1.,0.,0.));
#6883 = PCURVE('',#6471,#6884);
#6884 = DEFINITIONAL_REPRESENTATION('',(#6885),#6888);
#6885 = B_SPLINE_CURVE_WITH_KNOTS('',1,(#6886,#6887),.UNSPECIFIED.,.F.,
  .F.,(2,2),(-20.5,95.5),.PIECEWISE_BEZIER_KNOTS.);
#6886 = CARTESIAN_POINT('',(58.,-1.5));
#6887 = CARTESIAN_POINT('',(-58.,-1.5));
#6888 = ( GEOMETRIC_REPRESENTATION_CONTEXT(2) 
PARAMETRIC_REPRESENTATION_CONTEXT() REPRESENTATION_CONTEXT('2D SPACE',''
  ) );
#6889 = PCURVE('',#4764,#6890);
#6890 = DEFINITIONAL_REPRESENTATION('',(#6891),#6894);
#6891 = B_SPLINE_CURVE_WITH_KNOTS('',1,(#6892,#6893),.UNSPECIFIED.,.F.,
  .F.,(2,2),(-20.5,95.5),.PIECEWISE_BEZIER_KNOTS.);
#6892 = CARTESIAN_POINT('',(17.,-11.));
#6893 = CARTESIAN_POINT('',(133.,-11.));
#6894 = ( GEOMETRIC_REPRESENTATION_CONTEXT(2) 
PARAMETRIC_REPRESENTATION_CONTEXT() REPRESENTATION_CONTEXT('2D SPACE',''
  ) );
#6895 = ORIENTED_EDGE('',*,*,#6803,.T.);
#6896 = ADVANCED_FACE('',(#6897),#4934,.T.);
#6897 = FACE_BOUND('',#6898,.T.);
#6898 = EDGE_LOOP('',(#6899,#6900,#6901,#6902));
#6899 = ORIENTED_EDGE('',*,*,#6854,.F.);
#6900 = ORIENTED_EDGE('',*,*,#5504,.T.);
#6901 = ORIENTED_EDGE('',*,*,#4916,.T.);
#6902 = ORIENTED_EDGE('',*,*,#6903,.F.);
#6903 = EDGE_CURVE('',#6855,#4919,#6904,.T.);
#6904 = SURFACE_CURVE('',#6905,(#6909,#6916),.PCURVE_S1.);
#6905 = LINE('',#6906,#6907);
#6906 = CARTESIAN_POINT('',(-58.,67.,17.));
#6907 = VECTOR('',#6908,1.);
#6908 = DIRECTION('',(0.,0.,1.));
#6909 = PCURVE('',#4934,#6910);
#6910 = DEFINITIONAL_REPRESENTATION('',(#6911),#6915);
#6911 = LINE('',#6912,#6913);
#6912 = CARTESIAN_POINT('',(71.5,11.));
#6913 = VECTOR('',#6914,1.);
#6914 = DIRECTION('',(0.,-1.));
#6915 = ( GEOMETRIC_REPRESENTATION_CONTEXT(2) 
PARAMETRIC_REPRESENTATION_CONTEXT() REPRESENTATION_CONTEXT('2D SPACE',''
  ) );
#6916 = PCURVE('',#2301,#6917);
#6917 = DEFINITIONAL_REPRESENTATION('',(#6918),#6922);
#6918 = LINE('',#6919,#6920);
#6919 = CARTESIAN_POINT('',(0.,0.));
#6920 = VECTOR('',#6921,1.);
#6921 = DIRECTION('',(0.,1.));
#6922 = ( GEOMETRIC_REPRESENTATION_CONTEXT(2) 
PARAMETRIC_REPRESENTATION_CONTEXT() REPRESENTATION_CONTEXT('2D SPACE',''
  ) );
#6923 = ADVANCED_FACE('',(#6924),#4901,.T.);
#6924 = FACE_BOUND('',#6925,.T.);
#6925 = EDGE_LOOP('',(#6926,#6956,#6978,#6979,#6980,#6981));
#6926 = ORIENTED_EDGE('',*,*,#6927,.F.);
#6927 = EDGE_CURVE('',#6928,#6930,#6932,.T.);
#6928 = VERTEX_POINT('',#6929);
#6929 = CARTESIAN_POINT('',(78.,50.,14.));
#6930 = VERTEX_POINT('',#6931);
#6931 = CARTESIAN_POINT('',(78.,50.,260.));
#6932 = SURFACE_CURVE('',#6933,(#6937,#6944),.PCURVE_S1.);
#6933 = LINE('',#6934,#6935);
#6934 = CARTESIAN_POINT('',(78.,50.,13.));
#6935 = VECTOR('',#6936,1.);
#6936 = DIRECTION('',(0.,0.,1.));
#6937 = PCURVE('',#4901,#6938);
#6938 = DEFINITIONAL_REPRESENTATION('',(#6939),#6943);
#6939 = LINE('',#6940,#6941);
#6940 = CARTESIAN_POINT('',(0.,0.));
#6941 = VECTOR('',#6942,1.);
#6942 = DIRECTION('',(0.,1.));
#6943 = ( GEOMETRIC_REPRESENTATION_CONTEXT(2) 
PARAMETRIC_REPRESENTATION_CONTEXT() REPRESENTATION_CONTEXT('2D SPACE',''
  ) );
#6944 = PCURVE('',#6945,#6950);
#6945 = PLANE('',#6946);
#6946 = AXIS2_PLACEMENT_3D('',#6947,#6948,#6949);
#6947 = CARTESIAN_POINT('',(78.,-70.,13.));
#6948 = DIRECTION('',(-1.,0.,0.));
#6949 = DIRECTION('',(0.,1.,0.));
#6950 = DEFINITIONAL_REPRESENTATION('',(#6951),#6955);
#6951 = LINE('',#6952,#6953);
#6952 = CARTESIAN_POINT('',(120.,0.));
#6953 = VECTOR('',#6954,1.);
#6954 = DIRECTION('',(0.,-1.));
#6955 = ( GEOMETRIC_REPRESENTATION_CONTEXT(2) 
PARAMETRIC_REPRESENTATION_CONTEXT() REPRESENTATION_CONTEXT('2D SPACE',''
  ) );
#6956 = ORIENTED_EDGE('',*,*,#6957,.T.);
#6957 = EDGE_CURVE('',#6928,#6214,#6958,.T.);
#6958 = SURFACE_CURVE('',#6959,(#6964,#6971),.PCURVE_S1.);
#6959 = CIRCLE('',#6960,20.);
#6960 = AXIS2_PLACEMENT_3D('',#6961,#6962,#6963);
#6961 = CARTESIAN_POINT('',(58.,50.,14.));
#6962 = DIRECTION('',(0.,0.,1.));
#6963 = DIRECTION('',(1.,0.,-0.));
#6964 = PCURVE('',#4901,#6965);
#6965 = DEFINITIONAL_REPRESENTATION('',(#6966),#6970);
#6966 = LINE('',#6967,#6968);
#6967 = CARTESIAN_POINT('',(0.,1.));
#6968 = VECTOR('',#6969,1.);
#6969 = DIRECTION('',(1.,0.));
#6970 = ( GEOMETRIC_REPRESENTATION_CONTEXT(2) 
PARAMETRIC_REPRESENTATION_CONTEXT() REPRESENTATION_CONTEXT('2D SPACE',''
  ) );
#6971 = PCURVE('',#43,#6972);
#6972 = DEFINITIONAL_REPRESENTATION('',(#6973),#6977);
#6973 = CIRCLE('',#6974,20.);
#6974 = AXIS2_PLACEMENT_2D('',#6975,#6976);
#6975 = CARTESIAN_POINT('',(58.,50.));
#6976 = DIRECTION('',(1.,0.));
#6977 = ( GEOMETRIC_REPRESENTATION_CONTEXT(2) 
PARAMETRIC_REPRESENTATION_CONTEXT() REPRESENTATION_CONTEXT('2D SPACE',''
  ) );
#6978 = ORIENTED_EDGE('',*,*,#6234,.T.);
#6979 = ORIENTED_EDGE('',*,*,#4887,.T.);
#6980 = ORIENTED_EDGE('',*,*,#4994,.T.);
#6981 = ORIENTED_EDGE('',*,*,#6982,.F.);
#6982 = EDGE_CURVE('',#6930,#4995,#6983,.T.);
#6983 = SURFACE_CURVE('',#6984,(#6989,#6996),.PCURVE_S1.);
#6984 = CIRCLE('',#6985,20.);
#6985 = AXIS2_PLACEMENT_3D('',#6986,#6987,#6988);
#6986 = CARTESIAN_POINT('',(58.,50.,260.));
#6987 = DIRECTION('',(0.,0.,1.));
#6988 = DIRECTION('',(0.,-1.,0.));
#6989 = PCURVE('',#4901,#6990);
#6990 = DEFINITIONAL_REPRESENTATION('',(#6991),#6995);
#6991 = LINE('',#6992,#6993);
#6992 = CARTESIAN_POINT('',(-1.570796326795,247.));
#6993 = VECTOR('',#6994,1.);
#6994 = DIRECTION('',(1.,0.));
#6995 = ( GEOMETRIC_REPRESENTATION_CONTEXT(2) 
PARAMETRIC_REPRESENTATION_CONTEXT() REPRESENTATION_CONTEXT('2D SPACE',''
  ) );
#6996 = PCURVE('',#98,#6997);
#6997 = DEFINITIONAL_REPRESENTATION('',(#6998),#7002);
#6998 = CIRCLE('',#6999,20.);
#6999 = AXIS2_PLACEMENT_2D('',#7000,#7001);
#7000 = CARTESIAN_POINT('',(58.,50.));
#7001 = DIRECTION('',(0.,-1.));
#7002 = ( GEOMETRIC_REPRESENTATION_CONTEXT(2) 
PARAMETRIC_REPRESENTATION_CONTEXT() REPRESENTATION_CONTEXT('2D SPACE',''
  ) );
#7003 = ADVANCED_FACE('',(#7004),#6945,.F.);
#7004 = FACE_BOUND('',#7005,.F.);
#7005 = EDGE_LOOP('',(#7006,#7027,#7050,#7071));
#7006 = ORIENTED_EDGE('',*,*,#7007,.F.);
#7007 = EDGE_CURVE('',#7008,#6928,#7010,.T.);
#7008 = VERTEX_POINT('',#7009);
#7009 = CARTESIAN_POINT('',(78.,-50.,14.));
#7010 = SURFACE_CURVE('',#7011,(#7015,#7021),.PCURVE_S1.);
#7011 = LINE('',#7012,#7013);
#7012 = CARTESIAN_POINT('',(78.,-35.,14.));
#7013 = VECTOR('',#7014,1.);
#7014 = DIRECTION('',(0.,1.,-0.));
#7015 = PCURVE('',#6945,#7016);
#7016 = DEFINITIONAL_REPRESENTATION('',(#7017),#7020);
#7017 = B_SPLINE_CURVE_WITH_KNOTS('',1,(#7018,#7019),.UNSPECIFIED.,.F.,
  .F.,(2,2),(-15.,85.),.PIECEWISE_BEZIER_KNOTS.);
#7018 = CARTESIAN_POINT('',(20.,-1.));
#7019 = CARTESIAN_POINT('',(120.,-1.));
#7020 = ( GEOMETRIC_REPRESENTATION_CONTEXT(2) 
PARAMETRIC_REPRESENTATION_CONTEXT() REPRESENTATION_CONTEXT('2D SPACE',''
  ) );
#7021 = PCURVE('',#43,#7022);
#7022 = DEFINITIONAL_REPRESENTATION('',(#7023),#7026);
#7023 = B_SPLINE_CURVE_WITH_KNOTS('',1,(#7024,#7025),.UNSPECIFIED.,.F.,
  .F.,(2,2),(-15.,85.),.PIECEWISE_BEZIER_KNOTS.);
#7024 = CARTESIAN_POINT('',(78.,-50.));
#7025 = CARTESIAN_POINT('',(78.,50.));
#7026 = ( GEOMETRIC_REPRESENTATION_CONTEXT(2) 
PARAMETRIC_REPRESENTATION_CONTEXT() REPRESENTATION_CONTEXT('2D SPACE',''
  ) );
#7027 = ORIENTED_EDGE('',*,*,#7028,.T.);
#7028 = EDGE_CURVE('',#7008,#7029,#7031,.T.);
#7029 = VERTEX_POINT('',#7030);
#7030 = CARTESIAN_POINT('',(78.,-50.,260.));
#7031 = SURFACE_CURVE('',#7032,(#7036,#7043),.PCURVE_S1.);
#7032 = LINE('',#7033,#7034);
#7033 = CARTESIAN_POINT('',(78.,-50.,13.));
#7034 = VECTOR('',#7035,1.);
#7035 = DIRECTION('',(0.,0.,1.));
#7036 = PCURVE('',#6945,#7037);
#7037 = DEFINITIONAL_REPRESENTATION('',(#7038),#7042);
#7038 = LINE('',#7039,#7040);
#7039 = CARTESIAN_POINT('',(20.,0.));
#7040 = VECTOR('',#7041,1.);
#7041 = DIRECTION('',(0.,-1.));
#7042 = ( GEOMETRIC_REPRESENTATION_CONTEXT(2) 
PARAMETRIC_REPRESENTATION_CONTEXT() REPRESENTATION_CONTEXT('2D SPACE',''
  ) );
#7043 = PCURVE('',#124,#7044);
#7044 = DEFINITIONAL_REPRESENTATION('',(#7045),#7049);
#7045 = LINE('',#7046,#7047);
#7046 = CARTESIAN_POINT('',(1.570796326795,0.));
#7047 = VECTOR('',#7048,1.);
#7048 = DIRECTION('',(0.,1.));
#7049 = ( GEOMETRIC_REPRESENTATION_CONTEXT(2) 
PARAMETRIC_REPRESENTATION_CONTEXT() REPRESENTATION_CONTEXT('2D SPACE',''
  ) );
#7050 = ORIENTED_EDGE('',*,*,#7051,.T.);
#7051 = EDGE_CURVE('',#7029,#6930,#7052,.T.);
#7052 = SURFACE_CURVE('',#7053,(#7057,#7064),.PCURVE_S1.);
#7053 = LINE('',#7054,#7055);
#7054 = CARTESIAN_POINT('',(78.,-70.,260.));
#7055 = VECTOR('',#7056,1.);
#7056 = DIRECTION('',(0.,1.,0.));
#7057 = PCURVE('',#6945,#7058);
#7058 = DEFINITIONAL_REPRESENTATION('',(#7059),#7063);
#7059 = LINE('',#7060,#7061);
#7060 = CARTESIAN_POINT('',(0.,-247.));
#7061 = VECTOR('',#7062,1.);
#7062 = DIRECTION('',(1.,0.));
#7063 = ( GEOMETRIC_REPRESENTATION_CONTEXT(2) 
PARAMETRIC_REPRESENTATION_CONTEXT() REPRESENTATION_CONTEXT('2D SPACE',''
  ) );
#7064 = PCURVE('',#98,#7065);
#7065 = DEFINITIONAL_REPRESENTATION('',(#7066),#7070);
#7066 = LINE('',#7067,#7068);
#7067 = CARTESIAN_POINT('',(78.,-70.));
#7068 = VECTOR('',#7069,1.);
#7069 = DIRECTION('',(0.,1.));
#7070 = ( GEOMETRIC_REPRESENTATION_CONTEXT(2) 
PARAMETRIC_REPRESENTATION_CONTEXT() REPRESENTATION_CONTEXT('2D SPACE',''
  ) );
#7071 = ORIENTED_EDGE('',*,*,#6927,.F.);
#7072 = ADVANCED_FACE('',(#7073),#4846,.T.);
#7073 = FACE_BOUND('',#7074,.T.);
#7074 = EDGE_LOOP('',(#7075,#7076,#7077,#7078));
#7075 = ORIENTED_EDGE('',*,*,#4830,.T.);
#7076 = ORIENTED_EDGE('',*,*,#6255,.T.);
#7077 = ORIENTED_EDGE('',*,*,#6531,.F.);
#7078 = ORIENTED_EDGE('',*,*,#7079,.F.);
#7079 = EDGE_CURVE('',#4749,#6511,#7080,.T.);
#7080 = SURFACE_CURVE('',#7081,(#7085,#7091),.PCURVE_S1.);
#7081 = LINE('',#7082,#7083);
#7082 = CARTESIAN_POINT('',(37.5,67.,28.));
#7083 = VECTOR('',#7084,1.);
#7084 = DIRECTION('',(-1.,0.,0.));
#7085 = PCURVE('',#4846,#7086);
#7086 = DEFINITIONAL_REPRESENTATION('',(#7087),#7090);
#7087 = B_SPLINE_CURVE_WITH_KNOTS('',1,(#7088,#7089),.UNSPECIFIED.,.F.,
  .F.,(2,2),(-20.5,95.5),.PIECEWISE_BEZIER_KNOTS.);
#7088 = CARTESIAN_POINT('',(58.,-1.5));
#7089 = CARTESIAN_POINT('',(-58.,-1.5));
#7090 = ( GEOMETRIC_REPRESENTATION_CONTEXT(2) 
PARAMETRIC_REPRESENTATION_CONTEXT() REPRESENTATION_CONTEXT('2D SPACE',''
  ) );
#7091 = PCURVE('',#4764,#7092);
#7092 = DEFINITIONAL_REPRESENTATION('',(#7093),#7096);
#7093 = B_SPLINE_CURVE_WITH_KNOTS('',1,(#7094,#7095),.UNSPECIFIED.,.F.,
  .F.,(2,2),(-20.5,95.5),.PIECEWISE_BEZIER_KNOTS.);
#7094 = CARTESIAN_POINT('',(17.,-11.));
#7095 = CARTESIAN_POINT('',(133.,-11.));
#7096 = ( GEOMETRIC_REPRESENTATION_CONTEXT(2) 
PARAMETRIC_REPRESENTATION_CONTEXT() REPRESENTATION_CONTEXT('2D SPACE',''
  ) );
#7097 = ADVANCED_FACE('',(#7098),#4764,.T.);
#7098 = FACE_BOUND('',#7099,.T.);
#7099 = EDGE_LOOP('',(#7100,#7123,#7124,#7125,#7126,#7127,#7128,#7129,
    #7130,#7131,#7132,#7133));
#7100 = ORIENTED_EDGE('',*,*,#7101,.F.);
#7101 = EDGE_CURVE('',#4725,#7102,#7104,.T.);
#7102 = VERTEX_POINT('',#7103);
#7103 = CARTESIAN_POINT('',(-58.,67.,17.));
#7104 = SURFACE_CURVE('',#7105,(#7109,#7116),.PCURVE_S1.);
#7105 = LINE('',#7106,#7107);
#7106 = CARTESIAN_POINT('',(75.,67.,17.));
#7107 = VECTOR('',#7108,1.);
#7108 = DIRECTION('',(-1.,0.,0.));
#7109 = PCURVE('',#4764,#7110);
#7110 = DEFINITIONAL_REPRESENTATION('',(#7111),#7115);
#7111 = LINE('',#7112,#7113);
#7112 = CARTESIAN_POINT('',(0.,-0.));
#7113 = VECTOR('',#7114,1.);
#7114 = DIRECTION('',(1.,0.));
#7115 = ( GEOMETRIC_REPRESENTATION_CONTEXT(2) 
PARAMETRIC_REPRESENTATION_CONTEXT() REPRESENTATION_CONTEXT('2D SPACE',''
  ) );
#7116 = PCURVE('',#701,#7117);
#7117 = DEFINITIONAL_REPRESENTATION('',(#7118),#7122);
#7118 = LINE('',#7119,#7120);
#7119 = CARTESIAN_POINT('',(75.,67.));
#7120 = VECTOR('',#7121,1.);
#7121 = DIRECTION('',(-1.,0.));
#7122 = ( GEOMETRIC_REPRESENTATION_CONTEXT(2) 
PARAMETRIC_REPRESENTATION_CONTEXT() REPRESENTATION_CONTEXT('2D SPACE',''
  ) );
#7123 = ORIENTED_EDGE('',*,*,#4748,.T.);
#7124 = ORIENTED_EDGE('',*,*,#7079,.T.);
#7125 = ORIENTED_EDGE('',*,*,#6510,.T.);
#7126 = ORIENTED_EDGE('',*,*,#6583,.T.);
#7127 = ORIENTED_EDGE('',*,*,#6635,.F.);
#7128 = ORIENTED_EDGE('',*,*,#6683,.T.);
#7129 = ORIENTED_EDGE('',*,*,#6729,.T.);
#7130 = ORIENTED_EDGE('',*,*,#6779,.T.);
#7131 = ORIENTED_EDGE('',*,*,#6831,.F.);
#7132 = ORIENTED_EDGE('',*,*,#6877,.T.);
#7133 = ORIENTED_EDGE('',*,*,#7134,.F.);
#7134 = EDGE_CURVE('',#7102,#6855,#7135,.T.);
#7135 = SURFACE_CURVE('',#7136,(#7140,#7147),.PCURVE_S1.);
#7136 = LINE('',#7137,#7138);
#7137 = CARTESIAN_POINT('',(-58.,67.,17.));
#7138 = VECTOR('',#7139,1.);
#7139 = DIRECTION('',(0.,0.,1.));
#7140 = PCURVE('',#4764,#7141);
#7141 = DEFINITIONAL_REPRESENTATION('',(#7142),#7146);
#7142 = LINE('',#7143,#7144);
#7143 = CARTESIAN_POINT('',(133.,0.));
#7144 = VECTOR('',#7145,1.);
#7145 = DIRECTION('',(0.,-1.));
#7146 = ( GEOMETRIC_REPRESENTATION_CONTEXT(2) 
PARAMETRIC_REPRESENTATION_CONTEXT() REPRESENTATION_CONTEXT('2D SPACE',''
  ) );
#7147 = PCURVE('',#2301,#7148);
#7148 = DEFINITIONAL_REPRESENTATION('',(#7149),#7153);
#7149 = LINE('',#7150,#7151);
#7150 = CARTESIAN_POINT('',(0.,0.));
#7151 = VECTOR('',#7152,1.);
#7152 = DIRECTION('',(0.,1.));
#7153 = ( GEOMETRIC_REPRESENTATION_CONTEXT(2) 
PARAMETRIC_REPRESENTATION_CONTEXT() REPRESENTATION_CONTEXT('2D SPACE',''
  ) );
#7154 = ADVANCED_FACE('',(#7155),#2195,.F.);
#7155 = FACE_BOUND('',#7156,.T.);
#7156 = EDGE_LOOP('',(#7157,#7183,#7184,#7185,#7204,#7205,#7224,#7225));
#7157 = ORIENTED_EDGE('',*,*,#7158,.F.);
#7158 = EDGE_CURVE('',#5018,#5088,#7159,.T.);
#7159 = SURFACE_CURVE('',#7160,(#7165,#7172),.PCURVE_S1.);
#7160 = CIRCLE('',#7161,1.6);
#7161 = AXIS2_PLACEMENT_3D('',#7162,#7163,#7164);
#7162 = CARTESIAN_POINT('',(54.,68.5,260.));
#7163 = DIRECTION('',(0.,0.,-1.));
#7164 = DIRECTION('',(0.347985272678,0.9375,0.));
#7165 = PCURVE('',#2195,#7166);
#7166 = DEFINITIONAL_REPRESENTATION('',(#7167),#7171);
#7167 = LINE('',#7168,#7169);
#7168 = CARTESIAN_POINT('',(-7.498560432284,-7.));
#7169 = VECTOR('',#7170,1.);
#7170 = DIRECTION('',(1.,-0.));
#7171 = ( GEOMETRIC_REPRESENTATION_CONTEXT(2) 
PARAMETRIC_REPRESENTATION_CONTEXT() REPRESENTATION_CONTEXT('2D SPACE',''
  ) );
#7172 = PCURVE('',#98,#7173);
#7173 = DEFINITIONAL_REPRESENTATION('',(#7174),#7182);
#7174 = ( BOUNDED_CURVE() B_SPLINE_CURVE(2,(#7175,#7176,#7177,#7178,
#7179,#7180,#7181),.UNSPECIFIED.,.T.,.F.) B_SPLINE_CURVE_WITH_KNOTS((1,2
    ,2,2,2,1),(-2.094395102393,0.,2.094395102393,4.188790204786,
6.28318530718,8.377580409573),.UNSPECIFIED.) CURVE() 
GEOMETRIC_REPRESENTATION_ITEM() RATIONAL_B_SPLINE_CURVE((1.,0.5,1.,0.5,
1.,0.5,1.)) REPRESENTATION_ITEM('') );
#7175 = CARTESIAN_POINT('',(54.556776436284,70.));
#7176 = CARTESIAN_POINT('',(57.154852647637,69.035634923899));
#7177 = CARTESIAN_POINT('',(55.020649887534,67.26781746195));
#7178 = CARTESIAN_POINT('',(52.886447127432,65.500000000001));
#7179 = CARTESIAN_POINT('',(52.422573676182,68.232182538051));
#7180 = CARTESIAN_POINT('',(51.958700224931,70.964365076101));
#7181 = CARTESIAN_POINT('',(54.556776436284,70.));
#7182 = ( GEOMETRIC_REPRESENTATION_CONTEXT(2) 
PARAMETRIC_REPRESENTATION_CONTEXT() REPRESENTATION_CONTEXT('2D SPACE',''
  ) );
#7183 = ORIENTED_EDGE('',*,*,#5040,.T.);
#7184 = ORIENTED_EDGE('',*,*,#5274,.T.);
#7185 = ORIENTED_EDGE('',*,*,#7186,.F.);
#7186 = EDGE_CURVE('',#2147,#5252,#7187,.T.);
#7187 = SURFACE_CURVE('',#7188,(#7192,#7198),.PCURVE_S1.);
#7188 = LINE('',#7189,#7190);
#7189 = CARTESIAN_POINT('',(54.556776436283,67.,253.));
#7190 = VECTOR('',#7191,1.);
#7191 = DIRECTION('',(-0.,-0.,-1.));
#7192 = PCURVE('',#2195,#7193);
#7193 = DEFINITIONAL_REPRESENTATION('',(#7194),#7197);
#7194 = B_SPLINE_CURVE_WITH_KNOTS('',1,(#7195,#7196),.UNSPECIFIED.,.F.,
  .F.,(2,2),(-4.,-0.),.PIECEWISE_BEZIER_KNOTS.);
#7195 = CARTESIAN_POINT('',(-5.067810182075,-4.));
#7196 = CARTESIAN_POINT('',(-5.067810182075,0.));
#7197 = ( GEOMETRIC_REPRESENTATION_CONTEXT(2) 
PARAMETRIC_REPRESENTATION_CONTEXT() REPRESENTATION_CONTEXT('2D SPACE',''
  ) );
#7198 = PCURVE('',#2162,#7199);
#7199 = DEFINITIONAL_REPRESENTATION('',(#7200),#7203);
#7200 = B_SPLINE_CURVE_WITH_KNOTS('',1,(#7201,#7202),.UNSPECIFIED.,.F.,
  .F.,(2,2),(-5.1,5.999999928008E-07),.PIECEWISE_BEZIER_KNOTS.);
#7201 = CARTESIAN_POINT('',(20.443223563717,-241.1));
#7202 = CARTESIAN_POINT('',(20.443223563717,-235.9999994));
#7203 = ( GEOMETRIC_REPRESENTATION_CONTEXT(2) 
PARAMETRIC_REPRESENTATION_CONTEXT() REPRESENTATION_CONTEXT('2D SPACE',''
  ) );
#7204 = ORIENTED_EDGE('',*,*,#2174,.T.);
#7205 = ORIENTED_EDGE('',*,*,#7206,.T.);
#7206 = EDGE_CURVE('',#2175,#5254,#7207,.T.);
#7207 = SURFACE_CURVE('',#7208,(#7212,#7218),.PCURVE_S1.);
#7208 = LINE('',#7209,#7210);
#7209 = CARTESIAN_POINT('',(53.443223563717,67.,253.));
#7210 = VECTOR('',#7211,1.);
#7211 = DIRECTION('',(-0.,-0.,-1.));
#7212 = PCURVE('',#2195,#7213);
#7213 = DEFINITIONAL_REPRESENTATION('',(#7214),#7217);
#7214 = B_SPLINE_CURVE_WITH_KNOTS('',1,(#7215,#7216),.UNSPECIFIED.,.F.,
  .F.,(2,2),(-4.,-0.),.PIECEWISE_BEZIER_KNOTS.);
#7215 = CARTESIAN_POINT('',(-4.356967778694,-4.));
#7216 = CARTESIAN_POINT('',(-4.356967778694,0.));
#7217 = ( GEOMETRIC_REPRESENTATION_CONTEXT(2) 
PARAMETRIC_REPRESENTATION_CONTEXT() REPRESENTATION_CONTEXT('2D SPACE',''
  ) );
#7218 = PCURVE('',#2162,#7219);
#7219 = DEFINITIONAL_REPRESENTATION('',(#7220),#7223);
#7220 = B_SPLINE_CURVE_WITH_KNOTS('',1,(#7221,#7222),.UNSPECIFIED.,.F.,
  .F.,(2,2),(-5.1,5.999999928008E-07),.PIECEWISE_BEZIER_KNOTS.);
#7221 = CARTESIAN_POINT('',(21.556776436283,-241.1));
#7222 = CARTESIAN_POINT('',(21.556776436283,-235.9999994));
#7223 = ( GEOMETRIC_REPRESENTATION_CONTEXT(2) 
PARAMETRIC_REPRESENTATION_CONTEXT() REPRESENTATION_CONTEXT('2D SPACE',''
  ) );
#7224 = ORIENTED_EDGE('',*,*,#5301,.F.);
#7225 = ORIENTED_EDGE('',*,*,#5087,.F.);
#7226 = ADVANCED_FACE('',(#7227),#2250,.F.);
#7227 = FACE_BOUND('',#7228,.T.);
#7228 = EDGE_LOOP('',(#7229,#7255,#7256,#7257,#7276,#7277,#7296,#7297));
#7229 = ORIENTED_EDGE('',*,*,#7230,.F.);
#7230 = EDGE_CURVE('',#5109,#5179,#7231,.T.);
#7231 = SURFACE_CURVE('',#7232,(#7237,#7244),.PCURVE_S1.);
#7232 = CIRCLE('',#7233,1.6);
#7233 = AXIS2_PLACEMENT_3D('',#7234,#7235,#7236);
#7234 = CARTESIAN_POINT('',(-54.,68.5,260.));
#7235 = DIRECTION('',(0.,0.,-1.));
#7236 = DIRECTION('',(0.347985272678,0.9375,0.));
#7237 = PCURVE('',#2250,#7238);
#7238 = DEFINITIONAL_REPRESENTATION('',(#7239),#7243);
#7239 = LINE('',#7240,#7241);
#7240 = CARTESIAN_POINT('',(-7.498560432284,-7.));
#7241 = VECTOR('',#7242,1.);
#7242 = DIRECTION('',(1.,-0.));
#7243 = ( GEOMETRIC_REPRESENTATION_CONTEXT(2) 
PARAMETRIC_REPRESENTATION_CONTEXT() REPRESENTATION_CONTEXT('2D SPACE',''
  ) );
#7244 = PCURVE('',#98,#7245);
#7245 = DEFINITIONAL_REPRESENTATION('',(#7246),#7254);
#7246 = ( BOUNDED_CURVE() B_SPLINE_CURVE(2,(#7247,#7248,#7249,#7250,
#7251,#7252,#7253),.UNSPECIFIED.,.T.,.F.) B_SPLINE_CURVE_WITH_KNOTS((1,2
    ,2,2,2,1),(-2.094395102393,0.,2.094395102393,4.188790204786,
6.28318530718,8.377580409573),.UNSPECIFIED.) CURVE() 
GEOMETRIC_REPRESENTATION_ITEM() RATIONAL_B_SPLINE_CURVE((1.,0.5,1.,0.5,
1.,0.5,1.)) REPRESENTATION_ITEM('') );
#7247 = CARTESIAN_POINT('',(-53.44322356371,70.));
#7248 = CARTESIAN_POINT('',(-50.84514735236,69.035634923899));
#7249 = CARTESIAN_POINT('',(-52.97935011246,67.26781746195));
#7250 = CARTESIAN_POINT('',(-55.11355287256,65.500000000001));
#7251 = CARTESIAN_POINT('',(-55.57742632381,68.232182538051));
#7252 = CARTESIAN_POINT('',(-56.04129977506,70.964365076101));
#7253 = CARTESIAN_POINT('',(-53.44322356371,70.));
#7254 = ( GEOMETRIC_REPRESENTATION_CONTEXT(2) 
PARAMETRIC_REPRESENTATION_CONTEXT() REPRESENTATION_CONTEXT('2D SPACE',''
  ) );
#7255 = ORIENTED_EDGE('',*,*,#5131,.T.);
#7256 = ORIENTED_EDGE('',*,*,#5348,.T.);
#7257 = ORIENTED_EDGE('',*,*,#7258,.F.);
#7258 = EDGE_CURVE('',#2207,#5326,#7259,.T.);
#7259 = SURFACE_CURVE('',#7260,(#7264,#7270),.PCURVE_S1.);
#7260 = LINE('',#7261,#7262);
#7261 = CARTESIAN_POINT('',(-53.44322356371,67.,253.));
#7262 = VECTOR('',#7263,1.);
#7263 = DIRECTION('',(-0.,-0.,-1.));
#7264 = PCURVE('',#2250,#7265);
#7265 = DEFINITIONAL_REPRESENTATION('',(#7266),#7269);
#7266 = B_SPLINE_CURVE_WITH_KNOTS('',1,(#7267,#7268),.UNSPECIFIED.,.F.,
  .F.,(2,2),(-4.,-0.),.PIECEWISE_BEZIER_KNOTS.);
#7267 = CARTESIAN_POINT('',(-5.067810182075,-4.));
#7268 = CARTESIAN_POINT('',(-5.067810182075,0.));
#7269 = ( GEOMETRIC_REPRESENTATION_CONTEXT(2) 
PARAMETRIC_REPRESENTATION_CONTEXT() REPRESENTATION_CONTEXT('2D SPACE',''
  ) );
#7270 = PCURVE('',#2162,#7271);
#7271 = DEFINITIONAL_REPRESENTATION('',(#7272),#7275);
#7272 = B_SPLINE_CURVE_WITH_KNOTS('',1,(#7273,#7274),.UNSPECIFIED.,.F.,
  .F.,(2,2),(-5.1,5.999999928008E-07),.PIECEWISE_BEZIER_KNOTS.);
#7273 = CARTESIAN_POINT('',(128.44322356371,-241.1));
#7274 = CARTESIAN_POINT('',(128.44322356371,-235.9999994));
#7275 = ( GEOMETRIC_REPRESENTATION_CONTEXT(2) 
PARAMETRIC_REPRESENTATION_CONTEXT() REPRESENTATION_CONTEXT('2D SPACE',''
  ) );
#7276 = ORIENTED_EDGE('',*,*,#2229,.T.);
#7277 = ORIENTED_EDGE('',*,*,#7278,.T.);
#7278 = EDGE_CURVE('',#2230,#5328,#7279,.T.);
#7279 = SURFACE_CURVE('',#7280,(#7284,#7290),.PCURVE_S1.);
#7280 = LINE('',#7281,#7282);
#7281 = CARTESIAN_POINT('',(-54.55677643628,67.,253.));
#7282 = VECTOR('',#7283,1.);
#7283 = DIRECTION('',(-0.,-0.,-1.));
#7284 = PCURVE('',#2250,#7285);
#7285 = DEFINITIONAL_REPRESENTATION('',(#7286),#7289);
#7286 = B_SPLINE_CURVE_WITH_KNOTS('',1,(#7287,#7288),.UNSPECIFIED.,.F.,
  .F.,(2,2),(-4.,-0.),.PIECEWISE_BEZIER_KNOTS.);
#7287 = CARTESIAN_POINT('',(-4.356967778694,-4.));
#7288 = CARTESIAN_POINT('',(-4.356967778694,0.));
#7289 = ( GEOMETRIC_REPRESENTATION_CONTEXT(2) 
PARAMETRIC_REPRESENTATION_CONTEXT() REPRESENTATION_CONTEXT('2D SPACE',''
  ) );
#7290 = PCURVE('',#2162,#7291);
#7291 = DEFINITIONAL_REPRESENTATION('',(#7292),#7295);
#7292 = B_SPLINE_CURVE_WITH_KNOTS('',1,(#7293,#7294),.UNSPECIFIED.,.F.,
  .F.,(2,2),(-5.1,5.999999928008E-07),.PIECEWISE_BEZIER_KNOTS.);
#7293 = CARTESIAN_POINT('',(129.55677643628,-241.1));
#7294 = CARTESIAN_POINT('',(129.55677643628,-235.9999994));
#7295 = ( GEOMETRIC_REPRESENTATION_CONTEXT(2) 
PARAMETRIC_REPRESENTATION_CONTEXT() REPRESENTATION_CONTEXT('2D SPACE',''
  ) );
#7296 = ORIENTED_EDGE('',*,*,#5375,.F.);
#7297 = ORIENTED_EDGE('',*,*,#5178,.F.);
#7298 = ADVANCED_FACE('',(#7299),#2162,.T.);
#7299 = FACE_BOUND('',#7300,.T.);
#7300 = EDGE_LOOP('',(#7301,#7302,#7303,#7304,#7305,#7306,#7307,#7308,
    #7309,#7310,#7311,#7312));
#7301 = ORIENTED_EDGE('',*,*,#4946,.F.);
#7302 = ORIENTED_EDGE('',*,*,#4804,.T.);
#7303 = ORIENTED_EDGE('',*,*,#2146,.T.);
#7304 = ORIENTED_EDGE('',*,*,#7186,.T.);
#7305 = ORIENTED_EDGE('',*,*,#5251,.T.);
#7306 = ORIENTED_EDGE('',*,*,#7206,.F.);
#7307 = ORIENTED_EDGE('',*,*,#2206,.T.);
#7308 = ORIENTED_EDGE('',*,*,#7258,.T.);
#7309 = ORIENTED_EDGE('',*,*,#5325,.T.);
#7310 = ORIENTED_EDGE('',*,*,#7278,.F.);
#7311 = ORIENTED_EDGE('',*,*,#2261,.T.);
#7312 = ORIENTED_EDGE('',*,*,#7313,.F.);
#7313 = EDGE_CURVE('',#4919,#2262,#7314,.T.);
#7314 = SURFACE_CURVE('',#7315,(#7319,#7326),.PCURVE_S1.);
#7315 = LINE('',#7316,#7317);
#7316 = CARTESIAN_POINT('',(-58.,67.,17.));
#7317 = VECTOR('',#7318,1.);
#7318 = DIRECTION('',(0.,0.,1.));
#7319 = PCURVE('',#2162,#7320);
#7320 = DEFINITIONAL_REPRESENTATION('',(#7321),#7325);
#7321 = LINE('',#7322,#7323);
#7322 = CARTESIAN_POINT('',(133.,0.));
#7323 = VECTOR('',#7324,1.);
#7324 = DIRECTION('',(0.,-1.));
#7325 = ( GEOMETRIC_REPRESENTATION_CONTEXT(2) 
PARAMETRIC_REPRESENTATION_CONTEXT() REPRESENTATION_CONTEXT('2D SPACE',''
  ) );
#7326 = PCURVE('',#2301,#7327);
#7327 = DEFINITIONAL_REPRESENTATION('',(#7328),#7332);
#7328 = LINE('',#7329,#7330);
#7329 = CARTESIAN_POINT('',(0.,0.));
#7330 = VECTOR('',#7331,1.);
#7331 = DIRECTION('',(0.,1.));
#7332 = ( GEOMETRIC_REPRESENTATION_CONTEXT(2) 
PARAMETRIC_REPRESENTATION_CONTEXT() REPRESENTATION_CONTEXT('2D SPACE',''
  ) );
#7333 = ADVANCED_FACE('',(#7334),#2301,.F.);
#7334 = FACE_BOUND('',#7335,.F.);
#7335 = EDGE_LOOP('',(#7336,#7360,#7381,#7382,#7383,#7384));
#7336 = ORIENTED_EDGE('',*,*,#7337,.T.);
#7337 = EDGE_CURVE('',#7102,#7338,#7340,.T.);
#7338 = VERTEX_POINT('',#7339);
#7339 = CARTESIAN_POINT('',(-75.,50.,17.));
#7340 = SURFACE_CURVE('',#7341,(#7346,#7353),.PCURVE_S1.);
#7341 = CIRCLE('',#7342,17.);
#7342 = AXIS2_PLACEMENT_3D('',#7343,#7344,#7345);
#7343 = CARTESIAN_POINT('',(-58.,50.,17.));
#7344 = DIRECTION('',(0.,0.,1.));
#7345 = DIRECTION('',(0.,-1.,0.));
#7346 = PCURVE('',#2301,#7347);
#7347 = DEFINITIONAL_REPRESENTATION('',(#7348),#7352);
#7348 = LINE('',#7349,#7350);
#7349 = CARTESIAN_POINT('',(-3.14159265359,0.));
#7350 = VECTOR('',#7351,1.);
#7351 = DIRECTION('',(1.,0.));
#7352 = ( GEOMETRIC_REPRESENTATION_CONTEXT(2) 
PARAMETRIC_REPRESENTATION_CONTEXT() REPRESENTATION_CONTEXT('2D SPACE',''
  ) );
#7353 = PCURVE('',#701,#7354);
#7354 = DEFINITIONAL_REPRESENTATION('',(#7355),#7359);
#7355 = CIRCLE('',#7356,17.);
#7356 = AXIS2_PLACEMENT_2D('',#7357,#7358);
#7357 = CARTESIAN_POINT('',(-58.,50.));
#7358 = DIRECTION('',(0.,-1.));
#7359 = ( GEOMETRIC_REPRESENTATION_CONTEXT(2) 
PARAMETRIC_REPRESENTATION_CONTEXT() REPRESENTATION_CONTEXT('2D SPACE',''
  ) );
#7360 = ORIENTED_EDGE('',*,*,#7361,.T.);
#7361 = EDGE_CURVE('',#7338,#2285,#7362,.T.);
#7362 = SURFACE_CURVE('',#7363,(#7367,#7374),.PCURVE_S1.);
#7363 = LINE('',#7364,#7365);
#7364 = CARTESIAN_POINT('',(-75.,50.,17.));
#7365 = VECTOR('',#7366,1.);
#7366 = DIRECTION('',(0.,0.,1.));
#7367 = PCURVE('',#2301,#7368);
#7368 = DEFINITIONAL_REPRESENTATION('',(#7369),#7373);
#7369 = LINE('',#7370,#7371);
#7370 = CARTESIAN_POINT('',(1.570796326795,0.));
#7371 = VECTOR('',#7372,1.);
#7372 = DIRECTION('',(0.,1.));
#7373 = ( GEOMETRIC_REPRESENTATION_CONTEXT(2) 
PARAMETRIC_REPRESENTATION_CONTEXT() REPRESENTATION_CONTEXT('2D SPACE',''
  ) );
#7374 = PCURVE('',#2327,#7375);
#7375 = DEFINITIONAL_REPRESENTATION('',(#7376),#7380);
#7376 = LINE('',#7377,#7378);
#7377 = CARTESIAN_POINT('',(17.,0.));
#7378 = VECTOR('',#7379,1.);
#7379 = DIRECTION('',(0.,-1.));
#7380 = ( GEOMETRIC_REPRESENTATION_CONTEXT(2) 
PARAMETRIC_REPRESENTATION_CONTEXT() REPRESENTATION_CONTEXT('2D SPACE',''
  ) );
#7381 = ORIENTED_EDGE('',*,*,#2284,.F.);
#7382 = ORIENTED_EDGE('',*,*,#7313,.F.);
#7383 = ORIENTED_EDGE('',*,*,#6903,.F.);
#7384 = ORIENTED_EDGE('',*,*,#7134,.F.);
#7385 = ADVANCED_FACE('',(#7386,#7434),#2327,.T.);
#7386 = FACE_BOUND('',#7387,.T.);
#7387 = EDGE_LOOP('',(#7388,#7411,#7412,#7413));
#7388 = ORIENTED_EDGE('',*,*,#7389,.F.);
#7389 = EDGE_CURVE('',#7338,#7390,#7392,.T.);
#7390 = VERTEX_POINT('',#7391);
#7391 = CARTESIAN_POINT('',(-75.,-50.,17.));
#7392 = SURFACE_CURVE('',#7393,(#7397,#7404),.PCURVE_S1.);
#7393 = LINE('',#7394,#7395);
#7394 = CARTESIAN_POINT('',(-75.,67.,17.));
#7395 = VECTOR('',#7396,1.);
#7396 = DIRECTION('',(0.,-1.,0.));
#7397 = PCURVE('',#2327,#7398);
#7398 = DEFINITIONAL_REPRESENTATION('',(#7399),#7403);
#7399 = LINE('',#7400,#7401);
#7400 = CARTESIAN_POINT('',(0.,0.));
#7401 = VECTOR('',#7402,1.);
#7402 = DIRECTION('',(1.,0.));
#7403 = ( GEOMETRIC_REPRESENTATION_CONTEXT(2) 
PARAMETRIC_REPRESENTATION_CONTEXT() REPRESENTATION_CONTEXT('2D SPACE',''
  ) );
#7404 = PCURVE('',#701,#7405);
#7405 = DEFINITIONAL_REPRESENTATION('',(#7406),#7410);
#7406 = LINE('',#7407,#7408);
#7407 = CARTESIAN_POINT('',(-75.,67.));
#7408 = VECTOR('',#7409,1.);
#7409 = DIRECTION('',(0.,-1.));
#7410 = ( GEOMETRIC_REPRESENTATION_CONTEXT(2) 
PARAMETRIC_REPRESENTATION_CONTEXT() REPRESENTATION_CONTEXT('2D SPACE',''
  ) );
#7411 = ORIENTED_EDGE('',*,*,#7361,.T.);
#7412 = ORIENTED_EDGE('',*,*,#2313,.T.);
#7413 = ORIENTED_EDGE('',*,*,#7414,.F.);
#7414 = EDGE_CURVE('',#7390,#2037,#7415,.T.);
#7415 = SURFACE_CURVE('',#7416,(#7420,#7427),.PCURVE_S1.);
#7416 = LINE('',#7417,#7418);
#7417 = CARTESIAN_POINT('',(-75.,-50.,17.));
#7418 = VECTOR('',#7419,1.);
#7419 = DIRECTION('',(0.,0.,1.));
#7420 = PCURVE('',#2327,#7421);
#7421 = DEFINITIONAL_REPRESENTATION('',(#7422),#7426);
#7422 = LINE('',#7423,#7424);
#7423 = CARTESIAN_POINT('',(117.,0.));
#7424 = VECTOR('',#7425,1.);
#7425 = DIRECTION('',(0.,-1.));
#7426 = ( GEOMETRIC_REPRESENTATION_CONTEXT(2) 
PARAMETRIC_REPRESENTATION_CONTEXT() REPRESENTATION_CONTEXT('2D SPACE',''
  ) );
#7427 = PCURVE('',#729,#7428);
#7428 = DEFINITIONAL_REPRESENTATION('',(#7429),#7433);
#7429 = LINE('',#7430,#7431);
#7430 = CARTESIAN_POINT('',(-1.570796326795,0.));
#7431 = VECTOR('',#7432,1.);
#7432 = DIRECTION('',(-0.,1.));
#7433 = ( GEOMETRIC_REPRESENTATION_CONTEXT(2) 
PARAMETRIC_REPRESENTATION_CONTEXT() REPRESENTATION_CONTEXT('2D SPACE',''
  ) );
#7434 = FACE_BOUND('',#7435,.T.);
#7435 = EDGE_LOOP('',(#7436,#7437,#7438,#7439));
#7436 = ORIENTED_EDGE('',*,*,#6129,.T.);
#7437 = ORIENTED_EDGE('',*,*,#5988,.T.);
#7438 = ORIENTED_EDGE('',*,*,#6057,.T.);
#7439 = ORIENTED_EDGE('',*,*,#6104,.T.);
#7440 = ADVANCED_FACE('',(#7441),#783,.F.);
#7441 = FACE_BOUND('',#7442,.F.);
#7442 = EDGE_LOOP('',(#7443,#7465,#7466,#7467));
#7443 = ORIENTED_EDGE('',*,*,#7444,.T.);
#7444 = EDGE_CURVE('',#686,#4560,#7445,.T.);
#7445 = SURFACE_CURVE('',#7446,(#7451,#7458),.PCURVE_S1.);
#7446 = CIRCLE('',#7447,17.);
#7447 = AXIS2_PLACEMENT_3D('',#7448,#7449,#7450);
#7448 = CARTESIAN_POINT('',(58.,-50.,17.));
#7449 = DIRECTION('',(0.,0.,1.));
#7450 = DIRECTION('',(0.,-1.,0.));
#7451 = PCURVE('',#783,#7452);
#7452 = DEFINITIONAL_REPRESENTATION('',(#7453),#7457);
#7453 = LINE('',#7454,#7455);
#7454 = CARTESIAN_POINT('',(0.,0.));
#7455 = VECTOR('',#7456,1.);
#7456 = DIRECTION('',(1.,0.));
#7457 = ( GEOMETRIC_REPRESENTATION_CONTEXT(2) 
PARAMETRIC_REPRESENTATION_CONTEXT() REPRESENTATION_CONTEXT('2D SPACE',''
  ) );
#7458 = PCURVE('',#701,#7459);
#7459 = DEFINITIONAL_REPRESENTATION('',(#7460),#7464);
#7460 = CIRCLE('',#7461,17.);
#7461 = AXIS2_PLACEMENT_2D('',#7462,#7463);
#7462 = CARTESIAN_POINT('',(58.,-50.));
#7463 = DIRECTION('',(0.,-1.));
#7464 = ( GEOMETRIC_REPRESENTATION_CONTEXT(2) 
PARAMETRIC_REPRESENTATION_CONTEXT() REPRESENTATION_CONTEXT('2D SPACE',''
  ) );
#7465 = ORIENTED_EDGE('',*,*,#4584,.T.);
#7466 = ORIENTED_EDGE('',*,*,#2065,.F.);
#7467 = ORIENTED_EDGE('',*,*,#769,.F.);
#7468 = ADVANCED_FACE('',(#7469),#729,.F.);
#7469 = FACE_BOUND('',#7470,.T.);
#7470 = EDGE_LOOP('',(#7471,#7497,#7498,#7499));
#7471 = ORIENTED_EDGE('',*,*,#7472,.T.);
#7472 = EDGE_CURVE('',#684,#7390,#7473,.T.);
#7473 = SURFACE_CURVE('',#7474,(#7479,#7486),.PCURVE_S1.);
#7474 = CIRCLE('',#7475,17.);
#7475 = AXIS2_PLACEMENT_3D('',#7476,#7477,#7478);
#7476 = CARTESIAN_POINT('',(-58.,-50.,17.));
#7477 = DIRECTION('',(-0.,-0.,-1.));
#7478 = DIRECTION('',(0.,-1.,0.));
#7479 = PCURVE('',#729,#7480);
#7480 = DEFINITIONAL_REPRESENTATION('',(#7481),#7485);
#7481 = LINE('',#7482,#7483);
#7482 = CARTESIAN_POINT('',(-0.,0.));
#7483 = VECTOR('',#7484,1.);
#7484 = DIRECTION('',(-1.,0.));
#7485 = ( GEOMETRIC_REPRESENTATION_CONTEXT(2) 
PARAMETRIC_REPRESENTATION_CONTEXT() REPRESENTATION_CONTEXT('2D SPACE',''
  ) );
#7486 = PCURVE('',#701,#7487);
#7487 = DEFINITIONAL_REPRESENTATION('',(#7488),#7496);
#7488 = ( BOUNDED_CURVE() B_SPLINE_CURVE(2,(#7489,#7490,#7491,#7492,
#7493,#7494,#7495),.UNSPECIFIED.,.T.,.F.) B_SPLINE_CURVE_WITH_KNOTS((1,2
    ,2,2,2,1),(-2.094395102393,0.,2.094395102393,4.188790204786,
6.28318530718,8.377580409573),.UNSPECIFIED.) CURVE() 
GEOMETRIC_REPRESENTATION_ITEM() RATIONAL_B_SPLINE_CURVE((1.,0.5,1.,0.5,
1.,0.5,1.)) REPRESENTATION_ITEM('') );
#7489 = CARTESIAN_POINT('',(-58.,-67.));
#7490 = CARTESIAN_POINT('',(-87.44486372867,-67.));
#7491 = CARTESIAN_POINT('',(-72.72243186433,-41.5));
#7492 = CARTESIAN_POINT('',(-58.,-16.));
#7493 = CARTESIAN_POINT('',(-43.27756813566,-41.5));
#7494 = CARTESIAN_POINT('',(-28.55513627132,-67.));
#7495 = CARTESIAN_POINT('',(-58.,-67.));
#7496 = ( GEOMETRIC_REPRESENTATION_CONTEXT(2) 
PARAMETRIC_REPRESENTATION_CONTEXT() REPRESENTATION_CONTEXT('2D SPACE',''
  ) );
#7497 = ORIENTED_EDGE('',*,*,#7414,.T.);
#7498 = ORIENTED_EDGE('',*,*,#2036,.F.);
#7499 = ORIENTED_EDGE('',*,*,#713,.F.);
#7500 = ADVANCED_FACE('',(#7501,#7511),#701,.T.);
#7501 = FACE_BOUND('',#7502,.T.);
#7502 = EDGE_LOOP('',(#7503,#7504,#7505,#7506,#7507,#7508,#7509,#7510));
#7503 = ORIENTED_EDGE('',*,*,#683,.T.);
#7504 = ORIENTED_EDGE('',*,*,#7444,.T.);
#7505 = ORIENTED_EDGE('',*,*,#4559,.T.);
#7506 = ORIENTED_EDGE('',*,*,#4724,.T.);
#7507 = ORIENTED_EDGE('',*,*,#7101,.T.);
#7508 = ORIENTED_EDGE('',*,*,#7337,.T.);
#7509 = ORIENTED_EDGE('',*,*,#7389,.T.);
#7510 = ORIENTED_EDGE('',*,*,#7472,.F.);
#7511 = FACE_BOUND('',#7512,.T.);
#7512 = EDGE_LOOP('',(#7513));
#7513 = ORIENTED_EDGE('',*,*,#7514,.T.);
#7514 = EDGE_CURVE('',#7515,#7515,#7517,.T.);
#7515 = VERTEX_POINT('',#7516);
#7516 = CARTESIAN_POINT('',(54.,-9.,17.));
#7517 = SURFACE_CURVE('',#7518,(#7523,#7534),.PCURVE_S1.);
#7518 = CIRCLE('',#7519,54.);
#7519 = AXIS2_PLACEMENT_3D('',#7520,#7521,#7522);
#7520 = CARTESIAN_POINT('',(0.,-9.,17.));
#7521 = DIRECTION('',(0.,0.,-1.));
#7522 = DIRECTION('',(1.,0.,0.));
#7523 = PCURVE('',#701,#7524);
#7524 = DEFINITIONAL_REPRESENTATION('',(#7525),#7533);
#7525 = ( BOUNDED_CURVE() B_SPLINE_CURVE(2,(#7526,#7527,#7528,#7529,
#7530,#7531,#7532),.UNSPECIFIED.,.T.,.F.) B_SPLINE_CURVE_WITH_KNOTS((1,2
    ,2,2,2,1),(-2.094395102393,0.,2.094395102393,4.188790204786,
6.28318530718,8.377580409573),.UNSPECIFIED.) CURVE() 
GEOMETRIC_REPRESENTATION_ITEM() RATIONAL_B_SPLINE_CURVE((1.,0.5,1.,0.5,
1.,0.5,1.)) REPRESENTATION_ITEM('') );
#7526 = CARTESIAN_POINT('',(54.,-9.));
#7527 = CARTESIAN_POINT('',(54.,-102.5307436087));
#7528 = CARTESIAN_POINT('',(-27.,-55.76537180436));
#7529 = CARTESIAN_POINT('',(-108.,-9.));
#7530 = CARTESIAN_POINT('',(-27.,37.76537180436));
#7531 = CARTESIAN_POINT('',(54.,84.530743608719));
#7532 = CARTESIAN_POINT('',(54.,-9.));
#7533 = ( GEOMETRIC_REPRESENTATION_CONTEXT(2) 
PARAMETRIC_REPRESENTATION_CONTEXT() REPRESENTATION_CONTEXT('2D SPACE',''
  ) );
#7534 = PCURVE('',#7535,#7540);
#7535 = CYLINDRICAL_SURFACE('',#7536,54.);
#7536 = AXIS2_PLACEMENT_3D('',#7537,#7538,#7539);
#7537 = CARTESIAN_POINT('',(0.,-9.,16.));
#7538 = DIRECTION('',(-0.,-0.,-1.));
#7539 = DIRECTION('',(1.,0.,0.));
#7540 = DEFINITIONAL_REPRESENTATION('',(#7541),#7545);
#7541 = LINE('',#7542,#7543);
#7542 = CARTESIAN_POINT('',(-6.28318530718,-1.));
#7543 = VECTOR('',#7544,1.);
#7544 = DIRECTION('',(1.,-0.));
#7545 = ( GEOMETRIC_REPRESENTATION_CONTEXT(2) 
PARAMETRIC_REPRESENTATION_CONTEXT() REPRESENTATION_CONTEXT('2D SPACE',''
  ) );
#7546 = ADVANCED_FACE('',(#7547),#7535,.T.);
#7547 = FACE_BOUND('',#7548,.F.);
#7548 = EDGE_LOOP('',(#7549,#7550,#7573,#7600));
#7549 = ORIENTED_EDGE('',*,*,#7514,.T.);
#7550 = ORIENTED_EDGE('',*,*,#7551,.T.);
#7551 = EDGE_CURVE('',#7515,#7552,#7554,.T.);
#7552 = VERTEX_POINT('',#7553);
#7553 = CARTESIAN_POINT('',(54.,-9.,19.));
#7554 = SEAM_CURVE('',#7555,(#7559,#7566),.PCURVE_S1.);
#7555 = LINE('',#7556,#7557);
#7556 = CARTESIAN_POINT('',(54.,-9.,16.));
#7557 = VECTOR('',#7558,1.);
#7558 = DIRECTION('',(0.,0.,1.));
#7559 = PCURVE('',#7535,#7560);
#7560 = DEFINITIONAL_REPRESENTATION('',(#7561),#7565);
#7561 = LINE('',#7562,#7563);
#7562 = CARTESIAN_POINT('',(-6.28318530718,0.));
#7563 = VECTOR('',#7564,1.);
#7564 = DIRECTION('',(-0.,-1.));
#7565 = ( GEOMETRIC_REPRESENTATION_CONTEXT(2) 
PARAMETRIC_REPRESENTATION_CONTEXT() REPRESENTATION_CONTEXT('2D SPACE',''
  ) );
#7566 = PCURVE('',#7535,#7567);
#7567 = DEFINITIONAL_REPRESENTATION('',(#7568),#7572);
#7568 = LINE('',#7569,#7570);
#7569 = CARTESIAN_POINT('',(-0.,0.));
#7570 = VECTOR('',#7571,1.);
#7571 = DIRECTION('',(-0.,-1.));
#7572 = ( GEOMETRIC_REPRESENTATION_CONTEXT(2) 
PARAMETRIC_REPRESENTATION_CONTEXT() REPRESENTATION_CONTEXT('2D SPACE',''
  ) );
#7573 = ORIENTED_EDGE('',*,*,#7574,.T.);
#7574 = EDGE_CURVE('',#7552,#7552,#7575,.T.);
#7575 = SURFACE_CURVE('',#7576,(#7581,#7588),.PCURVE_S1.);
#7576 = CIRCLE('',#7577,54.);
#7577 = AXIS2_PLACEMENT_3D('',#7578,#7579,#7580);
#7578 = CARTESIAN_POINT('',(0.,-9.,19.));
#7579 = DIRECTION('',(0.,0.,1.));
#7580 = DIRECTION('',(1.,0.,0.));
#7581 = PCURVE('',#7535,#7582);
#7582 = DEFINITIONAL_REPRESENTATION('',(#7583),#7587);
#7583 = LINE('',#7584,#7585);
#7584 = CARTESIAN_POINT('',(-0.,-3.));
#7585 = VECTOR('',#7586,1.);
#7586 = DIRECTION('',(-1.,0.));
#7587 = ( GEOMETRIC_REPRESENTATION_CONTEXT(2) 
PARAMETRIC_REPRESENTATION_CONTEXT() REPRESENTATION_CONTEXT('2D SPACE',''
  ) );
#7588 = PCURVE('',#7589,#7594);
#7589 = PLANE('',#7590);
#7590 = AXIS2_PLACEMENT_3D('',#7591,#7592,#7593);
#7591 = CARTESIAN_POINT('',(-4.86200936014E-15,-9.,19.));
#7592 = DIRECTION('',(0.,0.,1.));
#7593 = DIRECTION('',(1.,0.,-0.));
#7594 = DEFINITIONAL_REPRESENTATION('',(#7595),#7599);
#7595 = CIRCLE('',#7596,54.);
#7596 = AXIS2_PLACEMENT_2D('',#7597,#7598);
#7597 = CARTESIAN_POINT('',(4.86200936014E-15,3.552713678801E-15));
#7598 = DIRECTION('',(1.,0.));
#7599 = ( GEOMETRIC_REPRESENTATION_CONTEXT(2) 
PARAMETRIC_REPRESENTATION_CONTEXT() REPRESENTATION_CONTEXT('2D SPACE',''
  ) );
#7600 = ORIENTED_EDGE('',*,*,#7551,.F.);
#7601 = ADVANCED_FACE('',(#7602,#7605,#7640,#7675,#7710),#7589,.T.);
#7602 = FACE_BOUND('',#7603,.T.);
#7603 = EDGE_LOOP('',(#7604));
#7604 = ORIENTED_EDGE('',*,*,#7574,.T.);
#7605 = FACE_BOUND('',#7606,.T.);
#7606 = EDGE_LOOP('',(#7607));
#7607 = ORIENTED_EDGE('',*,*,#7608,.T.);
#7608 = EDGE_CURVE('',#7609,#7609,#7611,.T.);
#7609 = VERTEX_POINT('',#7610);
#7610 = CARTESIAN_POINT('',(-28.59848480983,-38.69848480983,19.));
#7611 = SURFACE_CURVE('',#7612,(#7617,#7628),.PCURVE_S1.);
#7612 = CIRCLE('',#7613,1.1);
#7613 = AXIS2_PLACEMENT_3D('',#7614,#7615,#7616);
#7614 = CARTESIAN_POINT('',(-29.69848480983,-38.69848480983,19.));
#7615 = DIRECTION('',(0.,0.,-1.));
#7616 = DIRECTION('',(1.,0.,0.));
#7617 = PCURVE('',#7589,#7618);
#7618 = DEFINITIONAL_REPRESENTATION('',(#7619),#7627);
#7619 = ( BOUNDED_CURVE() B_SPLINE_CURVE(2,(#7620,#7621,#7622,#7623,
#7624,#7625,#7626),.UNSPECIFIED.,.T.,.F.) B_SPLINE_CURVE_WITH_KNOTS((1,2
    ,2,2,2,1),(-2.094395102393,0.,2.094395102393,4.188790204786,
6.28318530718,8.377580409573),.UNSPECIFIED.) CURVE() 
GEOMETRIC_REPRESENTATION_ITEM() RATIONAL_B_SPLINE_CURVE((1.,0.5,1.,0.5,
1.,0.5,1.)) REPRESENTATION_ITEM('') );
#7620 = CARTESIAN_POINT('',(-28.59848480983,-29.69848480983));
#7621 = CARTESIAN_POINT('',(-28.59848480983,-31.60374069816));
#7622 = CARTESIAN_POINT('',(-30.24848480983,-30.65111275399));
#7623 = CARTESIAN_POINT('',(-31.89848480983,-29.69848480983));
#7624 = CARTESIAN_POINT('',(-30.24848480983,-28.74585686567));
#7625 = CARTESIAN_POINT('',(-28.59848480983,-27.7932289215));
#7626 = CARTESIAN_POINT('',(-28.59848480983,-29.69848480983));
#7627 = ( GEOMETRIC_REPRESENTATION_CONTEXT(2) 
PARAMETRIC_REPRESENTATION_CONTEXT() REPRESENTATION_CONTEXT('2D SPACE',''
  ) );
#7628 = PCURVE('',#7629,#7634);
#7629 = CYLINDRICAL_SURFACE('',#7630,1.1);
#7630 = AXIS2_PLACEMENT_3D('',#7631,#7632,#7633);
#7631 = CARTESIAN_POINT('',(-29.69848480983,-38.69848480983,16.));
#7632 = DIRECTION('',(-0.,-0.,-1.));
#7633 = DIRECTION('',(1.,0.,0.));
#7634 = DEFINITIONAL_REPRESENTATION('',(#7635),#7639);
#7635 = LINE('',#7636,#7637);
#7636 = CARTESIAN_POINT('',(-6.28318530718,-3.));
#7637 = VECTOR('',#7638,1.);
#7638 = DIRECTION('',(1.,-0.));
#7639 = ( GEOMETRIC_REPRESENTATION_CONTEXT(2) 
PARAMETRIC_REPRESENTATION_CONTEXT() REPRESENTATION_CONTEXT('2D SPACE',''
  ) );
#7640 = FACE_BOUND('',#7641,.T.);
#7641 = EDGE_LOOP('',(#7642));
#7642 = ORIENTED_EDGE('',*,*,#7643,.T.);
#7643 = EDGE_CURVE('',#7644,#7644,#7646,.T.);
#7644 = VERTEX_POINT('',#7645);
#7645 = CARTESIAN_POINT('',(30.798484809835,-38.69848480983,19.));
#7646 = SURFACE_CURVE('',#7647,(#7652,#7663),.PCURVE_S1.);
#7647 = CIRCLE('',#7648,1.1);
#7648 = AXIS2_PLACEMENT_3D('',#7649,#7650,#7651);
#7649 = CARTESIAN_POINT('',(29.698484809835,-38.69848480983,19.));
#7650 = DIRECTION('',(0.,0.,-1.));
#7651 = DIRECTION('',(1.,0.,0.));
#7652 = PCURVE('',#7589,#7653);
#7653 = DEFINITIONAL_REPRESENTATION('',(#7654),#7662);
#7654 = ( BOUNDED_CURVE() B_SPLINE_CURVE(2,(#7655,#7656,#7657,#7658,
#7659,#7660,#7661),.UNSPECIFIED.,.T.,.F.) B_SPLINE_CURVE_WITH_KNOTS((1,2
    ,2,2,2,1),(-2.094395102393,0.,2.094395102393,4.188790204786,
6.28318530718,8.377580409573),.UNSPECIFIED.) CURVE() 
GEOMETRIC_REPRESENTATION_ITEM() RATIONAL_B_SPLINE_CURVE((1.,0.5,1.,0.5,
1.,0.5,1.)) REPRESENTATION_ITEM('') );
#7655 = CARTESIAN_POINT('',(30.798484809835,-29.69848480983));
#7656 = CARTESIAN_POINT('',(30.798484809835,-31.60374069816));
#7657 = CARTESIAN_POINT('',(29.148484809835,-30.65111275399));
#7658 = CARTESIAN_POINT('',(27.498484809835,-29.69848480983));
#7659 = CARTESIAN_POINT('',(29.148484809835,-28.74585686567));
#7660 = CARTESIAN_POINT('',(30.798484809835,-27.7932289215));
#7661 = CARTESIAN_POINT('',(30.798484809835,-29.69848480983));
#7662 = ( GEOMETRIC_REPRESENTATION_CONTEXT(2) 
PARAMETRIC_REPRESENTATION_CONTEXT() REPRESENTATION_CONTEXT('2D SPACE',''
  ) );
#7663 = PCURVE('',#7664,#7669);
#7664 = CYLINDRICAL_SURFACE('',#7665,1.1);
#7665 = AXIS2_PLACEMENT_3D('',#7666,#7667,#7668);
#7666 = CARTESIAN_POINT('',(29.698484809835,-38.69848480983,16.));
#7667 = DIRECTION('',(-0.,-0.,-1.));
#7668 = DIRECTION('',(1.,0.,0.));
#7669 = DEFINITIONAL_REPRESENTATION('',(#7670),#7674);
#7670 = LINE('',#7671,#7672);
#7671 = CARTESIAN_POINT('',(-6.28318530718,-3.));
#7672 = VECTOR('',#7673,1.);
#7673 = DIRECTION('',(1.,-0.));
#7674 = ( GEOMETRIC_REPRESENTATION_CONTEXT(2) 
PARAMETRIC_REPRESENTATION_CONTEXT() REPRESENTATION_CONTEXT('2D SPACE',''
  ) );
#7675 = FACE_BOUND('',#7676,.T.);
#7676 = EDGE_LOOP('',(#7677));
#7677 = ORIENTED_EDGE('',*,*,#7678,.T.);
#7678 = EDGE_CURVE('',#7679,#7679,#7681,.T.);
#7679 = VERTEX_POINT('',#7680);
#7680 = CARTESIAN_POINT('',(-28.59848480983,20.698484809835,19.));
#7681 = SURFACE_CURVE('',#7682,(#7687,#7698),.PCURVE_S1.);
#7682 = CIRCLE('',#7683,1.1);
#7683 = AXIS2_PLACEMENT_3D('',#7684,#7685,#7686);
#7684 = CARTESIAN_POINT('',(-29.69848480983,20.698484809835,19.));
#7685 = DIRECTION('',(0.,0.,-1.));
#7686 = DIRECTION('',(1.,0.,0.));
#7687 = PCURVE('',#7589,#7688);
#7688 = DEFINITIONAL_REPRESENTATION('',(#7689),#7697);
#7689 = ( BOUNDED_CURVE() B_SPLINE_CURVE(2,(#7690,#7691,#7692,#7693,
#7694,#7695,#7696),.UNSPECIFIED.,.T.,.F.) B_SPLINE_CURVE_WITH_KNOTS((1,2
    ,2,2,2,1),(-2.094395102393,0.,2.094395102393,4.188790204786,
6.28318530718,8.377580409573),.UNSPECIFIED.) CURVE() 
GEOMETRIC_REPRESENTATION_ITEM() RATIONAL_B_SPLINE_CURVE((1.,0.5,1.,0.5,
1.,0.5,1.)) REPRESENTATION_ITEM('') );
#7690 = CARTESIAN_POINT('',(-28.59848480983,29.698484809835));
#7691 = CARTESIAN_POINT('',(-28.59848480983,27.793228921509));
#7692 = CARTESIAN_POINT('',(-30.24848480983,28.745856865672));
#7693 = CARTESIAN_POINT('',(-31.89848480983,29.698484809835));
#7694 = CARTESIAN_POINT('',(-30.24848480983,30.651112753998));
#7695 = CARTESIAN_POINT('',(-28.59848480983,31.603740698161));
#7696 = CARTESIAN_POINT('',(-28.59848480983,29.698484809835));
#7697 = ( GEOMETRIC_REPRESENTATION_CONTEXT(2) 
PARAMETRIC_REPRESENTATION_CONTEXT() REPRESENTATION_CONTEXT('2D SPACE',''
  ) );
#7698 = PCURVE('',#7699,#7704);
#7699 = CYLINDRICAL_SURFACE('',#7700,1.1);
#7700 = AXIS2_PLACEMENT_3D('',#7701,#7702,#7703);
#7701 = CARTESIAN_POINT('',(-29.69848480983,20.698484809835,16.));
#7702 = DIRECTION('',(-0.,-0.,-1.));
#7703 = DIRECTION('',(1.,0.,0.));
#7704 = DEFINITIONAL_REPRESENTATION('',(#7705),#7709);
#7705 = LINE('',#7706,#7707);
#7706 = CARTESIAN_POINT('',(-6.28318530718,-3.));
#7707 = VECTOR('',#7708,1.);
#7708 = DIRECTION('',(1.,-0.));
#7709 = ( GEOMETRIC_REPRESENTATION_CONTEXT(2) 
PARAMETRIC_REPRESENTATION_CONTEXT() REPRESENTATION_CONTEXT('2D SPACE',''
  ) );
#7710 = FACE_BOUND('',#7711,.T.);
#7711 = EDGE_LOOP('',(#7712));
#7712 = ORIENTED_EDGE('',*,*,#7713,.T.);
#7713 = EDGE_CURVE('',#7714,#7714,#7716,.T.);
#7714 = VERTEX_POINT('',#7715);
#7715 = CARTESIAN_POINT('',(30.798484809835,20.698484809835,19.));
#7716 = SURFACE_CURVE('',#7717,(#7722,#7733),.PCURVE_S1.);
#7717 = CIRCLE('',#7718,1.1);
#7718 = AXIS2_PLACEMENT_3D('',#7719,#7720,#7721);
#7719 = CARTESIAN_POINT('',(29.698484809835,20.698484809835,19.));
#7720 = DIRECTION('',(0.,0.,-1.));
#7721 = DIRECTION('',(1.,0.,0.));
#7722 = PCURVE('',#7589,#7723);
#7723 = DEFINITIONAL_REPRESENTATION('',(#7724),#7732);
#7724 = ( BOUNDED_CURVE() B_SPLINE_CURVE(2,(#7725,#7726,#7727,#7728,
#7729,#7730,#7731),.UNSPECIFIED.,.T.,.F.) B_SPLINE_CURVE_WITH_KNOTS((1,2
    ,2,2,2,1),(-2.094395102393,0.,2.094395102393,4.188790204786,
6.28318530718,8.377580409573),.UNSPECIFIED.) CURVE() 
GEOMETRIC_REPRESENTATION_ITEM() RATIONAL_B_SPLINE_CURVE((1.,0.5,1.,0.5,
1.,0.5,1.)) REPRESENTATION_ITEM('') );
#7725 = CARTESIAN_POINT('',(30.798484809835,29.698484809835));
#7726 = CARTESIAN_POINT('',(30.798484809835,27.793228921509));
#7727 = CARTESIAN_POINT('',(29.148484809835,28.745856865672));
#7728 = CARTESIAN_POINT('',(27.498484809835,29.698484809835));
#7729 = CARTESIAN_POINT('',(29.148484809835,30.651112753998));
#7730 = CARTESIAN_POINT('',(30.798484809835,31.603740698161));
#7731 = CARTESIAN_POINT('',(30.798484809835,29.698484809835));
#7732 = ( GEOMETRIC_REPRESENTATION_CONTEXT(2) 
PARAMETRIC_REPRESENTATION_CONTEXT() REPRESENTATION_CONTEXT('2D SPACE',''
  ) );
#7733 = PCURVE('',#7734,#7739);
#7734 = CYLINDRICAL_SURFACE('',#7735,1.1);
#7735 = AXIS2_PLACEMENT_3D('',#7736,#7737,#7738);
#7736 = CARTESIAN_POINT('',(29.698484809835,20.698484809835,16.));
#7737 = DIRECTION('',(-0.,-0.,-1.));
#7738 = DIRECTION('',(1.,0.,0.));
#7739 = DEFINITIONAL_REPRESENTATION('',(#7740),#7744);
#7740 = LINE('',#7741,#7742);
#7741 = CARTESIAN_POINT('',(-6.28318530718,-3.));
#7742 = VECTOR('',#7743,1.);
#7743 = DIRECTION('',(1.,-0.));
#7744 = ( GEOMETRIC_REPRESENTATION_CONTEXT(2) 
PARAMETRIC_REPRESENTATION_CONTEXT() REPRESENTATION_CONTEXT('2D SPACE',''
  ) );
#7745 = ADVANCED_FACE('',(#7746),#7734,.F.);
#7746 = FACE_BOUND('',#7747,.T.);
#7747 = EDGE_LOOP('',(#7748,#7777,#7798,#7799));
#7748 = ORIENTED_EDGE('',*,*,#7749,.F.);
#7749 = EDGE_CURVE('',#7750,#7750,#7752,.T.);
#7750 = VERTEX_POINT('',#7751);
#7751 = CARTESIAN_POINT('',(30.798484809835,20.698484809835,16.));
#7752 = SURFACE_CURVE('',#7753,(#7758,#7765),.PCURVE_S1.);
#7753 = CIRCLE('',#7754,1.1);
#7754 = AXIS2_PLACEMENT_3D('',#7755,#7756,#7757);
#7755 = CARTESIAN_POINT('',(29.698484809835,20.698484809835,16.));
#7756 = DIRECTION('',(0.,0.,1.));
#7757 = DIRECTION('',(1.,0.,0.));
#7758 = PCURVE('',#7734,#7759);
#7759 = DEFINITIONAL_REPRESENTATION('',(#7760),#7764);
#7760 = LINE('',#7761,#7762);
#7761 = CARTESIAN_POINT('',(-0.,0.));
#7762 = VECTOR('',#7763,1.);
#7763 = DIRECTION('',(-1.,0.));
#7764 = ( GEOMETRIC_REPRESENTATION_CONTEXT(2) 
PARAMETRIC_REPRESENTATION_CONTEXT() REPRESENTATION_CONTEXT('2D SPACE',''
  ) );
#7765 = PCURVE('',#7766,#7771);
#7766 = PLANE('',#7767);
#7767 = AXIS2_PLACEMENT_3D('',#7768,#7769,#7770);
#7768 = CARTESIAN_POINT('',(29.698484809835,20.698484809835,16.));
#7769 = DIRECTION('',(0.,0.,1.));
#7770 = DIRECTION('',(1.,0.,-0.));
#7771 = DEFINITIONAL_REPRESENTATION('',(#7772),#7776);
#7772 = CIRCLE('',#7773,1.1);
#7773 = AXIS2_PLACEMENT_2D('',#7774,#7775);
#7774 = CARTESIAN_POINT('',(0.,-3.552713678801E-15));
#7775 = DIRECTION('',(1.,0.));
#7776 = ( GEOMETRIC_REPRESENTATION_CONTEXT(2) 
PARAMETRIC_REPRESENTATION_CONTEXT() REPRESENTATION_CONTEXT('2D SPACE',''
  ) );
#7777 = ORIENTED_EDGE('',*,*,#7778,.T.);
#7778 = EDGE_CURVE('',#7750,#7714,#7779,.T.);
#7779 = SEAM_CURVE('',#7780,(#7784,#7791),.PCURVE_S1.);
#7780 = LINE('',#7781,#7782);
#7781 = CARTESIAN_POINT('',(30.798484809835,20.698484809835,16.));
#7782 = VECTOR('',#7783,1.);
#7783 = DIRECTION('',(0.,0.,1.));
#7784 = PCURVE('',#7734,#7785);
#7785 = DEFINITIONAL_REPRESENTATION('',(#7786),#7790);
#7786 = LINE('',#7787,#7788);
#7787 = CARTESIAN_POINT('',(-6.28318530718,0.));
#7788 = VECTOR('',#7789,1.);
#7789 = DIRECTION('',(-0.,-1.));
#7790 = ( GEOMETRIC_REPRESENTATION_CONTEXT(2) 
PARAMETRIC_REPRESENTATION_CONTEXT() REPRESENTATION_CONTEXT('2D SPACE',''
  ) );
#7791 = PCURVE('',#7734,#7792);
#7792 = DEFINITIONAL_REPRESENTATION('',(#7793),#7797);
#7793 = LINE('',#7794,#7795);
#7794 = CARTESIAN_POINT('',(-0.,0.));
#7795 = VECTOR('',#7796,1.);
#7796 = DIRECTION('',(-0.,-1.));
#7797 = ( GEOMETRIC_REPRESENTATION_CONTEXT(2) 
PARAMETRIC_REPRESENTATION_CONTEXT() REPRESENTATION_CONTEXT('2D SPACE',''
  ) );
#7798 = ORIENTED_EDGE('',*,*,#7713,.F.);
#7799 = ORIENTED_EDGE('',*,*,#7778,.F.);
#7800 = ADVANCED_FACE('',(#7801),#7766,.T.);
#7801 = FACE_BOUND('',#7802,.T.);
#7802 = EDGE_LOOP('',(#7803));
#7803 = ORIENTED_EDGE('',*,*,#7749,.T.);
#7804 = ADVANCED_FACE('',(#7805),#7699,.F.);
#7805 = FACE_BOUND('',#7806,.T.);
#7806 = EDGE_LOOP('',(#7807,#7836,#7857,#7858));
#7807 = ORIENTED_EDGE('',*,*,#7808,.F.);
#7808 = EDGE_CURVE('',#7809,#7809,#7811,.T.);
#7809 = VERTEX_POINT('',#7810);
#7810 = CARTESIAN_POINT('',(-28.59848480983,20.698484809835,16.));
#7811 = SURFACE_CURVE('',#7812,(#7817,#7824),.PCURVE_S1.);
#7812 = CIRCLE('',#7813,1.1);
#7813 = AXIS2_PLACEMENT_3D('',#7814,#7815,#7816);
#7814 = CARTESIAN_POINT('',(-29.69848480983,20.698484809835,16.));
#7815 = DIRECTION('',(0.,0.,1.));
#7816 = DIRECTION('',(1.,0.,0.));
#7817 = PCURVE('',#7699,#7818);
#7818 = DEFINITIONAL_REPRESENTATION('',(#7819),#7823);
#7819 = LINE('',#7820,#7821);
#7820 = CARTESIAN_POINT('',(-0.,0.));
#7821 = VECTOR('',#7822,1.);
#7822 = DIRECTION('',(-1.,0.));
#7823 = ( GEOMETRIC_REPRESENTATION_CONTEXT(2) 
PARAMETRIC_REPRESENTATION_CONTEXT() REPRESENTATION_CONTEXT('2D SPACE',''
  ) );
#7824 = PCURVE('',#7825,#7830);
#7825 = PLANE('',#7826);
#7826 = AXIS2_PLACEMENT_3D('',#7827,#7828,#7829);
#7827 = CARTESIAN_POINT('',(-29.69848480983,20.698484809835,16.));
#7828 = DIRECTION('',(0.,0.,1.));
#7829 = DIRECTION('',(1.,0.,-0.));
#7830 = DEFINITIONAL_REPRESENTATION('',(#7831),#7835);
#7831 = CIRCLE('',#7832,1.1);
#7832 = AXIS2_PLACEMENT_2D('',#7833,#7834);
#7833 = CARTESIAN_POINT('',(0.,0.));
#7834 = DIRECTION('',(1.,0.));
#7835 = ( GEOMETRIC_REPRESENTATION_CONTEXT(2) 
PARAMETRIC_REPRESENTATION_CONTEXT() REPRESENTATION_CONTEXT('2D SPACE',''
  ) );
#7836 = ORIENTED_EDGE('',*,*,#7837,.T.);
#7837 = EDGE_CURVE('',#7809,#7679,#7838,.T.);
#7838 = SEAM_CURVE('',#7839,(#7843,#7850),.PCURVE_S1.);
#7839 = LINE('',#7840,#7841);
#7840 = CARTESIAN_POINT('',(-28.59848480983,20.698484809835,16.));
#7841 = VECTOR('',#7842,1.);
#7842 = DIRECTION('',(0.,0.,1.));
#7843 = PCURVE('',#7699,#7844);
#7844 = DEFINITIONAL_REPRESENTATION('',(#7845),#7849);
#7845 = LINE('',#7846,#7847);
#7846 = CARTESIAN_POINT('',(-6.28318530718,0.));
#7847 = VECTOR('',#7848,1.);
#7848 = DIRECTION('',(-0.,-1.));
#7849 = ( GEOMETRIC_REPRESENTATION_CONTEXT(2) 
PARAMETRIC_REPRESENTATION_CONTEXT() REPRESENTATION_CONTEXT('2D SPACE',''
  ) );
#7850 = PCURVE('',#7699,#7851);
#7851 = DEFINITIONAL_REPRESENTATION('',(#7852),#7856);
#7852 = LINE('',#7853,#7854);
#7853 = CARTESIAN_POINT('',(-0.,0.));
#7854 = VECTOR('',#7855,1.);
#7855 = DIRECTION('',(-0.,-1.));
#7856 = ( GEOMETRIC_REPRESENTATION_CONTEXT(2) 
PARAMETRIC_REPRESENTATION_CONTEXT() REPRESENTATION_CONTEXT('2D SPACE',''
  ) );
#7857 = ORIENTED_EDGE('',*,*,#7678,.F.);
#7858 = ORIENTED_EDGE('',*,*,#7837,.F.);
#7859 = ADVANCED_FACE('',(#7860),#7825,.T.);
#7860 = FACE_BOUND('',#7861,.T.);
#7861 = EDGE_LOOP('',(#7862));
#7862 = ORIENTED_EDGE('',*,*,#7808,.T.);
#7863 = ADVANCED_FACE('',(#7864),#7664,.F.);
#7864 = FACE_BOUND('',#7865,.T.);
#7865 = EDGE_LOOP('',(#7866,#7895,#7916,#7917));
#7866 = ORIENTED_EDGE('',*,*,#7867,.F.);
#7867 = EDGE_CURVE('',#7868,#7868,#7870,.T.);
#7868 = VERTEX_POINT('',#7869);
#7869 = CARTESIAN_POINT('',(30.798484809835,-38.69848480983,16.));
#7870 = SURFACE_CURVE('',#7871,(#7876,#7883),.PCURVE_S1.);
#7871 = CIRCLE('',#7872,1.1);
#7872 = AXIS2_PLACEMENT_3D('',#7873,#7874,#7875);
#7873 = CARTESIAN_POINT('',(29.698484809835,-38.69848480983,16.));
#7874 = DIRECTION('',(0.,0.,1.));
#7875 = DIRECTION('',(1.,0.,0.));
#7876 = PCURVE('',#7664,#7877);
#7877 = DEFINITIONAL_REPRESENTATION('',(#7878),#7882);
#7878 = LINE('',#7879,#7880);
#7879 = CARTESIAN_POINT('',(-0.,0.));
#7880 = VECTOR('',#7881,1.);
#7881 = DIRECTION('',(-1.,0.));
#7882 = ( GEOMETRIC_REPRESENTATION_CONTEXT(2) 
PARAMETRIC_REPRESENTATION_CONTEXT() REPRESENTATION_CONTEXT('2D SPACE',''
  ) );
#7883 = PCURVE('',#7884,#7889);
#7884 = PLANE('',#7885);
#7885 = AXIS2_PLACEMENT_3D('',#7886,#7887,#7888);
#7886 = CARTESIAN_POINT('',(29.698484809835,-38.69848480983,16.));
#7887 = DIRECTION('',(0.,0.,1.));
#7888 = DIRECTION('',(1.,0.,-0.));
#7889 = DEFINITIONAL_REPRESENTATION('',(#7890),#7894);
#7890 = CIRCLE('',#7891,1.1);
#7891 = AXIS2_PLACEMENT_2D('',#7892,#7893);
#7892 = CARTESIAN_POINT('',(3.552713678801E-15,0.));
#7893 = DIRECTION('',(1.,0.));
#7894 = ( GEOMETRIC_REPRESENTATION_CONTEXT(2) 
PARAMETRIC_REPRESENTATION_CONTEXT() REPRESENTATION_CONTEXT('2D SPACE',''
  ) );
#7895 = ORIENTED_EDGE('',*,*,#7896,.T.);
#7896 = EDGE_CURVE('',#7868,#7644,#7897,.T.);
#7897 = SEAM_CURVE('',#7898,(#7902,#7909),.PCURVE_S1.);
#7898 = LINE('',#7899,#7900);
#7899 = CARTESIAN_POINT('',(30.798484809835,-38.69848480983,16.));
#7900 = VECTOR('',#7901,1.);
#7901 = DIRECTION('',(0.,0.,1.));
#7902 = PCURVE('',#7664,#7903);
#7903 = DEFINITIONAL_REPRESENTATION('',(#7904),#7908);
#7904 = LINE('',#7905,#7906);
#7905 = CARTESIAN_POINT('',(-6.28318530718,0.));
#7906 = VECTOR('',#7907,1.);
#7907 = DIRECTION('',(-0.,-1.));
#7908 = ( GEOMETRIC_REPRESENTATION_CONTEXT(2) 
PARAMETRIC_REPRESENTATION_CONTEXT() REPRESENTATION_CONTEXT('2D SPACE',''
  ) );
#7909 = PCURVE('',#7664,#7910);
#7910 = DEFINITIONAL_REPRESENTATION('',(#7911),#7915);
#7911 = LINE('',#7912,#7913);
#7912 = CARTESIAN_POINT('',(-0.,0.));
#7913 = VECTOR('',#7914,1.);
#7914 = DIRECTION('',(-0.,-1.));
#7915 = ( GEOMETRIC_REPRESENTATION_CONTEXT(2) 
PARAMETRIC_REPRESENTATION_CONTEXT() REPRESENTATION_CONTEXT('2D SPACE',''
  ) );
#7916 = ORIENTED_EDGE('',*,*,#7643,.F.);
#7917 = ORIENTED_EDGE('',*,*,#7896,.F.);
#7918 = ADVANCED_FACE('',(#7919),#7884,.T.);
#7919 = FACE_BOUND('',#7920,.T.);
#7920 = EDGE_LOOP('',(#7921));
#7921 = ORIENTED_EDGE('',*,*,#7867,.T.);
#7922 = ADVANCED_FACE('',(#7923),#7629,.F.);
#7923 = FACE_BOUND('',#7924,.T.);
#7924 = EDGE_LOOP('',(#7925,#7954,#7975,#7976));
#7925 = ORIENTED_EDGE('',*,*,#7926,.F.);
#7926 = EDGE_CURVE('',#7927,#7927,#7929,.T.);
#7927 = VERTEX_POINT('',#7928);
#7928 = CARTESIAN_POINT('',(-28.59848480983,-38.69848480983,16.));
#7929 = SURFACE_CURVE('',#7930,(#7935,#7942),.PCURVE_S1.);
#7930 = CIRCLE('',#7931,1.1);
#7931 = AXIS2_PLACEMENT_3D('',#7932,#7933,#7934);
#7932 = CARTESIAN_POINT('',(-29.69848480983,-38.69848480983,16.));
#7933 = DIRECTION('',(0.,0.,1.));
#7934 = DIRECTION('',(1.,0.,0.));
#7935 = PCURVE('',#7629,#7936);
#7936 = DEFINITIONAL_REPRESENTATION('',(#7937),#7941);
#7937 = LINE('',#7938,#7939);
#7938 = CARTESIAN_POINT('',(-0.,0.));
#7939 = VECTOR('',#7940,1.);
#7940 = DIRECTION('',(-1.,0.));
#7941 = ( GEOMETRIC_REPRESENTATION_CONTEXT(2) 
PARAMETRIC_REPRESENTATION_CONTEXT() REPRESENTATION_CONTEXT('2D SPACE',''
  ) );
#7942 = PCURVE('',#7943,#7948);
#7943 = PLANE('',#7944);
#7944 = AXIS2_PLACEMENT_3D('',#7945,#7946,#7947);
#7945 = CARTESIAN_POINT('',(-29.69848480983,-38.69848480983,16.));
#7946 = DIRECTION('',(0.,0.,1.));
#7947 = DIRECTION('',(1.,0.,-0.));
#7948 = DEFINITIONAL_REPRESENTATION('',(#7949),#7953);
#7949 = CIRCLE('',#7950,1.1);
#7950 = AXIS2_PLACEMENT_2D('',#7951,#7952);
#7951 = CARTESIAN_POINT('',(3.552713678801E-15,0.));
#7952 = DIRECTION('',(1.,0.));
#7953 = ( GEOMETRIC_REPRESENTATION_CONTEXT(2) 
PARAMETRIC_REPRESENTATION_CONTEXT() REPRESENTATION_CONTEXT('2D SPACE',''
  ) );
#7954 = ORIENTED_EDGE('',*,*,#7955,.T.);
#7955 = EDGE_CURVE('',#7927,#7609,#7956,.T.);
#7956 = SEAM_CURVE('',#7957,(#7961,#7968),.PCURVE_S1.);
#7957 = LINE('',#7958,#7959);
#7958 = CARTESIAN_POINT('',(-28.59848480983,-38.69848480983,16.));
#7959 = VECTOR('',#7960,1.);
#7960 = DIRECTION('',(0.,0.,1.));
#7961 = PCURVE('',#7629,#7962);
#7962 = DEFINITIONAL_REPRESENTATION('',(#7963),#7967);
#7963 = LINE('',#7964,#7965);
#7964 = CARTESIAN_POINT('',(-6.28318530718,0.));
#7965 = VECTOR('',#7966,1.);
#7966 = DIRECTION('',(-0.,-1.));
#7967 = ( GEOMETRIC_REPRESENTATION_CONTEXT(2) 
PARAMETRIC_REPRESENTATION_CONTEXT() REPRESENTATION_CONTEXT('2D SPACE',''
  ) );
#7968 = PCURVE('',#7629,#7969);
#7969 = DEFINITIONAL_REPRESENTATION('',(#7970),#7974);
#7970 = LINE('',#7971,#7972);
#7971 = CARTESIAN_POINT('',(-0.,0.));
#7972 = VECTOR('',#7973,1.);
#7973 = DIRECTION('',(-0.,-1.));
#7974 = ( GEOMETRIC_REPRESENTATION_CONTEXT(2) 
PARAMETRIC_REPRESENTATION_CONTEXT() REPRESENTATION_CONTEXT('2D SPACE',''
  ) );
#7975 = ORIENTED_EDGE('',*,*,#7608,.F.);
#7976 = ORIENTED_EDGE('',*,*,#7955,.F.);
#7977 = ADVANCED_FACE('',(#7978),#7943,.T.);
#7978 = FACE_BOUND('',#7979,.T.);
#7979 = EDGE_LOOP('',(#7980));
#7980 = ORIENTED_EDGE('',*,*,#7926,.T.);
#7981 = ADVANCED_FACE('',(#7982),#540,.T.);
#7982 = FACE_BOUND('',#7983,.T.);
#7983 = EDGE_LOOP('',(#7984,#7985,#8004,#8005));
#7984 = ORIENTED_EDGE('',*,*,#1384,.F.);
#7985 = ORIENTED_EDGE('',*,*,#7986,.F.);
#7986 = EDGE_CURVE('',#504,#1364,#7987,.T.);
#7987 = SURFACE_CURVE('',#7988,(#7992,#7998),.PCURVE_S1.);
#7988 = LINE('',#7989,#7990);
#7989 = CARTESIAN_POINT('',(32.,-65.25,124.));
#7990 = VECTOR('',#7991,1.);
#7991 = DIRECTION('',(0.,1.,-0.));
#7992 = PCURVE('',#540,#7993);
#7993 = DEFINITIONAL_REPRESENTATION('',(#7994),#7997);
#7994 = B_SPLINE_CURVE_WITH_KNOTS('',1,(#7995,#7996),.UNSPECIFIED.,.F.,
  .F.,(2,2),(-4.75,-3.25),.PIECEWISE_BEZIER_KNOTS.);
#7995 = CARTESIAN_POINT('',(5.5,-1.5));
#7996 = CARTESIAN_POINT('',(5.5,0.));
#7997 = ( GEOMETRIC_REPRESENTATION_CONTEXT(2) 
PARAMETRIC_REPRESENTATION_CONTEXT() REPRESENTATION_CONTEXT('2D SPACE',''
  ) );
#7998 = PCURVE('',#414,#7999);
#7999 = DEFINITIONAL_REPRESENTATION('',(#8000),#8003);
#8000 = B_SPLINE_CURVE_WITH_KNOTS('',1,(#8001,#8002),.UNSPECIFIED.,.F.,
  .F.,(2,2),(-4.75,-3.25),.PIECEWISE_BEZIER_KNOTS.);
#8001 = CARTESIAN_POINT('',(16.,-8.));
#8002 = CARTESIAN_POINT('',(16.,-6.5));
#8003 = ( GEOMETRIC_REPRESENTATION_CONTEXT(2) 
PARAMETRIC_REPRESENTATION_CONTEXT() REPRESENTATION_CONTEXT('2D SPACE',''
  ) );
#8004 = ORIENTED_EDGE('',*,*,#524,.T.);
#8005 = ORIENTED_EDGE('',*,*,#8006,.F.);
#8006 = EDGE_CURVE('',#1385,#525,#8007,.T.);
#8007 = SURFACE_CURVE('',#8008,(#8012,#8019),.PCURVE_S1.);
#8008 = LINE('',#8009,#8010);
#8009 = CARTESIAN_POINT('',(32.,-68.5,137.5));
#8010 = VECTOR('',#8011,1.);
#8011 = DIRECTION('',(0.,-1.,0.));
#8012 = PCURVE('',#540,#8013);
#8013 = DEFINITIONAL_REPRESENTATION('',(#8014),#8018);
#8014 = LINE('',#8015,#8016);
#8015 = CARTESIAN_POINT('',(19.,0.));
#8016 = VECTOR('',#8017,1.);
#8017 = DIRECTION('',(0.,-1.));
#8018 = ( GEOMETRIC_REPRESENTATION_CONTEXT(2) 
PARAMETRIC_REPRESENTATION_CONTEXT() REPRESENTATION_CONTEXT('2D SPACE',''
  ) );
#8019 = PCURVE('',#568,#8020);
#8020 = DEFINITIONAL_REPRESENTATION('',(#8021),#8025);
#8021 = LINE('',#8022,#8023);
#8022 = CARTESIAN_POINT('',(0.,0.));
#8023 = VECTOR('',#8024,1.);
#8024 = DIRECTION('',(0.,-1.));
#8025 = ( GEOMETRIC_REPRESENTATION_CONTEXT(2) 
PARAMETRIC_REPRESENTATION_CONTEXT() REPRESENTATION_CONTEXT('2D SPACE',''
  ) );
#8026 = ADVANCED_FACE('',(#8027),#466,.T.);
#8027 = FACE_BOUND('',#8028,.T.);
#8028 = EDGE_LOOP('',(#8029,#8030,#8051,#8052));
#8029 = ORIENTED_EDGE('',*,*,#1237,.F.);
#8030 = ORIENTED_EDGE('',*,*,#8031,.T.);
#8031 = EDGE_CURVE('',#1217,#426,#8032,.T.);
#8032 = SURFACE_CURVE('',#8033,(#8037,#8044),.PCURVE_S1.);
#8033 = LINE('',#8034,#8035);
#8034 = CARTESIAN_POINT('',(-48.,-62.,48.));
#8035 = VECTOR('',#8036,1.);
#8036 = DIRECTION('',(0.,-1.,0.));
#8037 = PCURVE('',#466,#8038);
#8038 = DEFINITIONAL_REPRESENTATION('',(#8039),#8043);
#8039 = LINE('',#8040,#8041);
#8040 = CARTESIAN_POINT('',(0.,0.));
#8041 = VECTOR('',#8042,1.);
#8042 = DIRECTION('',(0.,-1.));
#8043 = ( GEOMETRIC_REPRESENTATION_CONTEXT(2) 
PARAMETRIC_REPRESENTATION_CONTEXT() REPRESENTATION_CONTEXT('2D SPACE',''
  ) );
#8044 = PCURVE('',#440,#8045);
#8045 = DEFINITIONAL_REPRESENTATION('',(#8046),#8050);
#8046 = LINE('',#8047,#8048);
#8047 = CARTESIAN_POINT('',(76.,0.));
#8048 = VECTOR('',#8049,1.);
#8049 = DIRECTION('',(0.,-1.));
#8050 = ( GEOMETRIC_REPRESENTATION_CONTEXT(2) 
PARAMETRIC_REPRESENTATION_CONTEXT() REPRESENTATION_CONTEXT('2D SPACE',''
  ) );
#8051 = ORIENTED_EDGE('',*,*,#451,.T.);
#8052 = ORIENTED_EDGE('',*,*,#637,.F.);
#8053 = ADVANCED_FACE('',(#8054),#568,.T.);
#8054 = FACE_BOUND('',#8055,.T.);
#8055 = EDGE_LOOP('',(#8056,#8057,#8058,#8079));
#8056 = ORIENTED_EDGE('',*,*,#8006,.T.);
#8057 = ORIENTED_EDGE('',*,*,#552,.T.);
#8058 = ORIENTED_EDGE('',*,*,#8059,.F.);
#8059 = EDGE_CURVE('',#1339,#553,#8060,.T.);
#8060 = SURFACE_CURVE('',#8061,(#8065,#8072),.PCURVE_S1.);
#8061 = LINE('',#8062,#8063);
#8062 = CARTESIAN_POINT('',(-32.,-68.5,137.5));
#8063 = VECTOR('',#8064,1.);
#8064 = DIRECTION('',(0.,-1.,0.));
#8065 = PCURVE('',#568,#8066);
#8066 = DEFINITIONAL_REPRESENTATION('',(#8067),#8071);
#8067 = LINE('',#8068,#8069);
#8068 = CARTESIAN_POINT('',(64.,0.));
#8069 = VECTOR('',#8070,1.);
#8070 = DIRECTION('',(0.,-1.));
#8071 = ( GEOMETRIC_REPRESENTATION_CONTEXT(2) 
PARAMETRIC_REPRESENTATION_CONTEXT() REPRESENTATION_CONTEXT('2D SPACE',''
  ) );
#8072 = PCURVE('',#594,#8073);
#8073 = DEFINITIONAL_REPRESENTATION('',(#8074),#8078);
#8074 = LINE('',#8075,#8076);
#8075 = CARTESIAN_POINT('',(0.,0.));
#8076 = VECTOR('',#8077,1.);
#8077 = DIRECTION('',(0.,-1.));
#8078 = ( GEOMETRIC_REPRESENTATION_CONTEXT(2) 
PARAMETRIC_REPRESENTATION_CONTEXT() REPRESENTATION_CONTEXT('2D SPACE',''
  ) );
#8079 = ORIENTED_EDGE('',*,*,#1407,.F.);
#8080 = ADVANCED_FACE('',(#8081),#440,.T.);
#8081 = FACE_BOUND('',#8082,.T.);
#8082 = EDGE_LOOP('',(#8083,#8084,#8105,#8106));
#8083 = ORIENTED_EDGE('',*,*,#1214,.F.);
#8084 = ORIENTED_EDGE('',*,*,#8085,.T.);
#8085 = EDGE_CURVE('',#1215,#400,#8086,.T.);
#8086 = SURFACE_CURVE('',#8087,(#8091,#8098),.PCURVE_S1.);
#8087 = LINE('',#8088,#8089);
#8088 = CARTESIAN_POINT('',(-48.,-62.,124.));
#8089 = VECTOR('',#8090,1.);
#8090 = DIRECTION('',(0.,-1.,0.));
#8091 = PCURVE('',#440,#8092);
#8092 = DEFINITIONAL_REPRESENTATION('',(#8093),#8097);
#8093 = LINE('',#8094,#8095);
#8094 = CARTESIAN_POINT('',(0.,0.));
#8095 = VECTOR('',#8096,1.);
#8096 = DIRECTION('',(0.,-1.));
#8097 = ( GEOMETRIC_REPRESENTATION_CONTEXT(2) 
PARAMETRIC_REPRESENTATION_CONTEXT() REPRESENTATION_CONTEXT('2D SPACE',''
  ) );
#8098 = PCURVE('',#414,#8099);
#8099 = DEFINITIONAL_REPRESENTATION('',(#8100),#8104);
#8100 = LINE('',#8101,#8102);
#8101 = CARTESIAN_POINT('',(96.,0.));
#8102 = VECTOR('',#8103,1.);
#8103 = DIRECTION('',(0.,-1.));
#8104 = ( GEOMETRIC_REPRESENTATION_CONTEXT(2) 
PARAMETRIC_REPRESENTATION_CONTEXT() REPRESENTATION_CONTEXT('2D SPACE',''
  ) );
#8105 = ORIENTED_EDGE('',*,*,#425,.T.);
#8106 = ORIENTED_EDGE('',*,*,#8031,.F.);
#8107 = ADVANCED_FACE('',(#8108),#594,.T.);
#8108 = FACE_BOUND('',#8109,.T.);
#8109 = EDGE_LOOP('',(#8110,#8111,#8112,#8113));
#8110 = ORIENTED_EDGE('',*,*,#1338,.F.);
#8111 = ORIENTED_EDGE('',*,*,#8059,.T.);
#8112 = ORIENTED_EDGE('',*,*,#580,.T.);
#8113 = ORIENTED_EDGE('',*,*,#8114,.F.);
#8114 = EDGE_CURVE('',#1341,#398,#8115,.T.);
#8115 = SURFACE_CURVE('',#8116,(#8120,#8126),.PCURVE_S1.);
#8116 = LINE('',#8117,#8118);
#8117 = CARTESIAN_POINT('',(-32.,-65.25,124.));
#8118 = VECTOR('',#8119,1.);
#8119 = DIRECTION('',(0.,-1.,0.));
#8120 = PCURVE('',#594,#8121);
#8121 = DEFINITIONAL_REPRESENTATION('',(#8122),#8125);
#8122 = B_SPLINE_CURVE_WITH_KNOTS('',1,(#8123,#8124),.UNSPECIFIED.,.F.,
  .F.,(2,2),(3.25,4.75),.PIECEWISE_BEZIER_KNOTS.);
#8123 = CARTESIAN_POINT('',(13.5,0.));
#8124 = CARTESIAN_POINT('',(13.5,-1.5));
#8125 = ( GEOMETRIC_REPRESENTATION_CONTEXT(2) 
PARAMETRIC_REPRESENTATION_CONTEXT() REPRESENTATION_CONTEXT('2D SPACE',''
  ) );
#8126 = PCURVE('',#414,#8127);
#8127 = DEFINITIONAL_REPRESENTATION('',(#8128),#8131);
#8128 = B_SPLINE_CURVE_WITH_KNOTS('',1,(#8129,#8130),.UNSPECIFIED.,.F.,
  .F.,(2,2),(3.25,4.75),.PIECEWISE_BEZIER_KNOTS.);
#8129 = CARTESIAN_POINT('',(80.,-6.5));
#8130 = CARTESIAN_POINT('',(80.,-8.));
#8131 = ( GEOMETRIC_REPRESENTATION_CONTEXT(2) 
PARAMETRIC_REPRESENTATION_CONTEXT() REPRESENTATION_CONTEXT('2D SPACE',''
  ) );
#8132 = ADVANCED_FACE('',(#8133),#414,.T.);
#8133 = FACE_BOUND('',#8134,.T.);
#8134 = EDGE_LOOP('',(#8135,#8136,#8137,#8138,#8139,#8140,#8141,#8142));
#8135 = ORIENTED_EDGE('',*,*,#1257,.F.);
#8136 = ORIENTED_EDGE('',*,*,#659,.T.);
#8137 = ORIENTED_EDGE('',*,*,#503,.T.);
#8138 = ORIENTED_EDGE('',*,*,#7986,.T.);
#8139 = ORIENTED_EDGE('',*,*,#1363,.T.);
#8140 = ORIENTED_EDGE('',*,*,#8114,.T.);
#8141 = ORIENTED_EDGE('',*,*,#397,.T.);
#8142 = ORIENTED_EDGE('',*,*,#8085,.F.);
#8143 = ADVANCED_FACE('',(#8144),#357,.T.);
#8144 = FACE_BOUND('',#8145,.T.);
#8145 = EDGE_LOOP('',(#8146,#8167,#8168,#8189));
#8146 = ORIENTED_EDGE('',*,*,#8147,.T.);
#8147 = EDGE_CURVE('',#1625,#314,#8148,.T.);
#8148 = SURFACE_CURVE('',#8149,(#8153,#8160),.PCURVE_S1.);
#8149 = LINE('',#8150,#8151);
#8150 = CARTESIAN_POINT('',(54.25,-68.5,144.));
#8151 = VECTOR('',#8152,1.);
#8152 = DIRECTION('',(0.,-1.,0.));
#8153 = PCURVE('',#357,#8154);
#8154 = DEFINITIONAL_REPRESENTATION('',(#8155),#8159);
#8155 = LINE('',#8156,#8157);
#8156 = CARTESIAN_POINT('',(0.,0.));
#8157 = VECTOR('',#8158,1.);
#8158 = DIRECTION('',(0.,-1.));
#8159 = ( GEOMETRIC_REPRESENTATION_CONTEXT(2) 
PARAMETRIC_REPRESENTATION_CONTEXT() REPRESENTATION_CONTEXT('2D SPACE',''
  ) );
#8160 = PCURVE('',#329,#8161);
#8161 = DEFINITIONAL_REPRESENTATION('',(#8162),#8166);
#8162 = LINE('',#8163,#8164);
#8163 = CARTESIAN_POINT('',(108.5,0.));
#8164 = VECTOR('',#8165,1.);
#8165 = DIRECTION('',(0.,-1.));
#8166 = ( GEOMETRIC_REPRESENTATION_CONTEXT(2) 
PARAMETRIC_REPRESENTATION_CONTEXT() REPRESENTATION_CONTEXT('2D SPACE',''
  ) );
#8167 = ORIENTED_EDGE('',*,*,#341,.T.);
#8168 = ORIENTED_EDGE('',*,*,#8169,.F.);
#8169 = EDGE_CURVE('',#1648,#342,#8170,.T.);
#8170 = SURFACE_CURVE('',#8171,(#8175,#8182),.PCURVE_S1.);
#8171 = LINE('',#8172,#8173);
#8172 = CARTESIAN_POINT('',(54.25,-68.5,188.));
#8173 = VECTOR('',#8174,1.);
#8174 = DIRECTION('',(0.,-1.,0.));
#8175 = PCURVE('',#357,#8176);
#8176 = DEFINITIONAL_REPRESENTATION('',(#8177),#8181);
#8177 = LINE('',#8178,#8179);
#8178 = CARTESIAN_POINT('',(44.,0.));
#8179 = VECTOR('',#8180,1.);
#8180 = DIRECTION('',(0.,-1.));
#8181 = ( GEOMETRIC_REPRESENTATION_CONTEXT(2) 
PARAMETRIC_REPRESENTATION_CONTEXT() REPRESENTATION_CONTEXT('2D SPACE',''
  ) );
#8182 = PCURVE('',#383,#8183);
#8183 = DEFINITIONAL_REPRESENTATION('',(#8184),#8188);
#8184 = LINE('',#8185,#8186);
#8185 = CARTESIAN_POINT('',(0.,0.));
#8186 = VECTOR('',#8187,1.);
#8187 = DIRECTION('',(0.,-1.));
#8188 = ( GEOMETRIC_REPRESENTATION_CONTEXT(2) 
PARAMETRIC_REPRESENTATION_CONTEXT() REPRESENTATION_CONTEXT('2D SPACE',''
  ) );
#8189 = ORIENTED_EDGE('',*,*,#1647,.F.);
#8190 = ADVANCED_FACE('',(#8191),#329,.T.);
#8191 = FACE_BOUND('',#8192,.T.);
#8192 = EDGE_LOOP('',(#8193,#8214,#8215,#8216));
#8193 = ORIENTED_EDGE('',*,*,#8194,.T.);
#8194 = EDGE_CURVE('',#1623,#286,#8195,.T.);
#8195 = SURFACE_CURVE('',#8196,(#8200,#8207),.PCURVE_S1.);
#8196 = LINE('',#8197,#8198);
#8197 = CARTESIAN_POINT('',(-54.25,-68.5,144.));
#8198 = VECTOR('',#8199,1.);
#8199 = DIRECTION('',(0.,-1.,0.));
#8200 = PCURVE('',#329,#8201);
#8201 = DEFINITIONAL_REPRESENTATION('',(#8202),#8206);
#8202 = LINE('',#8203,#8204);
#8203 = CARTESIAN_POINT('',(0.,0.));
#8204 = VECTOR('',#8205,1.);
#8205 = DIRECTION('',(0.,-1.));
#8206 = ( GEOMETRIC_REPRESENTATION_CONTEXT(2) 
PARAMETRIC_REPRESENTATION_CONTEXT() REPRESENTATION_CONTEXT('2D SPACE',''
  ) );
#8207 = PCURVE('',#301,#8208);
#8208 = DEFINITIONAL_REPRESENTATION('',(#8209),#8213);
#8209 = LINE('',#8210,#8211);
#8210 = CARTESIAN_POINT('',(44.,0.));
#8211 = VECTOR('',#8212,1.);
#8212 = DIRECTION('',(0.,-1.));
#8213 = ( GEOMETRIC_REPRESENTATION_CONTEXT(2) 
PARAMETRIC_REPRESENTATION_CONTEXT() REPRESENTATION_CONTEXT('2D SPACE',''
  ) );
#8214 = ORIENTED_EDGE('',*,*,#313,.T.);
#8215 = ORIENTED_EDGE('',*,*,#8147,.F.);
#8216 = ORIENTED_EDGE('',*,*,#1622,.F.);
#8217 = ADVANCED_FACE('',(#8218),#383,.T.);
#8218 = FACE_BOUND('',#8219,.T.);
#8219 = EDGE_LOOP('',(#8220,#8221,#8222,#8243));
#8220 = ORIENTED_EDGE('',*,*,#8169,.T.);
#8221 = ORIENTED_EDGE('',*,*,#369,.T.);
#8222 = ORIENTED_EDGE('',*,*,#8223,.F.);
#8223 = EDGE_CURVE('',#1671,#284,#8224,.T.);
#8224 = SURFACE_CURVE('',#8225,(#8229,#8236),.PCURVE_S1.);
#8225 = LINE('',#8226,#8227);
#8226 = CARTESIAN_POINT('',(-54.25,-68.5,188.));
#8227 = VECTOR('',#8228,1.);
#8228 = DIRECTION('',(0.,-1.,0.));
#8229 = PCURVE('',#383,#8230);
#8230 = DEFINITIONAL_REPRESENTATION('',(#8231),#8235);
#8231 = LINE('',#8232,#8233);
#8232 = CARTESIAN_POINT('',(108.5,0.));
#8233 = VECTOR('',#8234,1.);
#8234 = DIRECTION('',(0.,-1.));
#8235 = ( GEOMETRIC_REPRESENTATION_CONTEXT(2) 
PARAMETRIC_REPRESENTATION_CONTEXT() REPRESENTATION_CONTEXT('2D SPACE',''
  ) );
#8236 = PCURVE('',#301,#8237);
#8237 = DEFINITIONAL_REPRESENTATION('',(#8238),#8242);
#8238 = LINE('',#8239,#8240);
#8239 = CARTESIAN_POINT('',(0.,0.));
#8240 = VECTOR('',#8241,1.);
#8241 = DIRECTION('',(0.,-1.));
#8242 = ( GEOMETRIC_REPRESENTATION_CONTEXT(2) 
PARAMETRIC_REPRESENTATION_CONTEXT() REPRESENTATION_CONTEXT('2D SPACE',''
  ) );
#8243 = ORIENTED_EDGE('',*,*,#1670,.F.);
#8244 = ADVANCED_FACE('',(#8245),#301,.T.);
#8245 = FACE_BOUND('',#8246,.T.);
#8246 = EDGE_LOOP('',(#8247,#8248,#8249,#8250));
#8247 = ORIENTED_EDGE('',*,*,#8223,.T.);
#8248 = ORIENTED_EDGE('',*,*,#283,.T.);
#8249 = ORIENTED_EDGE('',*,*,#8194,.F.);
#8250 = ORIENTED_EDGE('',*,*,#1693,.F.);
#8251 = ADVANCED_FACE('',(#8252),#269,.F.);
#8252 = FACE_BOUND('',#8253,.T.);
#8253 = EDGE_LOOP('',(#8254,#8255,#8276,#8277));
#8254 = ORIENTED_EDGE('',*,*,#989,.T.);
#8255 = ORIENTED_EDGE('',*,*,#8256,.T.);
#8256 = EDGE_CURVE('',#990,#253,#8257,.T.);
#8257 = SEAM_CURVE('',#8258,(#8262,#8269),.PCURVE_S1.);
#8258 = LINE('',#8259,#8260);
#8259 = CARTESIAN_POINT('',(28.8,-62.,206.));
#8260 = VECTOR('',#8261,1.);
#8261 = DIRECTION('',(0.,-1.,0.));
#8262 = PCURVE('',#269,#8263);
#8263 = DEFINITIONAL_REPRESENTATION('',(#8264),#8268);
#8264 = LINE('',#8265,#8266);
#8265 = CARTESIAN_POINT('',(-6.28318530718,0.));
#8266 = VECTOR('',#8267,1.);
#8267 = DIRECTION('',(-0.,-1.));
#8268 = ( GEOMETRIC_REPRESENTATION_CONTEXT(2) 
PARAMETRIC_REPRESENTATION_CONTEXT() REPRESENTATION_CONTEXT('2D SPACE',''
  ) );
#8269 = PCURVE('',#269,#8270);
#8270 = DEFINITIONAL_REPRESENTATION('',(#8271),#8275);
#8271 = LINE('',#8272,#8273);
#8272 = CARTESIAN_POINT('',(-0.,0.));
#8273 = VECTOR('',#8274,1.);
#8274 = DIRECTION('',(-0.,-1.));
#8275 = ( GEOMETRIC_REPRESENTATION_CONTEXT(2) 
PARAMETRIC_REPRESENTATION_CONTEXT() REPRESENTATION_CONTEXT('2D SPACE',''
  ) );
#8276 = ORIENTED_EDGE('',*,*,#252,.F.);
#8277 = ORIENTED_EDGE('',*,*,#8256,.F.);
#8278 = ADVANCED_FACE('',(#8279),#212,.T.);
#8279 = FACE_BOUND('',#8280,.T.);
#8280 = EDGE_LOOP('',(#8281,#8282,#8303,#8304));
#8281 = ORIENTED_EDGE('',*,*,#841,.F.);
#8282 = ORIENTED_EDGE('',*,*,#8283,.T.);
#8283 = EDGE_CURVE('',#821,#169,#8284,.T.);
#8284 = SURFACE_CURVE('',#8285,(#8289,#8296),.PCURVE_S1.);
#8285 = LINE('',#8286,#8287);
#8286 = CARTESIAN_POINT('',(5.,-64.,192.5));
#8287 = VECTOR('',#8288,1.);
#8288 = DIRECTION('',(0.,-1.,0.));
#8289 = PCURVE('',#212,#8290);
#8290 = DEFINITIONAL_REPRESENTATION('',(#8291),#8295);
#8291 = LINE('',#8292,#8293);
#8292 = CARTESIAN_POINT('',(0.,0.));
#8293 = VECTOR('',#8294,1.);
#8294 = DIRECTION('',(0.,-1.));
#8295 = ( GEOMETRIC_REPRESENTATION_CONTEXT(2) 
PARAMETRIC_REPRESENTATION_CONTEXT() REPRESENTATION_CONTEXT('2D SPACE',''
  ) );
#8296 = PCURVE('',#184,#8297);
#8297 = DEFINITIONAL_REPRESENTATION('',(#8298),#8302);
#8298 = LINE('',#8299,#8300);
#8299 = CARTESIAN_POINT('',(35.,0.));
#8300 = VECTOR('',#8301,1.);
#8301 = DIRECTION('',(0.,-1.));
#8302 = ( GEOMETRIC_REPRESENTATION_CONTEXT(2) 
PARAMETRIC_REPRESENTATION_CONTEXT() REPRESENTATION_CONTEXT('2D SPACE',''
  ) );
#8303 = ORIENTED_EDGE('',*,*,#196,.T.);
#8304 = ORIENTED_EDGE('',*,*,#8305,.F.);
#8305 = EDGE_CURVE('',#842,#197,#8306,.T.);
#8306 = SURFACE_CURVE('',#8307,(#8311,#8318),.PCURVE_S1.);
#8307 = LINE('',#8308,#8309);
#8308 = CARTESIAN_POINT('',(5.,-64.,219.5));
#8309 = VECTOR('',#8310,1.);
#8310 = DIRECTION('',(0.,-1.,0.));
#8311 = PCURVE('',#212,#8312);
#8312 = DEFINITIONAL_REPRESENTATION('',(#8313),#8317);
#8313 = LINE('',#8314,#8315);
#8314 = CARTESIAN_POINT('',(27.,0.));
#8315 = VECTOR('',#8316,1.);
#8316 = DIRECTION('',(0.,-1.));
#8317 = ( GEOMETRIC_REPRESENTATION_CONTEXT(2) 
PARAMETRIC_REPRESENTATION_CONTEXT() REPRESENTATION_CONTEXT('2D SPACE',''
  ) );
#8318 = PCURVE('',#238,#8319);
#8319 = DEFINITIONAL_REPRESENTATION('',(#8320),#8324);
#8320 = LINE('',#8321,#8322);
#8321 = CARTESIAN_POINT('',(0.,0.));
#8322 = VECTOR('',#8323,1.);
#8323 = DIRECTION('',(0.,-1.));
#8324 = ( GEOMETRIC_REPRESENTATION_CONTEXT(2) 
PARAMETRIC_REPRESENTATION_CONTEXT() REPRESENTATION_CONTEXT('2D SPACE',''
  ) );
#8325 = ADVANCED_FACE('',(#8326),#184,.T.);
#8326 = FACE_BOUND('',#8327,.T.);
#8327 = EDGE_LOOP('',(#8328,#8329,#8350,#8351));
#8328 = ORIENTED_EDGE('',*,*,#820,.F.);
#8329 = ORIENTED_EDGE('',*,*,#8330,.T.);
#8330 = EDGE_CURVE('',#800,#141,#8331,.T.);
#8331 = SURFACE_CURVE('',#8332,(#8336,#8343),.PCURVE_S1.);
#8332 = LINE('',#8333,#8334);
#8333 = CARTESIAN_POINT('',(-30.,-64.,192.5));
#8334 = VECTOR('',#8335,1.);
#8335 = DIRECTION('',(0.,-1.,0.));
#8336 = PCURVE('',#184,#8337);
#8337 = DEFINITIONAL_REPRESENTATION('',(#8338),#8342);
#8338 = LINE('',#8339,#8340);
#8339 = CARTESIAN_POINT('',(0.,0.));
#8340 = VECTOR('',#8341,1.);
#8341 = DIRECTION('',(0.,-1.));
#8342 = ( GEOMETRIC_REPRESENTATION_CONTEXT(2) 
PARAMETRIC_REPRESENTATION_CONTEXT() REPRESENTATION_CONTEXT('2D SPACE',''
  ) );
#8343 = PCURVE('',#156,#8344);
#8344 = DEFINITIONAL_REPRESENTATION('',(#8345),#8349);
#8345 = LINE('',#8346,#8347);
#8346 = CARTESIAN_POINT('',(27.,0.));
#8347 = VECTOR('',#8348,1.);
#8348 = DIRECTION('',(0.,-1.));
#8349 = ( GEOMETRIC_REPRESENTATION_CONTEXT(2) 
PARAMETRIC_REPRESENTATION_CONTEXT() REPRESENTATION_CONTEXT('2D SPACE',''
  ) );
#8350 = ORIENTED_EDGE('',*,*,#168,.T.);
#8351 = ORIENTED_EDGE('',*,*,#8283,.F.);
#8352 = ADVANCED_FACE('',(#8353),#238,.T.);
#8353 = FACE_BOUND('',#8354,.T.);
#8354 = EDGE_LOOP('',(#8355,#8356,#8357,#8358));
#8355 = ORIENTED_EDGE('',*,*,#862,.F.);
#8356 = ORIENTED_EDGE('',*,*,#8305,.T.);
#8357 = ORIENTED_EDGE('',*,*,#224,.T.);
#8358 = ORIENTED_EDGE('',*,*,#8359,.F.);
#8359 = EDGE_CURVE('',#798,#139,#8360,.T.);
#8360 = SURFACE_CURVE('',#8361,(#8365,#8372),.PCURVE_S1.);
#8361 = LINE('',#8362,#8363);
#8362 = CARTESIAN_POINT('',(-30.,-64.,219.5));
#8363 = VECTOR('',#8364,1.);
#8364 = DIRECTION('',(0.,-1.,0.));
#8365 = PCURVE('',#238,#8366);
#8366 = DEFINITIONAL_REPRESENTATION('',(#8367),#8371);
#8367 = LINE('',#8368,#8369);
#8368 = CARTESIAN_POINT('',(35.,0.));
#8369 = VECTOR('',#8370,1.);
#8370 = DIRECTION('',(0.,-1.));
#8371 = ( GEOMETRIC_REPRESENTATION_CONTEXT(2) 
PARAMETRIC_REPRESENTATION_CONTEXT() REPRESENTATION_CONTEXT('2D SPACE',''
  ) );
#8372 = PCURVE('',#156,#8373);
#8373 = DEFINITIONAL_REPRESENTATION('',(#8374),#8378);
#8374 = LINE('',#8375,#8376);
#8375 = CARTESIAN_POINT('',(0.,0.));
#8376 = VECTOR('',#8377,1.);
#8377 = DIRECTION('',(0.,-1.));
#8378 = ( GEOMETRIC_REPRESENTATION_CONTEXT(2) 
PARAMETRIC_REPRESENTATION_CONTEXT() REPRESENTATION_CONTEXT('2D SPACE',''
  ) );
#8379 = ADVANCED_FACE('',(#8380),#156,.T.);
#8380 = FACE_BOUND('',#8381,.T.);
#8381 = EDGE_LOOP('',(#8382,#8383,#8384,#8385));
#8382 = ORIENTED_EDGE('',*,*,#797,.F.);
#8383 = ORIENTED_EDGE('',*,*,#8359,.T.);
#8384 = ORIENTED_EDGE('',*,*,#138,.T.);
#8385 = ORIENTED_EDGE('',*,*,#8330,.F.);
#8386 = ADVANCED_FACE('',(#8387,#8447),#98,.T.);
#8387 = FACE_BOUND('',#8388,.T.);
#8388 = EDGE_LOOP('',(#8389,#8415,#8416,#8438,#8439,#8440,#8441,#8442,
    #8443,#8444,#8445,#8446));
#8389 = ORIENTED_EDGE('',*,*,#8390,.F.);
#8390 = EDGE_CURVE('',#55,#5551,#8391,.T.);
#8391 = SURFACE_CURVE('',#8392,(#8397,#8408),.PCURVE_S1.);
#8392 = CIRCLE('',#8393,20.);
#8393 = AXIS2_PLACEMENT_3D('',#8394,#8395,#8396);
#8394 = CARTESIAN_POINT('',(-58.,-50.,260.));
#8395 = DIRECTION('',(-0.,-0.,-1.));
#8396 = DIRECTION('',(0.,-1.,0.));
#8397 = PCURVE('',#98,#8398);
#8398 = DEFINITIONAL_REPRESENTATION('',(#8399),#8407);
#8399 = ( BOUNDED_CURVE() B_SPLINE_CURVE(2,(#8400,#8401,#8402,#8403,
#8404,#8405,#8406),.UNSPECIFIED.,.T.,.F.) B_SPLINE_CURVE_WITH_KNOTS((1,2
    ,2,2,2,1),(-2.094395102393,0.,2.094395102393,4.188790204786,
6.28318530718,8.377580409573),.UNSPECIFIED.) CURVE() 
GEOMETRIC_REPRESENTATION_ITEM() RATIONAL_B_SPLINE_CURVE((1.,0.5,1.,0.5,
1.,0.5,1.)) REPRESENTATION_ITEM('') );
#8400 = CARTESIAN_POINT('',(-58.,-70.));
#8401 = CARTESIAN_POINT('',(-92.64101615137,-70.));
#8402 = CARTESIAN_POINT('',(-75.32050807568,-40.));
#8403 = CARTESIAN_POINT('',(-58.,-10.));
#8404 = CARTESIAN_POINT('',(-40.67949192431,-40.));
#8405 = CARTESIAN_POINT('',(-23.35898384862,-70.));
#8406 = CARTESIAN_POINT('',(-58.,-70.));
#8407 = ( GEOMETRIC_REPRESENTATION_CONTEXT(2) 
PARAMETRIC_REPRESENTATION_CONTEXT() REPRESENTATION_CONTEXT('2D SPACE',''
  ) );
#8408 = PCURVE('',#70,#8409);
#8409 = DEFINITIONAL_REPRESENTATION('',(#8410),#8414);
#8410 = LINE('',#8411,#8412);
#8411 = CARTESIAN_POINT('',(-0.,247.));
#8412 = VECTOR('',#8413,1.);
#8413 = DIRECTION('',(-1.,0.));
#8414 = ( GEOMETRIC_REPRESENTATION_CONTEXT(2) 
PARAMETRIC_REPRESENTATION_CONTEXT() REPRESENTATION_CONTEXT('2D SPACE',''
  ) );
#8415 = ORIENTED_EDGE('',*,*,#82,.T.);
#8416 = ORIENTED_EDGE('',*,*,#8417,.T.);
#8417 = EDGE_CURVE('',#83,#7029,#8418,.T.);
#8418 = SURFACE_CURVE('',#8419,(#8424,#8431),.PCURVE_S1.);
#8419 = CIRCLE('',#8420,20.);
#8420 = AXIS2_PLACEMENT_3D('',#8421,#8422,#8423);
#8421 = CARTESIAN_POINT('',(58.,-50.,260.));
#8422 = DIRECTION('',(0.,0.,1.));
#8423 = DIRECTION('',(0.,-1.,0.));
#8424 = PCURVE('',#98,#8425);
#8425 = DEFINITIONAL_REPRESENTATION('',(#8426),#8430);
#8426 = CIRCLE('',#8427,20.);
#8427 = AXIS2_PLACEMENT_2D('',#8428,#8429);
#8428 = CARTESIAN_POINT('',(58.,-50.));
#8429 = DIRECTION('',(0.,-1.));
#8430 = ( GEOMETRIC_REPRESENTATION_CONTEXT(2) 
PARAMETRIC_REPRESENTATION_CONTEXT() REPRESENTATION_CONTEXT('2D SPACE',''
  ) );
#8431 = PCURVE('',#124,#8432);
#8432 = DEFINITIONAL_REPRESENTATION('',(#8433),#8437);
#8433 = LINE('',#8434,#8435);
#8434 = CARTESIAN_POINT('',(0.,247.));
#8435 = VECTOR('',#8436,1.);
#8436 = DIRECTION('',(1.,0.));
#8437 = ( GEOMETRIC_REPRESENTATION_CONTEXT(2) 
PARAMETRIC_REPRESENTATION_CONTEXT() REPRESENTATION_CONTEXT('2D SPACE',''
  ) );
#8438 = ORIENTED_EDGE('',*,*,#7051,.T.);
#8439 = ORIENTED_EDGE('',*,*,#6982,.T.);
#8440 = ORIENTED_EDGE('',*,*,#5017,.T.);
#8441 = ORIENTED_EDGE('',*,*,#7158,.T.);
#8442 = ORIENTED_EDGE('',*,*,#5108,.T.);
#8443 = ORIENTED_EDGE('',*,*,#7230,.T.);
#8444 = ORIENTED_EDGE('',*,*,#5199,.T.);
#8445 = ORIENTED_EDGE('',*,*,#5481,.T.);
#8446 = ORIENTED_EDGE('',*,*,#5550,.T.);
#8447 = FACE_BOUND('',#8448,.T.);
#8448 = EDGE_LOOP('',(#8449,#8450,#8451,#8452,#8453,#8454,#8455,#8456));
#8449 = ORIENTED_EDGE('',*,*,#3046,.F.);
#8450 = ORIENTED_EDGE('',*,*,#3095,.T.);
#8451 = ORIENTED_EDGE('',*,*,#3170,.F.);
#8452 = ORIENTED_EDGE('',*,*,#3352,.T.);
#8453 = ORIENTED_EDGE('',*,*,#3461,.F.);
#8454 = ORIENTED_EDGE('',*,*,#3659,.T.);
#8455 = ORIENTED_EDGE('',*,*,#3734,.F.);
#8456 = ORIENTED_EDGE('',*,*,#4021,.T.);
#8457 = ADVANCED_FACE('',(#8458,#8485),#124,.T.);
#8458 = FACE_BOUND('',#8459,.T.);
#8459 = EDGE_LOOP('',(#8460,#8461,#8483,#8484));
#8460 = ORIENTED_EDGE('',*,*,#110,.F.);
#8461 = ORIENTED_EDGE('',*,*,#8462,.T.);
#8462 = EDGE_CURVE('',#24,#7008,#8463,.T.);
#8463 = SURFACE_CURVE('',#8464,(#8469,#8476),.PCURVE_S1.);
#8464 = CIRCLE('',#8465,20.);
#8465 = AXIS2_PLACEMENT_3D('',#8466,#8467,#8468);
#8466 = CARTESIAN_POINT('',(58.,-50.,14.));
#8467 = DIRECTION('',(0.,0.,1.));
#8468 = DIRECTION('',(0.,-1.,0.));
#8469 = PCURVE('',#124,#8470);
#8470 = DEFINITIONAL_REPRESENTATION('',(#8471),#8475);
#8471 = LINE('',#8472,#8473);
#8472 = CARTESIAN_POINT('',(0.,1.));
#8473 = VECTOR('',#8474,1.);
#8474 = DIRECTION('',(1.,0.));
#8475 = ( GEOMETRIC_REPRESENTATION_CONTEXT(2) 
PARAMETRIC_REPRESENTATION_CONTEXT() REPRESENTATION_CONTEXT('2D SPACE',''
  ) );
#8476 = PCURVE('',#43,#8477);
#8477 = DEFINITIONAL_REPRESENTATION('',(#8478),#8482);
#8478 = CIRCLE('',#8479,20.);
#8479 = AXIS2_PLACEMENT_2D('',#8480,#8481);
#8480 = CARTESIAN_POINT('',(58.,-50.));
#8481 = DIRECTION('',(0.,-1.));
#8482 = ( GEOMETRIC_REPRESENTATION_CONTEXT(2) 
PARAMETRIC_REPRESENTATION_CONTEXT() REPRESENTATION_CONTEXT('2D SPACE',''
  ) );
#8483 = ORIENTED_EDGE('',*,*,#7028,.T.);
#8484 = ORIENTED_EDGE('',*,*,#8417,.F.);
#8485 = FACE_BOUND('',#8486,.T.);
#8486 = EDGE_LOOP('',(#8487,#8619,#8645));
#8487 = ORIENTED_EDGE('',*,*,#8488,.F.);
#8488 = EDGE_CURVE('',#8489,#8491,#8493,.T.);
#8489 = VERTEX_POINT('',#8490);
#8490 = CARTESIAN_POINT('',(72.,-64.28285685708,84.351778127389));
#8491 = VERTEX_POINT('',#8492);
#8492 = CARTESIAN_POINT('',(74.603538779429,-61.15,86.));
#8493 = SURFACE_CURVE('',#8494,(#8532,#8573),.PCURVE_S1.);
#8494 = B_SPLINE_CURVE_WITH_KNOTS('',6,(#8495,#8496,#8497,#8498,#8499,
    #8500,#8501,#8502,#8503,#8504,#8505,#8506,#8507,#8508,#8509,#8510,
    #8511,#8512,#8513,#8514,#8515,#8516,#8517,#8518,#8519,#8520,#8521,
    #8522,#8523,#8524,#8525,#8526,#8527,#8528,#8529,#8530,#8531),
  .UNSPECIFIED.,.F.,.F.,(7,5,5,5,5,5,5,7),(0.,8.405733012442E-02,
    0.378460626583,0.472690374449,0.529770661985,0.665989528729,
    0.824096085038,1.),.UNSPECIFIED.);
#8495 = CARTESIAN_POINT('',(71.9999994,-64.2828574452,84.351778531614));
#8496 = CARTESIAN_POINT('',(72.046898562148,-64.23688707516,
    84.320182124849));
#8497 = CARTESIAN_POINT('',(72.094415024434,-64.18994928281,
    84.29018609878));
#8498 = CARTESIAN_POINT('',(72.142482959089,-64.14208545304,
    84.261802647508));
#8499 = CARTESIAN_POINT('',(72.191039924126,-64.09333577703,
    84.235047208364));
#8500 = CARTESIAN_POINT('',(72.240026863346,-64.04373925224,
    84.209938461904));
#8501 = CARTESIAN_POINT('',(72.462271454299,-63.81679267276,
    84.1044013687));
#8502 = CARTESIAN_POINT('',(72.64017539632,-63.62988911508,
    84.04256880444));
#8503 = CARTESIAN_POINT('',(72.820249301612,-63.43466593166,
    84.002359833868));
#8504 = CARTESIAN_POINT('',(72.999947594581,-63.23327441788,
    83.985251060824));
#8505 = CARTESIAN_POINT('',(73.176881623219,-63.02820201104,
    83.992861105279));
#8506 = CARTESIAN_POINT('',(73.403635594806,-62.75677719162,
    84.037902610535));
#8507 = CARTESIAN_POINT('',(73.458035812696,-62.69097173244,
    84.051529385423));
#8508 = CARTESIAN_POINT('',(73.511740002433,-62.62532273266,
    84.067903499833));
#8509 = CARTESIAN_POINT('',(73.564636944955,-62.55998445821,
    84.087055380127));
#8510 = CARTESIAN_POINT('',(73.616620641694,-62.49511442721,
    84.109004344738));
#8511 = CARTESIAN_POINT('',(73.698465528078,-62.3919589926,
    84.148753659109));
#8512 = CARTESIAN_POINT('',(73.728965338335,-62.35327950545,
    84.164776402172));
#8513 = CARTESIAN_POINT('',(73.759064780211,-62.31487395295,
    84.181827174007));
#8514 = CARTESIAN_POINT('',(73.788739182718,-62.27678227089,
    84.199903523494));
#8515 = CARTESIAN_POINT('',(73.81796416902,-62.2390453264,
    84.219000207747));
#8516 = CARTESIAN_POINT('',(73.915329449414,-62.11259415227,
    84.287098142047));
#8517 = CARTESIAN_POINT('',(73.981261934657,-62.0257217828,84.3408626339
    ));
#8518 = CARTESIAN_POINT('',(74.044161457155,-61.94168566877,
    84.400278303894));
#8519 = CARTESIAN_POINT('',(74.103729633873,-61.86105856306,
    84.465131285563));
#8520 = CARTESIAN_POINT('',(74.159716095368,-61.78437611828,
    84.535118952986));
#8521 = CARTESIAN_POINT('',(74.272497410763,-61.62826431828,
    84.696590289436));
#8522 = CARTESIAN_POINT('',(74.327944786926,-61.55041734504,
    84.789675006901));
#8523 = CARTESIAN_POINT('',(74.377979501904,-61.47927981825,
    84.888534941571));
#8524 = CARTESIAN_POINT('',(74.422392984262,-61.41546392665,
    84.992476317891));
#8525 = CARTESIAN_POINT('',(74.461041175266,-61.35946683502,
    85.100701029834));
#8526 = CARTESIAN_POINT('',(74.530334560015,-61.25842806504,
    85.336516547447));
#8527 = CARTESIAN_POINT('',(74.559593926489,-61.21532199437,
    85.464932202427));
#8528 = CARTESIAN_POINT('',(74.581565369165,-61.18272164236,
    85.596567229087));
#8529 = CARTESIAN_POINT('',(74.596217198945,-61.16090213369,
    85.730356359176));
#8530 = CARTESIAN_POINT('',(74.603538779429,-61.15,85.865201794792));
#8531 = CARTESIAN_POINT('',(74.603538779429,-61.15,86.));
#8532 = PCURVE('',#124,#8533);
#8533 = DEFINITIONAL_REPRESENTATION('',(#8534),#8572);
#8534 = B_SPLINE_CURVE_WITH_KNOTS('',6,(#8535,#8536,#8537,#8538,#8539,
    #8540,#8541,#8542,#8543,#8544,#8545,#8546,#8547,#8548,#8549,#8550,
    #8551,#8552,#8553,#8554,#8555,#8556,#8557,#8558,#8559,#8560,#8561,
    #8562,#8563,#8564,#8565,#8566,#8567,#8568,#8569,#8570,#8571),
  .UNSPECIFIED.,.F.,.F.,(7,5,5,5,5,5,5,7),(0.,8.405733012442E-02,
    0.378460626583,0.472690374449,0.529770661985,0.665989528729,
    0.824096085038,1.),.UNSPECIFIED.);
#8535 = CARTESIAN_POINT('',(0.775397454602,71.351778531614));
#8536 = CARTESIAN_POINT('',(0.778681052603,71.320182124849));
#8537 = CARTESIAN_POINT('',(0.78202055211,71.29018609878));
#8538 = CARTESIAN_POINT('',(0.785412218737,71.261802647508));
#8539 = CARTESIAN_POINT('',(0.788852490204,71.235047208364));
#8540 = CARTESIAN_POINT('',(0.792337976339,71.209938461904));
#8541 = CARTESIAN_POINT('',(0.808220152524,71.1044013687));
#8542 = CARTESIAN_POINT('',(0.821120669806,71.04256880444));
#8543 = CARTESIAN_POINT('',(0.834397696849,71.002359833868));
#8544 = CARTESIAN_POINT('',(0.84789023608,70.985251060824));
#8545 = CARTESIAN_POINT('',(0.86143108169,70.992861105279));
#8546 = CARTESIAN_POINT('',(0.879115028946,71.037902610535));
#8547 = CARTESIAN_POINT('',(0.883383969425,71.051529385423));
#8548 = CARTESIAN_POINT('',(0.88762473975,71.067903499833));
#8549 = CARTESIAN_POINT('',(0.89182798689,71.087055380127));
#8550 = CARTESIAN_POINT('',(0.895984384579,71.109004344738));
#8551 = CARTESIAN_POINT('',(0.902568385854,71.148753659109));
#8552 = CARTESIAN_POINT('',(0.905031269822,71.164776402172));
#8553 = CARTESIAN_POINT('',(0.907471009572,71.181827174007));
#8554 = CARTESIAN_POINT('',(0.909885299138,71.199903523494));
#8555 = CARTESIAN_POINT('',(0.91227180223,71.219000207747));
#8556 = CARTESIAN_POINT('',(0.920251447783,71.287098142047));
#8557 = CARTESIAN_POINT('',(0.925704272748,71.3408626339));
#8558 = CARTESIAN_POINT('',(0.930952540743,71.400278303894));
#8559 = CARTESIAN_POINT('',(0.935964670855,71.465131285563));
#8560 = CARTESIAN_POINT('',(0.940711895905,71.535118952986));
#8561 = CARTESIAN_POINT('',(0.950341345422,71.696590289436));
#8562 = CARTESIAN_POINT('',(0.955119981729,71.789675006901));
#8563 = CARTESIAN_POINT('',(0.959468454877,71.888534941571));
#8564 = CARTESIAN_POINT('',(0.963355892777,71.992476317891));
#8565 = CARTESIAN_POINT('',(0.966757847595,72.100701029834));
#8566 = CARTESIAN_POINT('',(0.972883695742,72.336516547447));
#8567 = CARTESIAN_POINT('',(0.975488587963,72.464932202427));
#8568 = CARTESIAN_POINT('',(0.977454238451,72.596567229087));
#8569 = CARTESIAN_POINT('',(0.97876836669,72.730356359176));
#8570 = CARTESIAN_POINT('',(0.979424988731,72.865201794792));
#8571 = CARTESIAN_POINT('',(0.979424988731,73.));
#8572 = ( GEOMETRIC_REPRESENTATION_CONTEXT(2) 
PARAMETRIC_REPRESENTATION_CONTEXT() REPRESENTATION_CONTEXT('2D SPACE',''
  ) );
#8573 = PCURVE('',#8574,#8579);
#8574 = CYLINDRICAL_SURFACE('',#8575,2.);
#8575 = AXIS2_PLACEMENT_3D('',#8576,#8577,#8578);
#8576 = CARTESIAN_POINT('',(76.,-63.15,86.));
#8577 = DIRECTION('',(1.,0.,0.));
#8578 = DIRECTION('',(0.,1.,0.));
#8579 = DEFINITIONAL_REPRESENTATION('',(#8580),#8618);
#8580 = B_SPLINE_CURVE_WITH_KNOTS('',6,(#8581,#8582,#8583,#8584,#8585,
    #8586,#8587,#8588,#8589,#8590,#8591,#8592,#8593,#8594,#8595,#8596,
    #8597,#8598,#8599,#8600,#8601,#8602,#8603,#8604,#8605,#8606,#8607,
    #8608,#8609,#8610,#8611,#8612,#8613,#8614,#8615,#8616,#8617),
  .UNSPECIFIED.,.F.,.F.,(7,5,5,5,5,5,5,7),(0.,8.405733012442E-02,
    0.378460626583,0.472690374449,0.529770661985,0.665989528729,
    0.824096085038,1.),.UNSPECIFIED.);
#8581 = CARTESIAN_POINT('',(4.110223103926,-4.0000006));
#8582 = CARTESIAN_POINT('',(4.138113997789,-3.953101437852));
#8583 = CARTESIAN_POINT('',(4.165950396144,-3.905584975566));
#8584 = CARTESIAN_POINT('',(4.193750471716,-3.857517040911));
#8585 = CARTESIAN_POINT('',(4.221531843778,-3.808960075874));
#8586 = CARTESIAN_POINT('',(4.249311578147,-3.759973136654));
#8587 = CARTESIAN_POINT('',(4.374454324618,-3.537728545701));
#8588 = CARTESIAN_POINT('',(4.472228590408,-3.35982460368));
#8589 = CARTESIAN_POINT('',(4.570874022139,-3.179750698388));
#8590 = CARTESIAN_POINT('',(4.670846021315,-3.000052405419));
#8591 = CARTESIAN_POINT('',(4.772622229309,-2.823118376781));
#8592 = CARTESIAN_POINT('',(4.910190548509,-2.596364405194));
#8593 = CARTESIAN_POINT('',(4.943764693328,-2.541964187304));
#8594 = CARTESIAN_POINT('',(4.977553530552,-2.488259997567));
#8595 = CARTESIAN_POINT('',(5.011554432966,-2.435363055045));
#8596 = CARTESIAN_POINT('',(5.045766153808,-2.383379358306));
#8597 = CARTESIAN_POINT('',(5.101040586602,-2.301534471922));
#8598 = CARTESIAN_POINT('',(5.121967475945,-2.271034661665));
#8599 = CARTESIAN_POINT('',(5.142967738071,-2.240935219789));
#8600 = CARTESIAN_POINT('',(5.164039173064,-2.211260817282));
#8601 = CARTESIAN_POINT('',(5.185179137828,-2.18203583098));
#8602 = CARTESIAN_POINT('',(5.256990049418,-2.084670550586));
#8603 = CARTESIAN_POINT('',(5.307979428253,-2.018738065343));
#8604 = CARTESIAN_POINT('',(5.359293113564,-1.955838542845));
#8605 = CARTESIAN_POINT('',(5.410879471456,-1.896270366127));
#8606 = CARTESIAN_POINT('',(5.462687837787,-1.840283904632));
#8607 = CARTESIAN_POINT('',(5.574986420363,-1.727502589237));
#8608 = CARTESIAN_POINT('',(5.635502306735,-1.672055213074));
#8609 = CARTESIAN_POINT('',(5.696157175655,-1.622020498096));
#8610 = CARTESIAN_POINT('',(5.756897466777,-1.577607015738));
#8611 = CARTESIAN_POINT('',(5.817663215401,-1.538958824734));
#8612 = CARTESIAN_POINT('',(5.945938107124,-1.469665439985));
#8613 = CARTESIAN_POINT('',(6.013445120077,-1.440406073511));
#8614 = CARTESIAN_POINT('',(6.080917655912,-1.418434630835));
#8615 = CARTESIAN_POINT('',(6.148363580526,-1.403782801055));
#8616 = CARTESIAN_POINT('',(6.215786204576,-1.396461220571));
#8617 = CARTESIAN_POINT('',(6.28318530718,-1.396461220571));
#8618 = ( GEOMETRIC_REPRESENTATION_CONTEXT(2) 
PARAMETRIC_REPRESENTATION_CONTEXT() REPRESENTATION_CONTEXT('2D SPACE',''
  ) );
#8619 = ORIENTED_EDGE('',*,*,#8620,.T.);
#8620 = EDGE_CURVE('',#8489,#8621,#8623,.T.);
#8621 = VERTEX_POINT('',#8622);
#8622 = CARTESIAN_POINT('',(72.,-64.28285685708,87.648221872611));
#8623 = SURFACE_CURVE('',#8624,(#8628,#8634),.PCURVE_S1.);
#8624 = LINE('',#8625,#8626);
#8625 = CARTESIAN_POINT('',(72.,-64.28285685708,13.));
#8626 = VECTOR('',#8627,1.);
#8627 = DIRECTION('',(0.,0.,1.));
#8628 = PCURVE('',#124,#8629);
#8629 = DEFINITIONAL_REPRESENTATION('',(#8630),#8633);
#8630 = B_SPLINE_CURVE_WITH_KNOTS('',1,(#8631,#8632),.UNSPECIFIED.,.F.,
  .F.,(2,2),(70.6,75.4),.PIECEWISE_BEZIER_KNOTS.);
#8631 = CARTESIAN_POINT('',(0.775397496611,70.6));
#8632 = CARTESIAN_POINT('',(0.775397496611,75.4));
#8633 = ( GEOMETRIC_REPRESENTATION_CONTEXT(2) 
PARAMETRIC_REPRESENTATION_CONTEXT() REPRESENTATION_CONTEXT('2D SPACE',''
  ) );
#8634 = PCURVE('',#8635,#8640);
#8635 = PLANE('',#8636);
#8636 = AXIS2_PLACEMENT_3D('',#8637,#8638,#8639);
#8637 = CARTESIAN_POINT('',(72.,-63.15,86.));
#8638 = DIRECTION('',(1.,0.,0.));
#8639 = DIRECTION('',(-0.,0.,1.));
#8640 = DEFINITIONAL_REPRESENTATION('',(#8641),#8644);
#8641 = B_SPLINE_CURVE_WITH_KNOTS('',1,(#8642,#8643),.UNSPECIFIED.,.F.,
  .F.,(2,2),(70.6,75.4),.PIECEWISE_BEZIER_KNOTS.);
#8642 = CARTESIAN_POINT('',(-2.4,1.132856857086));
#8643 = CARTESIAN_POINT('',(2.4,1.132856857086));
#8644 = ( GEOMETRIC_REPRESENTATION_CONTEXT(2) 
PARAMETRIC_REPRESENTATION_CONTEXT() REPRESENTATION_CONTEXT('2D SPACE',''
  ) );
#8645 = ORIENTED_EDGE('',*,*,#8646,.F.);
#8646 = EDGE_CURVE('',#8491,#8621,#8647,.T.);
#8647 = SURFACE_CURVE('',#8648,(#8686,#8727),.PCURVE_S1.);
#8648 = B_SPLINE_CURVE_WITH_KNOTS('',6,(#8649,#8650,#8651,#8652,#8653,
    #8654,#8655,#8656,#8657,#8658,#8659,#8660,#8661,#8662,#8663,#8664,
    #8665,#8666,#8667,#8668,#8669,#8670,#8671,#8672,#8673,#8674,#8675,
    #8676,#8677,#8678,#8679,#8680,#8681,#8682,#8683,#8684,#8685),
  .UNSPECIFIED.,.F.,.F.,(7,5,5,5,5,5,5,7),(0.,0.173898928726,
    0.332983053276,0.430896679162,0.526413301749,0.621327644346,
    0.916168823403,1.),.UNSPECIFIED.);
#8649 = CARTESIAN_POINT('',(74.603538779429,-61.15,86.));
#8650 = CARTESIAN_POINT('',(74.603538779429,-61.15,86.133264755099));
#8651 = CARTESIAN_POINT('',(74.596382838954,-61.16065551076,
    86.266574065478));
#8652 = CARTESIAN_POINT('',(74.582062871857,-61.18198074614,
    86.398862736057));
#8653 = CARTESIAN_POINT('',(74.560588916366,-61.21384557899,
    86.529070963791));
#8654 = CARTESIAN_POINT('',(74.531990782277,-61.25598778893,
    86.656169528862));
#8655 = CARTESIAN_POINT('',(74.463687506374,-61.35562964901,
    86.891720505376));
#8656 = CARTESIAN_POINT('',(74.42513154155,-61.41152198444,
    87.000854892271));
#8657 = CARTESIAN_POINT('',(74.380733336484,-61.47535049119,
    87.105687787959));
#8658 = CARTESIAN_POINT('',(74.330637222424,-61.54661325771,
    87.205404565147));
#8659 = CARTESIAN_POINT('',(74.275053161763,-61.62469043526,
    87.299296580814));
#8660 = CARTESIAN_POINT('',(74.17684214537,-61.76069143663,
    87.44062689453));
#8661 = CARTESIAN_POINT('',(74.137462493205,-61.81480509165,
    87.492028973125));
#8662 = CARTESIAN_POINT('',(74.096197383701,-61.87103705385,
    87.540840946784));
#8663 = CARTESIAN_POINT('',(74.053135494703,-61.92919304283,
    87.586939552684));
#8664 = CARTESIAN_POINT('',(74.008378514278,-61.98906716749,
    87.63022513849));
#8665 = CARTESIAN_POINT('',(73.916840299782,-62.11031886656,
    87.710029553688));
#8666 = CARTESIAN_POINT('',(73.870139535737,-62.17161833935,
    87.746684547278));
#8667 = CARTESIAN_POINT('',(73.822038507109,-62.23415494437,
    87.780525700159));
#8668 = CARTESIAN_POINT('',(73.772644896431,-62.29773674096,
    87.811511125107));
#8669 = CARTESIAN_POINT('',(73.722076110342,-62.36216903713,
    87.839618159663));
#8670 = CARTESIAN_POINT('',(73.61916913142,-62.49193217313,
    87.889909542818));
#8671 = CARTESIAN_POINT('',(73.566845483408,-62.55725317822,
    87.912129468207));
#8672 = CARTESIAN_POINT('',(73.513591875438,-62.62305431286,
    87.931511105676));
#8673 = CARTESIAN_POINT('',(73.459516641002,-62.68917438406,
    87.948073882912));
#8674 = CARTESIAN_POINT('',(73.404733515471,-62.75545551568,
    87.96184870583));
#8675 = CARTESIAN_POINT('',(73.177354858645,-63.02765853765,
    88.007139143888));
#8676 = CARTESIAN_POINT('',(73.000166372069,-63.2330397236,
    88.014807628254));
#8677 = CARTESIAN_POINT('',(72.820202227059,-63.43473226122,
    87.997683187804));
#8678 = CARTESIAN_POINT('',(72.639861219841,-63.63023793124,
    87.957391453272));
#8679 = CARTESIAN_POINT('',(72.461700033005,-63.81739649388,
    87.895415158502));
#8680 = CARTESIAN_POINT('',(72.239360570823,-64.04441380578,
    87.789719887229));
#8681 = CARTESIAN_POINT('',(72.190511582325,-64.09386619908,
    87.764661589825));
#8682 = CARTESIAN_POINT('',(72.142090685454,-64.14247605302,
    87.737965678546));
#8683 = CARTESIAN_POINT('',(72.094156458754,-64.19020469665,
    87.709650657733));
#8684 = CARTESIAN_POINT('',(72.04677089476,-64.23701221422,
    87.679731864431));
#8685 = CARTESIAN_POINT('',(71.9999994,-64.2828574452,87.648221468386));
#8686 = PCURVE('',#124,#8687);
#8687 = DEFINITIONAL_REPRESENTATION('',(#8688),#8726);
#8688 = B_SPLINE_CURVE_WITH_KNOTS('',6,(#8689,#8690,#8691,#8692,#8693,
    #8694,#8695,#8696,#8697,#8698,#8699,#8700,#8701,#8702,#8703,#8704,
    #8705,#8706,#8707,#8708,#8709,#8710,#8711,#8712,#8713,#8714,#8715,
    #8716,#8717,#8718,#8719,#8720,#8721,#8722,#8723,#8724,#8725),
  .UNSPECIFIED.,.F.,.F.,(7,5,5,5,5,5,5,7),(0.,0.173898928726,
    0.332983053276,0.430896679162,0.526413301749,0.621327644346,
    0.916168823403,1.),.UNSPECIFIED.);
#8689 = CARTESIAN_POINT('',(0.979424988731,73.));
#8690 = CARTESIAN_POINT('',(0.979424988731,73.133264755099));
#8691 = CARTESIAN_POINT('',(0.978783220815,73.266574065478));
#8692 = CARTESIAN_POINT('',(0.977498860328,73.398862736057));
#8693 = CARTESIAN_POINT('',(0.975577607422,73.529070963791));
#8694 = CARTESIAN_POINT('',(0.973031156112,73.656169528862));
#8695 = CARTESIAN_POINT('',(0.966990908232,73.891720505376));
#8696 = CARTESIAN_POINT('',(0.96359588317,74.000854892271));
#8697 = CARTESIAN_POINT('',(0.959708363486,74.105687787959));
#8698 = CARTESIAN_POINT('',(0.955353002588,74.205404565147));
#8699 = CARTESIAN_POINT('',(0.950561027418,74.299296580814));
#8700 = CARTESIAN_POINT('',(0.942173286943,74.44062689453));
#8701 = CARTESIAN_POINT('',(0.938827025968,74.492028973125));
#8702 = CARTESIAN_POINT('',(0.935339648408,74.540840946784));
#8703 = CARTESIAN_POINT('',(0.931721537494,74.586939552684));
#8704 = CARTESIAN_POINT('',(0.927983900644,74.63022513849));
#8705 = CARTESIAN_POINT('',(0.920387648404,74.710029553688));
#8706 = CARTESIAN_POINT('',(0.916534573965,74.746684547278));
#8707 = CARTESIAN_POINT('',(0.912589852546,74.780525700159));
#8708 = CARTESIAN_POINT('',(0.908564265675,74.811511125107));
#8709 = CARTESIAN_POINT('',(0.904468978409,74.839618159663));
#8710 = CARTESIAN_POINT('',(0.896188229987,74.889909542818));
#8711 = CARTESIAN_POINT('',(0.892003608053,74.912129468207));
#8712 = CARTESIAN_POINT('',(0.887771154034,74.931511105676));
#8713 = CARTESIAN_POINT('',(0.883500407936,74.948073882912));
#8714 = CARTESIAN_POINT('',(0.879200939286,74.96184870583));
#8715 = CARTESIAN_POINT('',(0.861467105892,75.007139143888));
#8716 = CARTESIAN_POINT('',(0.847906266758,75.014807628254));
#8717 = CARTESIAN_POINT('',(0.834393660286,74.997683187804));
#8718 = CARTESIAN_POINT('',(0.821097207416,74.957391453272));
#8719 = CARTESIAN_POINT('',(0.808178591736,74.895415158502));
#8720 = CARTESIAN_POINT('',(0.792290569806,74.789719887229));
#8721 = CARTESIAN_POINT('',(0.78881505766,74.764661589825));
#8722 = CARTESIAN_POINT('',(0.785384540249,74.737965678546));
#8723 = CARTESIAN_POINT('',(0.782002379988,74.709650657733));
#8724 = CARTESIAN_POINT('',(0.778672114098,74.679731864431));
#8725 = CARTESIAN_POINT('',(0.775397454602,74.648221468386));
#8726 = ( GEOMETRIC_REPRESENTATION_CONTEXT(2) 
PARAMETRIC_REPRESENTATION_CONTEXT() REPRESENTATION_CONTEXT('2D SPACE',''
  ) );
#8727 = PCURVE('',#8574,#8728);
#8728 = DEFINITIONAL_REPRESENTATION('',(#8729),#8767);
#8729 = B_SPLINE_CURVE_WITH_KNOTS('',6,(#8730,#8731,#8732,#8733,#8734,
    #8735,#8736,#8737,#8738,#8739,#8740,#8741,#8742,#8743,#8744,#8745,
    #8746,#8747,#8748,#8749,#8750,#8751,#8752,#8753,#8754,#8755,#8756,
    #8757,#8758,#8759,#8760,#8761,#8762,#8763,#8764,#8765,#8766),
  .UNSPECIFIED.,.F.,.F.,(7,5,5,5,5,5,5,7),(0.,0.173898928726,
    0.332983053276,0.430896679162,0.526413301749,0.621327644346,
    0.916168823403,1.),.UNSPECIFIED.);
#8730 = CARTESIAN_POINT('',(0.,-1.396461220571));
#8731 = CARTESIAN_POINT('',(6.663237754967E-02,-1.396461220571));
#8732 = CARTESIAN_POINT('',(0.133286946434,-1.403617161046));
#8733 = CARTESIAN_POINT('',(0.199964026169,-1.417937128144));
#8734 = CARTESIAN_POINT('',(0.266667246011,-1.439411083634));
#8735 = CARTESIAN_POINT('',(0.333404530278,-1.468009217723));
#8736 = CARTESIAN_POINT('',(0.461284124835,-1.536312493626));
#8737 = CARTESIAN_POINT('',(0.522427306569,-1.57486845845));
#8738 = CARTESIAN_POINT('',(0.583546601756,-1.619266663516));
#8739 = CARTESIAN_POINT('',(0.644581513218,-1.669362777576));
#8740 = CARTESIAN_POINT('',(0.705478119036,-1.724946838237));
#8741 = CARTESIAN_POINT('',(0.803547647875,-1.82315785463));
#8742 = CARTESIAN_POINT('',(0.840827783425,-1.862537506795));
#8743 = CARTESIAN_POINT('',(0.87800307031,-1.903802616299));
#8744 = CARTESIAN_POINT('',(0.915053477686,-1.946864505297));
#8745 = CARTESIAN_POINT('',(0.95195896678,-1.991621485722));
#8746 = CARTESIAN_POINT('',(1.024537750205,-2.083159700218));
#8747 = CARTESIAN_POINT('',(1.060215860892,-2.129860464263));
#8748 = CARTESIAN_POINT('',(1.095720038945,-2.177961492891));
#8749 = CARTESIAN_POINT('',(1.131037722955,-2.227355103569));
#8750 = CARTESIAN_POINT('',(1.16615530814,-2.277923889658));
#8751 = CARTESIAN_POINT('',(1.235739240702,-2.38083086858));
#8752 = CARTESIAN_POINT('',(1.270207343569,-2.433154516592));
#8753 = CARTESIAN_POINT('',(1.304461710598,-2.486408124562));
#8754 = CARTESIAN_POINT('',(1.338501007893,-2.540483358998));
#8755 = CARTESIAN_POINT('',(1.372322477357,-2.595266484529));
#8756 = CARTESIAN_POINT('',(1.510295037084,-2.822645141355));
#8757 = CARTESIAN_POINT('',(1.612222750632,-2.999833627931));
#8758 = CARTESIAN_POINT('',(1.712340640267,-3.179797772941));
#8759 = CARTESIAN_POINT('',(1.811128390408,-3.360138780159));
#8760 = CARTESIAN_POINT('',(1.909043412393,-3.538299966995));
#8761 = CARTESIAN_POINT('',(2.034251589314,-3.760639429177));
#8762 = CARTESIAN_POINT('',(2.061955760917,-3.809488417675));
#8763 = CARTESIAN_POINT('',(2.089661715551,-3.857909314546));
#8764 = CARTESIAN_POINT('',(2.117386390241,-3.905843541246));
#8765 = CARTESIAN_POINT('',(2.145147233083,-3.95322910524));
#8766 = CARTESIAN_POINT('',(2.172962203253,-4.0000006));
#8767 = ( GEOMETRIC_REPRESENTATION_CONTEXT(2) 
PARAMETRIC_REPRESENTATION_CONTEXT() REPRESENTATION_CONTEXT('2D SPACE',''
  ) );
#8768 = ADVANCED_FACE('',(#8769),#8635,.F.);
#8769 = FACE_BOUND('',#8770,.F.);
#8770 = EDGE_LOOP('',(#8771,#8772));
#8771 = ORIENTED_EDGE('',*,*,#8620,.T.);
#8772 = ORIENTED_EDGE('',*,*,#8773,.T.);
#8773 = EDGE_CURVE('',#8621,#8489,#8774,.T.);
#8774 = SURFACE_CURVE('',#8775,(#8780,#8787),.PCURVE_S1.);
#8775 = CIRCLE('',#8776,2.);
#8776 = AXIS2_PLACEMENT_3D('',#8777,#8778,#8779);
#8777 = CARTESIAN_POINT('',(72.,-63.15,86.));
#8778 = DIRECTION('',(1.,0.,0.));
#8779 = DIRECTION('',(0.,1.,0.));
#8780 = PCURVE('',#8635,#8781);
#8781 = DEFINITIONAL_REPRESENTATION('',(#8782),#8786);
#8782 = CIRCLE('',#8783,2.);
#8783 = AXIS2_PLACEMENT_2D('',#8784,#8785);
#8784 = CARTESIAN_POINT('',(0.,-7.105427357601E-15));
#8785 = DIRECTION('',(0.,-1.));
#8786 = ( GEOMETRIC_REPRESENTATION_CONTEXT(2) 
PARAMETRIC_REPRESENTATION_CONTEXT() REPRESENTATION_CONTEXT('2D SPACE',''
  ) );
#8787 = PCURVE('',#8574,#8788);
#8788 = DEFINITIONAL_REPRESENTATION('',(#8789),#8793);
#8789 = LINE('',#8790,#8791);
#8790 = CARTESIAN_POINT('',(0.,-4.));
#8791 = VECTOR('',#8792,1.);
#8792 = DIRECTION('',(1.,0.));
#8793 = ( GEOMETRIC_REPRESENTATION_CONTEXT(2) 
PARAMETRIC_REPRESENTATION_CONTEXT() REPRESENTATION_CONTEXT('2D SPACE',''
  ) );
#8794 = ADVANCED_FACE('',(#8795),#8574,.T.);
#8795 = FACE_BOUND('',#8796,.T.);
#8796 = EDGE_LOOP('',(#8797,#8826,#8847,#8848,#8849,#8850));
#8797 = ORIENTED_EDGE('',*,*,#8798,.F.);
#8798 = EDGE_CURVE('',#8799,#8799,#8801,.T.);
#8799 = VERTEX_POINT('',#8800);
#8800 = CARTESIAN_POINT('',(76.,-61.15,86.));
#8801 = SURFACE_CURVE('',#8802,(#8807,#8814),.PCURVE_S1.);
#8802 = CIRCLE('',#8803,2.);
#8803 = AXIS2_PLACEMENT_3D('',#8804,#8805,#8806);
#8804 = CARTESIAN_POINT('',(76.,-63.15,86.));
#8805 = DIRECTION('',(1.,0.,0.));
#8806 = DIRECTION('',(0.,1.,0.));
#8807 = PCURVE('',#8574,#8808);
#8808 = DEFINITIONAL_REPRESENTATION('',(#8809),#8813);
#8809 = LINE('',#8810,#8811);
#8810 = CARTESIAN_POINT('',(0.,0.));
#8811 = VECTOR('',#8812,1.);
#8812 = DIRECTION('',(1.,0.));
#8813 = ( GEOMETRIC_REPRESENTATION_CONTEXT(2) 
PARAMETRIC_REPRESENTATION_CONTEXT() REPRESENTATION_CONTEXT('2D SPACE',''
  ) );
#8814 = PCURVE('',#8815,#8820);
#8815 = PLANE('',#8816);
#8816 = AXIS2_PLACEMENT_3D('',#8817,#8818,#8819);
#8817 = CARTESIAN_POINT('',(76.,-63.15,86.));
#8818 = DIRECTION('',(1.,0.,0.));
#8819 = DIRECTION('',(-0.,0.,1.));
#8820 = DEFINITIONAL_REPRESENTATION('',(#8821),#8825);
#8821 = CIRCLE('',#8822,2.);
#8822 = AXIS2_PLACEMENT_2D('',#8823,#8824);
#8823 = CARTESIAN_POINT('',(0.,-7.105427357601E-15));
#8824 = DIRECTION('',(0.,-1.));
#8825 = ( GEOMETRIC_REPRESENTATION_CONTEXT(2) 
PARAMETRIC_REPRESENTATION_CONTEXT() REPRESENTATION_CONTEXT('2D SPACE',''
  ) );
#8826 = ORIENTED_EDGE('',*,*,#8827,.T.);
#8827 = EDGE_CURVE('',#8799,#8491,#8828,.T.);
#8828 = SEAM_CURVE('',#8829,(#8833,#8840),.PCURVE_S1.);
#8829 = LINE('',#8830,#8831);
#8830 = CARTESIAN_POINT('',(76.,-61.15,86.));
#8831 = VECTOR('',#8832,1.);
#8832 = DIRECTION('',(-1.,-0.,-0.));
#8833 = PCURVE('',#8574,#8834);
#8834 = DEFINITIONAL_REPRESENTATION('',(#8835),#8839);
#8835 = LINE('',#8836,#8837);
#8836 = CARTESIAN_POINT('',(6.28318530718,0.));
#8837 = VECTOR('',#8838,1.);
#8838 = DIRECTION('',(0.,-1.));
#8839 = ( GEOMETRIC_REPRESENTATION_CONTEXT(2) 
PARAMETRIC_REPRESENTATION_CONTEXT() REPRESENTATION_CONTEXT('2D SPACE',''
  ) );
#8840 = PCURVE('',#8574,#8841);
#8841 = DEFINITIONAL_REPRESENTATION('',(#8842),#8846);
#8842 = LINE('',#8843,#8844);
#8843 = CARTESIAN_POINT('',(0.,0.));
#8844 = VECTOR('',#8845,1.);
#8845 = DIRECTION('',(0.,-1.));
#8846 = ( GEOMETRIC_REPRESENTATION_CONTEXT(2) 
PARAMETRIC_REPRESENTATION_CONTEXT() REPRESENTATION_CONTEXT('2D SPACE',''
  ) );
#8847 = ORIENTED_EDGE('',*,*,#8646,.T.);
#8848 = ORIENTED_EDGE('',*,*,#8773,.T.);
#8849 = ORIENTED_EDGE('',*,*,#8488,.T.);
#8850 = ORIENTED_EDGE('',*,*,#8827,.F.);
#8851 = ADVANCED_FACE('',(#8852),#8815,.T.);
#8852 = FACE_BOUND('',#8853,.T.);
#8853 = EDGE_LOOP('',(#8854));
#8854 = ORIENTED_EDGE('',*,*,#8798,.T.);
#8855 = ADVANCED_FACE('',(#8856),#70,.T.);
#8856 = FACE_BOUND('',#8857,.F.);
#8857 = EDGE_LOOP('',(#8858,#8859,#8881,#8882));
#8858 = ORIENTED_EDGE('',*,*,#54,.F.);
#8859 = ORIENTED_EDGE('',*,*,#8860,.F.);
#8860 = EDGE_CURVE('',#5529,#22,#8861,.T.);
#8861 = SURFACE_CURVE('',#8862,(#8867,#8874),.PCURVE_S1.);
#8862 = CIRCLE('',#8863,20.);
#8863 = AXIS2_PLACEMENT_3D('',#8864,#8865,#8866);
#8864 = CARTESIAN_POINT('',(-58.,-50.,14.));
#8865 = DIRECTION('',(0.,0.,1.));
#8866 = DIRECTION('',(0.,-1.,0.));
#8867 = PCURVE('',#70,#8868);
#8868 = DEFINITIONAL_REPRESENTATION('',(#8869),#8873);
#8869 = LINE('',#8870,#8871);
#8870 = CARTESIAN_POINT('',(-6.28318530718,1.));
#8871 = VECTOR('',#8872,1.);
#8872 = DIRECTION('',(1.,-0.));
#8873 = ( GEOMETRIC_REPRESENTATION_CONTEXT(2) 
PARAMETRIC_REPRESENTATION_CONTEXT() REPRESENTATION_CONTEXT('2D SPACE',''
  ) );
#8874 = PCURVE('',#43,#8875);
#8875 = DEFINITIONAL_REPRESENTATION('',(#8876),#8880);
#8876 = CIRCLE('',#8877,20.);
#8877 = AXIS2_PLACEMENT_2D('',#8878,#8879);
#8878 = CARTESIAN_POINT('',(-58.,-50.));
#8879 = DIRECTION('',(0.,-1.));
#8880 = ( GEOMETRIC_REPRESENTATION_CONTEXT(2) 
PARAMETRIC_REPRESENTATION_CONTEXT() REPRESENTATION_CONTEXT('2D SPACE',''
  ) );
#8881 = ORIENTED_EDGE('',*,*,#5573,.T.);
#8882 = ORIENTED_EDGE('',*,*,#8390,.F.);
#8883 = ADVANCED_FACE('',(#8884,#9118),#43,.T.);
#8884 = FACE_BOUND('',#8885,.T.);
#8885 = EDGE_LOOP('',(#8886,#8916,#8945,#8973,#9002,#9030,#9059,#9087));
#8886 = ORIENTED_EDGE('',*,*,#8887,.T.);
#8887 = EDGE_CURVE('',#8888,#8890,#8892,.T.);
#8888 = VERTEX_POINT('',#8889);
#8889 = CARTESIAN_POINT('',(-65.,-84.,14.));
#8890 = VERTEX_POINT('',#8891);
#8891 = CARTESIAN_POINT('',(65.,-84.,14.));
#8892 = SURFACE_CURVE('',#8893,(#8897,#8904),.PCURVE_S1.);
#8893 = LINE('',#8894,#8895);
#8894 = CARTESIAN_POINT('',(-92.,-84.,14.));
#8895 = VECTOR('',#8896,1.);
#8896 = DIRECTION('',(1.,0.,0.));
#8897 = PCURVE('',#43,#8898);
#8898 = DEFINITIONAL_REPRESENTATION('',(#8899),#8903);
#8899 = LINE('',#8900,#8901);
#8900 = CARTESIAN_POINT('',(-92.,-84.));
#8901 = VECTOR('',#8902,1.);
#8902 = DIRECTION('',(1.,0.));
#8903 = ( GEOMETRIC_REPRESENTATION_CONTEXT(2) 
PARAMETRIC_REPRESENTATION_CONTEXT() REPRESENTATION_CONTEXT('2D SPACE',''
  ) );
#8904 = PCURVE('',#8905,#8910);
#8905 = PLANE('',#8906);
#8906 = AXIS2_PLACEMENT_3D('',#8907,#8908,#8909);
#8907 = CARTESIAN_POINT('',(-92.,-84.,0.));
#8908 = DIRECTION('',(0.,1.,0.));
#8909 = DIRECTION('',(1.,0.,0.));
#8910 = DEFINITIONAL_REPRESENTATION('',(#8911),#8915);
#8911 = LINE('',#8912,#8913);
#8912 = CARTESIAN_POINT('',(0.,-14.));
#8913 = VECTOR('',#8914,1.);
#8914 = DIRECTION('',(1.,0.));
#8915 = ( GEOMETRIC_REPRESENTATION_CONTEXT(2) 
PARAMETRIC_REPRESENTATION_CONTEXT() REPRESENTATION_CONTEXT('2D SPACE',''
  ) );
#8916 = ORIENTED_EDGE('',*,*,#8917,.T.);
#8917 = EDGE_CURVE('',#8890,#8918,#8920,.T.);
#8918 = VERTEX_POINT('',#8919);
#8919 = CARTESIAN_POINT('',(92.,-57.,14.));
#8920 = SURFACE_CURVE('',#8921,(#8926,#8933),.PCURVE_S1.);
#8921 = CIRCLE('',#8922,27.);
#8922 = AXIS2_PLACEMENT_3D('',#8923,#8924,#8925);
#8923 = CARTESIAN_POINT('',(65.,-57.,14.));
#8924 = DIRECTION('',(0.,0.,1.));
#8925 = DIRECTION('',(0.,-1.,0.));
#8926 = PCURVE('',#43,#8927);
#8927 = DEFINITIONAL_REPRESENTATION('',(#8928),#8932);
#8928 = CIRCLE('',#8929,27.);
#8929 = AXIS2_PLACEMENT_2D('',#8930,#8931);
#8930 = CARTESIAN_POINT('',(65.,-57.));
#8931 = DIRECTION('',(0.,-1.));
#8932 = ( GEOMETRIC_REPRESENTATION_CONTEXT(2) 
PARAMETRIC_REPRESENTATION_CONTEXT() REPRESENTATION_CONTEXT('2D SPACE',''
  ) );
#8933 = PCURVE('',#8934,#8939);
#8934 = CYLINDRICAL_SURFACE('',#8935,27.);
#8935 = AXIS2_PLACEMENT_3D('',#8936,#8937,#8938);
#8936 = CARTESIAN_POINT('',(65.,-57.,0.));
#8937 = DIRECTION('',(0.,0.,1.));
#8938 = DIRECTION('',(0.,-1.,0.));
#8939 = DEFINITIONAL_REPRESENTATION('',(#8940),#8944);
#8940 = LINE('',#8941,#8942);
#8941 = CARTESIAN_POINT('',(0.,14.));
#8942 = VECTOR('',#8943,1.);
#8943 = DIRECTION('',(1.,0.));
#8944 = ( GEOMETRIC_REPRESENTATION_CONTEXT(2) 
PARAMETRIC_REPRESENTATION_CONTEXT() REPRESENTATION_CONTEXT('2D SPACE',''
  ) );
#8945 = ORIENTED_EDGE('',*,*,#8946,.T.);
#8946 = EDGE_CURVE('',#8918,#8947,#8949,.T.);
#8947 = VERTEX_POINT('',#8948);
#8948 = CARTESIAN_POINT('',(92.,57.,14.));
#8949 = SURFACE_CURVE('',#8950,(#8954,#8961),.PCURVE_S1.);
#8950 = LINE('',#8951,#8952);
#8951 = CARTESIAN_POINT('',(92.,-84.,14.));
#8952 = VECTOR('',#8953,1.);
#8953 = DIRECTION('',(0.,1.,0.));
#8954 = PCURVE('',#43,#8955);
#8955 = DEFINITIONAL_REPRESENTATION('',(#8956),#8960);
#8956 = LINE('',#8957,#8958);
#8957 = CARTESIAN_POINT('',(92.,-84.));
#8958 = VECTOR('',#8959,1.);
#8959 = DIRECTION('',(0.,1.));
#8960 = ( GEOMETRIC_REPRESENTATION_CONTEXT(2) 
PARAMETRIC_REPRESENTATION_CONTEXT() REPRESENTATION_CONTEXT('2D SPACE',''
  ) );
#8961 = PCURVE('',#8962,#8967);
#8962 = PLANE('',#8963);
#8963 = AXIS2_PLACEMENT_3D('',#8964,#8965,#8966);
#8964 = CARTESIAN_POINT('',(92.,-84.,0.));
#8965 = DIRECTION('',(-1.,0.,0.));
#8966 = DIRECTION('',(0.,1.,0.));
#8967 = DEFINITIONAL_REPRESENTATION('',(#8968),#8972);
#8968 = LINE('',#8969,#8970);
#8969 = CARTESIAN_POINT('',(0.,-14.));
#8970 = VECTOR('',#8971,1.);
#8971 = DIRECTION('',(1.,0.));
#8972 = ( GEOMETRIC_REPRESENTATION_CONTEXT(2) 
PARAMETRIC_REPRESENTATION_CONTEXT() REPRESENTATION_CONTEXT('2D SPACE',''
  ) );
#8973 = ORIENTED_EDGE('',*,*,#8974,.T.);
#8974 = EDGE_CURVE('',#8947,#8975,#8977,.T.);
#8975 = VERTEX_POINT('',#8976);
#8976 = CARTESIAN_POINT('',(65.,84.,14.));
#8977 = SURFACE_CURVE('',#8978,(#8983,#8990),.PCURVE_S1.);
#8978 = CIRCLE('',#8979,27.);
#8979 = AXIS2_PLACEMENT_3D('',#8980,#8981,#8982);
#8980 = CARTESIAN_POINT('',(65.,57.,14.));
#8981 = DIRECTION('',(0.,0.,1.));
#8982 = DIRECTION('',(0.,-1.,0.));
#8983 = PCURVE('',#43,#8984);
#8984 = DEFINITIONAL_REPRESENTATION('',(#8985),#8989);
#8985 = CIRCLE('',#8986,27.);
#8986 = AXIS2_PLACEMENT_2D('',#8987,#8988);
#8987 = CARTESIAN_POINT('',(65.,57.));
#8988 = DIRECTION('',(0.,-1.));
#8989 = ( GEOMETRIC_REPRESENTATION_CONTEXT(2) 
PARAMETRIC_REPRESENTATION_CONTEXT() REPRESENTATION_CONTEXT('2D SPACE',''
  ) );
#8990 = PCURVE('',#8991,#8996);
#8991 = CYLINDRICAL_SURFACE('',#8992,27.);
#8992 = AXIS2_PLACEMENT_3D('',#8993,#8994,#8995);
#8993 = CARTESIAN_POINT('',(65.,57.,0.));
#8994 = DIRECTION('',(0.,0.,1.));
#8995 = DIRECTION('',(1.,0.,-0.));
#8996 = DEFINITIONAL_REPRESENTATION('',(#8997),#9001);
#8997 = LINE('',#8998,#8999);
#8998 = CARTESIAN_POINT('',(-1.570796326795,14.));
#8999 = VECTOR('',#9000,1.);
#9000 = DIRECTION('',(1.,0.));
#9001 = ( GEOMETRIC_REPRESENTATION_CONTEXT(2) 
PARAMETRIC_REPRESENTATION_CONTEXT() REPRESENTATION_CONTEXT('2D SPACE',''
  ) );
#9002 = ORIENTED_EDGE('',*,*,#9003,.T.);
#9003 = EDGE_CURVE('',#8975,#9004,#9006,.T.);
#9004 = VERTEX_POINT('',#9005);
#9005 = CARTESIAN_POINT('',(-65.,84.,14.));
#9006 = SURFACE_CURVE('',#9007,(#9011,#9018),.PCURVE_S1.);
#9007 = LINE('',#9008,#9009);
#9008 = CARTESIAN_POINT('',(92.,84.,14.));
#9009 = VECTOR('',#9010,1.);
#9010 = DIRECTION('',(-1.,0.,0.));
#9011 = PCURVE('',#43,#9012);
#9012 = DEFINITIONAL_REPRESENTATION('',(#9013),#9017);
#9013 = LINE('',#9014,#9015);
#9014 = CARTESIAN_POINT('',(92.,84.));
#9015 = VECTOR('',#9016,1.);
#9016 = DIRECTION('',(-1.,0.));
#9017 = ( GEOMETRIC_REPRESENTATION_CONTEXT(2) 
PARAMETRIC_REPRESENTATION_CONTEXT() REPRESENTATION_CONTEXT('2D SPACE',''
  ) );
#9018 = PCURVE('',#9019,#9024);
#9019 = PLANE('',#9020);
#9020 = AXIS2_PLACEMENT_3D('',#9021,#9022,#9023);
#9021 = CARTESIAN_POINT('',(92.,84.,0.));
#9022 = DIRECTION('',(0.,-1.,0.));
#9023 = DIRECTION('',(-1.,0.,0.));
#9024 = DEFINITIONAL_REPRESENTATION('',(#9025),#9029);
#9025 = LINE('',#9026,#9027);
#9026 = CARTESIAN_POINT('',(0.,-14.));
#9027 = VECTOR('',#9028,1.);
#9028 = DIRECTION('',(1.,0.));
#9029 = ( GEOMETRIC_REPRESENTATION_CONTEXT(2) 
PARAMETRIC_REPRESENTATION_CONTEXT() REPRESENTATION_CONTEXT('2D SPACE',''
  ) );
#9030 = ORIENTED_EDGE('',*,*,#9031,.T.);
#9031 = EDGE_CURVE('',#9004,#9032,#9034,.T.);
#9032 = VERTEX_POINT('',#9033);
#9033 = CARTESIAN_POINT('',(-92.,57.,14.));
#9034 = SURFACE_CURVE('',#9035,(#9040,#9047),.PCURVE_S1.);
#9035 = CIRCLE('',#9036,27.);
#9036 = AXIS2_PLACEMENT_3D('',#9037,#9038,#9039);
#9037 = CARTESIAN_POINT('',(-65.,57.,14.));
#9038 = DIRECTION('',(0.,0.,1.));
#9039 = DIRECTION('',(0.,-1.,0.));
#9040 = PCURVE('',#43,#9041);
#9041 = DEFINITIONAL_REPRESENTATION('',(#9042),#9046);
#9042 = CIRCLE('',#9043,27.);
#9043 = AXIS2_PLACEMENT_2D('',#9044,#9045);
#9044 = CARTESIAN_POINT('',(-65.,57.));
#9045 = DIRECTION('',(0.,-1.));
#9046 = ( GEOMETRIC_REPRESENTATION_CONTEXT(2) 
PARAMETRIC_REPRESENTATION_CONTEXT() REPRESENTATION_CONTEXT('2D SPACE',''
  ) );
#9047 = PCURVE('',#9048,#9053);
#9048 = CYLINDRICAL_SURFACE('',#9049,27.);
#9049 = AXIS2_PLACEMENT_3D('',#9050,#9051,#9052);
#9050 = CARTESIAN_POINT('',(-65.,57.,0.));
#9051 = DIRECTION('',(0.,0.,1.));
#9052 = DIRECTION('',(-0.,1.,0.));
#9053 = DEFINITIONAL_REPRESENTATION('',(#9054),#9058);
#9054 = LINE('',#9055,#9056);
#9055 = CARTESIAN_POINT('',(-3.14159265359,14.));
#9056 = VECTOR('',#9057,1.);
#9057 = DIRECTION('',(1.,0.));
#9058 = ( GEOMETRIC_REPRESENTATION_CONTEXT(2) 
PARAMETRIC_REPRESENTATION_CONTEXT() REPRESENTATION_CONTEXT('2D SPACE',''
  ) );
#9059 = ORIENTED_EDGE('',*,*,#9060,.T.);
#9060 = EDGE_CURVE('',#9032,#9061,#9063,.T.);
#9061 = VERTEX_POINT('',#9062);
#9062 = CARTESIAN_POINT('',(-92.,-57.,14.));
#9063 = SURFACE_CURVE('',#9064,(#9068,#9075),.PCURVE_S1.);
#9064 = LINE('',#9065,#9066);
#9065 = CARTESIAN_POINT('',(-92.,84.,14.));
#9066 = VECTOR('',#9067,1.);
#9067 = DIRECTION('',(0.,-1.,0.));
#9068 = PCURVE('',#43,#9069);
#9069 = DEFINITIONAL_REPRESENTATION('',(#9070),#9074);
#9070 = LINE('',#9071,#9072);
#9071 = CARTESIAN_POINT('',(-92.,84.));
#9072 = VECTOR('',#9073,1.);
#9073 = DIRECTION('',(0.,-1.));
#9074 = ( GEOMETRIC_REPRESENTATION_CONTEXT(2) 
PARAMETRIC_REPRESENTATION_CONTEXT() REPRESENTATION_CONTEXT('2D SPACE',''
  ) );
#9075 = PCURVE('',#9076,#9081);
#9076 = PLANE('',#9077);
#9077 = AXIS2_PLACEMENT_3D('',#9078,#9079,#9080);
#9078 = CARTESIAN_POINT('',(-92.,84.,0.));
#9079 = DIRECTION('',(1.,0.,-0.));
#9080 = DIRECTION('',(0.,-1.,0.));
#9081 = DEFINITIONAL_REPRESENTATION('',(#9082),#9086);
#9082 = LINE('',#9083,#9084);
#9083 = CARTESIAN_POINT('',(0.,-14.));
#9084 = VECTOR('',#9085,1.);
#9085 = DIRECTION('',(1.,0.));
#9086 = ( GEOMETRIC_REPRESENTATION_CONTEXT(2) 
PARAMETRIC_REPRESENTATION_CONTEXT() REPRESENTATION_CONTEXT('2D SPACE',''
  ) );
#9087 = ORIENTED_EDGE('',*,*,#9088,.F.);
#9088 = EDGE_CURVE('',#8888,#9061,#9089,.T.);
#9089 = SURFACE_CURVE('',#9090,(#9095,#9106),.PCURVE_S1.);
#9090 = CIRCLE('',#9091,27.);
#9091 = AXIS2_PLACEMENT_3D('',#9092,#9093,#9094);
#9092 = CARTESIAN_POINT('',(-65.,-57.,14.));
#9093 = DIRECTION('',(-0.,-0.,-1.));
#9094 = DIRECTION('',(0.,-1.,0.));
#9095 = PCURVE('',#43,#9096);
#9096 = DEFINITIONAL_REPRESENTATION('',(#9097),#9105);
#9097 = ( BOUNDED_CURVE() B_SPLINE_CURVE(2,(#9098,#9099,#9100,#9101,
#9102,#9103,#9104),.UNSPECIFIED.,.T.,.F.) B_SPLINE_CURVE_WITH_KNOTS((1,2
    ,2,2,2,1),(-2.094395102393,0.,2.094395102393,4.188790204786,
6.28318530718,8.377580409573),.UNSPECIFIED.) CURVE() 
GEOMETRIC_REPRESENTATION_ITEM() RATIONAL_B_SPLINE_CURVE((1.,0.5,1.,0.5,
1.,0.5,1.)) REPRESENTATION_ITEM('') );
#9098 = CARTESIAN_POINT('',(-65.,-84.));
#9099 = CARTESIAN_POINT('',(-111.7653718043,-84.));
#9100 = CARTESIAN_POINT('',(-88.38268590218,-43.5));
#9101 = CARTESIAN_POINT('',(-65.,-3.));
#9102 = CARTESIAN_POINT('',(-41.61731409782,-43.5));
#9103 = CARTESIAN_POINT('',(-18.23462819564,-84.));
#9104 = CARTESIAN_POINT('',(-65.,-84.));
#9105 = ( GEOMETRIC_REPRESENTATION_CONTEXT(2) 
PARAMETRIC_REPRESENTATION_CONTEXT() REPRESENTATION_CONTEXT('2D SPACE',''
  ) );
#9106 = PCURVE('',#9107,#9112);
#9107 = CYLINDRICAL_SURFACE('',#9108,27.);
#9108 = AXIS2_PLACEMENT_3D('',#9109,#9110,#9111);
#9109 = CARTESIAN_POINT('',(-65.,-57.,0.));
#9110 = DIRECTION('',(0.,0.,1.));
#9111 = DIRECTION('',(0.,-1.,0.));
#9112 = DEFINITIONAL_REPRESENTATION('',(#9113),#9117);
#9113 = LINE('',#9114,#9115);
#9114 = CARTESIAN_POINT('',(-0.,14.));
#9115 = VECTOR('',#9116,1.);
#9116 = DIRECTION('',(-1.,0.));
#9117 = ( GEOMETRIC_REPRESENTATION_CONTEXT(2) 
PARAMETRIC_REPRESENTATION_CONTEXT() REPRESENTATION_CONTEXT('2D SPACE',''
  ) );
#9118 = FACE_BOUND('',#9119,.T.);
#9119 = EDGE_LOOP('',(#9120,#9121,#9122,#9123,#9124,#9125,#9126,#9127));
#9120 = ORIENTED_EDGE('',*,*,#21,.F.);
#9121 = ORIENTED_EDGE('',*,*,#8860,.F.);
#9122 = ORIENTED_EDGE('',*,*,#5528,.F.);
#9123 = ORIENTED_EDGE('',*,*,#5429,.F.);
#9124 = ORIENTED_EDGE('',*,*,#6213,.F.);
#9125 = ORIENTED_EDGE('',*,*,#6957,.F.);
#9126 = ORIENTED_EDGE('',*,*,#7007,.F.);
#9127 = ORIENTED_EDGE('',*,*,#8462,.F.);
#9128 = ADVANCED_FACE('',(#9129),#9019,.F.);
#9129 = FACE_BOUND('',#9130,.F.);
#9130 = EDGE_LOOP('',(#9131,#9161,#9182,#9183));
#9131 = ORIENTED_EDGE('',*,*,#9132,.F.);
#9132 = EDGE_CURVE('',#9133,#9135,#9137,.T.);
#9133 = VERTEX_POINT('',#9134);
#9134 = CARTESIAN_POINT('',(65.,84.,0.));
#9135 = VERTEX_POINT('',#9136);
#9136 = CARTESIAN_POINT('',(-65.,84.,0.));
#9137 = SURFACE_CURVE('',#9138,(#9142,#9149),.PCURVE_S1.);
#9138 = LINE('',#9139,#9140);
#9139 = CARTESIAN_POINT('',(92.,84.,0.));
#9140 = VECTOR('',#9141,1.);
#9141 = DIRECTION('',(-1.,0.,0.));
#9142 = PCURVE('',#9019,#9143);
#9143 = DEFINITIONAL_REPRESENTATION('',(#9144),#9148);
#9144 = LINE('',#9145,#9146);
#9145 = CARTESIAN_POINT('',(0.,-0.));
#9146 = VECTOR('',#9147,1.);
#9147 = DIRECTION('',(1.,0.));
#9148 = ( GEOMETRIC_REPRESENTATION_CONTEXT(2) 
PARAMETRIC_REPRESENTATION_CONTEXT() REPRESENTATION_CONTEXT('2D SPACE',''
  ) );
#9149 = PCURVE('',#9150,#9155);
#9150 = PLANE('',#9151);
#9151 = AXIS2_PLACEMENT_3D('',#9152,#9153,#9154);
#9152 = CARTESIAN_POINT('',(0.,0.,0.));
#9153 = DIRECTION('',(0.,0.,1.));
#9154 = DIRECTION('',(1.,0.,-0.));
#9155 = DEFINITIONAL_REPRESENTATION('',(#9156),#9160);
#9156 = LINE('',#9157,#9158);
#9157 = CARTESIAN_POINT('',(92.,84.));
#9158 = VECTOR('',#9159,1.);
#9159 = DIRECTION('',(-1.,0.));
#9160 = ( GEOMETRIC_REPRESENTATION_CONTEXT(2) 
PARAMETRIC_REPRESENTATION_CONTEXT() REPRESENTATION_CONTEXT('2D SPACE',''
  ) );
#9161 = ORIENTED_EDGE('',*,*,#9162,.T.);
#9162 = EDGE_CURVE('',#9133,#8975,#9163,.T.);
#9163 = SURFACE_CURVE('',#9164,(#9168,#9175),.PCURVE_S1.);
#9164 = LINE('',#9165,#9166);
#9165 = CARTESIAN_POINT('',(65.,84.,0.));
#9166 = VECTOR('',#9167,1.);
#9167 = DIRECTION('',(0.,0.,1.));
#9168 = PCURVE('',#9019,#9169);
#9169 = DEFINITIONAL_REPRESENTATION('',(#9170),#9174);
#9170 = LINE('',#9171,#9172);
#9171 = CARTESIAN_POINT('',(27.,0.));
#9172 = VECTOR('',#9173,1.);
#9173 = DIRECTION('',(0.,-1.));
#9174 = ( GEOMETRIC_REPRESENTATION_CONTEXT(2) 
PARAMETRIC_REPRESENTATION_CONTEXT() REPRESENTATION_CONTEXT('2D SPACE',''
  ) );
#9175 = PCURVE('',#8991,#9176);
#9176 = DEFINITIONAL_REPRESENTATION('',(#9177),#9181);
#9177 = LINE('',#9178,#9179);
#9178 = CARTESIAN_POINT('',(1.570796326795,0.));
#9179 = VECTOR('',#9180,1.);
#9180 = DIRECTION('',(0.,1.));
#9181 = ( GEOMETRIC_REPRESENTATION_CONTEXT(2) 
PARAMETRIC_REPRESENTATION_CONTEXT() REPRESENTATION_CONTEXT('2D SPACE',''
  ) );
#9182 = ORIENTED_EDGE('',*,*,#9003,.T.);
#9183 = ORIENTED_EDGE('',*,*,#9184,.F.);
#9184 = EDGE_CURVE('',#9135,#9004,#9185,.T.);
#9185 = SURFACE_CURVE('',#9186,(#9190,#9197),.PCURVE_S1.);
#9186 = LINE('',#9187,#9188);
#9187 = CARTESIAN_POINT('',(-65.,84.,0.));
#9188 = VECTOR('',#9189,1.);
#9189 = DIRECTION('',(0.,0.,1.));
#9190 = PCURVE('',#9019,#9191);
#9191 = DEFINITIONAL_REPRESENTATION('',(#9192),#9196);
#9192 = LINE('',#9193,#9194);
#9193 = CARTESIAN_POINT('',(157.,0.));
#9194 = VECTOR('',#9195,1.);
#9195 = DIRECTION('',(0.,-1.));
#9196 = ( GEOMETRIC_REPRESENTATION_CONTEXT(2) 
PARAMETRIC_REPRESENTATION_CONTEXT() REPRESENTATION_CONTEXT('2D SPACE',''
  ) );
#9197 = PCURVE('',#9048,#9198);
#9198 = DEFINITIONAL_REPRESENTATION('',(#9199),#9203);
#9199 = LINE('',#9200,#9201);
#9200 = CARTESIAN_POINT('',(0.,0.));
#9201 = VECTOR('',#9202,1.);
#9202 = DIRECTION('',(0.,1.));
#9203 = ( GEOMETRIC_REPRESENTATION_CONTEXT(2) 
PARAMETRIC_REPRESENTATION_CONTEXT() REPRESENTATION_CONTEXT('2D SPACE',''
  ) );
#9204 = ADVANCED_FACE('',(#9205),#9150,.F.);
#9205 = FACE_BOUND('',#9206,.F.);
#9206 = EDGE_LOOP('',(#9207,#9232,#9256,#9279,#9301,#9302,#9326,#9349));
#9207 = ORIENTED_EDGE('',*,*,#9208,.T.);
#9208 = EDGE_CURVE('',#9209,#9211,#9213,.T.);
#9209 = VERTEX_POINT('',#9210);
#9210 = CARTESIAN_POINT('',(-65.,-84.,0.));
#9211 = VERTEX_POINT('',#9212);
#9212 = CARTESIAN_POINT('',(65.,-84.,0.));
#9213 = SURFACE_CURVE('',#9214,(#9218,#9225),.PCURVE_S1.);
#9214 = LINE('',#9215,#9216);
#9215 = CARTESIAN_POINT('',(-92.,-84.,0.));
#9216 = VECTOR('',#9217,1.);
#9217 = DIRECTION('',(1.,0.,0.));
#9218 = PCURVE('',#9150,#9219);
#9219 = DEFINITIONAL_REPRESENTATION('',(#9220),#9224);
#9220 = LINE('',#9221,#9222);
#9221 = CARTESIAN_POINT('',(-92.,-84.));
#9222 = VECTOR('',#9223,1.);
#9223 = DIRECTION('',(1.,0.));
#9224 = ( GEOMETRIC_REPRESENTATION_CONTEXT(2) 
PARAMETRIC_REPRESENTATION_CONTEXT() REPRESENTATION_CONTEXT('2D SPACE',''
  ) );
#9225 = PCURVE('',#8905,#9226);
#9226 = DEFINITIONAL_REPRESENTATION('',(#9227),#9231);
#9227 = LINE('',#9228,#9229);
#9228 = CARTESIAN_POINT('',(0.,0.));
#9229 = VECTOR('',#9230,1.);
#9230 = DIRECTION('',(1.,0.));
#9231 = ( GEOMETRIC_REPRESENTATION_CONTEXT(2) 
PARAMETRIC_REPRESENTATION_CONTEXT() REPRESENTATION_CONTEXT('2D SPACE',''
  ) );
#9232 = ORIENTED_EDGE('',*,*,#9233,.T.);
#9233 = EDGE_CURVE('',#9211,#9234,#9236,.T.);
#9234 = VERTEX_POINT('',#9235);
#9235 = CARTESIAN_POINT('',(92.,-57.,0.));
#9236 = SURFACE_CURVE('',#9237,(#9242,#9249),.PCURVE_S1.);
#9237 = CIRCLE('',#9238,27.);
#9238 = AXIS2_PLACEMENT_3D('',#9239,#9240,#9241);
#9239 = CARTESIAN_POINT('',(65.,-57.,0.));
#9240 = DIRECTION('',(0.,0.,1.));
#9241 = DIRECTION('',(0.,-1.,0.));
#9242 = PCURVE('',#9150,#9243);
#9243 = DEFINITIONAL_REPRESENTATION('',(#9244),#9248);
#9244 = CIRCLE('',#9245,27.);
#9245 = AXIS2_PLACEMENT_2D('',#9246,#9247);
#9246 = CARTESIAN_POINT('',(65.,-57.));
#9247 = DIRECTION('',(0.,-1.));
#9248 = ( GEOMETRIC_REPRESENTATION_CONTEXT(2) 
PARAMETRIC_REPRESENTATION_CONTEXT() REPRESENTATION_CONTEXT('2D SPACE',''
  ) );
#9249 = PCURVE('',#8934,#9250);
#9250 = DEFINITIONAL_REPRESENTATION('',(#9251),#9255);
#9251 = LINE('',#9252,#9253);
#9252 = CARTESIAN_POINT('',(0.,0.));
#9253 = VECTOR('',#9254,1.);
#9254 = DIRECTION('',(1.,0.));
#9255 = ( GEOMETRIC_REPRESENTATION_CONTEXT(2) 
PARAMETRIC_REPRESENTATION_CONTEXT() REPRESENTATION_CONTEXT('2D SPACE',''
  ) );
#9256 = ORIENTED_EDGE('',*,*,#9257,.T.);
#9257 = EDGE_CURVE('',#9234,#9258,#9260,.T.);
#9258 = VERTEX_POINT('',#9259);
#9259 = CARTESIAN_POINT('',(92.,57.,0.));
#9260 = SURFACE_CURVE('',#9261,(#9265,#9272),.PCURVE_S1.);
#9261 = LINE('',#9262,#9263);
#9262 = CARTESIAN_POINT('',(92.,-84.,0.));
#9263 = VECTOR('',#9264,1.);
#9264 = DIRECTION('',(0.,1.,0.));
#9265 = PCURVE('',#9150,#9266);
#9266 = DEFINITIONAL_REPRESENTATION('',(#9267),#9271);
#9267 = LINE('',#9268,#9269);
#9268 = CARTESIAN_POINT('',(92.,-84.));
#9269 = VECTOR('',#9270,1.);
#9270 = DIRECTION('',(0.,1.));
#9271 = ( GEOMETRIC_REPRESENTATION_CONTEXT(2) 
PARAMETRIC_REPRESENTATION_CONTEXT() REPRESENTATION_CONTEXT('2D SPACE',''
  ) );
#9272 = PCURVE('',#8962,#9273);
#9273 = DEFINITIONAL_REPRESENTATION('',(#9274),#9278);
#9274 = LINE('',#9275,#9276);
#9275 = CARTESIAN_POINT('',(0.,0.));
#9276 = VECTOR('',#9277,1.);
#9277 = DIRECTION('',(1.,0.));
#9278 = ( GEOMETRIC_REPRESENTATION_CONTEXT(2) 
PARAMETRIC_REPRESENTATION_CONTEXT() REPRESENTATION_CONTEXT('2D SPACE',''
  ) );
#9279 = ORIENTED_EDGE('',*,*,#9280,.T.);
#9280 = EDGE_CURVE('',#9258,#9133,#9281,.T.);
#9281 = SURFACE_CURVE('',#9282,(#9287,#9294),.PCURVE_S1.);
#9282 = CIRCLE('',#9283,27.);
#9283 = AXIS2_PLACEMENT_3D('',#9284,#9285,#9286);
#9284 = CARTESIAN_POINT('',(65.,57.,0.));
#9285 = DIRECTION('',(0.,0.,1.));
#9286 = DIRECTION('',(0.,-1.,0.));
#9287 = PCURVE('',#9150,#9288);
#9288 = DEFINITIONAL_REPRESENTATION('',(#9289),#9293);
#9289 = CIRCLE('',#9290,27.);
#9290 = AXIS2_PLACEMENT_2D('',#9291,#9292);
#9291 = CARTESIAN_POINT('',(65.,57.));
#9292 = DIRECTION('',(0.,-1.));
#9293 = ( GEOMETRIC_REPRESENTATION_CONTEXT(2) 
PARAMETRIC_REPRESENTATION_CONTEXT() REPRESENTATION_CONTEXT('2D SPACE',''
  ) );
#9294 = PCURVE('',#8991,#9295);
#9295 = DEFINITIONAL_REPRESENTATION('',(#9296),#9300);
#9296 = LINE('',#9297,#9298);
#9297 = CARTESIAN_POINT('',(-1.570796326795,0.));
#9298 = VECTOR('',#9299,1.);
#9299 = DIRECTION('',(1.,0.));
#9300 = ( GEOMETRIC_REPRESENTATION_CONTEXT(2) 
PARAMETRIC_REPRESENTATION_CONTEXT() REPRESENTATION_CONTEXT('2D SPACE',''
  ) );
#9301 = ORIENTED_EDGE('',*,*,#9132,.T.);
#9302 = ORIENTED_EDGE('',*,*,#9303,.T.);
#9303 = EDGE_CURVE('',#9135,#9304,#9306,.T.);
#9304 = VERTEX_POINT('',#9305);
#9305 = CARTESIAN_POINT('',(-92.,57.,0.));
#9306 = SURFACE_CURVE('',#9307,(#9312,#9319),.PCURVE_S1.);
#9307 = CIRCLE('',#9308,27.);
#9308 = AXIS2_PLACEMENT_3D('',#9309,#9310,#9311);
#9309 = CARTESIAN_POINT('',(-65.,57.,0.));
#9310 = DIRECTION('',(0.,0.,1.));
#9311 = DIRECTION('',(0.,-1.,0.));
#9312 = PCURVE('',#9150,#9313);
#9313 = DEFINITIONAL_REPRESENTATION('',(#9314),#9318);
#9314 = CIRCLE('',#9315,27.);
#9315 = AXIS2_PLACEMENT_2D('',#9316,#9317);
#9316 = CARTESIAN_POINT('',(-65.,57.));
#9317 = DIRECTION('',(0.,-1.));
#9318 = ( GEOMETRIC_REPRESENTATION_CONTEXT(2) 
PARAMETRIC_REPRESENTATION_CONTEXT() REPRESENTATION_CONTEXT('2D SPACE',''
  ) );
#9319 = PCURVE('',#9048,#9320);
#9320 = DEFINITIONAL_REPRESENTATION('',(#9321),#9325);
#9321 = LINE('',#9322,#9323);
#9322 = CARTESIAN_POINT('',(-3.14159265359,0.));
#9323 = VECTOR('',#9324,1.);
#9324 = DIRECTION('',(1.,0.));
#9325 = ( GEOMETRIC_REPRESENTATION_CONTEXT(2) 
PARAMETRIC_REPRESENTATION_CONTEXT() REPRESENTATION_CONTEXT('2D SPACE',''
  ) );
#9326 = ORIENTED_EDGE('',*,*,#9327,.T.);
#9327 = EDGE_CURVE('',#9304,#9328,#9330,.T.);
#9328 = VERTEX_POINT('',#9329);
#9329 = CARTESIAN_POINT('',(-92.,-57.,0.));
#9330 = SURFACE_CURVE('',#9331,(#9335,#9342),.PCURVE_S1.);
#9331 = LINE('',#9332,#9333);
#9332 = CARTESIAN_POINT('',(-92.,84.,0.));
#9333 = VECTOR('',#9334,1.);
#9334 = DIRECTION('',(0.,-1.,0.));
#9335 = PCURVE('',#9150,#9336);
#9336 = DEFINITIONAL_REPRESENTATION('',(#9337),#9341);
#9337 = LINE('',#9338,#9339);
#9338 = CARTESIAN_POINT('',(-92.,84.));
#9339 = VECTOR('',#9340,1.);
#9340 = DIRECTION('',(0.,-1.));
#9341 = ( GEOMETRIC_REPRESENTATION_CONTEXT(2) 
PARAMETRIC_REPRESENTATION_CONTEXT() REPRESENTATION_CONTEXT('2D SPACE',''
  ) );
#9342 = PCURVE('',#9076,#9343);
#9343 = DEFINITIONAL_REPRESENTATION('',(#9344),#9348);
#9344 = LINE('',#9345,#9346);
#9345 = CARTESIAN_POINT('',(0.,0.));
#9346 = VECTOR('',#9347,1.);
#9347 = DIRECTION('',(1.,0.));
#9348 = ( GEOMETRIC_REPRESENTATION_CONTEXT(2) 
PARAMETRIC_REPRESENTATION_CONTEXT() REPRESENTATION_CONTEXT('2D SPACE',''
  ) );
#9349 = ORIENTED_EDGE('',*,*,#9350,.F.);
#9350 = EDGE_CURVE('',#9209,#9328,#9351,.T.);
#9351 = SURFACE_CURVE('',#9352,(#9357,#9368),.PCURVE_S1.);
#9352 = CIRCLE('',#9353,27.);
#9353 = AXIS2_PLACEMENT_3D('',#9354,#9355,#9356);
#9354 = CARTESIAN_POINT('',(-65.,-57.,0.));
#9355 = DIRECTION('',(-0.,-0.,-1.));
#9356 = DIRECTION('',(0.,-1.,0.));
#9357 = PCURVE('',#9150,#9358);
#9358 = DEFINITIONAL_REPRESENTATION('',(#9359),#9367);
#9359 = ( BOUNDED_CURVE() B_SPLINE_CURVE(2,(#9360,#9361,#9362,#9363,
#9364,#9365,#9366),.UNSPECIFIED.,.T.,.F.) B_SPLINE_CURVE_WITH_KNOTS((1,2
    ,2,2,2,1),(-2.094395102393,0.,2.094395102393,4.188790204786,
6.28318530718,8.377580409573),.UNSPECIFIED.) CURVE() 
GEOMETRIC_REPRESENTATION_ITEM() RATIONAL_B_SPLINE_CURVE((1.,0.5,1.,0.5,
1.,0.5,1.)) REPRESENTATION_ITEM('') );
#9360 = CARTESIAN_POINT('',(-65.,-84.));
#9361 = CARTESIAN_POINT('',(-111.7653718043,-84.));
#9362 = CARTESIAN_POINT('',(-88.38268590218,-43.5));
#9363 = CARTESIAN_POINT('',(-65.,-3.));
#9364 = CARTESIAN_POINT('',(-41.61731409782,-43.5));
#9365 = CARTESIAN_POINT('',(-18.23462819564,-84.));
#9366 = CARTESIAN_POINT('',(-65.,-84.));
#9367 = ( GEOMETRIC_REPRESENTATION_CONTEXT(2) 
PARAMETRIC_REPRESENTATION_CONTEXT() REPRESENTATION_CONTEXT('2D SPACE',''
  ) );
#9368 = PCURVE('',#9107,#9369);
#9369 = DEFINITIONAL_REPRESENTATION('',(#9370),#9374);
#9370 = LINE('',#9371,#9372);
#9371 = CARTESIAN_POINT('',(-0.,0.));
#9372 = VECTOR('',#9373,1.);
#9373 = DIRECTION('',(-1.,0.));
#9374 = ( GEOMETRIC_REPRESENTATION_CONTEXT(2) 
PARAMETRIC_REPRESENTATION_CONTEXT() REPRESENTATION_CONTEXT('2D SPACE',''
  ) );
#9375 = ADVANCED_FACE('',(#9376),#8991,.T.);
#9376 = FACE_BOUND('',#9377,.T.);
#9377 = EDGE_LOOP('',(#9378,#9379,#9380,#9381));
#9378 = ORIENTED_EDGE('',*,*,#9280,.T.);
#9379 = ORIENTED_EDGE('',*,*,#9162,.T.);
#9380 = ORIENTED_EDGE('',*,*,#8974,.F.);
#9381 = ORIENTED_EDGE('',*,*,#9382,.F.);
#9382 = EDGE_CURVE('',#9258,#8947,#9383,.T.);
#9383 = SURFACE_CURVE('',#9384,(#9388,#9395),.PCURVE_S1.);
#9384 = LINE('',#9385,#9386);
#9385 = CARTESIAN_POINT('',(92.,57.,0.));
#9386 = VECTOR('',#9387,1.);
#9387 = DIRECTION('',(0.,0.,1.));
#9388 = PCURVE('',#8991,#9389);
#9389 = DEFINITIONAL_REPRESENTATION('',(#9390),#9394);
#9390 = LINE('',#9391,#9392);
#9391 = CARTESIAN_POINT('',(0.,0.));
#9392 = VECTOR('',#9393,1.);
#9393 = DIRECTION('',(0.,1.));
#9394 = ( GEOMETRIC_REPRESENTATION_CONTEXT(2) 
PARAMETRIC_REPRESENTATION_CONTEXT() REPRESENTATION_CONTEXT('2D SPACE',''
  ) );
#9395 = PCURVE('',#8962,#9396);
#9396 = DEFINITIONAL_REPRESENTATION('',(#9397),#9401);
#9397 = LINE('',#9398,#9399);
#9398 = CARTESIAN_POINT('',(141.,0.));
#9399 = VECTOR('',#9400,1.);
#9400 = DIRECTION('',(0.,-1.));
#9401 = ( GEOMETRIC_REPRESENTATION_CONTEXT(2) 
PARAMETRIC_REPRESENTATION_CONTEXT() REPRESENTATION_CONTEXT('2D SPACE',''
  ) );
#9402 = ADVANCED_FACE('',(#9403),#9048,.T.);
#9403 = FACE_BOUND('',#9404,.T.);
#9404 = EDGE_LOOP('',(#9405,#9406,#9427,#9428));
#9405 = ORIENTED_EDGE('',*,*,#9303,.T.);
#9406 = ORIENTED_EDGE('',*,*,#9407,.T.);
#9407 = EDGE_CURVE('',#9304,#9032,#9408,.T.);
#9408 = SURFACE_CURVE('',#9409,(#9413,#9420),.PCURVE_S1.);
#9409 = LINE('',#9410,#9411);
#9410 = CARTESIAN_POINT('',(-92.,57.,0.));
#9411 = VECTOR('',#9412,1.);
#9412 = DIRECTION('',(0.,0.,1.));
#9413 = PCURVE('',#9048,#9414);
#9414 = DEFINITIONAL_REPRESENTATION('',(#9415),#9419);
#9415 = LINE('',#9416,#9417);
#9416 = CARTESIAN_POINT('',(1.570796326795,0.));
#9417 = VECTOR('',#9418,1.);
#9418 = DIRECTION('',(0.,1.));
#9419 = ( GEOMETRIC_REPRESENTATION_CONTEXT(2) 
PARAMETRIC_REPRESENTATION_CONTEXT() REPRESENTATION_CONTEXT('2D SPACE',''
  ) );
#9420 = PCURVE('',#9076,#9421);
#9421 = DEFINITIONAL_REPRESENTATION('',(#9422),#9426);
#9422 = LINE('',#9423,#9424);
#9423 = CARTESIAN_POINT('',(27.,0.));
#9424 = VECTOR('',#9425,1.);
#9425 = DIRECTION('',(0.,-1.));
#9426 = ( GEOMETRIC_REPRESENTATION_CONTEXT(2) 
PARAMETRIC_REPRESENTATION_CONTEXT() REPRESENTATION_CONTEXT('2D SPACE',''
  ) );
#9427 = ORIENTED_EDGE('',*,*,#9031,.F.);
#9428 = ORIENTED_EDGE('',*,*,#9184,.F.);
#9429 = ADVANCED_FACE('',(#9430),#8962,.F.);
#9430 = FACE_BOUND('',#9431,.F.);
#9431 = EDGE_LOOP('',(#9432,#9433,#9454,#9455));
#9432 = ORIENTED_EDGE('',*,*,#9257,.F.);
#9433 = ORIENTED_EDGE('',*,*,#9434,.T.);
#9434 = EDGE_CURVE('',#9234,#8918,#9435,.T.);
#9435 = SURFACE_CURVE('',#9436,(#9440,#9447),.PCURVE_S1.);
#9436 = LINE('',#9437,#9438);
#9437 = CARTESIAN_POINT('',(92.,-57.,0.));
#9438 = VECTOR('',#9439,1.);
#9439 = DIRECTION('',(0.,0.,1.));
#9440 = PCURVE('',#8962,#9441);
#9441 = DEFINITIONAL_REPRESENTATION('',(#9442),#9446);
#9442 = LINE('',#9443,#9444);
#9443 = CARTESIAN_POINT('',(27.,0.));
#9444 = VECTOR('',#9445,1.);
#9445 = DIRECTION('',(0.,-1.));
#9446 = ( GEOMETRIC_REPRESENTATION_CONTEXT(2) 
PARAMETRIC_REPRESENTATION_CONTEXT() REPRESENTATION_CONTEXT('2D SPACE',''
  ) );
#9447 = PCURVE('',#8934,#9448);
#9448 = DEFINITIONAL_REPRESENTATION('',(#9449),#9453);
#9449 = LINE('',#9450,#9451);
#9450 = CARTESIAN_POINT('',(1.570796326795,0.));
#9451 = VECTOR('',#9452,1.);
#9452 = DIRECTION('',(0.,1.));
#9453 = ( GEOMETRIC_REPRESENTATION_CONTEXT(2) 
PARAMETRIC_REPRESENTATION_CONTEXT() REPRESENTATION_CONTEXT('2D SPACE',''
  ) );
#9454 = ORIENTED_EDGE('',*,*,#8946,.T.);
#9455 = ORIENTED_EDGE('',*,*,#9382,.F.);
#9456 = ADVANCED_FACE('',(#9457),#9076,.F.);
#9457 = FACE_BOUND('',#9458,.F.);
#9458 = EDGE_LOOP('',(#9459,#9460,#9461,#9462));
#9459 = ORIENTED_EDGE('',*,*,#9327,.F.);
#9460 = ORIENTED_EDGE('',*,*,#9407,.T.);
#9461 = ORIENTED_EDGE('',*,*,#9060,.T.);
#9462 = ORIENTED_EDGE('',*,*,#9463,.F.);
#9463 = EDGE_CURVE('',#9328,#9061,#9464,.T.);
#9464 = SURFACE_CURVE('',#9465,(#9469,#9476),.PCURVE_S1.);
#9465 = LINE('',#9466,#9467);
#9466 = CARTESIAN_POINT('',(-92.,-57.,0.));
#9467 = VECTOR('',#9468,1.);
#9468 = DIRECTION('',(0.,0.,1.));
#9469 = PCURVE('',#9076,#9470);
#9470 = DEFINITIONAL_REPRESENTATION('',(#9471),#9475);
#9471 = LINE('',#9472,#9473);
#9472 = CARTESIAN_POINT('',(141.,0.));
#9473 = VECTOR('',#9474,1.);
#9474 = DIRECTION('',(0.,-1.));
#9475 = ( GEOMETRIC_REPRESENTATION_CONTEXT(2) 
PARAMETRIC_REPRESENTATION_CONTEXT() REPRESENTATION_CONTEXT('2D SPACE',''
  ) );
#9476 = PCURVE('',#9107,#9477);
#9477 = DEFINITIONAL_REPRESENTATION('',(#9478),#9482);
#9478 = LINE('',#9479,#9480);
#9479 = CARTESIAN_POINT('',(-1.570796326795,0.));
#9480 = VECTOR('',#9481,1.);
#9481 = DIRECTION('',(-0.,1.));
#9482 = ( GEOMETRIC_REPRESENTATION_CONTEXT(2) 
PARAMETRIC_REPRESENTATION_CONTEXT() REPRESENTATION_CONTEXT('2D SPACE',''
  ) );
#9483 = ADVANCED_FACE('',(#9484),#8934,.T.);
#9484 = FACE_BOUND('',#9485,.T.);
#9485 = EDGE_LOOP('',(#9486,#9487,#9488,#9489));
#9486 = ORIENTED_EDGE('',*,*,#9233,.T.);
#9487 = ORIENTED_EDGE('',*,*,#9434,.T.);
#9488 = ORIENTED_EDGE('',*,*,#8917,.F.);
#9489 = ORIENTED_EDGE('',*,*,#9490,.F.);
#9490 = EDGE_CURVE('',#9211,#8890,#9491,.T.);
#9491 = SURFACE_CURVE('',#9492,(#9496,#9503),.PCURVE_S1.);
#9492 = LINE('',#9493,#9494);
#9493 = CARTESIAN_POINT('',(65.,-84.,0.));
#9494 = VECTOR('',#9495,1.);
#9495 = DIRECTION('',(0.,0.,1.));
#9496 = PCURVE('',#8934,#9497);
#9497 = DEFINITIONAL_REPRESENTATION('',(#9498),#9502);
#9498 = LINE('',#9499,#9500);
#9499 = CARTESIAN_POINT('',(0.,0.));
#9500 = VECTOR('',#9501,1.);
#9501 = DIRECTION('',(0.,1.));
#9502 = ( GEOMETRIC_REPRESENTATION_CONTEXT(2) 
PARAMETRIC_REPRESENTATION_CONTEXT() REPRESENTATION_CONTEXT('2D SPACE',''
  ) );
#9503 = PCURVE('',#8905,#9504);
#9504 = DEFINITIONAL_REPRESENTATION('',(#9505),#9509);
#9505 = LINE('',#9506,#9507);
#9506 = CARTESIAN_POINT('',(157.,0.));
#9507 = VECTOR('',#9508,1.);
#9508 = DIRECTION('',(0.,-1.));
#9509 = ( GEOMETRIC_REPRESENTATION_CONTEXT(2) 
PARAMETRIC_REPRESENTATION_CONTEXT() REPRESENTATION_CONTEXT('2D SPACE',''
  ) );
#9510 = ADVANCED_FACE('',(#9511),#9107,.T.);
#9511 = FACE_BOUND('',#9512,.F.);
#9512 = EDGE_LOOP('',(#9513,#9514,#9515,#9516));
#9513 = ORIENTED_EDGE('',*,*,#9350,.T.);
#9514 = ORIENTED_EDGE('',*,*,#9463,.T.);
#9515 = ORIENTED_EDGE('',*,*,#9088,.F.);
#9516 = ORIENTED_EDGE('',*,*,#9517,.F.);
#9517 = EDGE_CURVE('',#9209,#8888,#9518,.T.);
#9518 = SURFACE_CURVE('',#9519,(#9523,#9530),.PCURVE_S1.);
#9519 = LINE('',#9520,#9521);
#9520 = CARTESIAN_POINT('',(-65.,-84.,0.));
#9521 = VECTOR('',#9522,1.);
#9522 = DIRECTION('',(0.,0.,1.));
#9523 = PCURVE('',#9107,#9524);
#9524 = DEFINITIONAL_REPRESENTATION('',(#9525),#9529);
#9525 = LINE('',#9526,#9527);
#9526 = CARTESIAN_POINT('',(-0.,0.));
#9527 = VECTOR('',#9528,1.);
#9528 = DIRECTION('',(-0.,1.));
#9529 = ( GEOMETRIC_REPRESENTATION_CONTEXT(2) 
PARAMETRIC_REPRESENTATION_CONTEXT() REPRESENTATION_CONTEXT('2D SPACE',''
  ) );
#9530 = PCURVE('',#8905,#9531);
#9531 = DEFINITIONAL_REPRESENTATION('',(#9532),#9536);
#9532 = LINE('',#9533,#9534);
#9533 = CARTESIAN_POINT('',(27.,0.));
#9534 = VECTOR('',#9535,1.);
#9535 = DIRECTION('',(0.,-1.));
#9536 = ( GEOMETRIC_REPRESENTATION_CONTEXT(2) 
PARAMETRIC_REPRESENTATION_CONTEXT() REPRESENTATION_CONTEXT('2D SPACE',''
  ) );
#9537 = ADVANCED_FACE('',(#9538),#8905,.F.);
#9538 = FACE_BOUND('',#9539,.F.);
#9539 = EDGE_LOOP('',(#9540,#9541,#9542,#9543));
#9540 = ORIENTED_EDGE('',*,*,#9208,.F.);
#9541 = ORIENTED_EDGE('',*,*,#9517,.T.);
#9542 = ORIENTED_EDGE('',*,*,#8887,.T.);
#9543 = ORIENTED_EDGE('',*,*,#9490,.F.);
#9544 = ( GEOMETRIC_REPRESENTATION_CONTEXT(3) 
GLOBAL_UNCERTAINTY_ASSIGNED_CONTEXT((#9548)) 
GLOBAL_UNIT_ASSIGNED_CONTEXT((#9545,#9546,#9547)) REPRESENTATION_CONTEXT
('Context #1','3D Context with UNIT and UNCERTAINTY') );
#9545 = ( LENGTH_UNIT() NAMED_UNIT(*) SI_UNIT(.MILLI.,.METRE.) );
#9546 = ( NAMED_UNIT(*) PLANE_ANGLE_UNIT() SI_UNIT($,.RADIAN.) );
#9547 = ( NAMED_UNIT(*) SI_UNIT($,.STERADIAN.) SOLID_ANGLE_UNIT() );
#9548 = UNCERTAINTY_MEASURE_WITH_UNIT(LENGTH_MEASURE(1.E-07),#9545,
  'distance_accuracy_value','confusion accuracy');
#9549 = PRODUCT_RELATED_PRODUCT_CATEGORY('part',$,(#7));
ENDSEC;
END-ISO-10303-21;
