ISO-10303-21;
HEADER;
FILE_DESCRIPTION(('Open CASCADE Model'),'2;1');
FILE_NAME('Open CASCADE Shape Model','2026-09-22T18:40:21',('Author'),(
    'Open CASCADE'),'Open CASCADE STEP processor 7.9','Open CASCADE 7.9'
  ,'Unknown');
FILE_SCHEMA(('AUTOMOTIVE_DESIGN { 1 0 10303 214 1 1 1 1 }'));
ENDSEC;
DATA;
#1 = APPLICATION_PROTOCOL_DEFINITION('international standard',
  'automotive_design',2000,#2);
#2 = APPLICATION_CONTEXT(
  'core data for automotive mechanical design processes');
#3 = SHAPE_DEFINITION_REPRESENTATION(#4,#10);
#4 = PRODUCT_DEFINITION_SHAPE('','',#5);
#5 = PRODUCT_DEFINITION('design','',#6,#9);
#6 = PRODUCT_DEFINITION_FORMATION('','',#7);
#7 = PRODUCT('Open CASCADE STEP translator 7.9 1',
  'Open CASCADE STEP translator 7.9 1','',(#8));
#8 = PRODUCT_CONTEXT('',#2,'mechanical');
#9 = PRODUCT_DEFINITION_CONTEXT('part definition',#2,'design');
#10 = ADVANCED_BREP_SHAPE_REPRESENTATION('',(#11,#15),#13987);
#11 = AXIS2_PLACEMENT_3D('',#12,#13,#14);
#12 = CARTESIAN_POINT('',(0.,0.,0.));
#13 = DIRECTION('',(0.,0.,1.));
#14 = DIRECTION('',(1.,0.,-0.));
#15 = MANIFOLD_SOLID_BREP('',#16);
#16 = CLOSED_SHELL('',(#17,#1203,#1279,#1332,#1618,#1665,#1772,#2480,
    #2595,#2644,#2804,#2835,#2890,#2945,#3000,#3534,#3583,#3630,#4254,
    #4303,#4527,#4576,#4623,#4692,#4741,#4788,#4833,#4882,#4931,#4998,
    #5047,#5074,#5101,#5150,#5197,#6600,#6716,#6763,#7513,#7562,#7589,
    #7644,#7722,#7843,#7893,#7922,#7948,#7975,#8002,#8049,#8076,#8103,
    #8110,#8136,#8169,#8217,#8243,#8271,#8298,#8325,#8352,#8379,#8426,
    #8453,#8480,#8487,#8514,#8585,#8612,#8663,#8690,#8749,#8776,#8862,
    #8889,#8916,#8962,#9068,#9072,#9076,#9080,#9237,#9366,#9521,#9529,
    #9558,#9791,#9838,#9969,#9993,#10068,#10228,#10272,#10375,#10382,
    #10389,#10396,#10403,#10410,#10421,#10578,#10603,#10610,#10633,
    #10747,#10796,#10880,#10927,#11031,#11055,#11131,#11236,#11331,
    #11380,#11478,#11583,#11632,#11705,#11712,#11737,#11828,#11872,
    #11975,#11982,#12037,#12092,#12147,#12202,#12206,#12319,#12367,
    #12393,#12399,#12404,#12410,#12458,#12484,#12490,#12568,#12659,
    #12718,#12788,#12847,#12925,#12976,#12983,#13042,#13092,#13119,
    #13146,#13153,#13180,#13207,#13214,#13244,#13283,#13322,#13361,
    #13400,#13447,#13474,#13501,#13508,#13563,#13618,#13673,#13728,
    #13735,#13790,#13845,#13900,#13955,#13959,#13963,#13967,#13971,
    #13975,#13979,#13983));
#17 = ADVANCED_FACE('',(#18,#309,#340,#371,#402,#1172),#32,.F.);
#18 = FACE_BOUND('',#19,.F.);
#19 = EDGE_LOOP('',(#20,#55,#84,#112,#140,#167,#195,#222,#250,#278));
#20 = ORIENTED_EDGE('',*,*,#21,.F.);
#21 = EDGE_CURVE('',#22,#24,#26,.T.);
#22 = VERTEX_POINT('',#23);
#23 = CARTESIAN_POINT('',(-55.,149.5,196.));
#24 = VERTEX_POINT('',#25);
#25 = CARTESIAN_POINT('',(55.,149.5,196.));
#26 = SURFACE_CURVE('',#27,(#31,#43),.PCURVE_S1.);
#27 = LINE('',#28,#29);
#28 = CARTESIAN_POINT('',(-61.,149.5,196.));
#29 = VECTOR('',#30,1.);
#30 = DIRECTION('',(1.,0.,0.));
#31 = PCURVE('',#32,#37);
#32 = PLANE('',#33);
#33 = AXIS2_PLACEMENT_3D('',#34,#35,#36);
#34 = CARTESIAN_POINT('',(-61.,149.5,0.));
#35 = DIRECTION('',(0.,-1.,0.));
#36 = DIRECTION('',(0.,0.,1.));
#37 = DEFINITIONAL_REPRESENTATION('',(#38),#42);
#38 = LINE('',#39,#40);
#39 = CARTESIAN_POINT('',(196.,0.));
#40 = VECTOR('',#41,1.);
#41 = DIRECTION('',(0.,-1.));
#42 = ( GEOMETRIC_REPRESENTATION_CONTEXT(2) 
PARAMETRIC_REPRESENTATION_CONTEXT() REPRESENTATION_CONTEXT('2D SPACE',''
  ) );
#43 = PCURVE('',#44,#49);
#44 = PLANE('',#45);
#45 = AXIS2_PLACEMENT_3D('',#46,#47,#48);
#46 = CARTESIAN_POINT('',(-61.,149.5,196.));
#47 = DIRECTION('',(0.,0.,-1.));
#48 = DIRECTION('',(0.,-1.,0.));
#49 = DEFINITIONAL_REPRESENTATION('',(#50),#54);
#50 = LINE('',#51,#52);
#51 = CARTESIAN_POINT('',(0.,-0.));
#52 = VECTOR('',#53,1.);
#53 = DIRECTION('',(0.,-1.));
#54 = ( GEOMETRIC_REPRESENTATION_CONTEXT(2) 
PARAMETRIC_REPRESENTATION_CONTEXT() REPRESENTATION_CONTEXT('2D SPACE',''
  ) );
#55 = ORIENTED_EDGE('',*,*,#56,.T.);
#56 = EDGE_CURVE('',#22,#57,#59,.T.);
#57 = VERTEX_POINT('',#58);
#58 = CARTESIAN_POINT('',(-61.,149.5,190.));
#59 = SURFACE_CURVE('',#60,(#65,#72),.PCURVE_S1.);
#60 = CIRCLE('',#61,6.);
#61 = AXIS2_PLACEMENT_3D('',#62,#63,#64);
#62 = CARTESIAN_POINT('',(-55.,149.5,190.));
#63 = DIRECTION('',(0.,-1.,0.));
#64 = DIRECTION('',(0.,-0.,-1.));
#65 = PCURVE('',#32,#66);
#66 = DEFINITIONAL_REPRESENTATION('',(#67),#71);
#67 = CIRCLE('',#68,6.);
#68 = AXIS2_PLACEMENT_2D('',#69,#70);
#69 = CARTESIAN_POINT('',(190.,-6.));
#70 = DIRECTION('',(-1.,0.));
#71 = ( GEOMETRIC_REPRESENTATION_CONTEXT(2) 
PARAMETRIC_REPRESENTATION_CONTEXT() REPRESENTATION_CONTEXT('2D SPACE',''
  ) );
#72 = PCURVE('',#73,#78);
#73 = CYLINDRICAL_SURFACE('',#74,6.);
#74 = AXIS2_PLACEMENT_3D('',#75,#76,#77);
#75 = CARTESIAN_POINT('',(-55.,149.5,190.));
#76 = DIRECTION('',(0.,-1.,0.));
#77 = DIRECTION('',(-0.,0.,1.));
#78 = DEFINITIONAL_REPRESENTATION('',(#79),#83);
#79 = LINE('',#80,#81);
#80 = CARTESIAN_POINT('',(-3.14159265359,0.));
#81 = VECTOR('',#82,1.);
#82 = DIRECTION('',(1.,0.));
#83 = ( GEOMETRIC_REPRESENTATION_CONTEXT(2) 
PARAMETRIC_REPRESENTATION_CONTEXT() REPRESENTATION_CONTEXT('2D SPACE',''
  ) );
#84 = ORIENTED_EDGE('',*,*,#85,.F.);
#85 = EDGE_CURVE('',#86,#57,#88,.T.);
#86 = VERTEX_POINT('',#87);
#87 = CARTESIAN_POINT('',(-61.,149.5,0.));
#88 = SURFACE_CURVE('',#89,(#93,#100),.PCURVE_S1.);
#89 = LINE('',#90,#91);
#90 = CARTESIAN_POINT('',(-61.,149.5,0.));
#91 = VECTOR('',#92,1.);
#92 = DIRECTION('',(0.,0.,1.));
#93 = PCURVE('',#32,#94);
#94 = DEFINITIONAL_REPRESENTATION('',(#95),#99);
#95 = LINE('',#96,#97);
#96 = CARTESIAN_POINT('',(0.,0.));
#97 = VECTOR('',#98,1.);
#98 = DIRECTION('',(1.,0.));
#99 = ( GEOMETRIC_REPRESENTATION_CONTEXT(2) 
PARAMETRIC_REPRESENTATION_CONTEXT() REPRESENTATION_CONTEXT('2D SPACE',''
  ) );
#100 = PCURVE('',#101,#106);
#101 = PLANE('',#102);
#102 = AXIS2_PLACEMENT_3D('',#103,#104,#105);
#103 = CARTESIAN_POINT('',(-61.,70.596153846154,99.846153846154));
#104 = DIRECTION('',(1.,0.,0.));
#105 = DIRECTION('',(-0.,0.,1.));
#106 = DEFINITIONAL_REPRESENTATION('',(#107),#111);
#107 = LINE('',#108,#109);
#108 = CARTESIAN_POINT('',(-99.84615384615,-78.90384615384));
#109 = VECTOR('',#110,1.);
#110 = DIRECTION('',(1.,0.));
#111 = ( GEOMETRIC_REPRESENTATION_CONTEXT(2) 
PARAMETRIC_REPRESENTATION_CONTEXT() REPRESENTATION_CONTEXT('2D SPACE',''
  ) );
#112 = ORIENTED_EDGE('',*,*,#113,.T.);
#113 = EDGE_CURVE('',#86,#114,#116,.T.);
#114 = VERTEX_POINT('',#115);
#115 = CARTESIAN_POINT('',(-58.5,149.5,0.));
#116 = SURFACE_CURVE('',#117,(#121,#128),.PCURVE_S1.);
#117 = LINE('',#118,#119);
#118 = CARTESIAN_POINT('',(-61.,149.5,0.));
#119 = VECTOR('',#120,1.);
#120 = DIRECTION('',(1.,0.,0.));
#121 = PCURVE('',#32,#122);
#122 = DEFINITIONAL_REPRESENTATION('',(#123),#127);
#123 = LINE('',#124,#125);
#124 = CARTESIAN_POINT('',(0.,0.));
#125 = VECTOR('',#126,1.);
#126 = DIRECTION('',(0.,-1.));
#127 = ( GEOMETRIC_REPRESENTATION_CONTEXT(2) 
PARAMETRIC_REPRESENTATION_CONTEXT() REPRESENTATION_CONTEXT('2D SPACE',''
  ) );
#128 = PCURVE('',#129,#134);
#129 = PLANE('',#130);
#130 = AXIS2_PLACEMENT_3D('',#131,#132,#133);
#131 = CARTESIAN_POINT('',(-61.,0.,0.));
#132 = DIRECTION('',(0.,0.,1.));
#133 = DIRECTION('',(0.,1.,0.));
#134 = DEFINITIONAL_REPRESENTATION('',(#135),#139);
#135 = LINE('',#136,#137);
#136 = CARTESIAN_POINT('',(149.5,0.));
#137 = VECTOR('',#138,1.);
#138 = DIRECTION('',(0.,-1.));
#139 = ( GEOMETRIC_REPRESENTATION_CONTEXT(2) 
PARAMETRIC_REPRESENTATION_CONTEXT() REPRESENTATION_CONTEXT('2D SPACE',''
  ) );
#140 = ORIENTED_EDGE('',*,*,#141,.T.);
#141 = EDGE_CURVE('',#114,#142,#144,.T.);
#142 = VERTEX_POINT('',#143);
#143 = CARTESIAN_POINT('',(-58.5,149.5,110.));
#144 = SURFACE_CURVE('',#145,(#149,#156),.PCURVE_S1.);
#145 = LINE('',#146,#147);
#146 = CARTESIAN_POINT('',(-58.5,149.5,-0.5));
#147 = VECTOR('',#148,1.);
#148 = DIRECTION('',(-0.,0.,1.));
#149 = PCURVE('',#32,#150);
#150 = DEFINITIONAL_REPRESENTATION('',(#151),#155);
#151 = LINE('',#152,#153);
#152 = CARTESIAN_POINT('',(-0.5,-2.5));
#153 = VECTOR('',#154,1.);
#154 = DIRECTION('',(1.,0.));
#155 = ( GEOMETRIC_REPRESENTATION_CONTEXT(2) 
PARAMETRIC_REPRESENTATION_CONTEXT() REPRESENTATION_CONTEXT('2D SPACE',''
  ) );
#156 = PCURVE('',#157,#162);
#157 = PLANE('',#158);
#158 = AXIS2_PLACEMENT_3D('',#159,#160,#161);
#159 = CARTESIAN_POINT('',(-58.5,-17.,-1.));
#160 = DIRECTION('',(1.,0.,0.));
#161 = DIRECTION('',(0.,0.,1.));
#162 = DEFINITIONAL_REPRESENTATION('',(#163),#166);
#163 = B_SPLINE_CURVE_WITH_KNOTS('',1,(#164,#165),.UNSPECIFIED.,.F.,.F.,
  (2,2),(0.5,110.5),.PIECEWISE_BEZIER_KNOTS.);
#164 = CARTESIAN_POINT('',(1.,-166.5));
#165 = CARTESIAN_POINT('',(111.,-166.5));
#166 = ( GEOMETRIC_REPRESENTATION_CONTEXT(2) 
PARAMETRIC_REPRESENTATION_CONTEXT() REPRESENTATION_CONTEXT('2D SPACE',''
  ) );
#167 = ORIENTED_EDGE('',*,*,#168,.F.);
#168 = EDGE_CURVE('',#169,#142,#171,.T.);
#169 = VERTEX_POINT('',#170);
#170 = CARTESIAN_POINT('',(58.5,149.5,110.));
#171 = SURFACE_CURVE('',#172,(#176,#183),.PCURVE_S1.);
#172 = LINE('',#173,#174);
#173 = CARTESIAN_POINT('',(-59.75,149.5,110.));
#174 = VECTOR('',#175,1.);
#175 = DIRECTION('',(-1.,0.,0.));
#176 = PCURVE('',#32,#177);
#177 = DEFINITIONAL_REPRESENTATION('',(#178),#182);
#178 = LINE('',#179,#180);
#179 = CARTESIAN_POINT('',(110.,-1.25));
#180 = VECTOR('',#181,1.);
#181 = DIRECTION('',(0.,1.));
#182 = ( GEOMETRIC_REPRESENTATION_CONTEXT(2) 
PARAMETRIC_REPRESENTATION_CONTEXT() REPRESENTATION_CONTEXT('2D SPACE',''
  ) );
#183 = PCURVE('',#184,#189);
#184 = PLANE('',#185);
#185 = AXIS2_PLACEMENT_3D('',#186,#187,#188);
#186 = CARTESIAN_POINT('',(-58.5,-17.,110.));
#187 = DIRECTION('',(0.,0.,1.));
#188 = DIRECTION('',(1.,0.,0.));
#189 = DEFINITIONAL_REPRESENTATION('',(#190),#194);
#190 = LINE('',#191,#192);
#191 = CARTESIAN_POINT('',(-1.25,166.5));
#192 = VECTOR('',#193,1.);
#193 = DIRECTION('',(-1.,0.));
#194 = ( GEOMETRIC_REPRESENTATION_CONTEXT(2) 
PARAMETRIC_REPRESENTATION_CONTEXT() REPRESENTATION_CONTEXT('2D SPACE',''
  ) );
#195 = ORIENTED_EDGE('',*,*,#196,.F.);
#196 = EDGE_CURVE('',#197,#169,#199,.T.);
#197 = VERTEX_POINT('',#198);
#198 = CARTESIAN_POINT('',(58.5,149.5,0.));
#199 = SURFACE_CURVE('',#200,(#204,#211),.PCURVE_S1.);
#200 = LINE('',#201,#202);
#201 = CARTESIAN_POINT('',(58.5,149.5,-0.5));
#202 = VECTOR('',#203,1.);
#203 = DIRECTION('',(-0.,0.,1.));
#204 = PCURVE('',#32,#205);
#205 = DEFINITIONAL_REPRESENTATION('',(#206),#210);
#206 = LINE('',#207,#208);
#207 = CARTESIAN_POINT('',(-0.5,-119.5));
#208 = VECTOR('',#209,1.);
#209 = DIRECTION('',(1.,0.));
#210 = ( GEOMETRIC_REPRESENTATION_CONTEXT(2) 
PARAMETRIC_REPRESENTATION_CONTEXT() REPRESENTATION_CONTEXT('2D SPACE',''
  ) );
#211 = PCURVE('',#212,#217);
#212 = PLANE('',#213);
#213 = AXIS2_PLACEMENT_3D('',#214,#215,#216);
#214 = CARTESIAN_POINT('',(58.5,-17.,-1.));
#215 = DIRECTION('',(1.,0.,0.));
#216 = DIRECTION('',(0.,0.,1.));
#217 = DEFINITIONAL_REPRESENTATION('',(#218),#221);
#218 = B_SPLINE_CURVE_WITH_KNOTS('',1,(#219,#220),.UNSPECIFIED.,.F.,.F.,
  (2,2),(0.5,110.5),.PIECEWISE_BEZIER_KNOTS.);
#219 = CARTESIAN_POINT('',(1.,-166.5));
#220 = CARTESIAN_POINT('',(111.,-166.5));
#221 = ( GEOMETRIC_REPRESENTATION_CONTEXT(2) 
PARAMETRIC_REPRESENTATION_CONTEXT() REPRESENTATION_CONTEXT('2D SPACE',''
  ) );
#222 = ORIENTED_EDGE('',*,*,#223,.T.);
#223 = EDGE_CURVE('',#197,#224,#226,.T.);
#224 = VERTEX_POINT('',#225);
#225 = CARTESIAN_POINT('',(61.,149.5,0.));
#226 = SURFACE_CURVE('',#227,(#231,#238),.PCURVE_S1.);
#227 = LINE('',#228,#229);
#228 = CARTESIAN_POINT('',(-61.,149.5,0.));
#229 = VECTOR('',#230,1.);
#230 = DIRECTION('',(1.,0.,0.));
#231 = PCURVE('',#32,#232);
#232 = DEFINITIONAL_REPRESENTATION('',(#233),#237);
#233 = LINE('',#234,#235);
#234 = CARTESIAN_POINT('',(0.,0.));
#235 = VECTOR('',#236,1.);
#236 = DIRECTION('',(0.,-1.));
#237 = ( GEOMETRIC_REPRESENTATION_CONTEXT(2) 
PARAMETRIC_REPRESENTATION_CONTEXT() REPRESENTATION_CONTEXT('2D SPACE',''
  ) );
#238 = PCURVE('',#239,#244);
#239 = PLANE('',#240);
#240 = AXIS2_PLACEMENT_3D('',#241,#242,#243);
#241 = CARTESIAN_POINT('',(-61.,0.,0.));
#242 = DIRECTION('',(0.,0.,1.));
#243 = DIRECTION('',(0.,1.,0.));
#244 = DEFINITIONAL_REPRESENTATION('',(#245),#249);
#245 = LINE('',#246,#247);
#246 = CARTESIAN_POINT('',(149.5,0.));
#247 = VECTOR('',#248,1.);
#248 = DIRECTION('',(0.,-1.));
#249 = ( GEOMETRIC_REPRESENTATION_CONTEXT(2) 
PARAMETRIC_REPRESENTATION_CONTEXT() REPRESENTATION_CONTEXT('2D SPACE',''
  ) );
#250 = ORIENTED_EDGE('',*,*,#251,.T.);
#251 = EDGE_CURVE('',#224,#252,#254,.T.);
#252 = VERTEX_POINT('',#253);
#253 = CARTESIAN_POINT('',(61.,149.5,190.));
#254 = SURFACE_CURVE('',#255,(#259,#266),.PCURVE_S1.);
#255 = LINE('',#256,#257);
#256 = CARTESIAN_POINT('',(61.,149.5,0.));
#257 = VECTOR('',#258,1.);
#258 = DIRECTION('',(0.,0.,1.));
#259 = PCURVE('',#32,#260);
#260 = DEFINITIONAL_REPRESENTATION('',(#261),#265);
#261 = LINE('',#262,#263);
#262 = CARTESIAN_POINT('',(0.,-122.));
#263 = VECTOR('',#264,1.);
#264 = DIRECTION('',(1.,0.));
#265 = ( GEOMETRIC_REPRESENTATION_CONTEXT(2) 
PARAMETRIC_REPRESENTATION_CONTEXT() REPRESENTATION_CONTEXT('2D SPACE',''
  ) );
#266 = PCURVE('',#267,#272);
#267 = PLANE('',#268);
#268 = AXIS2_PLACEMENT_3D('',#269,#270,#271);
#269 = CARTESIAN_POINT('',(61.,70.596153846154,99.846153846154));
#270 = DIRECTION('',(1.,0.,0.));
#271 = DIRECTION('',(-0.,0.,1.));
#272 = DEFINITIONAL_REPRESENTATION('',(#273),#277);
#273 = LINE('',#274,#275);
#274 = CARTESIAN_POINT('',(-99.84615384615,-78.90384615384));
#275 = VECTOR('',#276,1.);
#276 = DIRECTION('',(1.,0.));
#277 = ( GEOMETRIC_REPRESENTATION_CONTEXT(2) 
PARAMETRIC_REPRESENTATION_CONTEXT() REPRESENTATION_CONTEXT('2D SPACE',''
  ) );
#278 = ORIENTED_EDGE('',*,*,#279,.F.);
#279 = EDGE_CURVE('',#24,#252,#280,.T.);
#280 = SURFACE_CURVE('',#281,(#286,#297),.PCURVE_S1.);
#281 = CIRCLE('',#282,6.);
#282 = AXIS2_PLACEMENT_3D('',#283,#284,#285);
#283 = CARTESIAN_POINT('',(55.,149.5,190.));
#284 = DIRECTION('',(-0.,1.,0.));
#285 = DIRECTION('',(0.,0.,-1.));
#286 = PCURVE('',#32,#287);
#287 = DEFINITIONAL_REPRESENTATION('',(#288),#296);
#288 = ( BOUNDED_CURVE() B_SPLINE_CURVE(2,(#289,#290,#291,#292,#293,#294
,#295),.UNSPECIFIED.,.T.,.F.) B_SPLINE_CURVE_WITH_KNOTS((1,2,2,2,2,1),(
    -2.094395102393,0.,2.094395102393,4.188790204786,6.28318530718,
8.377580409573),.UNSPECIFIED.) CURVE() GEOMETRIC_REPRESENTATION_ITEM() 
RATIONAL_B_SPLINE_CURVE((1.,0.5,1.,0.5,1.,0.5,1.)) REPRESENTATION_ITEM(
  '') );
#289 = CARTESIAN_POINT('',(184.,-116.));
#290 = CARTESIAN_POINT('',(184.,-105.6076951545));
#291 = CARTESIAN_POINT('',(193.,-110.8038475772));
#292 = CARTESIAN_POINT('',(202.,-116.));
#293 = CARTESIAN_POINT('',(193.,-121.1961524227));
#294 = CARTESIAN_POINT('',(184.,-126.3923048454));
#295 = CARTESIAN_POINT('',(184.,-116.));
#296 = ( GEOMETRIC_REPRESENTATION_CONTEXT(2) 
PARAMETRIC_REPRESENTATION_CONTEXT() REPRESENTATION_CONTEXT('2D SPACE',''
  ) );
#297 = PCURVE('',#298,#303);
#298 = CYLINDRICAL_SURFACE('',#299,6.);
#299 = AXIS2_PLACEMENT_3D('',#300,#301,#302);
#300 = CARTESIAN_POINT('',(55.,149.5,190.));
#301 = DIRECTION('',(0.,-1.,0.));
#302 = DIRECTION('',(-0.,0.,1.));
#303 = DEFINITIONAL_REPRESENTATION('',(#304),#308);
#304 = LINE('',#305,#306);
#305 = CARTESIAN_POINT('',(3.14159265359,-0.));
#306 = VECTOR('',#307,1.);
#307 = DIRECTION('',(-1.,0.));
#308 = ( GEOMETRIC_REPRESENTATION_CONTEXT(2) 
PARAMETRIC_REPRESENTATION_CONTEXT() REPRESENTATION_CONTEXT('2D SPACE',''
  ) );
#309 = FACE_BOUND('',#310,.F.);
#310 = EDGE_LOOP('',(#311));
#311 = ORIENTED_EDGE('',*,*,#312,.F.);
#312 = EDGE_CURVE('',#313,#313,#315,.T.);
#313 = VERTEX_POINT('',#314);
#314 = CARTESIAN_POINT('',(50.95,149.5,118.8));
#315 = SURFACE_CURVE('',#316,(#321,#328),.PCURVE_S1.);
#316 = CIRCLE('',#317,1.25);
#317 = AXIS2_PLACEMENT_3D('',#318,#319,#320);
#318 = CARTESIAN_POINT('',(49.7,149.5,118.8));
#319 = DIRECTION('',(0.,-1.,0.));
#320 = DIRECTION('',(1.,0.,0.));
#321 = PCURVE('',#32,#322);
#322 = DEFINITIONAL_REPRESENTATION('',(#323),#327);
#323 = CIRCLE('',#324,1.25);
#324 = AXIS2_PLACEMENT_2D('',#325,#326);
#325 = CARTESIAN_POINT('',(118.8,-110.7));
#326 = DIRECTION('',(0.,-1.));
#327 = ( GEOMETRIC_REPRESENTATION_CONTEXT(2) 
PARAMETRIC_REPRESENTATION_CONTEXT() REPRESENTATION_CONTEXT('2D SPACE',''
  ) );
#328 = PCURVE('',#329,#334);
#329 = CYLINDRICAL_SURFACE('',#330,1.25);
#330 = AXIS2_PLACEMENT_3D('',#331,#332,#333);
#331 = CARTESIAN_POINT('',(49.7,135.5,118.8));
#332 = DIRECTION('',(0.,-1.,0.));
#333 = DIRECTION('',(1.,0.,0.));
#334 = DEFINITIONAL_REPRESENTATION('',(#335),#339);
#335 = LINE('',#336,#337);
#336 = CARTESIAN_POINT('',(0.,-14.));
#337 = VECTOR('',#338,1.);
#338 = DIRECTION('',(1.,0.));
#339 = ( GEOMETRIC_REPRESENTATION_CONTEXT(2) 
PARAMETRIC_REPRESENTATION_CONTEXT() REPRESENTATION_CONTEXT('2D SPACE',''
  ) );
#340 = FACE_BOUND('',#341,.F.);
#341 = EDGE_LOOP('',(#342));
#342 = ORIENTED_EDGE('',*,*,#343,.F.);
#343 = EDGE_CURVE('',#344,#344,#346,.T.);
#344 = VERTEX_POINT('',#345);
#345 = CARTESIAN_POINT('',(50.95,149.5,183.7));
#346 = SURFACE_CURVE('',#347,(#352,#359),.PCURVE_S1.);
#347 = CIRCLE('',#348,1.25);
#348 = AXIS2_PLACEMENT_3D('',#349,#350,#351);
#349 = CARTESIAN_POINT('',(49.7,149.5,183.7));
#350 = DIRECTION('',(0.,-1.,0.));
#351 = DIRECTION('',(1.,0.,0.));
#352 = PCURVE('',#32,#353);
#353 = DEFINITIONAL_REPRESENTATION('',(#354),#358);
#354 = CIRCLE('',#355,1.25);
#355 = AXIS2_PLACEMENT_2D('',#356,#357);
#356 = CARTESIAN_POINT('',(183.7,-110.7));
#357 = DIRECTION('',(0.,-1.));
#358 = ( GEOMETRIC_REPRESENTATION_CONTEXT(2) 
PARAMETRIC_REPRESENTATION_CONTEXT() REPRESENTATION_CONTEXT('2D SPACE',''
  ) );
#359 = PCURVE('',#360,#365);
#360 = CYLINDRICAL_SURFACE('',#361,1.25);
#361 = AXIS2_PLACEMENT_3D('',#362,#363,#364);
#362 = CARTESIAN_POINT('',(49.7,135.5,183.7));
#363 = DIRECTION('',(0.,-1.,0.));
#364 = DIRECTION('',(1.,0.,0.));
#365 = DEFINITIONAL_REPRESENTATION('',(#366),#370);
#366 = LINE('',#367,#368);
#367 = CARTESIAN_POINT('',(0.,-14.));
#368 = VECTOR('',#369,1.);
#369 = DIRECTION('',(1.,0.));
#370 = ( GEOMETRIC_REPRESENTATION_CONTEXT(2) 
PARAMETRIC_REPRESENTATION_CONTEXT() REPRESENTATION_CONTEXT('2D SPACE',''
  ) );
#371 = FACE_BOUND('',#372,.F.);
#372 = EDGE_LOOP('',(#373));
#373 = ORIENTED_EDGE('',*,*,#374,.F.);
#374 = EDGE_CURVE('',#375,#375,#377,.T.);
#375 = VERTEX_POINT('',#376);
#376 = CARTESIAN_POINT('',(-48.45,149.5,118.8));
#377 = SURFACE_CURVE('',#378,(#383,#390),.PCURVE_S1.);
#378 = CIRCLE('',#379,1.25);
#379 = AXIS2_PLACEMENT_3D('',#380,#381,#382);
#380 = CARTESIAN_POINT('',(-49.7,149.5,118.8));
#381 = DIRECTION('',(0.,-1.,0.));
#382 = DIRECTION('',(1.,0.,0.));
#383 = PCURVE('',#32,#384);
#384 = DEFINITIONAL_REPRESENTATION('',(#385),#389);
#385 = CIRCLE('',#386,1.25);
#386 = AXIS2_PLACEMENT_2D('',#387,#388);
#387 = CARTESIAN_POINT('',(118.8,-11.3));
#388 = DIRECTION('',(0.,-1.));
#389 = ( GEOMETRIC_REPRESENTATION_CONTEXT(2) 
PARAMETRIC_REPRESENTATION_CONTEXT() REPRESENTATION_CONTEXT('2D SPACE',''
  ) );
#390 = PCURVE('',#391,#396);
#391 = CYLINDRICAL_SURFACE('',#392,1.25);
#392 = AXIS2_PLACEMENT_3D('',#393,#394,#395);
#393 = CARTESIAN_POINT('',(-49.7,135.5,118.8));
#394 = DIRECTION('',(0.,-1.,0.));
#395 = DIRECTION('',(1.,0.,0.));
#396 = DEFINITIONAL_REPRESENTATION('',(#397),#401);
#397 = LINE('',#398,#399);
#398 = CARTESIAN_POINT('',(0.,-14.));
#399 = VECTOR('',#400,1.);
#400 = DIRECTION('',(1.,0.));
#401 = ( GEOMETRIC_REPRESENTATION_CONTEXT(2) 
PARAMETRIC_REPRESENTATION_CONTEXT() REPRESENTATION_CONTEXT('2D SPACE',''
  ) );
#402 = FACE_BOUND('',#403,.F.);
#403 = EDGE_LOOP('',(#404,#433,#461,#489,#516,#544,#572,#600,#628,#656,
    #684,#712,#739,#767,#795,#823,#851,#879,#902,#930,#952,#980,#1008,
    #1035,#1063,#1091,#1118,#1146));
#404 = ORIENTED_EDGE('',*,*,#405,.F.);
#405 = EDGE_CURVE('',#406,#408,#410,.T.);
#406 = VERTEX_POINT('',#407);
#407 = CARTESIAN_POINT('',(46.,149.5,193.5));
#408 = VERTEX_POINT('',#409);
#409 = CARTESIAN_POINT('',(-46.,149.5,193.5));
#410 = SURFACE_CURVE('',#411,(#415,#422),.PCURVE_S1.);
#411 = LINE('',#412,#413);
#412 = CARTESIAN_POINT('',(-30.5,149.5,193.5));
#413 = VECTOR('',#414,1.);
#414 = DIRECTION('',(-1.,0.,0.));
#415 = PCURVE('',#32,#416);
#416 = DEFINITIONAL_REPRESENTATION('',(#417),#421);
#417 = LINE('',#418,#419);
#418 = CARTESIAN_POINT('',(193.5,-30.5));
#419 = VECTOR('',#420,1.);
#420 = DIRECTION('',(0.,1.));
#421 = ( GEOMETRIC_REPRESENTATION_CONTEXT(2) 
PARAMETRIC_REPRESENTATION_CONTEXT() REPRESENTATION_CONTEXT('2D SPACE',''
  ) );
#422 = PCURVE('',#423,#428);
#423 = PLANE('',#424);
#424 = AXIS2_PLACEMENT_3D('',#425,#426,#427);
#425 = CARTESIAN_POINT('',(0.,72.25,193.5));
#426 = DIRECTION('',(0.,0.,1.));
#427 = DIRECTION('',(1.,0.,-0.));
#428 = DEFINITIONAL_REPRESENTATION('',(#429),#432);
#429 = B_SPLINE_CURVE_WITH_KNOTS('',1,(#430,#431),.UNSPECIFIED.,.F.,.F.,
  (2,2),(-85.5,24.5),.PIECEWISE_BEZIER_KNOTS.);
#430 = CARTESIAN_POINT('',(55.,77.25));
#431 = CARTESIAN_POINT('',(-55.,77.25));
#432 = ( GEOMETRIC_REPRESENTATION_CONTEXT(2) 
PARAMETRIC_REPRESENTATION_CONTEXT() REPRESENTATION_CONTEXT('2D SPACE',''
  ) );
#433 = ORIENTED_EDGE('',*,*,#434,.F.);
#434 = EDGE_CURVE('',#435,#406,#437,.T.);
#435 = VERTEX_POINT('',#436);
#436 = CARTESIAN_POINT('',(46.,149.5,181.));
#437 = SURFACE_CURVE('',#438,(#442,#449),.PCURVE_S1.);
#438 = LINE('',#439,#440);
#439 = CARTESIAN_POINT('',(46.,149.5,181.));
#440 = VECTOR('',#441,1.);
#441 = DIRECTION('',(0.,0.,1.));
#442 = PCURVE('',#32,#443);
#443 = DEFINITIONAL_REPRESENTATION('',(#444),#448);
#444 = LINE('',#445,#446);
#445 = CARTESIAN_POINT('',(181.,-107.));
#446 = VECTOR('',#447,1.);
#447 = DIRECTION('',(1.,0.));
#448 = ( GEOMETRIC_REPRESENTATION_CONTEXT(2) 
PARAMETRIC_REPRESENTATION_CONTEXT() REPRESENTATION_CONTEXT('2D SPACE',''
  ) );
#449 = PCURVE('',#450,#455);
#450 = PLANE('',#451);
#451 = AXIS2_PLACEMENT_3D('',#452,#453,#454);
#452 = CARTESIAN_POINT('',(46.,131.5,181.));
#453 = DIRECTION('',(1.,0.,0.));
#454 = DIRECTION('',(0.,0.,1.));
#455 = DEFINITIONAL_REPRESENTATION('',(#456),#460);
#456 = LINE('',#457,#458);
#457 = CARTESIAN_POINT('',(0.,-18.));
#458 = VECTOR('',#459,1.);
#459 = DIRECTION('',(1.,0.));
#460 = ( GEOMETRIC_REPRESENTATION_CONTEXT(2) 
PARAMETRIC_REPRESENTATION_CONTEXT() REPRESENTATION_CONTEXT('2D SPACE',''
  ) );
#461 = ORIENTED_EDGE('',*,*,#462,.T.);
#462 = EDGE_CURVE('',#435,#463,#465,.T.);
#463 = VERTEX_POINT('',#464);
#464 = CARTESIAN_POINT('',(58.5,149.5,181.));
#465 = SURFACE_CURVE('',#466,(#470,#477),.PCURVE_S1.);
#466 = LINE('',#467,#468);
#467 = CARTESIAN_POINT('',(46.,149.5,181.));
#468 = VECTOR('',#469,1.);
#469 = DIRECTION('',(1.,0.,0.));
#470 = PCURVE('',#32,#471);
#471 = DEFINITIONAL_REPRESENTATION('',(#472),#476);
#472 = LINE('',#473,#474);
#473 = CARTESIAN_POINT('',(181.,-107.));
#474 = VECTOR('',#475,1.);
#475 = DIRECTION('',(0.,-1.));
#476 = ( GEOMETRIC_REPRESENTATION_CONTEXT(2) 
PARAMETRIC_REPRESENTATION_CONTEXT() REPRESENTATION_CONTEXT('2D SPACE',''
  ) );
#477 = PCURVE('',#478,#483);
#478 = PLANE('',#479);
#479 = AXIS2_PLACEMENT_3D('',#480,#481,#482);
#480 = CARTESIAN_POINT('',(46.,131.5,181.));
#481 = DIRECTION('',(0.,0.,1.));
#482 = DIRECTION('',(1.,0.,0.));
#483 = DEFINITIONAL_REPRESENTATION('',(#484),#488);
#484 = LINE('',#485,#486);
#485 = CARTESIAN_POINT('',(0.,18.));
#486 = VECTOR('',#487,1.);
#487 = DIRECTION('',(1.,0.));
#488 = ( GEOMETRIC_REPRESENTATION_CONTEXT(2) 
PARAMETRIC_REPRESENTATION_CONTEXT() REPRESENTATION_CONTEXT('2D SPACE',''
  ) );
#489 = ORIENTED_EDGE('',*,*,#490,.T.);
#490 = EDGE_CURVE('',#463,#491,#493,.T.);
#491 = VERTEX_POINT('',#492);
#492 = CARTESIAN_POINT('',(58.5,149.5,164.3));
#493 = SURFACE_CURVE('',#494,(#498,#505),.PCURVE_S1.);
#494 = LINE('',#495,#496);
#495 = CARTESIAN_POINT('',(58.5,149.5,56.25));
#496 = VECTOR('',#497,1.);
#497 = DIRECTION('',(-0.,-0.,-1.));
#498 = PCURVE('',#32,#499);
#499 = DEFINITIONAL_REPRESENTATION('',(#500),#504);
#500 = LINE('',#501,#502);
#501 = CARTESIAN_POINT('',(56.25,-119.5));
#502 = VECTOR('',#503,1.);
#503 = DIRECTION('',(-1.,0.));
#504 = ( GEOMETRIC_REPRESENTATION_CONTEXT(2) 
PARAMETRIC_REPRESENTATION_CONTEXT() REPRESENTATION_CONTEXT('2D SPACE',''
  ) );
#505 = PCURVE('',#506,#511);
#506 = PLANE('',#507);
#507 = AXIS2_PLACEMENT_3D('',#508,#509,#510);
#508 = CARTESIAN_POINT('',(58.5,-6.,112.5));
#509 = DIRECTION('',(-1.,0.,0.));
#510 = DIRECTION('',(0.,1.,0.));
#511 = DEFINITIONAL_REPRESENTATION('',(#512),#515);
#512 = B_SPLINE_CURVE_WITH_KNOTS('',1,(#513,#514),.UNSPECIFIED.,.F.,.F.,
  (2,2),(-133.75,-56.25),.PIECEWISE_BEZIER_KNOTS.);
#513 = CARTESIAN_POINT('',(155.5,-77.5));
#514 = CARTESIAN_POINT('',(155.5,0.));
#515 = ( GEOMETRIC_REPRESENTATION_CONTEXT(2) 
PARAMETRIC_REPRESENTATION_CONTEXT() REPRESENTATION_CONTEXT('2D SPACE',''
  ) );
#516 = ORIENTED_EDGE('',*,*,#517,.F.);
#517 = EDGE_CURVE('',#518,#491,#520,.T.);
#518 = VERTEX_POINT('',#519);
#519 = CARTESIAN_POINT('',(48.3,149.5,164.3));
#520 = SURFACE_CURVE('',#521,(#525,#532),.PCURVE_S1.);
#521 = LINE('',#522,#523);
#522 = CARTESIAN_POINT('',(48.3,149.5,164.3));
#523 = VECTOR('',#524,1.);
#524 = DIRECTION('',(1.,0.,0.));
#525 = PCURVE('',#32,#526);
#526 = DEFINITIONAL_REPRESENTATION('',(#527),#531);
#527 = LINE('',#528,#529);
#528 = CARTESIAN_POINT('',(164.3,-109.3));
#529 = VECTOR('',#530,1.);
#530 = DIRECTION('',(0.,-1.));
#531 = ( GEOMETRIC_REPRESENTATION_CONTEXT(2) 
PARAMETRIC_REPRESENTATION_CONTEXT() REPRESENTATION_CONTEXT('2D SPACE',''
  ) );
#532 = PCURVE('',#533,#538);
#533 = PLANE('',#534);
#534 = AXIS2_PLACEMENT_3D('',#535,#536,#537);
#535 = CARTESIAN_POINT('',(52.5,97.5,164.3));
#536 = DIRECTION('',(0.,0.,1.));
#537 = DIRECTION('',(1.,0.,0.));
#538 = DEFINITIONAL_REPRESENTATION('',(#539),#543);
#539 = LINE('',#540,#541);
#540 = CARTESIAN_POINT('',(-4.2,52.));
#541 = VECTOR('',#542,1.);
#542 = DIRECTION('',(1.,0.));
#543 = ( GEOMETRIC_REPRESENTATION_CONTEXT(2) 
PARAMETRIC_REPRESENTATION_CONTEXT() REPRESENTATION_CONTEXT('2D SPACE',''
  ) );
#544 = ORIENTED_EDGE('',*,*,#545,.F.);
#545 = EDGE_CURVE('',#546,#518,#548,.T.);
#546 = VERTEX_POINT('',#547);
#547 = CARTESIAN_POINT('',(48.3,149.5,161.3));
#548 = SURFACE_CURVE('',#549,(#553,#560),.PCURVE_S1.);
#549 = LINE('',#550,#551);
#550 = CARTESIAN_POINT('',(48.3,149.5,161.3));
#551 = VECTOR('',#552,1.);
#552 = DIRECTION('',(0.,0.,1.));
#553 = PCURVE('',#32,#554);
#554 = DEFINITIONAL_REPRESENTATION('',(#555),#559);
#555 = LINE('',#556,#557);
#556 = CARTESIAN_POINT('',(161.3,-109.3));
#557 = VECTOR('',#558,1.);
#558 = DIRECTION('',(1.,0.));
#559 = ( GEOMETRIC_REPRESENTATION_CONTEXT(2) 
PARAMETRIC_REPRESENTATION_CONTEXT() REPRESENTATION_CONTEXT('2D SPACE',''
  ) );
#560 = PCURVE('',#561,#566);
#561 = PLANE('',#562);
#562 = AXIS2_PLACEMENT_3D('',#563,#564,#565);
#563 = CARTESIAN_POINT('',(48.3,97.5,162.3));
#564 = DIRECTION('',(1.,0.,0.));
#565 = DIRECTION('',(0.,0.,1.));
#566 = DEFINITIONAL_REPRESENTATION('',(#567),#571);
#567 = LINE('',#568,#569);
#568 = CARTESIAN_POINT('',(-1.,-52.));
#569 = VECTOR('',#570,1.);
#570 = DIRECTION('',(1.,0.));
#571 = ( GEOMETRIC_REPRESENTATION_CONTEXT(2) 
PARAMETRIC_REPRESENTATION_CONTEXT() REPRESENTATION_CONTEXT('2D SPACE',''
  ) );
#572 = ORIENTED_EDGE('',*,*,#573,.T.);
#573 = EDGE_CURVE('',#546,#574,#576,.T.);
#574 = VERTEX_POINT('',#575);
#575 = CARTESIAN_POINT('',(49.8,149.5,161.3));
#576 = SURFACE_CURVE('',#577,(#581,#588),.PCURVE_S1.);
#577 = LINE('',#578,#579);
#578 = CARTESIAN_POINT('',(48.3,149.5,161.3));
#579 = VECTOR('',#580,1.);
#580 = DIRECTION('',(1.,0.,0.));
#581 = PCURVE('',#32,#582);
#582 = DEFINITIONAL_REPRESENTATION('',(#583),#587);
#583 = LINE('',#584,#585);
#584 = CARTESIAN_POINT('',(161.3,-109.3));
#585 = VECTOR('',#586,1.);
#586 = DIRECTION('',(0.,-1.));
#587 = ( GEOMETRIC_REPRESENTATION_CONTEXT(2) 
PARAMETRIC_REPRESENTATION_CONTEXT() REPRESENTATION_CONTEXT('2D SPACE',''
  ) );
#588 = PCURVE('',#589,#594);
#589 = PLANE('',#590);
#590 = AXIS2_PLACEMENT_3D('',#591,#592,#593);
#591 = CARTESIAN_POINT('',(48.3,107.,161.3));
#592 = DIRECTION('',(0.,0.,1.));
#593 = DIRECTION('',(1.,0.,0.));
#594 = DEFINITIONAL_REPRESENTATION('',(#595),#599);
#595 = LINE('',#596,#597);
#596 = CARTESIAN_POINT('',(0.,42.5));
#597 = VECTOR('',#598,1.);
#598 = DIRECTION('',(1.,0.));
#599 = ( GEOMETRIC_REPRESENTATION_CONTEXT(2) 
PARAMETRIC_REPRESENTATION_CONTEXT() REPRESENTATION_CONTEXT('2D SPACE',''
  ) );
#600 = ORIENTED_EDGE('',*,*,#601,.T.);
#601 = EDGE_CURVE('',#574,#602,#604,.T.);
#602 = VERTEX_POINT('',#603);
#603 = CARTESIAN_POINT('',(49.8,149.5,162.3));
#604 = SURFACE_CURVE('',#605,(#609,#616),.PCURVE_S1.);
#605 = LINE('',#606,#607);
#606 = CARTESIAN_POINT('',(49.8,149.5,161.3));
#607 = VECTOR('',#608,1.);
#608 = DIRECTION('',(0.,0.,1.));
#609 = PCURVE('',#32,#610);
#610 = DEFINITIONAL_REPRESENTATION('',(#611),#615);
#611 = LINE('',#612,#613);
#612 = CARTESIAN_POINT('',(161.3,-110.8));
#613 = VECTOR('',#614,1.);
#614 = DIRECTION('',(1.,0.));
#615 = ( GEOMETRIC_REPRESENTATION_CONTEXT(2) 
PARAMETRIC_REPRESENTATION_CONTEXT() REPRESENTATION_CONTEXT('2D SPACE',''
  ) );
#616 = PCURVE('',#617,#622);
#617 = PLANE('',#618);
#618 = AXIS2_PLACEMENT_3D('',#619,#620,#621);
#619 = CARTESIAN_POINT('',(49.8,107.,161.3));
#620 = DIRECTION('',(1.,0.,0.));
#621 = DIRECTION('',(0.,0.,1.));
#622 = DEFINITIONAL_REPRESENTATION('',(#623),#627);
#623 = LINE('',#624,#625);
#624 = CARTESIAN_POINT('',(0.,-42.5));
#625 = VECTOR('',#626,1.);
#626 = DIRECTION('',(1.,0.));
#627 = ( GEOMETRIC_REPRESENTATION_CONTEXT(2) 
PARAMETRIC_REPRESENTATION_CONTEXT() REPRESENTATION_CONTEXT('2D SPACE',''
  ) );
#628 = ORIENTED_EDGE('',*,*,#629,.T.);
#629 = EDGE_CURVE('',#602,#630,#632,.T.);
#630 = VERTEX_POINT('',#631);
#631 = CARTESIAN_POINT('',(52.5,149.5,162.3));
#632 = SURFACE_CURVE('',#633,(#637,#644),.PCURVE_S1.);
#633 = LINE('',#634,#635);
#634 = CARTESIAN_POINT('',(48.3,149.5,162.3));
#635 = VECTOR('',#636,1.);
#636 = DIRECTION('',(1.,0.,0.));
#637 = PCURVE('',#32,#638);
#638 = DEFINITIONAL_REPRESENTATION('',(#639),#643);
#639 = LINE('',#640,#641);
#640 = CARTESIAN_POINT('',(162.3,-109.3));
#641 = VECTOR('',#642,1.);
#642 = DIRECTION('',(0.,-1.));
#643 = ( GEOMETRIC_REPRESENTATION_CONTEXT(2) 
PARAMETRIC_REPRESENTATION_CONTEXT() REPRESENTATION_CONTEXT('2D SPACE',''
  ) );
#644 = PCURVE('',#645,#650);
#645 = PLANE('',#646);
#646 = AXIS2_PLACEMENT_3D('',#647,#648,#649);
#647 = CARTESIAN_POINT('',(48.3,97.5,162.3));
#648 = DIRECTION('',(0.,0.,1.));
#649 = DIRECTION('',(1.,0.,0.));
#650 = DEFINITIONAL_REPRESENTATION('',(#651),#655);
#651 = LINE('',#652,#653);
#652 = CARTESIAN_POINT('',(0.,52.));
#653 = VECTOR('',#654,1.);
#654 = DIRECTION('',(1.,0.));
#655 = ( GEOMETRIC_REPRESENTATION_CONTEXT(2) 
PARAMETRIC_REPRESENTATION_CONTEXT() REPRESENTATION_CONTEXT('2D SPACE',''
  ) );
#656 = ORIENTED_EDGE('',*,*,#657,.F.);
#657 = EDGE_CURVE('',#658,#630,#660,.T.);
#658 = VERTEX_POINT('',#659);
#659 = CARTESIAN_POINT('',(52.5,149.5,161.3));
#660 = SURFACE_CURVE('',#661,(#665,#672),.PCURVE_S1.);
#661 = LINE('',#662,#663);
#662 = CARTESIAN_POINT('',(52.5,149.5,161.3));
#663 = VECTOR('',#664,1.);
#664 = DIRECTION('',(0.,0.,1.));
#665 = PCURVE('',#32,#666);
#666 = DEFINITIONAL_REPRESENTATION('',(#667),#671);
#667 = LINE('',#668,#669);
#668 = CARTESIAN_POINT('',(161.3,-113.5));
#669 = VECTOR('',#670,1.);
#670 = DIRECTION('',(1.,0.));
#671 = ( GEOMETRIC_REPRESENTATION_CONTEXT(2) 
PARAMETRIC_REPRESENTATION_CONTEXT() REPRESENTATION_CONTEXT('2D SPACE',''
  ) );
#672 = PCURVE('',#673,#678);
#673 = PLANE('',#674);
#674 = AXIS2_PLACEMENT_3D('',#675,#676,#677);
#675 = CARTESIAN_POINT('',(52.5,97.5,161.3));
#676 = DIRECTION('',(1.,0.,0.));
#677 = DIRECTION('',(0.,0.,1.));
#678 = DEFINITIONAL_REPRESENTATION('',(#679),#683);
#679 = LINE('',#680,#681);
#680 = CARTESIAN_POINT('',(0.,-52.));
#681 = VECTOR('',#682,1.);
#682 = DIRECTION('',(1.,0.));
#683 = ( GEOMETRIC_REPRESENTATION_CONTEXT(2) 
PARAMETRIC_REPRESENTATION_CONTEXT() REPRESENTATION_CONTEXT('2D SPACE',''
  ) );
#684 = ORIENTED_EDGE('',*,*,#685,.T.);
#685 = EDGE_CURVE('',#658,#686,#688,.T.);
#686 = VERTEX_POINT('',#687);
#687 = CARTESIAN_POINT('',(58.5,149.5,161.3));
#688 = SURFACE_CURVE('',#689,(#693,#700),.PCURVE_S1.);
#689 = LINE('',#690,#691);
#690 = CARTESIAN_POINT('',(52.5,149.5,161.3));
#691 = VECTOR('',#692,1.);
#692 = DIRECTION('',(1.,0.,0.));
#693 = PCURVE('',#32,#694);
#694 = DEFINITIONAL_REPRESENTATION('',(#695),#699);
#695 = LINE('',#696,#697);
#696 = CARTESIAN_POINT('',(161.3,-113.5));
#697 = VECTOR('',#698,1.);
#698 = DIRECTION('',(0.,-1.));
#699 = ( GEOMETRIC_REPRESENTATION_CONTEXT(2) 
PARAMETRIC_REPRESENTATION_CONTEXT() REPRESENTATION_CONTEXT('2D SPACE',''
  ) );
#700 = PCURVE('',#701,#706);
#701 = PLANE('',#702);
#702 = AXIS2_PLACEMENT_3D('',#703,#704,#705);
#703 = CARTESIAN_POINT('',(52.5,97.5,161.3));
#704 = DIRECTION('',(0.,0.,1.));
#705 = DIRECTION('',(1.,0.,0.));
#706 = DEFINITIONAL_REPRESENTATION('',(#707),#711);
#707 = LINE('',#708,#709);
#708 = CARTESIAN_POINT('',(0.,52.));
#709 = VECTOR('',#710,1.);
#710 = DIRECTION('',(1.,0.));
#711 = ( GEOMETRIC_REPRESENTATION_CONTEXT(2) 
PARAMETRIC_REPRESENTATION_CONTEXT() REPRESENTATION_CONTEXT('2D SPACE',''
  ) );
#712 = ORIENTED_EDGE('',*,*,#713,.T.);
#713 = EDGE_CURVE('',#686,#714,#716,.T.);
#714 = VERTEX_POINT('',#715);
#715 = CARTESIAN_POINT('',(58.5,149.5,142.7));
#716 = SURFACE_CURVE('',#717,(#721,#728),.PCURVE_S1.);
#717 = LINE('',#718,#719);
#718 = CARTESIAN_POINT('',(58.5,149.5,56.25));
#719 = VECTOR('',#720,1.);
#720 = DIRECTION('',(-0.,-0.,-1.));
#721 = PCURVE('',#32,#722);
#722 = DEFINITIONAL_REPRESENTATION('',(#723),#727);
#723 = LINE('',#724,#725);
#724 = CARTESIAN_POINT('',(56.25,-119.5));
#725 = VECTOR('',#726,1.);
#726 = DIRECTION('',(-1.,0.));
#727 = ( GEOMETRIC_REPRESENTATION_CONTEXT(2) 
PARAMETRIC_REPRESENTATION_CONTEXT() REPRESENTATION_CONTEXT('2D SPACE',''
  ) );
#728 = PCURVE('',#729,#734);
#729 = PLANE('',#730);
#730 = AXIS2_PLACEMENT_3D('',#731,#732,#733);
#731 = CARTESIAN_POINT('',(58.5,-6.,112.5));
#732 = DIRECTION('',(-1.,0.,0.));
#733 = DIRECTION('',(0.,1.,0.));
#734 = DEFINITIONAL_REPRESENTATION('',(#735),#738);
#735 = B_SPLINE_CURVE_WITH_KNOTS('',1,(#736,#737),.UNSPECIFIED.,.F.,.F.,
  (2,2),(-133.75,-56.25),.PIECEWISE_BEZIER_KNOTS.);
#736 = CARTESIAN_POINT('',(155.5,-77.5));
#737 = CARTESIAN_POINT('',(155.5,0.));
#738 = ( GEOMETRIC_REPRESENTATION_CONTEXT(2) 
PARAMETRIC_REPRESENTATION_CONTEXT() REPRESENTATION_CONTEXT('2D SPACE',''
  ) );
#739 = ORIENTED_EDGE('',*,*,#740,.F.);
#740 = EDGE_CURVE('',#741,#714,#743,.T.);
#741 = VERTEX_POINT('',#742);
#742 = CARTESIAN_POINT('',(52.5,149.5,142.7));
#743 = SURFACE_CURVE('',#744,(#748,#755),.PCURVE_S1.);
#744 = LINE('',#745,#746);
#745 = CARTESIAN_POINT('',(52.5,149.5,142.7));
#746 = VECTOR('',#747,1.);
#747 = DIRECTION('',(1.,0.,0.));
#748 = PCURVE('',#32,#749);
#749 = DEFINITIONAL_REPRESENTATION('',(#750),#754);
#750 = LINE('',#751,#752);
#751 = CARTESIAN_POINT('',(142.7,-113.5));
#752 = VECTOR('',#753,1.);
#753 = DIRECTION('',(0.,-1.));
#754 = ( GEOMETRIC_REPRESENTATION_CONTEXT(2) 
PARAMETRIC_REPRESENTATION_CONTEXT() REPRESENTATION_CONTEXT('2D SPACE',''
  ) );
#755 = PCURVE('',#756,#761);
#756 = PLANE('',#757);
#757 = AXIS2_PLACEMENT_3D('',#758,#759,#760);
#758 = CARTESIAN_POINT('',(52.5,97.5,142.7));
#759 = DIRECTION('',(0.,0.,1.));
#760 = DIRECTION('',(1.,0.,0.));
#761 = DEFINITIONAL_REPRESENTATION('',(#762),#766);
#762 = LINE('',#763,#764);
#763 = CARTESIAN_POINT('',(0.,52.));
#764 = VECTOR('',#765,1.);
#765 = DIRECTION('',(1.,0.));
#766 = ( GEOMETRIC_REPRESENTATION_CONTEXT(2) 
PARAMETRIC_REPRESENTATION_CONTEXT() REPRESENTATION_CONTEXT('2D SPACE',''
  ) );
#767 = ORIENTED_EDGE('',*,*,#768,.F.);
#768 = EDGE_CURVE('',#769,#741,#771,.T.);
#769 = VERTEX_POINT('',#770);
#770 = CARTESIAN_POINT('',(52.5,149.5,141.7));
#771 = SURFACE_CURVE('',#772,(#776,#783),.PCURVE_S1.);
#772 = LINE('',#773,#774);
#773 = CARTESIAN_POINT('',(52.5,149.5,139.7));
#774 = VECTOR('',#775,1.);
#775 = DIRECTION('',(0.,0.,1.));
#776 = PCURVE('',#32,#777);
#777 = DEFINITIONAL_REPRESENTATION('',(#778),#782);
#778 = LINE('',#779,#780);
#779 = CARTESIAN_POINT('',(139.7,-113.5));
#780 = VECTOR('',#781,1.);
#781 = DIRECTION('',(1.,0.));
#782 = ( GEOMETRIC_REPRESENTATION_CONTEXT(2) 
PARAMETRIC_REPRESENTATION_CONTEXT() REPRESENTATION_CONTEXT('2D SPACE',''
  ) );
#783 = PCURVE('',#784,#789);
#784 = PLANE('',#785);
#785 = AXIS2_PLACEMENT_3D('',#786,#787,#788);
#786 = CARTESIAN_POINT('',(52.5,97.5,139.7));
#787 = DIRECTION('',(1.,0.,0.));
#788 = DIRECTION('',(0.,0.,1.));
#789 = DEFINITIONAL_REPRESENTATION('',(#790),#794);
#790 = LINE('',#791,#792);
#791 = CARTESIAN_POINT('',(0.,-52.));
#792 = VECTOR('',#793,1.);
#793 = DIRECTION('',(1.,0.));
#794 = ( GEOMETRIC_REPRESENTATION_CONTEXT(2) 
PARAMETRIC_REPRESENTATION_CONTEXT() REPRESENTATION_CONTEXT('2D SPACE',''
  ) );
#795 = ORIENTED_EDGE('',*,*,#796,.F.);
#796 = EDGE_CURVE('',#797,#769,#799,.T.);
#797 = VERTEX_POINT('',#798);
#798 = CARTESIAN_POINT('',(49.8,149.5,141.7));
#799 = SURFACE_CURVE('',#800,(#804,#811),.PCURVE_S1.);
#800 = LINE('',#801,#802);
#801 = CARTESIAN_POINT('',(48.3,149.5,141.7));
#802 = VECTOR('',#803,1.);
#803 = DIRECTION('',(1.,0.,0.));
#804 = PCURVE('',#32,#805);
#805 = DEFINITIONAL_REPRESENTATION('',(#806),#810);
#806 = LINE('',#807,#808);
#807 = CARTESIAN_POINT('',(141.7,-109.3));
#808 = VECTOR('',#809,1.);
#809 = DIRECTION('',(0.,-1.));
#810 = ( GEOMETRIC_REPRESENTATION_CONTEXT(2) 
PARAMETRIC_REPRESENTATION_CONTEXT() REPRESENTATION_CONTEXT('2D SPACE',''
  ) );
#811 = PCURVE('',#812,#817);
#812 = PLANE('',#813);
#813 = AXIS2_PLACEMENT_3D('',#814,#815,#816);
#814 = CARTESIAN_POINT('',(48.3,97.5,141.7));
#815 = DIRECTION('',(0.,0.,1.));
#816 = DIRECTION('',(1.,0.,0.));
#817 = DEFINITIONAL_REPRESENTATION('',(#818),#822);
#818 = LINE('',#819,#820);
#819 = CARTESIAN_POINT('',(0.,52.));
#820 = VECTOR('',#821,1.);
#821 = DIRECTION('',(1.,0.));
#822 = ( GEOMETRIC_REPRESENTATION_CONTEXT(2) 
PARAMETRIC_REPRESENTATION_CONTEXT() REPRESENTATION_CONTEXT('2D SPACE',''
  ) );
#823 = ORIENTED_EDGE('',*,*,#824,.T.);
#824 = EDGE_CURVE('',#797,#825,#827,.T.);
#825 = VERTEX_POINT('',#826);
#826 = CARTESIAN_POINT('',(49.8,149.5,142.7));
#827 = SURFACE_CURVE('',#828,(#832,#839),.PCURVE_S1.);
#828 = LINE('',#829,#830);
#829 = CARTESIAN_POINT('',(49.8,149.5,139.7));
#830 = VECTOR('',#831,1.);
#831 = DIRECTION('',(0.,0.,1.));
#832 = PCURVE('',#32,#833);
#833 = DEFINITIONAL_REPRESENTATION('',(#834),#838);
#834 = LINE('',#835,#836);
#835 = CARTESIAN_POINT('',(139.7,-110.8));
#836 = VECTOR('',#837,1.);
#837 = DIRECTION('',(1.,0.));
#838 = ( GEOMETRIC_REPRESENTATION_CONTEXT(2) 
PARAMETRIC_REPRESENTATION_CONTEXT() REPRESENTATION_CONTEXT('2D SPACE',''
  ) );
#839 = PCURVE('',#840,#845);
#840 = PLANE('',#841);
#841 = AXIS2_PLACEMENT_3D('',#842,#843,#844);
#842 = CARTESIAN_POINT('',(49.8,107.,139.7));
#843 = DIRECTION('',(1.,0.,0.));
#844 = DIRECTION('',(0.,0.,1.));
#845 = DEFINITIONAL_REPRESENTATION('',(#846),#850);
#846 = LINE('',#847,#848);
#847 = CARTESIAN_POINT('',(0.,-42.5));
#848 = VECTOR('',#849,1.);
#849 = DIRECTION('',(1.,0.));
#850 = ( GEOMETRIC_REPRESENTATION_CONTEXT(2) 
PARAMETRIC_REPRESENTATION_CONTEXT() REPRESENTATION_CONTEXT('2D SPACE',''
  ) );
#851 = ORIENTED_EDGE('',*,*,#852,.F.);
#852 = EDGE_CURVE('',#853,#825,#855,.T.);
#853 = VERTEX_POINT('',#854);
#854 = CARTESIAN_POINT('',(48.3,149.5,142.7));
#855 = SURFACE_CURVE('',#856,(#860,#867),.PCURVE_S1.);
#856 = LINE('',#857,#858);
#857 = CARTESIAN_POINT('',(48.3,149.5,142.7));
#858 = VECTOR('',#859,1.);
#859 = DIRECTION('',(1.,0.,0.));
#860 = PCURVE('',#32,#861);
#861 = DEFINITIONAL_REPRESENTATION('',(#862),#866);
#862 = LINE('',#863,#864);
#863 = CARTESIAN_POINT('',(142.7,-109.3));
#864 = VECTOR('',#865,1.);
#865 = DIRECTION('',(0.,-1.));
#866 = ( GEOMETRIC_REPRESENTATION_CONTEXT(2) 
PARAMETRIC_REPRESENTATION_CONTEXT() REPRESENTATION_CONTEXT('2D SPACE',''
  ) );
#867 = PCURVE('',#868,#873);
#868 = PLANE('',#869);
#869 = AXIS2_PLACEMENT_3D('',#870,#871,#872);
#870 = CARTESIAN_POINT('',(48.3,107.,142.7));
#871 = DIRECTION('',(0.,0.,1.));
#872 = DIRECTION('',(1.,0.,0.));
#873 = DEFINITIONAL_REPRESENTATION('',(#874),#878);
#874 = LINE('',#875,#876);
#875 = CARTESIAN_POINT('',(0.,42.5));
#876 = VECTOR('',#877,1.);
#877 = DIRECTION('',(1.,0.));
#878 = ( GEOMETRIC_REPRESENTATION_CONTEXT(2) 
PARAMETRIC_REPRESENTATION_CONTEXT() REPRESENTATION_CONTEXT('2D SPACE',''
  ) );
#879 = ORIENTED_EDGE('',*,*,#880,.F.);
#880 = EDGE_CURVE('',#881,#853,#883,.T.);
#881 = VERTEX_POINT('',#882);
#882 = CARTESIAN_POINT('',(48.3,149.5,139.7));
#883 = SURFACE_CURVE('',#884,(#888,#895),.PCURVE_S1.);
#884 = LINE('',#885,#886);
#885 = CARTESIAN_POINT('',(48.3,149.5,139.7));
#886 = VECTOR('',#887,1.);
#887 = DIRECTION('',(0.,0.,1.));
#888 = PCURVE('',#32,#889);
#889 = DEFINITIONAL_REPRESENTATION('',(#890),#894);
#890 = LINE('',#891,#892);
#891 = CARTESIAN_POINT('',(139.7,-109.3));
#892 = VECTOR('',#893,1.);
#893 = DIRECTION('',(1.,0.));
#894 = ( GEOMETRIC_REPRESENTATION_CONTEXT(2) 
PARAMETRIC_REPRESENTATION_CONTEXT() REPRESENTATION_CONTEXT('2D SPACE',''
  ) );
#895 = PCURVE('',#561,#896);
#896 = DEFINITIONAL_REPRESENTATION('',(#897),#901);
#897 = LINE('',#898,#899);
#898 = CARTESIAN_POINT('',(-22.6,-52.));
#899 = VECTOR('',#900,1.);
#900 = DIRECTION('',(1.,0.));
#901 = ( GEOMETRIC_REPRESENTATION_CONTEXT(2) 
PARAMETRIC_REPRESENTATION_CONTEXT() REPRESENTATION_CONTEXT('2D SPACE',''
  ) );
#902 = ORIENTED_EDGE('',*,*,#903,.F.);
#903 = EDGE_CURVE('',#904,#881,#906,.T.);
#904 = VERTEX_POINT('',#905);
#905 = CARTESIAN_POINT('',(58.5,149.5,139.7));
#906 = SURFACE_CURVE('',#907,(#911,#918),.PCURVE_S1.);
#907 = LINE('',#908,#909);
#908 = CARTESIAN_POINT('',(58.5,149.5,139.7));
#909 = VECTOR('',#910,1.);
#910 = DIRECTION('',(-1.,0.,0.));
#911 = PCURVE('',#32,#912);
#912 = DEFINITIONAL_REPRESENTATION('',(#913),#917);
#913 = LINE('',#914,#915);
#914 = CARTESIAN_POINT('',(139.7,-119.5));
#915 = VECTOR('',#916,1.);
#916 = DIRECTION('',(0.,1.));
#917 = ( GEOMETRIC_REPRESENTATION_CONTEXT(2) 
PARAMETRIC_REPRESENTATION_CONTEXT() REPRESENTATION_CONTEXT('2D SPACE',''
  ) );
#918 = PCURVE('',#919,#924);
#919 = PLANE('',#920);
#920 = AXIS2_PLACEMENT_3D('',#921,#922,#923);
#921 = CARTESIAN_POINT('',(52.5,97.5,139.7));
#922 = DIRECTION('',(0.,0.,1.));
#923 = DIRECTION('',(1.,0.,0.));
#924 = DEFINITIONAL_REPRESENTATION('',(#925),#929);
#925 = LINE('',#926,#927);
#926 = CARTESIAN_POINT('',(6.,52.));
#927 = VECTOR('',#928,1.);
#928 = DIRECTION('',(-1.,0.));
#929 = ( GEOMETRIC_REPRESENTATION_CONTEXT(2) 
PARAMETRIC_REPRESENTATION_CONTEXT() REPRESENTATION_CONTEXT('2D SPACE',''
  ) );
#930 = ORIENTED_EDGE('',*,*,#931,.T.);
#931 = EDGE_CURVE('',#904,#932,#934,.T.);
#932 = VERTEX_POINT('',#933);
#933 = CARTESIAN_POINT('',(58.5,149.5,125.));
#934 = SURFACE_CURVE('',#935,(#939,#946),.PCURVE_S1.);
#935 = LINE('',#936,#937);
#936 = CARTESIAN_POINT('',(58.5,149.5,56.25));
#937 = VECTOR('',#938,1.);
#938 = DIRECTION('',(-0.,-0.,-1.));
#939 = PCURVE('',#32,#940);
#940 = DEFINITIONAL_REPRESENTATION('',(#941),#945);
#941 = LINE('',#942,#943);
#942 = CARTESIAN_POINT('',(56.25,-119.5));
#943 = VECTOR('',#944,1.);
#944 = DIRECTION('',(-1.,0.));
#945 = ( GEOMETRIC_REPRESENTATION_CONTEXT(2) 
PARAMETRIC_REPRESENTATION_CONTEXT() REPRESENTATION_CONTEXT('2D SPACE',''
  ) );
#946 = PCURVE('',#506,#947);
#947 = DEFINITIONAL_REPRESENTATION('',(#948),#951);
#948 = B_SPLINE_CURVE_WITH_KNOTS('',1,(#949,#950),.UNSPECIFIED.,.F.,.F.,
  (2,2),(-133.75,-56.25),.PIECEWISE_BEZIER_KNOTS.);
#949 = CARTESIAN_POINT('',(155.5,-77.5));
#950 = CARTESIAN_POINT('',(155.5,0.));
#951 = ( GEOMETRIC_REPRESENTATION_CONTEXT(2) 
PARAMETRIC_REPRESENTATION_CONTEXT() REPRESENTATION_CONTEXT('2D SPACE',''
  ) );
#952 = ORIENTED_EDGE('',*,*,#953,.F.);
#953 = EDGE_CURVE('',#954,#932,#956,.T.);
#954 = VERTEX_POINT('',#955);
#955 = CARTESIAN_POINT('',(46.,149.5,125.));
#956 = SURFACE_CURVE('',#957,(#961,#968),.PCURVE_S1.);
#957 = LINE('',#958,#959);
#958 = CARTESIAN_POINT('',(46.,149.5,125.));
#959 = VECTOR('',#960,1.);
#960 = DIRECTION('',(1.,0.,0.));
#961 = PCURVE('',#32,#962);
#962 = DEFINITIONAL_REPRESENTATION('',(#963),#967);
#963 = LINE('',#964,#965);
#964 = CARTESIAN_POINT('',(125.,-107.));
#965 = VECTOR('',#966,1.);
#966 = DIRECTION('',(0.,-1.));
#967 = ( GEOMETRIC_REPRESENTATION_CONTEXT(2) 
PARAMETRIC_REPRESENTATION_CONTEXT() REPRESENTATION_CONTEXT('2D SPACE',''
  ) );
#968 = PCURVE('',#969,#974);
#969 = PLANE('',#970);
#970 = AXIS2_PLACEMENT_3D('',#971,#972,#973);
#971 = CARTESIAN_POINT('',(46.,131.5,125.));
#972 = DIRECTION('',(0.,0.,1.));
#973 = DIRECTION('',(1.,0.,0.));
#974 = DEFINITIONAL_REPRESENTATION('',(#975),#979);
#975 = LINE('',#976,#977);
#976 = CARTESIAN_POINT('',(0.,18.));
#977 = VECTOR('',#978,1.);
#978 = DIRECTION('',(1.,0.));
#979 = ( GEOMETRIC_REPRESENTATION_CONTEXT(2) 
PARAMETRIC_REPRESENTATION_CONTEXT() REPRESENTATION_CONTEXT('2D SPACE',''
  ) );
#980 = ORIENTED_EDGE('',*,*,#981,.F.);
#981 = EDGE_CURVE('',#982,#954,#984,.T.);
#982 = VERTEX_POINT('',#983);
#983 = CARTESIAN_POINT('',(46.,149.5,112.5));
#984 = SURFACE_CURVE('',#985,(#989,#996),.PCURVE_S1.);
#985 = LINE('',#986,#987);
#986 = CARTESIAN_POINT('',(46.,149.5,112.));
#987 = VECTOR('',#988,1.);
#988 = DIRECTION('',(0.,0.,1.));
#989 = PCURVE('',#32,#990);
#990 = DEFINITIONAL_REPRESENTATION('',(#991),#995);
#991 = LINE('',#992,#993);
#992 = CARTESIAN_POINT('',(112.,-107.));
#993 = VECTOR('',#994,1.);
#994 = DIRECTION('',(1.,0.));
#995 = ( GEOMETRIC_REPRESENTATION_CONTEXT(2) 
PARAMETRIC_REPRESENTATION_CONTEXT() REPRESENTATION_CONTEXT('2D SPACE',''
  ) );
#996 = PCURVE('',#997,#1002);
#997 = PLANE('',#998);
#998 = AXIS2_PLACEMENT_3D('',#999,#1000,#1001);
#999 = CARTESIAN_POINT('',(46.,131.5,112.));
#1000 = DIRECTION('',(1.,0.,0.));
#1001 = DIRECTION('',(0.,0.,1.));
#1002 = DEFINITIONAL_REPRESENTATION('',(#1003),#1007);
#1003 = LINE('',#1004,#1005);
#1004 = CARTESIAN_POINT('',(0.,-18.));
#1005 = VECTOR('',#1006,1.);
#1006 = DIRECTION('',(1.,0.));
#1007 = ( GEOMETRIC_REPRESENTATION_CONTEXT(2) 
PARAMETRIC_REPRESENTATION_CONTEXT() REPRESENTATION_CONTEXT('2D SPACE',''
  ) );
#1008 = ORIENTED_EDGE('',*,*,#1009,.T.);
#1009 = EDGE_CURVE('',#982,#1010,#1012,.T.);
#1010 = VERTEX_POINT('',#1011);
#1011 = CARTESIAN_POINT('',(-46.,149.5,112.5));
#1012 = SURFACE_CURVE('',#1013,(#1017,#1024),.PCURVE_S1.);
#1013 = LINE('',#1014,#1015);
#1014 = CARTESIAN_POINT('',(-30.5,149.5,112.5));
#1015 = VECTOR('',#1016,1.);
#1016 = DIRECTION('',(-1.,0.,0.));
#1017 = PCURVE('',#32,#1018);
#1018 = DEFINITIONAL_REPRESENTATION('',(#1019),#1023);
#1019 = LINE('',#1020,#1021);
#1020 = CARTESIAN_POINT('',(112.5,-30.5));
#1021 = VECTOR('',#1022,1.);
#1022 = DIRECTION('',(0.,1.));
#1023 = ( GEOMETRIC_REPRESENTATION_CONTEXT(2) 
PARAMETRIC_REPRESENTATION_CONTEXT() REPRESENTATION_CONTEXT('2D SPACE',''
  ) );
#1024 = PCURVE('',#1025,#1030);
#1025 = PLANE('',#1026);
#1026 = AXIS2_PLACEMENT_3D('',#1027,#1028,#1029);
#1027 = CARTESIAN_POINT('',(0.,72.25,112.5));
#1028 = DIRECTION('',(0.,0.,1.));
#1029 = DIRECTION('',(1.,0.,-0.));
#1030 = DEFINITIONAL_REPRESENTATION('',(#1031),#1034);
#1031 = B_SPLINE_CURVE_WITH_KNOTS('',1,(#1032,#1033),.UNSPECIFIED.,.F.,
  .F.,(2,2),(-89.,28.),.PIECEWISE_BEZIER_KNOTS.);
#1032 = CARTESIAN_POINT('',(58.5,77.25));
#1033 = CARTESIAN_POINT('',(-58.5,77.25));
#1034 = ( GEOMETRIC_REPRESENTATION_CONTEXT(2) 
PARAMETRIC_REPRESENTATION_CONTEXT() REPRESENTATION_CONTEXT('2D SPACE',''
  ) );
#1035 = ORIENTED_EDGE('',*,*,#1036,.T.);
#1036 = EDGE_CURVE('',#1010,#1037,#1039,.T.);
#1037 = VERTEX_POINT('',#1038);
#1038 = CARTESIAN_POINT('',(-46.,149.5,125.));
#1039 = SURFACE_CURVE('',#1040,(#1044,#1051),.PCURVE_S1.);
#1040 = LINE('',#1041,#1042);
#1041 = CARTESIAN_POINT('',(-46.,149.5,112.));
#1042 = VECTOR('',#1043,1.);
#1043 = DIRECTION('',(0.,0.,1.));
#1044 = PCURVE('',#32,#1045);
#1045 = DEFINITIONAL_REPRESENTATION('',(#1046),#1050);
#1046 = LINE('',#1047,#1048);
#1047 = CARTESIAN_POINT('',(112.,-15.));
#1048 = VECTOR('',#1049,1.);
#1049 = DIRECTION('',(1.,0.));
#1050 = ( GEOMETRIC_REPRESENTATION_CONTEXT(2) 
PARAMETRIC_REPRESENTATION_CONTEXT() REPRESENTATION_CONTEXT('2D SPACE',''
  ) );
#1051 = PCURVE('',#1052,#1057);
#1052 = PLANE('',#1053);
#1053 = AXIS2_PLACEMENT_3D('',#1054,#1055,#1056);
#1054 = CARTESIAN_POINT('',(-46.,131.5,112.));
#1055 = DIRECTION('',(1.,0.,0.));
#1056 = DIRECTION('',(0.,0.,1.));
#1057 = DEFINITIONAL_REPRESENTATION('',(#1058),#1062);
#1058 = LINE('',#1059,#1060);
#1059 = CARTESIAN_POINT('',(0.,-18.));
#1060 = VECTOR('',#1061,1.);
#1061 = DIRECTION('',(1.,0.));
#1062 = ( GEOMETRIC_REPRESENTATION_CONTEXT(2) 
PARAMETRIC_REPRESENTATION_CONTEXT() REPRESENTATION_CONTEXT('2D SPACE',''
  ) );
#1063 = ORIENTED_EDGE('',*,*,#1064,.F.);
#1064 = EDGE_CURVE('',#1065,#1037,#1067,.T.);
#1065 = VERTEX_POINT('',#1066);
#1066 = CARTESIAN_POINT('',(-58.5,149.5,125.));
#1067 = SURFACE_CURVE('',#1068,(#1072,#1079),.PCURVE_S1.);
#1068 = LINE('',#1069,#1070);
#1069 = CARTESIAN_POINT('',(-59.,149.5,125.));
#1070 = VECTOR('',#1071,1.);
#1071 = DIRECTION('',(1.,0.,0.));
#1072 = PCURVE('',#32,#1073);
#1073 = DEFINITIONAL_REPRESENTATION('',(#1074),#1078);
#1074 = LINE('',#1075,#1076);
#1075 = CARTESIAN_POINT('',(125.,-2.));
#1076 = VECTOR('',#1077,1.);
#1077 = DIRECTION('',(0.,-1.));
#1078 = ( GEOMETRIC_REPRESENTATION_CONTEXT(2) 
PARAMETRIC_REPRESENTATION_CONTEXT() REPRESENTATION_CONTEXT('2D SPACE',''
  ) );
#1079 = PCURVE('',#1080,#1085);
#1080 = PLANE('',#1081);
#1081 = AXIS2_PLACEMENT_3D('',#1082,#1083,#1084);
#1082 = CARTESIAN_POINT('',(-59.,131.5,125.));
#1083 = DIRECTION('',(0.,0.,1.));
#1084 = DIRECTION('',(1.,0.,0.));
#1085 = DEFINITIONAL_REPRESENTATION('',(#1086),#1090);
#1086 = LINE('',#1087,#1088);
#1087 = CARTESIAN_POINT('',(0.,18.));
#1088 = VECTOR('',#1089,1.);
#1089 = DIRECTION('',(1.,0.));
#1090 = ( GEOMETRIC_REPRESENTATION_CONTEXT(2) 
PARAMETRIC_REPRESENTATION_CONTEXT() REPRESENTATION_CONTEXT('2D SPACE',''
  ) );
#1091 = ORIENTED_EDGE('',*,*,#1092,.T.);
#1092 = EDGE_CURVE('',#1065,#1093,#1095,.T.);
#1093 = VERTEX_POINT('',#1094);
#1094 = CARTESIAN_POINT('',(-58.5,149.5,181.));
#1095 = SURFACE_CURVE('',#1096,(#1100,#1107),.PCURVE_S1.);
#1096 = LINE('',#1097,#1098);
#1097 = CARTESIAN_POINT('',(-58.5,149.5,56.25));
#1098 = VECTOR('',#1099,1.);
#1099 = DIRECTION('',(0.,0.,1.));
#1100 = PCURVE('',#32,#1101);
#1101 = DEFINITIONAL_REPRESENTATION('',(#1102),#1106);
#1102 = LINE('',#1103,#1104);
#1103 = CARTESIAN_POINT('',(56.25,-2.5));
#1104 = VECTOR('',#1105,1.);
#1105 = DIRECTION('',(1.,0.));
#1106 = ( GEOMETRIC_REPRESENTATION_CONTEXT(2) 
PARAMETRIC_REPRESENTATION_CONTEXT() REPRESENTATION_CONTEXT('2D SPACE',''
  ) );
#1107 = PCURVE('',#1108,#1113);
#1108 = PLANE('',#1109);
#1109 = AXIS2_PLACEMENT_3D('',#1110,#1111,#1112);
#1110 = CARTESIAN_POINT('',(-58.5,150.5,112.5));
#1111 = DIRECTION('',(1.,0.,-0.));
#1112 = DIRECTION('',(0.,-1.,0.));
#1113 = DEFINITIONAL_REPRESENTATION('',(#1114),#1117);
#1114 = B_SPLINE_CURVE_WITH_KNOTS('',1,(#1115,#1116),.UNSPECIFIED.,.F.,
  .F.,(2,2),(56.25,133.75),.PIECEWISE_BEZIER_KNOTS.);
#1115 = CARTESIAN_POINT('',(1.,0.));
#1116 = CARTESIAN_POINT('',(1.,-77.5));
#1117 = ( GEOMETRIC_REPRESENTATION_CONTEXT(2) 
PARAMETRIC_REPRESENTATION_CONTEXT() REPRESENTATION_CONTEXT('2D SPACE',''
  ) );
#1118 = ORIENTED_EDGE('',*,*,#1119,.T.);
#1119 = EDGE_CURVE('',#1093,#1120,#1122,.T.);
#1120 = VERTEX_POINT('',#1121);
#1121 = CARTESIAN_POINT('',(-46.,149.5,181.));
#1122 = SURFACE_CURVE('',#1123,(#1127,#1134),.PCURVE_S1.);
#1123 = LINE('',#1124,#1125);
#1124 = CARTESIAN_POINT('',(-59.,149.5,181.));
#1125 = VECTOR('',#1126,1.);
#1126 = DIRECTION('',(1.,0.,0.));
#1127 = PCURVE('',#32,#1128);
#1128 = DEFINITIONAL_REPRESENTATION('',(#1129),#1133);
#1129 = LINE('',#1130,#1131);
#1130 = CARTESIAN_POINT('',(181.,-2.));
#1131 = VECTOR('',#1132,1.);
#1132 = DIRECTION('',(0.,-1.));
#1133 = ( GEOMETRIC_REPRESENTATION_CONTEXT(2) 
PARAMETRIC_REPRESENTATION_CONTEXT() REPRESENTATION_CONTEXT('2D SPACE',''
  ) );
#1134 = PCURVE('',#1135,#1140);
#1135 = PLANE('',#1136);
#1136 = AXIS2_PLACEMENT_3D('',#1137,#1138,#1139);
#1137 = CARTESIAN_POINT('',(-59.,131.5,181.));
#1138 = DIRECTION('',(0.,0.,1.));
#1139 = DIRECTION('',(1.,0.,0.));
#1140 = DEFINITIONAL_REPRESENTATION('',(#1141),#1145);
#1141 = LINE('',#1142,#1143);
#1142 = CARTESIAN_POINT('',(0.,18.));
#1143 = VECTOR('',#1144,1.);
#1144 = DIRECTION('',(1.,0.));
#1145 = ( GEOMETRIC_REPRESENTATION_CONTEXT(2) 
PARAMETRIC_REPRESENTATION_CONTEXT() REPRESENTATION_CONTEXT('2D SPACE',''
  ) );
#1146 = ORIENTED_EDGE('',*,*,#1147,.T.);
#1147 = EDGE_CURVE('',#1120,#408,#1148,.T.);
#1148 = SURFACE_CURVE('',#1149,(#1153,#1160),.PCURVE_S1.);
#1149 = LINE('',#1150,#1151);
#1150 = CARTESIAN_POINT('',(-46.,149.5,181.));
#1151 = VECTOR('',#1152,1.);
#1152 = DIRECTION('',(0.,0.,1.));
#1153 = PCURVE('',#32,#1154);
#1154 = DEFINITIONAL_REPRESENTATION('',(#1155),#1159);
#1155 = LINE('',#1156,#1157);
#1156 = CARTESIAN_POINT('',(181.,-15.));
#1157 = VECTOR('',#1158,1.);
#1158 = DIRECTION('',(1.,0.));
#1159 = ( GEOMETRIC_REPRESENTATION_CONTEXT(2) 
PARAMETRIC_REPRESENTATION_CONTEXT() REPRESENTATION_CONTEXT('2D SPACE',''
  ) );
#1160 = PCURVE('',#1161,#1166);
#1161 = PLANE('',#1162);
#1162 = AXIS2_PLACEMENT_3D('',#1163,#1164,#1165);
#1163 = CARTESIAN_POINT('',(-46.,131.5,181.));
#1164 = DIRECTION('',(1.,0.,0.));
#1165 = DIRECTION('',(0.,0.,1.));
#1166 = DEFINITIONAL_REPRESENTATION('',(#1167),#1171);
#1167 = LINE('',#1168,#1169);
#1168 = CARTESIAN_POINT('',(0.,-18.));
#1169 = VECTOR('',#1170,1.);
#1170 = DIRECTION('',(1.,0.));
#1171 = ( GEOMETRIC_REPRESENTATION_CONTEXT(2) 
PARAMETRIC_REPRESENTATION_CONTEXT() REPRESENTATION_CONTEXT('2D SPACE',''
  ) );
#1172 = FACE_BOUND('',#1173,.F.);
#1173 = EDGE_LOOP('',(#1174));
#1174 = ORIENTED_EDGE('',*,*,#1175,.F.);
#1175 = EDGE_CURVE('',#1176,#1176,#1178,.T.);
#1176 = VERTEX_POINT('',#1177);
#1177 = CARTESIAN_POINT('',(-48.45,149.5,183.7));
#1178 = SURFACE_CURVE('',#1179,(#1184,#1191),.PCURVE_S1.);
#1179 = CIRCLE('',#1180,1.25);
#1180 = AXIS2_PLACEMENT_3D('',#1181,#1182,#1183);
#1181 = CARTESIAN_POINT('',(-49.7,149.5,183.7));
#1182 = DIRECTION('',(0.,-1.,0.));
#1183 = DIRECTION('',(1.,0.,0.));
#1184 = PCURVE('',#32,#1185);
#1185 = DEFINITIONAL_REPRESENTATION('',(#1186),#1190);
#1186 = CIRCLE('',#1187,1.25);
#1187 = AXIS2_PLACEMENT_2D('',#1188,#1189);
#1188 = CARTESIAN_POINT('',(183.7,-11.3));
#1189 = DIRECTION('',(0.,-1.));
#1190 = ( GEOMETRIC_REPRESENTATION_CONTEXT(2) 
PARAMETRIC_REPRESENTATION_CONTEXT() REPRESENTATION_CONTEXT('2D SPACE',''
  ) );
#1191 = PCURVE('',#1192,#1197);
#1192 = CYLINDRICAL_SURFACE('',#1193,1.25);
#1193 = AXIS2_PLACEMENT_3D('',#1194,#1195,#1196);
#1194 = CARTESIAN_POINT('',(-49.7,135.5,183.7));
#1195 = DIRECTION('',(0.,-1.,0.));
#1196 = DIRECTION('',(1.,0.,0.));
#1197 = DEFINITIONAL_REPRESENTATION('',(#1198),#1202);
#1198 = LINE('',#1199,#1200);
#1199 = CARTESIAN_POINT('',(0.,-14.));
#1200 = VECTOR('',#1201,1.);
#1201 = DIRECTION('',(1.,0.));
#1202 = ( GEOMETRIC_REPRESENTATION_CONTEXT(2) 
PARAMETRIC_REPRESENTATION_CONTEXT() REPRESENTATION_CONTEXT('2D SPACE',''
  ) );
#1203 = ADVANCED_FACE('',(#1204),#44,.F.);
#1204 = FACE_BOUND('',#1205,.F.);
#1205 = EDGE_LOOP('',(#1206,#1207,#1230,#1258));
#1206 = ORIENTED_EDGE('',*,*,#21,.T.);
#1207 = ORIENTED_EDGE('',*,*,#1208,.T.);
#1208 = EDGE_CURVE('',#24,#1209,#1211,.T.);
#1209 = VERTEX_POINT('',#1210);
#1210 = CARTESIAN_POINT('',(55.,-6.,196.));
#1211 = SURFACE_CURVE('',#1212,(#1216,#1223),.PCURVE_S1.);
#1212 = LINE('',#1213,#1214);
#1213 = CARTESIAN_POINT('',(55.,149.5,196.));
#1214 = VECTOR('',#1215,1.);
#1215 = DIRECTION('',(0.,-1.,0.));
#1216 = PCURVE('',#44,#1217);
#1217 = DEFINITIONAL_REPRESENTATION('',(#1218),#1222);
#1218 = LINE('',#1219,#1220);
#1219 = CARTESIAN_POINT('',(0.,-116.));
#1220 = VECTOR('',#1221,1.);
#1221 = DIRECTION('',(1.,0.));
#1222 = ( GEOMETRIC_REPRESENTATION_CONTEXT(2) 
PARAMETRIC_REPRESENTATION_CONTEXT() REPRESENTATION_CONTEXT('2D SPACE',''
  ) );
#1223 = PCURVE('',#298,#1224);
#1224 = DEFINITIONAL_REPRESENTATION('',(#1225),#1229);
#1225 = LINE('',#1226,#1227);
#1226 = CARTESIAN_POINT('',(-0.,0.));
#1227 = VECTOR('',#1228,1.);
#1228 = DIRECTION('',(-0.,1.));
#1229 = ( GEOMETRIC_REPRESENTATION_CONTEXT(2) 
PARAMETRIC_REPRESENTATION_CONTEXT() REPRESENTATION_CONTEXT('2D SPACE',''
  ) );
#1230 = ORIENTED_EDGE('',*,*,#1231,.F.);
#1231 = EDGE_CURVE('',#1232,#1209,#1234,.T.);
#1232 = VERTEX_POINT('',#1233);
#1233 = CARTESIAN_POINT('',(-55.,-6.,196.));
#1234 = SURFACE_CURVE('',#1235,(#1239,#1246),.PCURVE_S1.);
#1235 = LINE('',#1236,#1237);
#1236 = CARTESIAN_POINT('',(-61.,-6.,196.));
#1237 = VECTOR('',#1238,1.);
#1238 = DIRECTION('',(1.,0.,0.));
#1239 = PCURVE('',#44,#1240);
#1240 = DEFINITIONAL_REPRESENTATION('',(#1241),#1245);
#1241 = LINE('',#1242,#1243);
#1242 = CARTESIAN_POINT('',(155.5,0.));
#1243 = VECTOR('',#1244,1.);
#1244 = DIRECTION('',(0.,-1.));
#1245 = ( GEOMETRIC_REPRESENTATION_CONTEXT(2) 
PARAMETRIC_REPRESENTATION_CONTEXT() REPRESENTATION_CONTEXT('2D SPACE',''
  ) );
#1246 = PCURVE('',#1247,#1252);
#1247 = CYLINDRICAL_SURFACE('',#1248,6.);
#1248 = AXIS2_PLACEMENT_3D('',#1249,#1250,#1251);
#1249 = CARTESIAN_POINT('',(-61.,-6.,190.));
#1250 = DIRECTION('',(1.,0.,0.));
#1251 = DIRECTION('',(0.,-0.,1.));
#1252 = DEFINITIONAL_REPRESENTATION('',(#1253),#1257);
#1253 = LINE('',#1254,#1255);
#1254 = CARTESIAN_POINT('',(0.,0.));
#1255 = VECTOR('',#1256,1.);
#1256 = DIRECTION('',(0.,1.));
#1257 = ( GEOMETRIC_REPRESENTATION_CONTEXT(2) 
PARAMETRIC_REPRESENTATION_CONTEXT() REPRESENTATION_CONTEXT('2D SPACE',''
  ) );
#1258 = ORIENTED_EDGE('',*,*,#1259,.F.);
#1259 = EDGE_CURVE('',#22,#1232,#1260,.T.);
#1260 = SURFACE_CURVE('',#1261,(#1265,#1272),.PCURVE_S1.);
#1261 = LINE('',#1262,#1263);
#1262 = CARTESIAN_POINT('',(-55.,149.5,196.));
#1263 = VECTOR('',#1264,1.);
#1264 = DIRECTION('',(0.,-1.,0.));
#1265 = PCURVE('',#44,#1266);
#1266 = DEFINITIONAL_REPRESENTATION('',(#1267),#1271);
#1267 = LINE('',#1268,#1269);
#1268 = CARTESIAN_POINT('',(0.,-6.));
#1269 = VECTOR('',#1270,1.);
#1270 = DIRECTION('',(1.,0.));
#1271 = ( GEOMETRIC_REPRESENTATION_CONTEXT(2) 
PARAMETRIC_REPRESENTATION_CONTEXT() REPRESENTATION_CONTEXT('2D SPACE',''
  ) );
#1272 = PCURVE('',#73,#1273);
#1273 = DEFINITIONAL_REPRESENTATION('',(#1274),#1278);
#1274 = LINE('',#1275,#1276);
#1275 = CARTESIAN_POINT('',(0.,0.));
#1276 = VECTOR('',#1277,1.);
#1277 = DIRECTION('',(0.,1.));
#1278 = ( GEOMETRIC_REPRESENTATION_CONTEXT(2) 
PARAMETRIC_REPRESENTATION_CONTEXT() REPRESENTATION_CONTEXT('2D SPACE',''
  ) );
#1279 = ADVANCED_FACE('',(#1280),#73,.T.);
#1280 = FACE_BOUND('',#1281,.T.);
#1281 = EDGE_LOOP('',(#1282,#1283,#1306,#1331));
#1282 = ORIENTED_EDGE('',*,*,#56,.T.);
#1283 = ORIENTED_EDGE('',*,*,#1284,.T.);
#1284 = EDGE_CURVE('',#57,#1285,#1287,.T.);
#1285 = VERTEX_POINT('',#1286);
#1286 = CARTESIAN_POINT('',(-61.,-6.,190.));
#1287 = SURFACE_CURVE('',#1288,(#1292,#1299),.PCURVE_S1.);
#1288 = LINE('',#1289,#1290);
#1289 = CARTESIAN_POINT('',(-61.,149.5,190.));
#1290 = VECTOR('',#1291,1.);
#1291 = DIRECTION('',(0.,-1.,0.));
#1292 = PCURVE('',#73,#1293);
#1293 = DEFINITIONAL_REPRESENTATION('',(#1294),#1298);
#1294 = LINE('',#1295,#1296);
#1295 = CARTESIAN_POINT('',(1.570796326795,0.));
#1296 = VECTOR('',#1297,1.);
#1297 = DIRECTION('',(0.,1.));
#1298 = ( GEOMETRIC_REPRESENTATION_CONTEXT(2) 
PARAMETRIC_REPRESENTATION_CONTEXT() REPRESENTATION_CONTEXT('2D SPACE',''
  ) );
#1299 = PCURVE('',#101,#1300);
#1300 = DEFINITIONAL_REPRESENTATION('',(#1301),#1305);
#1301 = LINE('',#1302,#1303);
#1302 = CARTESIAN_POINT('',(90.153846153846,-78.90384615384));
#1303 = VECTOR('',#1304,1.);
#1304 = DIRECTION('',(0.,1.));
#1305 = ( GEOMETRIC_REPRESENTATION_CONTEXT(2) 
PARAMETRIC_REPRESENTATION_CONTEXT() REPRESENTATION_CONTEXT('2D SPACE',''
  ) );
#1306 = ORIENTED_EDGE('',*,*,#1307,.T.);
#1307 = EDGE_CURVE('',#1285,#1232,#1308,.T.);
#1308 = SURFACE_CURVE('',#1309,(#1314,#1320),.PCURVE_S1.);
#1309 = CIRCLE('',#1310,6.);
#1310 = AXIS2_PLACEMENT_3D('',#1311,#1312,#1313);
#1311 = CARTESIAN_POINT('',(-55.,-6.,190.));
#1312 = DIRECTION('',(-0.,1.,1.480297366167E-16));
#1313 = DIRECTION('',(0.,-1.480297366167E-16,1.));
#1314 = PCURVE('',#73,#1315);
#1315 = DEFINITIONAL_REPRESENTATION('',(#1316),#1319);
#1316 = B_SPLINE_CURVE_WITH_KNOTS('',1,(#1317,#1318),.UNSPECIFIED.,.F.,
  .F.,(2,2),(4.712388980385,6.28318530718),.PIECEWISE_BEZIER_KNOTS.);
#1317 = CARTESIAN_POINT('',(1.570796326795,155.5));
#1318 = CARTESIAN_POINT('',(0.,155.5));
#1319 = ( GEOMETRIC_REPRESENTATION_CONTEXT(2) 
PARAMETRIC_REPRESENTATION_CONTEXT() REPRESENTATION_CONTEXT('2D SPACE',''
  ) );
#1320 = PCURVE('',#1321,#1326);
#1321 = SPHERICAL_SURFACE('',#1322,6.);
#1322 = AXIS2_PLACEMENT_3D('',#1323,#1324,#1325);
#1323 = CARTESIAN_POINT('',(-55.,-6.,190.));
#1324 = DIRECTION('',(1.,0.,0.));
#1325 = DIRECTION('',(0.,-1.480297366167E-16,1.));
#1326 = DEFINITIONAL_REPRESENTATION('',(#1327),#1330);
#1327 = B_SPLINE_CURVE_WITH_KNOTS('',1,(#1328,#1329),.UNSPECIFIED.,.F.,
  .F.,(2,2),(4.712388980385,6.28318530718),.PIECEWISE_BEZIER_KNOTS.);
#1328 = CARTESIAN_POINT('',(0.,-1.570796326795));
#1329 = CARTESIAN_POINT('',(0.,0.));
#1330 = ( GEOMETRIC_REPRESENTATION_CONTEXT(2) 
PARAMETRIC_REPRESENTATION_CONTEXT() REPRESENTATION_CONTEXT('2D SPACE',''
  ) );
#1331 = ORIENTED_EDGE('',*,*,#1259,.F.);
#1332 = ADVANCED_FACE('',(#1333,#1442,#1477,#1512),#101,.F.);
#1333 = FACE_BOUND('',#1334,.F.);
#1334 = EDGE_LOOP('',(#1335,#1336,#1337,#1365,#1393,#1421));
#1335 = ORIENTED_EDGE('',*,*,#85,.T.);
#1336 = ORIENTED_EDGE('',*,*,#1284,.T.);
#1337 = ORIENTED_EDGE('',*,*,#1338,.T.);
#1338 = EDGE_CURVE('',#1285,#1339,#1341,.T.);
#1339 = VERTEX_POINT('',#1340);
#1340 = CARTESIAN_POINT('',(-61.,-6.,113.));
#1341 = SURFACE_CURVE('',#1342,(#1346,#1353),.PCURVE_S1.);
#1342 = LINE('',#1343,#1344);
#1343 = CARTESIAN_POINT('',(-61.,-6.,196.));
#1344 = VECTOR('',#1345,1.);
#1345 = DIRECTION('',(0.,0.,-1.));
#1346 = PCURVE('',#101,#1347);
#1347 = DEFINITIONAL_REPRESENTATION('',(#1348),#1352);
#1348 = LINE('',#1349,#1350);
#1349 = CARTESIAN_POINT('',(96.153846153846,76.596153846154));
#1350 = VECTOR('',#1351,1.);
#1351 = DIRECTION('',(-1.,0.));
#1352 = ( GEOMETRIC_REPRESENTATION_CONTEXT(2) 
PARAMETRIC_REPRESENTATION_CONTEXT() REPRESENTATION_CONTEXT('2D SPACE',''
  ) );
#1353 = PCURVE('',#1354,#1359);
#1354 = CYLINDRICAL_SURFACE('',#1355,6.);
#1355 = AXIS2_PLACEMENT_3D('',#1356,#1357,#1358);
#1356 = CARTESIAN_POINT('',(-55.,-6.,196.));
#1357 = DIRECTION('',(0.,0.,-1.));
#1358 = DIRECTION('',(0.,-1.,-0.));
#1359 = DEFINITIONAL_REPRESENTATION('',(#1360),#1364);
#1360 = LINE('',#1361,#1362);
#1361 = CARTESIAN_POINT('',(1.570796326795,0.));
#1362 = VECTOR('',#1363,1.);
#1363 = DIRECTION('',(0.,1.));
#1364 = ( GEOMETRIC_REPRESENTATION_CONTEXT(2) 
PARAMETRIC_REPRESENTATION_CONTEXT() REPRESENTATION_CONTEXT('2D SPACE',''
  ) );
#1365 = ORIENTED_EDGE('',*,*,#1366,.T.);
#1366 = EDGE_CURVE('',#1339,#1367,#1369,.T.);
#1367 = VERTEX_POINT('',#1368);
#1368 = CARTESIAN_POINT('',(-61.,0.,113.));
#1369 = SURFACE_CURVE('',#1370,(#1374,#1381),.PCURVE_S1.);
#1370 = LINE('',#1371,#1372);
#1371 = CARTESIAN_POINT('',(-61.,-12.,113.));
#1372 = VECTOR('',#1373,1.);
#1373 = DIRECTION('',(0.,1.,0.));
#1374 = PCURVE('',#101,#1375);
#1375 = DEFINITIONAL_REPRESENTATION('',(#1376),#1380);
#1376 = LINE('',#1377,#1378);
#1377 = CARTESIAN_POINT('',(13.153846153846,82.596153846154));
#1378 = VECTOR('',#1379,1.);
#1379 = DIRECTION('',(0.,-1.));
#1380 = ( GEOMETRIC_REPRESENTATION_CONTEXT(2) 
PARAMETRIC_REPRESENTATION_CONTEXT() REPRESENTATION_CONTEXT('2D SPACE',''
  ) );
#1381 = PCURVE('',#1382,#1387);
#1382 = CYLINDRICAL_SURFACE('',#1383,3.);
#1383 = AXIS2_PLACEMENT_3D('',#1384,#1385,#1386);
#1384 = CARTESIAN_POINT('',(-58.,-12.,113.));
#1385 = DIRECTION('',(0.,1.,0.));
#1386 = DIRECTION('',(-0.,0.,-1.));
#1387 = DEFINITIONAL_REPRESENTATION('',(#1388),#1392);
#1388 = LINE('',#1389,#1390);
#1389 = CARTESIAN_POINT('',(1.570796326795,0.));
#1390 = VECTOR('',#1391,1.);
#1391 = DIRECTION('',(0.,1.));
#1392 = ( GEOMETRIC_REPRESENTATION_CONTEXT(2) 
PARAMETRIC_REPRESENTATION_CONTEXT() REPRESENTATION_CONTEXT('2D SPACE',''
  ) );
#1393 = ORIENTED_EDGE('',*,*,#1394,.F.);
#1394 = EDGE_CURVE('',#1395,#1367,#1397,.T.);
#1395 = VERTEX_POINT('',#1396);
#1396 = CARTESIAN_POINT('',(-61.,0.,0.));
#1397 = SURFACE_CURVE('',#1398,(#1402,#1409),.PCURVE_S1.);
#1398 = LINE('',#1399,#1400);
#1399 = CARTESIAN_POINT('',(-61.,0.,0.));
#1400 = VECTOR('',#1401,1.);
#1401 = DIRECTION('',(0.,0.,1.));
#1402 = PCURVE('',#101,#1403);
#1403 = DEFINITIONAL_REPRESENTATION('',(#1404),#1408);
#1404 = LINE('',#1405,#1406);
#1405 = CARTESIAN_POINT('',(-99.84615384615,70.596153846154));
#1406 = VECTOR('',#1407,1.);
#1407 = DIRECTION('',(1.,0.));
#1408 = ( GEOMETRIC_REPRESENTATION_CONTEXT(2) 
PARAMETRIC_REPRESENTATION_CONTEXT() REPRESENTATION_CONTEXT('2D SPACE',''
  ) );
#1409 = PCURVE('',#1410,#1415);
#1410 = PLANE('',#1411);
#1411 = AXIS2_PLACEMENT_3D('',#1412,#1413,#1414);
#1412 = CARTESIAN_POINT('',(-61.,0.,110.));
#1413 = DIRECTION('',(-0.,1.,0.));
#1414 = DIRECTION('',(0.,0.,-1.));
#1415 = DEFINITIONAL_REPRESENTATION('',(#1416),#1420);
#1416 = LINE('',#1417,#1418);
#1417 = CARTESIAN_POINT('',(110.,0.));
#1418 = VECTOR('',#1419,1.);
#1419 = DIRECTION('',(-1.,0.));
#1420 = ( GEOMETRIC_REPRESENTATION_CONTEXT(2) 
PARAMETRIC_REPRESENTATION_CONTEXT() REPRESENTATION_CONTEXT('2D SPACE',''
  ) );
#1421 = ORIENTED_EDGE('',*,*,#1422,.T.);
#1422 = EDGE_CURVE('',#1395,#86,#1423,.T.);
#1423 = SURFACE_CURVE('',#1424,(#1428,#1435),.PCURVE_S1.);
#1424 = LINE('',#1425,#1426);
#1425 = CARTESIAN_POINT('',(-61.,0.,0.));
#1426 = VECTOR('',#1427,1.);
#1427 = DIRECTION('',(0.,1.,0.));
#1428 = PCURVE('',#101,#1429);
#1429 = DEFINITIONAL_REPRESENTATION('',(#1430),#1434);
#1430 = LINE('',#1431,#1432);
#1431 = CARTESIAN_POINT('',(-99.84615384615,70.596153846154));
#1432 = VECTOR('',#1433,1.);
#1433 = DIRECTION('',(0.,-1.));
#1434 = ( GEOMETRIC_REPRESENTATION_CONTEXT(2) 
PARAMETRIC_REPRESENTATION_CONTEXT() REPRESENTATION_CONTEXT('2D SPACE',''
  ) );
#1435 = PCURVE('',#129,#1436);
#1436 = DEFINITIONAL_REPRESENTATION('',(#1437),#1441);
#1437 = LINE('',#1438,#1439);
#1438 = CARTESIAN_POINT('',(0.,0.));
#1439 = VECTOR('',#1440,1.);
#1440 = DIRECTION('',(1.,0.));
#1441 = ( GEOMETRIC_REPRESENTATION_CONTEXT(2) 
PARAMETRIC_REPRESENTATION_CONTEXT() REPRESENTATION_CONTEXT('2D SPACE',''
  ) );
#1442 = FACE_BOUND('',#1443,.F.);
#1443 = EDGE_LOOP('',(#1444));
#1444 = ORIENTED_EDGE('',*,*,#1445,.T.);
#1445 = EDGE_CURVE('',#1446,#1446,#1448,.T.);
#1446 = VERTEX_POINT('',#1447);
#1447 = CARTESIAN_POINT('',(-61.,121.2,5.));
#1448 = SURFACE_CURVE('',#1449,(#1454,#1465),.PCURVE_S1.);
#1449 = CIRCLE('',#1450,1.7);
#1450 = AXIS2_PLACEMENT_3D('',#1451,#1452,#1453);
#1451 = CARTESIAN_POINT('',(-61.,119.5,5.));
#1452 = DIRECTION('',(-1.,0.,0.));
#1453 = DIRECTION('',(0.,1.,0.));
#1454 = PCURVE('',#101,#1455);
#1455 = DEFINITIONAL_REPRESENTATION('',(#1456),#1464);
#1456 = ( BOUNDED_CURVE() B_SPLINE_CURVE(2,(#1457,#1458,#1459,#1460,
#1461,#1462,#1463),.UNSPECIFIED.,.T.,.F.) B_SPLINE_CURVE_WITH_KNOTS((1,2
    ,2,2,2,1),(-2.094395102393,0.,2.094395102393,4.188790204786,
6.28318530718,8.377580409573),.UNSPECIFIED.) CURVE() 
GEOMETRIC_REPRESENTATION_ITEM() RATIONAL_B_SPLINE_CURVE((1.,0.5,1.,0.5,
1.,0.5,1.)) REPRESENTATION_ITEM('') );
#1457 = CARTESIAN_POINT('',(-94.84615384615,-50.60384615384));
#1458 = CARTESIAN_POINT('',(-97.79064021902,-50.60384615384));
#1459 = CARTESIAN_POINT('',(-96.31839703258,-48.05384615384));
#1460 = CARTESIAN_POINT('',(-94.84615384615,-45.50384615384));
#1461 = CARTESIAN_POINT('',(-93.37391065972,-48.05384615384));
#1462 = CARTESIAN_POINT('',(-91.90166747328,-50.60384615384));
#1463 = CARTESIAN_POINT('',(-94.84615384615,-50.60384615384));
#1464 = ( GEOMETRIC_REPRESENTATION_CONTEXT(2) 
PARAMETRIC_REPRESENTATION_CONTEXT() REPRESENTATION_CONTEXT('2D SPACE',''
  ) );
#1465 = PCURVE('',#1466,#1471);
#1466 = CYLINDRICAL_SURFACE('',#1467,1.7);
#1467 = AXIS2_PLACEMENT_3D('',#1468,#1469,#1470);
#1468 = CARTESIAN_POINT('',(-62.,119.5,5.));
#1469 = DIRECTION('',(-1.,-0.,-0.));
#1470 = DIRECTION('',(0.,1.,0.));
#1471 = DEFINITIONAL_REPRESENTATION('',(#1472),#1476);
#1472 = LINE('',#1473,#1474);
#1473 = CARTESIAN_POINT('',(-6.28318530718,-1.));
#1474 = VECTOR('',#1475,1.);
#1475 = DIRECTION('',(1.,-0.));
#1476 = ( GEOMETRIC_REPRESENTATION_CONTEXT(2) 
PARAMETRIC_REPRESENTATION_CONTEXT() REPRESENTATION_CONTEXT('2D SPACE',''
  ) );
#1477 = FACE_BOUND('',#1478,.F.);
#1478 = EDGE_LOOP('',(#1479));
#1479 = ORIENTED_EDGE('',*,*,#1480,.T.);
#1480 = EDGE_CURVE('',#1481,#1481,#1483,.T.);
#1481 = VERTEX_POINT('',#1482);
#1482 = CARTESIAN_POINT('',(-61.,26.7,5.));
#1483 = SURFACE_CURVE('',#1484,(#1489,#1500),.PCURVE_S1.);
#1484 = CIRCLE('',#1485,1.7);
#1485 = AXIS2_PLACEMENT_3D('',#1486,#1487,#1488);
#1486 = CARTESIAN_POINT('',(-61.,25.,5.));
#1487 = DIRECTION('',(-1.,0.,0.));
#1488 = DIRECTION('',(0.,1.,0.));
#1489 = PCURVE('',#101,#1490);
#1490 = DEFINITIONAL_REPRESENTATION('',(#1491),#1499);
#1491 = ( BOUNDED_CURVE() B_SPLINE_CURVE(2,(#1492,#1493,#1494,#1495,
#1496,#1497,#1498),.UNSPECIFIED.,.T.,.F.) B_SPLINE_CURVE_WITH_KNOTS((1,2
    ,2,2,2,1),(-2.094395102393,0.,2.094395102393,4.188790204786,
6.28318530718,8.377580409573),.UNSPECIFIED.) CURVE() 
GEOMETRIC_REPRESENTATION_ITEM() RATIONAL_B_SPLINE_CURVE((1.,0.5,1.,0.5,
1.,0.5,1.)) REPRESENTATION_ITEM('') );
#1492 = CARTESIAN_POINT('',(-94.84615384615,43.896153846154));
#1493 = CARTESIAN_POINT('',(-97.79064021902,43.896153846154));
#1494 = CARTESIAN_POINT('',(-96.31839703258,46.446153846154));
#1495 = CARTESIAN_POINT('',(-94.84615384615,48.996153846154));
#1496 = CARTESIAN_POINT('',(-93.37391065972,46.446153846154));
#1497 = CARTESIAN_POINT('',(-91.90166747328,43.896153846154));
#1498 = CARTESIAN_POINT('',(-94.84615384615,43.896153846154));
#1499 = ( GEOMETRIC_REPRESENTATION_CONTEXT(2) 
PARAMETRIC_REPRESENTATION_CONTEXT() REPRESENTATION_CONTEXT('2D SPACE',''
  ) );
#1500 = PCURVE('',#1501,#1506);
#1501 = CYLINDRICAL_SURFACE('',#1502,1.7);
#1502 = AXIS2_PLACEMENT_3D('',#1503,#1504,#1505);
#1503 = CARTESIAN_POINT('',(-62.,25.,5.));
#1504 = DIRECTION('',(-1.,-0.,-0.));
#1505 = DIRECTION('',(0.,1.,0.));
#1506 = DEFINITIONAL_REPRESENTATION('',(#1507),#1511);
#1507 = LINE('',#1508,#1509);
#1508 = CARTESIAN_POINT('',(-6.28318530718,-1.));
#1509 = VECTOR('',#1510,1.);
#1510 = DIRECTION('',(1.,-0.));
#1511 = ( GEOMETRIC_REPRESENTATION_CONTEXT(2) 
PARAMETRIC_REPRESENTATION_CONTEXT() REPRESENTATION_CONTEXT('2D SPACE',''
  ) );
#1512 = FACE_BOUND('',#1513,.F.);
#1513 = EDGE_LOOP('',(#1514,#1542,#1568,#1594));
#1514 = ORIENTED_EDGE('',*,*,#1515,.T.);
#1515 = EDGE_CURVE('',#1516,#1518,#1520,.T.);
#1516 = VERTEX_POINT('',#1517);
#1517 = CARTESIAN_POINT('',(-61.,81.3,143.65));
#1518 = VERTEX_POINT('',#1519);
#1519 = CARTESIAN_POINT('',(-61.,57.8,143.65));
#1520 = SURFACE_CURVE('',#1521,(#1525,#1531),.PCURVE_S1.);
#1521 = LINE('',#1522,#1523);
#1522 = CARTESIAN_POINT('',(-61.,64.198076923077,143.65));
#1523 = VECTOR('',#1524,1.);
#1524 = DIRECTION('',(0.,-1.,0.));
#1525 = PCURVE('',#101,#1526);
#1526 = DEFINITIONAL_REPRESENTATION('',(#1527),#1530);
#1527 = B_SPLINE_CURVE_WITH_KNOTS('',1,(#1528,#1529),.UNSPECIFIED.,.F.,
  .F.,(2,2),(-17.10192307692,6.398076923077),.PIECEWISE_BEZIER_KNOTS.);
#1528 = CARTESIAN_POINT('',(43.803846153846,-10.70384615384));
#1529 = CARTESIAN_POINT('',(43.803846153846,12.796153846154));
#1530 = ( GEOMETRIC_REPRESENTATION_CONTEXT(2) 
PARAMETRIC_REPRESENTATION_CONTEXT() REPRESENTATION_CONTEXT('2D SPACE',''
  ) );
#1531 = PCURVE('',#1532,#1537);
#1532 = PLANE('',#1533);
#1533 = AXIS2_PLACEMENT_3D('',#1534,#1535,#1536);
#1534 = CARTESIAN_POINT('',(-62.,57.8,143.65));
#1535 = DIRECTION('',(0.,0.,1.));
#1536 = DIRECTION('',(1.,0.,0.));
#1537 = DEFINITIONAL_REPRESENTATION('',(#1538),#1541);
#1538 = B_SPLINE_CURVE_WITH_KNOTS('',1,(#1539,#1540),.UNSPECIFIED.,.F.,
  .F.,(2,2),(-17.10192307692,6.398076923077),.PIECEWISE_BEZIER_KNOTS.);
#1539 = CARTESIAN_POINT('',(1.,23.5));
#1540 = CARTESIAN_POINT('',(1.,0.));
#1541 = ( GEOMETRIC_REPRESENTATION_CONTEXT(2) 
PARAMETRIC_REPRESENTATION_CONTEXT() REPRESENTATION_CONTEXT('2D SPACE',''
  ) );
#1542 = ORIENTED_EDGE('',*,*,#1543,.T.);
#1543 = EDGE_CURVE('',#1518,#1544,#1546,.T.);
#1544 = VERTEX_POINT('',#1545);
#1545 = CARTESIAN_POINT('',(-61.,57.8,161.85));
#1546 = SURFACE_CURVE('',#1547,(#1551,#1557),.PCURVE_S1.);
#1547 = LINE('',#1548,#1549);
#1548 = CARTESIAN_POINT('',(-61.,57.8,121.74807692307));
#1549 = VECTOR('',#1550,1.);
#1550 = DIRECTION('',(0.,0.,1.));
#1551 = PCURVE('',#101,#1552);
#1552 = DEFINITIONAL_REPRESENTATION('',(#1553),#1556);
#1553 = B_SPLINE_CURVE_WITH_KNOTS('',1,(#1554,#1555),.UNSPECIFIED.,.F.,
  .F.,(2,2),(21.901923076923,40.101923076923),.PIECEWISE_BEZIER_KNOTS.);
#1554 = CARTESIAN_POINT('',(43.803846153846,12.796153846154));
#1555 = CARTESIAN_POINT('',(62.003846153846,12.796153846154));
#1556 = ( GEOMETRIC_REPRESENTATION_CONTEXT(2) 
PARAMETRIC_REPRESENTATION_CONTEXT() REPRESENTATION_CONTEXT('2D SPACE',''
  ) );
#1557 = PCURVE('',#1558,#1563);
#1558 = PLANE('',#1559);
#1559 = AXIS2_PLACEMENT_3D('',#1560,#1561,#1562);
#1560 = CARTESIAN_POINT('',(-62.,57.8,143.65));
#1561 = DIRECTION('',(0.,1.,0.));
#1562 = DIRECTION('',(0.,0.,1.));
#1563 = DEFINITIONAL_REPRESENTATION('',(#1564),#1567);
#1564 = B_SPLINE_CURVE_WITH_KNOTS('',1,(#1565,#1566),.UNSPECIFIED.,.F.,
  .F.,(2,2),(21.901923076923,40.101923076923),.PIECEWISE_BEZIER_KNOTS.);
#1565 = CARTESIAN_POINT('',(0.,1.));
#1566 = CARTESIAN_POINT('',(18.2,1.));
#1567 = ( GEOMETRIC_REPRESENTATION_CONTEXT(2) 
PARAMETRIC_REPRESENTATION_CONTEXT() REPRESENTATION_CONTEXT('2D SPACE',''
  ) );
#1568 = ORIENTED_EDGE('',*,*,#1569,.F.);
#1569 = EDGE_CURVE('',#1570,#1544,#1572,.T.);
#1570 = VERTEX_POINT('',#1571);
#1571 = CARTESIAN_POINT('',(-61.,81.3,161.85));
#1572 = SURFACE_CURVE('',#1573,(#1577,#1583),.PCURVE_S1.);
#1573 = LINE('',#1574,#1575);
#1574 = CARTESIAN_POINT('',(-61.,64.198076923077,161.85));
#1575 = VECTOR('',#1576,1.);
#1576 = DIRECTION('',(0.,-1.,0.));
#1577 = PCURVE('',#101,#1578);
#1578 = DEFINITIONAL_REPRESENTATION('',(#1579),#1582);
#1579 = B_SPLINE_CURVE_WITH_KNOTS('',1,(#1580,#1581),.UNSPECIFIED.,.F.,
  .F.,(2,2),(-17.10192307692,6.398076923077),.PIECEWISE_BEZIER_KNOTS.);
#1580 = CARTESIAN_POINT('',(62.003846153846,-10.70384615384));
#1581 = CARTESIAN_POINT('',(62.003846153846,12.796153846154));
#1582 = ( GEOMETRIC_REPRESENTATION_CONTEXT(2) 
PARAMETRIC_REPRESENTATION_CONTEXT() REPRESENTATION_CONTEXT('2D SPACE',''
  ) );
#1583 = PCURVE('',#1584,#1589);
#1584 = PLANE('',#1585);
#1585 = AXIS2_PLACEMENT_3D('',#1586,#1587,#1588);
#1586 = CARTESIAN_POINT('',(-62.,57.8,161.85));
#1587 = DIRECTION('',(0.,0.,1.));
#1588 = DIRECTION('',(1.,0.,0.));
#1589 = DEFINITIONAL_REPRESENTATION('',(#1590),#1593);
#1590 = B_SPLINE_CURVE_WITH_KNOTS('',1,(#1591,#1592),.UNSPECIFIED.,.F.,
  .F.,(2,2),(-17.10192307692,6.398076923077),.PIECEWISE_BEZIER_KNOTS.);
#1591 = CARTESIAN_POINT('',(1.,23.5));
#1592 = CARTESIAN_POINT('',(1.,0.));
#1593 = ( GEOMETRIC_REPRESENTATION_CONTEXT(2) 
PARAMETRIC_REPRESENTATION_CONTEXT() REPRESENTATION_CONTEXT('2D SPACE',''
  ) );
#1594 = ORIENTED_EDGE('',*,*,#1595,.F.);
#1595 = EDGE_CURVE('',#1516,#1570,#1596,.T.);
#1596 = SURFACE_CURVE('',#1597,(#1601,#1607),.PCURVE_S1.);
#1597 = LINE('',#1598,#1599);
#1598 = CARTESIAN_POINT('',(-61.,81.3,121.74807692307));
#1599 = VECTOR('',#1600,1.);
#1600 = DIRECTION('',(0.,0.,1.));
#1601 = PCURVE('',#101,#1602);
#1602 = DEFINITIONAL_REPRESENTATION('',(#1603),#1606);
#1603 = B_SPLINE_CURVE_WITH_KNOTS('',1,(#1604,#1605),.UNSPECIFIED.,.F.,
  .F.,(2,2),(21.901923076923,40.101923076923),.PIECEWISE_BEZIER_KNOTS.);
#1604 = CARTESIAN_POINT('',(43.803846153846,-10.70384615384));
#1605 = CARTESIAN_POINT('',(62.003846153846,-10.70384615384));
#1606 = ( GEOMETRIC_REPRESENTATION_CONTEXT(2) 
PARAMETRIC_REPRESENTATION_CONTEXT() REPRESENTATION_CONTEXT('2D SPACE',''
  ) );
#1607 = PCURVE('',#1608,#1613);
#1608 = PLANE('',#1609);
#1609 = AXIS2_PLACEMENT_3D('',#1610,#1611,#1612);
#1610 = CARTESIAN_POINT('',(-62.,81.3,143.65));
#1611 = DIRECTION('',(0.,1.,0.));
#1612 = DIRECTION('',(0.,0.,1.));
#1613 = DEFINITIONAL_REPRESENTATION('',(#1614),#1617);
#1614 = B_SPLINE_CURVE_WITH_KNOTS('',1,(#1615,#1616),.UNSPECIFIED.,.F.,
  .F.,(2,2),(21.901923076923,40.101923076923),.PIECEWISE_BEZIER_KNOTS.);
#1615 = CARTESIAN_POINT('',(0.,1.));
#1616 = CARTESIAN_POINT('',(18.2,1.));
#1617 = ( GEOMETRIC_REPRESENTATION_CONTEXT(2) 
PARAMETRIC_REPRESENTATION_CONTEXT() REPRESENTATION_CONTEXT('2D SPACE',''
  ) );
#1618 = ADVANCED_FACE('',(#1619),#129,.F.);
#1619 = FACE_BOUND('',#1620,.F.);
#1620 = EDGE_LOOP('',(#1621,#1622,#1645,#1664));
#1621 = ORIENTED_EDGE('',*,*,#1422,.F.);
#1622 = ORIENTED_EDGE('',*,*,#1623,.T.);
#1623 = EDGE_CURVE('',#1395,#1624,#1626,.T.);
#1624 = VERTEX_POINT('',#1625);
#1625 = CARTESIAN_POINT('',(-58.5,0.,0.));
#1626 = SURFACE_CURVE('',#1627,(#1631,#1638),.PCURVE_S1.);
#1627 = LINE('',#1628,#1629);
#1628 = CARTESIAN_POINT('',(-61.,0.,0.));
#1629 = VECTOR('',#1630,1.);
#1630 = DIRECTION('',(1.,0.,0.));
#1631 = PCURVE('',#129,#1632);
#1632 = DEFINITIONAL_REPRESENTATION('',(#1633),#1637);
#1633 = LINE('',#1634,#1635);
#1634 = CARTESIAN_POINT('',(0.,0.));
#1635 = VECTOR('',#1636,1.);
#1636 = DIRECTION('',(0.,-1.));
#1637 = ( GEOMETRIC_REPRESENTATION_CONTEXT(2) 
PARAMETRIC_REPRESENTATION_CONTEXT() REPRESENTATION_CONTEXT('2D SPACE',''
  ) );
#1638 = PCURVE('',#1410,#1639);
#1639 = DEFINITIONAL_REPRESENTATION('',(#1640),#1644);
#1640 = LINE('',#1641,#1642);
#1641 = CARTESIAN_POINT('',(110.,0.));
#1642 = VECTOR('',#1643,1.);
#1643 = DIRECTION('',(0.,-1.));
#1644 = ( GEOMETRIC_REPRESENTATION_CONTEXT(2) 
PARAMETRIC_REPRESENTATION_CONTEXT() REPRESENTATION_CONTEXT('2D SPACE',''
  ) );
#1645 = ORIENTED_EDGE('',*,*,#1646,.T.);
#1646 = EDGE_CURVE('',#1624,#114,#1647,.T.);
#1647 = SURFACE_CURVE('',#1648,(#1652,#1658),.PCURVE_S1.);
#1648 = LINE('',#1649,#1650);
#1649 = CARTESIAN_POINT('',(-58.5,-8.5,0.));
#1650 = VECTOR('',#1651,1.);
#1651 = DIRECTION('',(0.,1.,0.));
#1652 = PCURVE('',#129,#1653);
#1653 = DEFINITIONAL_REPRESENTATION('',(#1654),#1657);
#1654 = B_SPLINE_CURVE_WITH_KNOTS('',1,(#1655,#1656),.UNSPECIFIED.,.F.,
  .F.,(2,2),(8.5,158.),.PIECEWISE_BEZIER_KNOTS.);
#1655 = CARTESIAN_POINT('',(0.,-2.5));
#1656 = CARTESIAN_POINT('',(149.5,-2.5));
#1657 = ( GEOMETRIC_REPRESENTATION_CONTEXT(2) 
PARAMETRIC_REPRESENTATION_CONTEXT() REPRESENTATION_CONTEXT('2D SPACE',''
  ) );
#1658 = PCURVE('',#157,#1659);
#1659 = DEFINITIONAL_REPRESENTATION('',(#1660),#1663);
#1660 = B_SPLINE_CURVE_WITH_KNOTS('',1,(#1661,#1662),.UNSPECIFIED.,.F.,
  .F.,(2,2),(8.5,158.),.PIECEWISE_BEZIER_KNOTS.);
#1661 = CARTESIAN_POINT('',(1.,-17.));
#1662 = CARTESIAN_POINT('',(1.,-166.5));
#1663 = ( GEOMETRIC_REPRESENTATION_CONTEXT(2) 
PARAMETRIC_REPRESENTATION_CONTEXT() REPRESENTATION_CONTEXT('2D SPACE',''
  ) );
#1664 = ORIENTED_EDGE('',*,*,#113,.F.);
#1665 = ADVANCED_FACE('',(#1666,#1712,#1742),#157,.T.);
#1666 = FACE_BOUND('',#1667,.T.);
#1667 = EDGE_LOOP('',(#1668,#1691,#1710,#1711));
#1668 = ORIENTED_EDGE('',*,*,#1669,.F.);
#1669 = EDGE_CURVE('',#1670,#142,#1672,.T.);
#1670 = VERTEX_POINT('',#1671);
#1671 = CARTESIAN_POINT('',(-58.5,0.,110.));
#1672 = SURFACE_CURVE('',#1673,(#1677,#1684),.PCURVE_S1.);
#1673 = LINE('',#1674,#1675);
#1674 = CARTESIAN_POINT('',(-58.5,-17.,110.));
#1675 = VECTOR('',#1676,1.);
#1676 = DIRECTION('',(0.,1.,0.));
#1677 = PCURVE('',#157,#1678);
#1678 = DEFINITIONAL_REPRESENTATION('',(#1679),#1683);
#1679 = LINE('',#1680,#1681);
#1680 = CARTESIAN_POINT('',(111.,0.));
#1681 = VECTOR('',#1682,1.);
#1682 = DIRECTION('',(0.,-1.));
#1683 = ( GEOMETRIC_REPRESENTATION_CONTEXT(2) 
PARAMETRIC_REPRESENTATION_CONTEXT() REPRESENTATION_CONTEXT('2D SPACE',''
  ) );
#1684 = PCURVE('',#184,#1685);
#1685 = DEFINITIONAL_REPRESENTATION('',(#1686),#1690);
#1686 = LINE('',#1687,#1688);
#1687 = CARTESIAN_POINT('',(0.,0.));
#1688 = VECTOR('',#1689,1.);
#1689 = DIRECTION('',(0.,1.));
#1690 = ( GEOMETRIC_REPRESENTATION_CONTEXT(2) 
PARAMETRIC_REPRESENTATION_CONTEXT() REPRESENTATION_CONTEXT('2D SPACE',''
  ) );
#1691 = ORIENTED_EDGE('',*,*,#1692,.T.);
#1692 = EDGE_CURVE('',#1670,#1624,#1693,.T.);
#1693 = SURFACE_CURVE('',#1694,(#1698,#1704),.PCURVE_S1.);
#1694 = LINE('',#1695,#1696);
#1695 = CARTESIAN_POINT('',(-58.5,0.,54.5));
#1696 = VECTOR('',#1697,1.);
#1697 = DIRECTION('',(0.,0.,-1.));
#1698 = PCURVE('',#157,#1699);
#1699 = DEFINITIONAL_REPRESENTATION('',(#1700),#1703);
#1700 = B_SPLINE_CURVE_WITH_KNOTS('',1,(#1701,#1702),.UNSPECIFIED.,.F.,
  .F.,(2,2),(-55.5,54.5),.PIECEWISE_BEZIER_KNOTS.);
#1701 = CARTESIAN_POINT('',(111.,-17.));
#1702 = CARTESIAN_POINT('',(1.,-17.));
#1703 = ( GEOMETRIC_REPRESENTATION_CONTEXT(2) 
PARAMETRIC_REPRESENTATION_CONTEXT() REPRESENTATION_CONTEXT('2D SPACE',''
  ) );
#1704 = PCURVE('',#1410,#1705);
#1705 = DEFINITIONAL_REPRESENTATION('',(#1706),#1709);
#1706 = B_SPLINE_CURVE_WITH_KNOTS('',1,(#1707,#1708),.UNSPECIFIED.,.F.,
  .F.,(2,2),(-55.5,54.5),.PIECEWISE_BEZIER_KNOTS.);
#1707 = CARTESIAN_POINT('',(0.,-2.5));
#1708 = CARTESIAN_POINT('',(110.,-2.5));
#1709 = ( GEOMETRIC_REPRESENTATION_CONTEXT(2) 
PARAMETRIC_REPRESENTATION_CONTEXT() REPRESENTATION_CONTEXT('2D SPACE',''
  ) );
#1710 = ORIENTED_EDGE('',*,*,#1646,.T.);
#1711 = ORIENTED_EDGE('',*,*,#141,.T.);
#1712 = FACE_BOUND('',#1713,.T.);
#1713 = EDGE_LOOP('',(#1714));
#1714 = ORIENTED_EDGE('',*,*,#1715,.T.);
#1715 = EDGE_CURVE('',#1716,#1716,#1718,.T.);
#1716 = VERTEX_POINT('',#1717);
#1717 = CARTESIAN_POINT('',(-58.5,121.2,5.));
#1718 = SURFACE_CURVE('',#1719,(#1724,#1735),.PCURVE_S1.);
#1719 = CIRCLE('',#1720,1.7);
#1720 = AXIS2_PLACEMENT_3D('',#1721,#1722,#1723);
#1721 = CARTESIAN_POINT('',(-58.5,119.5,5.));
#1722 = DIRECTION('',(-1.,0.,0.));
#1723 = DIRECTION('',(0.,1.,0.));
#1724 = PCURVE('',#157,#1725);
#1725 = DEFINITIONAL_REPRESENTATION('',(#1726),#1734);
#1726 = ( BOUNDED_CURVE() B_SPLINE_CURVE(2,(#1727,#1728,#1729,#1730,
#1731,#1732,#1733),.UNSPECIFIED.,.T.,.F.) B_SPLINE_CURVE_WITH_KNOTS((1,2
    ,2,2,2,1),(-2.094395102393,0.,2.094395102393,4.188790204786,
6.28318530718,8.377580409573),.UNSPECIFIED.) CURVE() 
GEOMETRIC_REPRESENTATION_ITEM() RATIONAL_B_SPLINE_CURVE((1.,0.5,1.,0.5,
1.,0.5,1.)) REPRESENTATION_ITEM('') );
#1727 = CARTESIAN_POINT('',(6.,-138.2));
#1728 = CARTESIAN_POINT('',(3.055513627133,-138.2));
#1729 = CARTESIAN_POINT('',(4.527756813566,-135.65));
#1730 = CARTESIAN_POINT('',(6.,-133.1));
#1731 = CARTESIAN_POINT('',(7.472243186434,-135.65));
#1732 = CARTESIAN_POINT('',(8.944486372867,-138.2));
#1733 = CARTESIAN_POINT('',(6.,-138.2));
#1734 = ( GEOMETRIC_REPRESENTATION_CONTEXT(2) 
PARAMETRIC_REPRESENTATION_CONTEXT() REPRESENTATION_CONTEXT('2D SPACE',''
  ) );
#1735 = PCURVE('',#1466,#1736);
#1736 = DEFINITIONAL_REPRESENTATION('',(#1737),#1741);
#1737 = LINE('',#1738,#1739);
#1738 = CARTESIAN_POINT('',(-6.28318530718,-3.5));
#1739 = VECTOR('',#1740,1.);
#1740 = DIRECTION('',(1.,-0.));
#1741 = ( GEOMETRIC_REPRESENTATION_CONTEXT(2) 
PARAMETRIC_REPRESENTATION_CONTEXT() REPRESENTATION_CONTEXT('2D SPACE',''
  ) );
#1742 = FACE_BOUND('',#1743,.T.);
#1743 = EDGE_LOOP('',(#1744));
#1744 = ORIENTED_EDGE('',*,*,#1745,.T.);
#1745 = EDGE_CURVE('',#1746,#1746,#1748,.T.);
#1746 = VERTEX_POINT('',#1747);
#1747 = CARTESIAN_POINT('',(-58.5,26.7,5.));
#1748 = SURFACE_CURVE('',#1749,(#1754,#1765),.PCURVE_S1.);
#1749 = CIRCLE('',#1750,1.7);
#1750 = AXIS2_PLACEMENT_3D('',#1751,#1752,#1753);
#1751 = CARTESIAN_POINT('',(-58.5,25.,5.));
#1752 = DIRECTION('',(-1.,0.,0.));
#1753 = DIRECTION('',(0.,1.,0.));
#1754 = PCURVE('',#157,#1755);
#1755 = DEFINITIONAL_REPRESENTATION('',(#1756),#1764);
#1756 = ( BOUNDED_CURVE() B_SPLINE_CURVE(2,(#1757,#1758,#1759,#1760,
#1761,#1762,#1763),.UNSPECIFIED.,.T.,.F.) B_SPLINE_CURVE_WITH_KNOTS((1,2
    ,2,2,2,1),(-2.094395102393,0.,2.094395102393,4.188790204786,
6.28318530718,8.377580409573),.UNSPECIFIED.) CURVE() 
GEOMETRIC_REPRESENTATION_ITEM() RATIONAL_B_SPLINE_CURVE((1.,0.5,1.,0.5,
1.,0.5,1.)) REPRESENTATION_ITEM('') );
#1757 = CARTESIAN_POINT('',(6.,-43.7));
#1758 = CARTESIAN_POINT('',(3.055513627133,-43.7));
#1759 = CARTESIAN_POINT('',(4.527756813566,-41.15));
#1760 = CARTESIAN_POINT('',(6.,-38.6));
#1761 = CARTESIAN_POINT('',(7.472243186434,-41.15));
#1762 = CARTESIAN_POINT('',(8.944486372867,-43.7));
#1763 = CARTESIAN_POINT('',(6.,-43.7));
#1764 = ( GEOMETRIC_REPRESENTATION_CONTEXT(2) 
PARAMETRIC_REPRESENTATION_CONTEXT() REPRESENTATION_CONTEXT('2D SPACE',''
  ) );
#1765 = PCURVE('',#1501,#1766);
#1766 = DEFINITIONAL_REPRESENTATION('',(#1767),#1771);
#1767 = LINE('',#1768,#1769);
#1768 = CARTESIAN_POINT('',(-6.28318530718,-3.5));
#1769 = VECTOR('',#1770,1.);
#1770 = DIRECTION('',(1.,-0.));
#1771 = ( GEOMETRIC_REPRESENTATION_CONTEXT(2) 
PARAMETRIC_REPRESENTATION_CONTEXT() REPRESENTATION_CONTEXT('2D SPACE',''
  ) );
#1772 = ADVANCED_FACE('',(#1773,#1988,#2023,#2058,#2093,#2128,#2234,
    #2269,#2375,#2410,#2445),#184,.F.);
#1773 = FACE_BOUND('',#1774,.F.);
#1774 = EDGE_LOOP('',(#1775,#1776,#1798,#1821,#1854,#1882,#1911,#1939,
    #1966,#1987));
#1775 = ORIENTED_EDGE('',*,*,#1669,.F.);
#1776 = ORIENTED_EDGE('',*,*,#1777,.T.);
#1777 = EDGE_CURVE('',#1670,#1778,#1780,.T.);
#1778 = VERTEX_POINT('',#1779);
#1779 = CARTESIAN_POINT('',(-58.,0.,110.));
#1780 = SURFACE_CURVE('',#1781,(#1785,#1792),.PCURVE_S1.);
#1781 = LINE('',#1782,#1783);
#1782 = CARTESIAN_POINT('',(-59.75,0.,110.));
#1783 = VECTOR('',#1784,1.);
#1784 = DIRECTION('',(1.,0.,-0.));
#1785 = PCURVE('',#184,#1786);
#1786 = DEFINITIONAL_REPRESENTATION('',(#1787),#1791);
#1787 = LINE('',#1788,#1789);
#1788 = CARTESIAN_POINT('',(-1.25,17.));
#1789 = VECTOR('',#1790,1.);
#1790 = DIRECTION('',(1.,0.));
#1791 = ( GEOMETRIC_REPRESENTATION_CONTEXT(2) 
PARAMETRIC_REPRESENTATION_CONTEXT() REPRESENTATION_CONTEXT('2D SPACE',''
  ) );
#1792 = PCURVE('',#1410,#1793);
#1793 = DEFINITIONAL_REPRESENTATION('',(#1794),#1797);
#1794 = B_SPLINE_CURVE_WITH_KNOTS('',1,(#1795,#1796),.UNSPECIFIED.,.F.,
  .F.,(2,2),(1.25,118.25),.PIECEWISE_BEZIER_KNOTS.);
#1795 = CARTESIAN_POINT('',(0.,-2.5));
#1796 = CARTESIAN_POINT('',(0.,-119.5));
#1797 = ( GEOMETRIC_REPRESENTATION_CONTEXT(2) 
PARAMETRIC_REPRESENTATION_CONTEXT() REPRESENTATION_CONTEXT('2D SPACE',''
  ) );
#1798 = ORIENTED_EDGE('',*,*,#1799,.F.);
#1799 = EDGE_CURVE('',#1800,#1778,#1802,.T.);
#1800 = VERTEX_POINT('',#1801);
#1801 = CARTESIAN_POINT('',(-58.,-6.,110.));
#1802 = SURFACE_CURVE('',#1803,(#1807,#1814),.PCURVE_S1.);
#1803 = LINE('',#1804,#1805);
#1804 = CARTESIAN_POINT('',(-58.,-12.,110.));
#1805 = VECTOR('',#1806,1.);
#1806 = DIRECTION('',(0.,1.,0.));
#1807 = PCURVE('',#184,#1808);
#1808 = DEFINITIONAL_REPRESENTATION('',(#1809),#1813);
#1809 = LINE('',#1810,#1811);
#1810 = CARTESIAN_POINT('',(0.5,5.));
#1811 = VECTOR('',#1812,1.);
#1812 = DIRECTION('',(0.,1.));
#1813 = ( GEOMETRIC_REPRESENTATION_CONTEXT(2) 
PARAMETRIC_REPRESENTATION_CONTEXT() REPRESENTATION_CONTEXT('2D SPACE',''
  ) );
#1814 = PCURVE('',#1382,#1815);
#1815 = DEFINITIONAL_REPRESENTATION('',(#1816),#1820);
#1816 = LINE('',#1817,#1818);
#1817 = CARTESIAN_POINT('',(0.,0.));
#1818 = VECTOR('',#1819,1.);
#1819 = DIRECTION('',(0.,1.));
#1820 = ( GEOMETRIC_REPRESENTATION_CONTEXT(2) 
PARAMETRIC_REPRESENTATION_CONTEXT() REPRESENTATION_CONTEXT('2D SPACE',''
  ) );
#1821 = ORIENTED_EDGE('',*,*,#1822,.F.);
#1822 = EDGE_CURVE('',#1823,#1800,#1825,.T.);
#1823 = VERTEX_POINT('',#1824);
#1824 = CARTESIAN_POINT('',(-55.,-9.,110.));
#1825 = SURFACE_CURVE('',#1826,(#1831,#1842),.PCURVE_S1.);
#1826 = CIRCLE('',#1827,3.);
#1827 = AXIS2_PLACEMENT_3D('',#1828,#1829,#1830);
#1828 = CARTESIAN_POINT('',(-55.,-6.,110.));
#1829 = DIRECTION('',(-0.,0.,-1.));
#1830 = DIRECTION('',(-0.,-1.,0.));
#1831 = PCURVE('',#184,#1832);
#1832 = DEFINITIONAL_REPRESENTATION('',(#1833),#1841);
#1833 = ( BOUNDED_CURVE() B_SPLINE_CURVE(2,(#1834,#1835,#1836,#1837,
#1838,#1839,#1840),.UNSPECIFIED.,.T.,.F.) B_SPLINE_CURVE_WITH_KNOTS((1,2
    ,2,2,2,1),(-2.094395102393,0.,2.094395102393,4.188790204786,
6.28318530718,8.377580409573),.UNSPECIFIED.) CURVE() 
GEOMETRIC_REPRESENTATION_ITEM() RATIONAL_B_SPLINE_CURVE((1.,0.5,1.,0.5,
1.,0.5,1.)) REPRESENTATION_ITEM('') );
#1834 = CARTESIAN_POINT('',(3.5,8.));
#1835 = CARTESIAN_POINT('',(-1.696152422707,8.));
#1836 = CARTESIAN_POINT('',(0.901923788647,12.5));
#1837 = CARTESIAN_POINT('',(3.5,17.));
#1838 = CARTESIAN_POINT('',(6.098076211353,12.5));
#1839 = CARTESIAN_POINT('',(8.696152422707,8.));
#1840 = CARTESIAN_POINT('',(3.5,8.));
#1841 = ( GEOMETRIC_REPRESENTATION_CONTEXT(2) 
PARAMETRIC_REPRESENTATION_CONTEXT() REPRESENTATION_CONTEXT('2D SPACE',''
  ) );
#1842 = PCURVE('',#1843,#1848);
#1843 = TOROIDAL_SURFACE('',#1844,3.,3.);
#1844 = AXIS2_PLACEMENT_3D('',#1845,#1846,#1847);
#1845 = CARTESIAN_POINT('',(-55.,-6.,113.));
#1846 = DIRECTION('',(0.,-0.,1.));
#1847 = DIRECTION('',(-0.,-1.,0.));
#1848 = DEFINITIONAL_REPRESENTATION('',(#1849),#1853);
#1849 = LINE('',#1850,#1851);
#1850 = CARTESIAN_POINT('',(-0.,4.712388980385));
#1851 = VECTOR('',#1852,1.);
#1852 = DIRECTION('',(-1.,0.));
#1853 = ( GEOMETRIC_REPRESENTATION_CONTEXT(2) 
PARAMETRIC_REPRESENTATION_CONTEXT() REPRESENTATION_CONTEXT('2D SPACE',''
  ) );
#1854 = ORIENTED_EDGE('',*,*,#1855,.T.);
#1855 = EDGE_CURVE('',#1823,#1856,#1858,.T.);
#1856 = VERTEX_POINT('',#1857);
#1857 = CARTESIAN_POINT('',(55.,-9.,110.));
#1858 = SURFACE_CURVE('',#1859,(#1863,#1870),.PCURVE_S1.);
#1859 = LINE('',#1860,#1861);
#1860 = CARTESIAN_POINT('',(-61.,-9.,110.));
#1861 = VECTOR('',#1862,1.);
#1862 = DIRECTION('',(1.,0.,0.));
#1863 = PCURVE('',#184,#1864);
#1864 = DEFINITIONAL_REPRESENTATION('',(#1865),#1869);
#1865 = LINE('',#1866,#1867);
#1866 = CARTESIAN_POINT('',(-2.5,8.));
#1867 = VECTOR('',#1868,1.);
#1868 = DIRECTION('',(1.,0.));
#1869 = ( GEOMETRIC_REPRESENTATION_CONTEXT(2) 
PARAMETRIC_REPRESENTATION_CONTEXT() REPRESENTATION_CONTEXT('2D SPACE',''
  ) );
#1870 = PCURVE('',#1871,#1876);
#1871 = CYLINDRICAL_SURFACE('',#1872,3.);
#1872 = AXIS2_PLACEMENT_3D('',#1873,#1874,#1875);
#1873 = CARTESIAN_POINT('',(-61.,-9.,113.));
#1874 = DIRECTION('',(1.,0.,0.));
#1875 = DIRECTION('',(0.,-1.,0.));
#1876 = DEFINITIONAL_REPRESENTATION('',(#1877),#1881);
#1877 = LINE('',#1878,#1879);
#1878 = CARTESIAN_POINT('',(1.570796326795,0.));
#1879 = VECTOR('',#1880,1.);
#1880 = DIRECTION('',(0.,1.));
#1881 = ( GEOMETRIC_REPRESENTATION_CONTEXT(2) 
PARAMETRIC_REPRESENTATION_CONTEXT() REPRESENTATION_CONTEXT('2D SPACE',''
  ) );
#1882 = ORIENTED_EDGE('',*,*,#1883,.T.);
#1883 = EDGE_CURVE('',#1856,#1884,#1886,.T.);
#1884 = VERTEX_POINT('',#1885);
#1885 = CARTESIAN_POINT('',(58.,-6.,110.));
#1886 = SURFACE_CURVE('',#1887,(#1892,#1899),.PCURVE_S1.);
#1887 = CIRCLE('',#1888,3.);
#1888 = AXIS2_PLACEMENT_3D('',#1889,#1890,#1891);
#1889 = CARTESIAN_POINT('',(55.,-6.,110.));
#1890 = DIRECTION('',(0.,0.,1.));
#1891 = DIRECTION('',(-0.,-1.,0.));
#1892 = PCURVE('',#184,#1893);
#1893 = DEFINITIONAL_REPRESENTATION('',(#1894),#1898);
#1894 = CIRCLE('',#1895,3.);
#1895 = AXIS2_PLACEMENT_2D('',#1896,#1897);
#1896 = CARTESIAN_POINT('',(113.5,11.));
#1897 = DIRECTION('',(0.,-1.));
#1898 = ( GEOMETRIC_REPRESENTATION_CONTEXT(2) 
PARAMETRIC_REPRESENTATION_CONTEXT() REPRESENTATION_CONTEXT('2D SPACE',''
  ) );
#1899 = PCURVE('',#1900,#1905);
#1900 = TOROIDAL_SURFACE('',#1901,3.,3.);
#1901 = AXIS2_PLACEMENT_3D('',#1902,#1903,#1904);
#1902 = CARTESIAN_POINT('',(55.,-6.,113.));
#1903 = DIRECTION('',(0.,-0.,1.));
#1904 = DIRECTION('',(-0.,-1.,0.));
#1905 = DEFINITIONAL_REPRESENTATION('',(#1906),#1910);
#1906 = LINE('',#1907,#1908);
#1907 = CARTESIAN_POINT('',(0.,4.712388980385));
#1908 = VECTOR('',#1909,1.);
#1909 = DIRECTION('',(1.,0.));
#1910 = ( GEOMETRIC_REPRESENTATION_CONTEXT(2) 
PARAMETRIC_REPRESENTATION_CONTEXT() REPRESENTATION_CONTEXT('2D SPACE',''
  ) );
#1911 = ORIENTED_EDGE('',*,*,#1912,.T.);
#1912 = EDGE_CURVE('',#1884,#1913,#1915,.T.);
#1913 = VERTEX_POINT('',#1914);
#1914 = CARTESIAN_POINT('',(58.,0.,110.));
#1915 = SURFACE_CURVE('',#1916,(#1920,#1927),.PCURVE_S1.);
#1916 = LINE('',#1917,#1918);
#1917 = CARTESIAN_POINT('',(58.,-12.,110.));
#1918 = VECTOR('',#1919,1.);
#1919 = DIRECTION('',(0.,1.,0.));
#1920 = PCURVE('',#184,#1921);
#1921 = DEFINITIONAL_REPRESENTATION('',(#1922),#1926);
#1922 = LINE('',#1923,#1924);
#1923 = CARTESIAN_POINT('',(116.5,5.));
#1924 = VECTOR('',#1925,1.);
#1925 = DIRECTION('',(0.,1.));
#1926 = ( GEOMETRIC_REPRESENTATION_CONTEXT(2) 
PARAMETRIC_REPRESENTATION_CONTEXT() REPRESENTATION_CONTEXT('2D SPACE',''
  ) );
#1927 = PCURVE('',#1928,#1933);
#1928 = CYLINDRICAL_SURFACE('',#1929,3.);
#1929 = AXIS2_PLACEMENT_3D('',#1930,#1931,#1932);
#1930 = CARTESIAN_POINT('',(58.,-12.,113.));
#1931 = DIRECTION('',(0.,1.,0.));
#1932 = DIRECTION('',(-0.,0.,-1.));
#1933 = DEFINITIONAL_REPRESENTATION('',(#1934),#1938);
#1934 = LINE('',#1935,#1936);
#1935 = CARTESIAN_POINT('',(-0.,0.));
#1936 = VECTOR('',#1937,1.);
#1937 = DIRECTION('',(-0.,1.));
#1938 = ( GEOMETRIC_REPRESENTATION_CONTEXT(2) 
PARAMETRIC_REPRESENTATION_CONTEXT() REPRESENTATION_CONTEXT('2D SPACE',''
  ) );
#1939 = ORIENTED_EDGE('',*,*,#1940,.T.);
#1940 = EDGE_CURVE('',#1913,#1941,#1943,.T.);
#1941 = VERTEX_POINT('',#1942);
#1942 = CARTESIAN_POINT('',(58.5,0.,110.));
#1943 = SURFACE_CURVE('',#1944,(#1948,#1955),.PCURVE_S1.);
#1944 = LINE('',#1945,#1946);
#1945 = CARTESIAN_POINT('',(-59.75,0.,110.));
#1946 = VECTOR('',#1947,1.);
#1947 = DIRECTION('',(1.,0.,-0.));
#1948 = PCURVE('',#184,#1949);
#1949 = DEFINITIONAL_REPRESENTATION('',(#1950),#1954);
#1950 = LINE('',#1951,#1952);
#1951 = CARTESIAN_POINT('',(-1.25,17.));
#1952 = VECTOR('',#1953,1.);
#1953 = DIRECTION('',(1.,0.));
#1954 = ( GEOMETRIC_REPRESENTATION_CONTEXT(2) 
PARAMETRIC_REPRESENTATION_CONTEXT() REPRESENTATION_CONTEXT('2D SPACE',''
  ) );
#1955 = PCURVE('',#1956,#1961);
#1956 = PLANE('',#1957);
#1957 = AXIS2_PLACEMENT_3D('',#1958,#1959,#1960);
#1958 = CARTESIAN_POINT('',(-61.,0.,110.));
#1959 = DIRECTION('',(-0.,1.,0.));
#1960 = DIRECTION('',(0.,0.,-1.));
#1961 = DEFINITIONAL_REPRESENTATION('',(#1962),#1965);
#1962 = B_SPLINE_CURVE_WITH_KNOTS('',1,(#1963,#1964),.UNSPECIFIED.,.F.,
  .F.,(2,2),(1.25,118.25),.PIECEWISE_BEZIER_KNOTS.);
#1963 = CARTESIAN_POINT('',(0.,-2.5));
#1964 = CARTESIAN_POINT('',(0.,-119.5));
#1965 = ( GEOMETRIC_REPRESENTATION_CONTEXT(2) 
PARAMETRIC_REPRESENTATION_CONTEXT() REPRESENTATION_CONTEXT('2D SPACE',''
  ) );
#1966 = ORIENTED_EDGE('',*,*,#1967,.T.);
#1967 = EDGE_CURVE('',#1941,#169,#1968,.T.);
#1968 = SURFACE_CURVE('',#1969,(#1973,#1980),.PCURVE_S1.);
#1969 = LINE('',#1970,#1971);
#1970 = CARTESIAN_POINT('',(58.5,-17.,110.));
#1971 = VECTOR('',#1972,1.);
#1972 = DIRECTION('',(0.,1.,0.));
#1973 = PCURVE('',#184,#1974);
#1974 = DEFINITIONAL_REPRESENTATION('',(#1975),#1979);
#1975 = LINE('',#1976,#1977);
#1976 = CARTESIAN_POINT('',(117.,0.));
#1977 = VECTOR('',#1978,1.);
#1978 = DIRECTION('',(0.,1.));
#1979 = ( GEOMETRIC_REPRESENTATION_CONTEXT(2) 
PARAMETRIC_REPRESENTATION_CONTEXT() REPRESENTATION_CONTEXT('2D SPACE',''
  ) );
#1980 = PCURVE('',#212,#1981);
#1981 = DEFINITIONAL_REPRESENTATION('',(#1982),#1986);
#1982 = LINE('',#1983,#1984);
#1983 = CARTESIAN_POINT('',(111.,0.));
#1984 = VECTOR('',#1985,1.);
#1985 = DIRECTION('',(0.,-1.));
#1986 = ( GEOMETRIC_REPRESENTATION_CONTEXT(2) 
PARAMETRIC_REPRESENTATION_CONTEXT() REPRESENTATION_CONTEXT('2D SPACE',''
  ) );
#1987 = ORIENTED_EDGE('',*,*,#168,.T.);
#1988 = FACE_BOUND('',#1989,.F.);
#1989 = EDGE_LOOP('',(#1990));
#1990 = ORIENTED_EDGE('',*,*,#1991,.T.);
#1991 = EDGE_CURVE('',#1992,#1992,#1994,.T.);
#1992 = VERTEX_POINT('',#1993);
#1993 = CARTESIAN_POINT('',(-16.3,46.,110.));
#1994 = SURFACE_CURVE('',#1995,(#2000,#2011),.PCURVE_S1.);
#1995 = CIRCLE('',#1996,1.7);
#1996 = AXIS2_PLACEMENT_3D('',#1997,#1998,#1999);
#1997 = CARTESIAN_POINT('',(-18.,46.,110.));
#1998 = DIRECTION('',(0.,0.,-1.));
#1999 = DIRECTION('',(1.,0.,0.));
#2000 = PCURVE('',#184,#2001);
#2001 = DEFINITIONAL_REPRESENTATION('',(#2002),#2010);
#2002 = ( BOUNDED_CURVE() B_SPLINE_CURVE(2,(#2003,#2004,#2005,#2006,
#2007,#2008,#2009),.UNSPECIFIED.,.T.,.F.) B_SPLINE_CURVE_WITH_KNOTS((1,2
    ,2,2,2,1),(-2.094395102393,0.,2.094395102393,4.188790204786,
6.28318530718,8.377580409573),.UNSPECIFIED.) CURVE() 
GEOMETRIC_REPRESENTATION_ITEM() RATIONAL_B_SPLINE_CURVE((1.,0.5,1.,0.5,
1.,0.5,1.)) REPRESENTATION_ITEM('') );
#2003 = CARTESIAN_POINT('',(42.2,63.));
#2004 = CARTESIAN_POINT('',(42.2,60.055513627133));
#2005 = CARTESIAN_POINT('',(39.65,61.527756813566));
#2006 = CARTESIAN_POINT('',(37.1,63.));
#2007 = CARTESIAN_POINT('',(39.65,64.472243186434));
#2008 = CARTESIAN_POINT('',(42.2,65.944486372867));
#2009 = CARTESIAN_POINT('',(42.2,63.));
#2010 = ( GEOMETRIC_REPRESENTATION_CONTEXT(2) 
PARAMETRIC_REPRESENTATION_CONTEXT() REPRESENTATION_CONTEXT('2D SPACE',''
  ) );
#2011 = PCURVE('',#2012,#2017);
#2012 = CYLINDRICAL_SURFACE('',#2013,1.7);
#2013 = AXIS2_PLACEMENT_3D('',#2014,#2015,#2016);
#2014 = CARTESIAN_POINT('',(-18.,46.,109.));
#2015 = DIRECTION('',(-0.,-0.,-1.));
#2016 = DIRECTION('',(1.,0.,0.));
#2017 = DEFINITIONAL_REPRESENTATION('',(#2018),#2022);
#2018 = LINE('',#2019,#2020);
#2019 = CARTESIAN_POINT('',(-6.28318530718,-1.));
#2020 = VECTOR('',#2021,1.);
#2021 = DIRECTION('',(1.,-0.));
#2022 = ( GEOMETRIC_REPRESENTATION_CONTEXT(2) 
PARAMETRIC_REPRESENTATION_CONTEXT() REPRESENTATION_CONTEXT('2D SPACE',''
  ) );
#2023 = FACE_BOUND('',#2024,.F.);
#2024 = EDGE_LOOP('',(#2025));
#2025 = ORIENTED_EDGE('',*,*,#2026,.T.);
#2026 = EDGE_CURVE('',#2027,#2027,#2029,.T.);
#2027 = VERTEX_POINT('',#2028);
#2028 = CARTESIAN_POINT('',(40.8,1.,110.));
#2029 = SURFACE_CURVE('',#2030,(#2035,#2046),.PCURVE_S1.);
#2030 = CIRCLE('',#2031,2.8);
#2031 = AXIS2_PLACEMENT_3D('',#2032,#2033,#2034);
#2032 = CARTESIAN_POINT('',(38.,1.,110.));
#2033 = DIRECTION('',(0.,0.,-1.));
#2034 = DIRECTION('',(1.,0.,0.));
#2035 = PCURVE('',#184,#2036);
#2036 = DEFINITIONAL_REPRESENTATION('',(#2037),#2045);
#2037 = ( BOUNDED_CURVE() B_SPLINE_CURVE(2,(#2038,#2039,#2040,#2041,
#2042,#2043,#2044),.UNSPECIFIED.,.T.,.F.) B_SPLINE_CURVE_WITH_KNOTS((1,2
    ,2,2,2,1),(-2.094395102393,0.,2.094395102393,4.188790204786,
6.28318530718,8.377580409573),.UNSPECIFIED.) CURVE() 
GEOMETRIC_REPRESENTATION_ITEM() RATIONAL_B_SPLINE_CURVE((1.,0.5,1.,0.5,
1.,0.5,1.)) REPRESENTATION_ITEM('') );
#2038 = CARTESIAN_POINT('',(99.3,18.));
#2039 = CARTESIAN_POINT('',(99.3,13.150257738807));
#2040 = CARTESIAN_POINT('',(95.1,15.575128869404));
#2041 = CARTESIAN_POINT('',(90.9,18.));
#2042 = CARTESIAN_POINT('',(95.1,20.424871130596));
#2043 = CARTESIAN_POINT('',(99.3,22.849742261193));
#2044 = CARTESIAN_POINT('',(99.3,18.));
#2045 = ( GEOMETRIC_REPRESENTATION_CONTEXT(2) 
PARAMETRIC_REPRESENTATION_CONTEXT() REPRESENTATION_CONTEXT('2D SPACE',''
  ) );
#2046 = PCURVE('',#2047,#2052);
#2047 = CYLINDRICAL_SURFACE('',#2048,2.8);
#2048 = AXIS2_PLACEMENT_3D('',#2049,#2050,#2051);
#2049 = CARTESIAN_POINT('',(38.,1.,109.));
#2050 = DIRECTION('',(-0.,-0.,-1.));
#2051 = DIRECTION('',(1.,0.,0.));
#2052 = DEFINITIONAL_REPRESENTATION('',(#2053),#2057);
#2053 = LINE('',#2054,#2055);
#2054 = CARTESIAN_POINT('',(-6.28318530718,-1.));
#2055 = VECTOR('',#2056,1.);
#2056 = DIRECTION('',(1.,-0.));
#2057 = ( GEOMETRIC_REPRESENTATION_CONTEXT(2) 
PARAMETRIC_REPRESENTATION_CONTEXT() REPRESENTATION_CONTEXT('2D SPACE',''
  ) );
#2058 = FACE_BOUND('',#2059,.F.);
#2059 = EDGE_LOOP('',(#2060));
#2060 = ORIENTED_EDGE('',*,*,#2061,.T.);
#2061 = EDGE_CURVE('',#2062,#2062,#2064,.T.);
#2062 = VERTEX_POINT('',#2063);
#2063 = CARTESIAN_POINT('',(40.8,7.8,110.));
#2064 = SURFACE_CURVE('',#2065,(#2070,#2081),.PCURVE_S1.);
#2065 = CIRCLE('',#2066,2.8);
#2066 = AXIS2_PLACEMENT_3D('',#2067,#2068,#2069);
#2067 = CARTESIAN_POINT('',(38.,7.8,110.));
#2068 = DIRECTION('',(0.,0.,-1.));
#2069 = DIRECTION('',(1.,0.,0.));
#2070 = PCURVE('',#184,#2071);
#2071 = DEFINITIONAL_REPRESENTATION('',(#2072),#2080);
#2072 = ( BOUNDED_CURVE() B_SPLINE_CURVE(2,(#2073,#2074,#2075,#2076,
#2077,#2078,#2079),.UNSPECIFIED.,.T.,.F.) B_SPLINE_CURVE_WITH_KNOTS((1,2
    ,2,2,2,1),(-2.094395102393,0.,2.094395102393,4.188790204786,
6.28318530718,8.377580409573),.UNSPECIFIED.) CURVE() 
GEOMETRIC_REPRESENTATION_ITEM() RATIONAL_B_SPLINE_CURVE((1.,0.5,1.,0.5,
1.,0.5,1.)) REPRESENTATION_ITEM('') );
#2073 = CARTESIAN_POINT('',(99.3,24.8));
#2074 = CARTESIAN_POINT('',(99.3,19.950257738807));
#2075 = CARTESIAN_POINT('',(95.1,22.375128869404));
#2076 = CARTESIAN_POINT('',(90.9,24.8));
#2077 = CARTESIAN_POINT('',(95.1,27.224871130596));
#2078 = CARTESIAN_POINT('',(99.3,29.649742261193));
#2079 = CARTESIAN_POINT('',(99.3,24.8));
#2080 = ( GEOMETRIC_REPRESENTATION_CONTEXT(2) 
PARAMETRIC_REPRESENTATION_CONTEXT() REPRESENTATION_CONTEXT('2D SPACE',''
  ) );
#2081 = PCURVE('',#2082,#2087);
#2082 = CYLINDRICAL_SURFACE('',#2083,2.8);
#2083 = AXIS2_PLACEMENT_3D('',#2084,#2085,#2086);
#2084 = CARTESIAN_POINT('',(38.,7.8,109.));
#2085 = DIRECTION('',(-0.,-0.,-1.));
#2086 = DIRECTION('',(1.,0.,0.));
#2087 = DEFINITIONAL_REPRESENTATION('',(#2088),#2092);
#2088 = LINE('',#2089,#2090);
#2089 = CARTESIAN_POINT('',(-6.28318530718,-1.));
#2090 = VECTOR('',#2091,1.);
#2091 = DIRECTION('',(1.,-0.));
#2092 = ( GEOMETRIC_REPRESENTATION_CONTEXT(2) 
PARAMETRIC_REPRESENTATION_CONTEXT() REPRESENTATION_CONTEXT('2D SPACE',''
  ) );
#2093 = FACE_BOUND('',#2094,.F.);
#2094 = EDGE_LOOP('',(#2095));
#2095 = ORIENTED_EDGE('',*,*,#2096,.T.);
#2096 = EDGE_CURVE('',#2097,#2097,#2099,.T.);
#2097 = VERTEX_POINT('',#2098);
#2098 = CARTESIAN_POINT('',(19.7,46.,110.));
#2099 = SURFACE_CURVE('',#2100,(#2105,#2116),.PCURVE_S1.);
#2100 = CIRCLE('',#2101,1.7);
#2101 = AXIS2_PLACEMENT_3D('',#2102,#2103,#2104);
#2102 = CARTESIAN_POINT('',(18.,46.,110.));
#2103 = DIRECTION('',(0.,0.,-1.));
#2104 = DIRECTION('',(1.,0.,0.));
#2105 = PCURVE('',#184,#2106);
#2106 = DEFINITIONAL_REPRESENTATION('',(#2107),#2115);
#2107 = ( BOUNDED_CURVE() B_SPLINE_CURVE(2,(#2108,#2109,#2110,#2111,
#2112,#2113,#2114),.UNSPECIFIED.,.T.,.F.) B_SPLINE_CURVE_WITH_KNOTS((1,2
    ,2,2,2,1),(-2.094395102393,0.,2.094395102393,4.188790204786,
6.28318530718,8.377580409573),.UNSPECIFIED.) CURVE() 
GEOMETRIC_REPRESENTATION_ITEM() RATIONAL_B_SPLINE_CURVE((1.,0.5,1.,0.5,
1.,0.5,1.)) REPRESENTATION_ITEM('') );
#2108 = CARTESIAN_POINT('',(78.2,63.));
#2109 = CARTESIAN_POINT('',(78.2,60.055513627133));
#2110 = CARTESIAN_POINT('',(75.65,61.527756813566));
#2111 = CARTESIAN_POINT('',(73.1,63.));
#2112 = CARTESIAN_POINT('',(75.65,64.472243186434));
#2113 = CARTESIAN_POINT('',(78.2,65.944486372867));
#2114 = CARTESIAN_POINT('',(78.2,63.));
#2115 = ( GEOMETRIC_REPRESENTATION_CONTEXT(2) 
PARAMETRIC_REPRESENTATION_CONTEXT() REPRESENTATION_CONTEXT('2D SPACE',''
  ) );
#2116 = PCURVE('',#2117,#2122);
#2117 = CYLINDRICAL_SURFACE('',#2118,1.7);
#2118 = AXIS2_PLACEMENT_3D('',#2119,#2120,#2121);
#2119 = CARTESIAN_POINT('',(18.,46.,109.));
#2120 = DIRECTION('',(-0.,-0.,-1.));
#2121 = DIRECTION('',(1.,0.,0.));
#2122 = DEFINITIONAL_REPRESENTATION('',(#2123),#2127);
#2123 = LINE('',#2124,#2125);
#2124 = CARTESIAN_POINT('',(-6.28318530718,-1.));
#2125 = VECTOR('',#2126,1.);
#2126 = DIRECTION('',(1.,-0.));
#2127 = ( GEOMETRIC_REPRESENTATION_CONTEXT(2) 
PARAMETRIC_REPRESENTATION_CONTEXT() REPRESENTATION_CONTEXT('2D SPACE',''
  ) );
#2128 = FACE_BOUND('',#2129,.F.);
#2129 = EDGE_LOOP('',(#2130,#2158,#2184,#2210));
#2130 = ORIENTED_EDGE('',*,*,#2131,.T.);
#2131 = EDGE_CURVE('',#2132,#2134,#2136,.T.);
#2132 = VERTEX_POINT('',#2133);
#2133 = CARTESIAN_POINT('',(15.,49.,110.));
#2134 = VERTEX_POINT('',#2135);
#2135 = CARTESIAN_POINT('',(-15.,49.,110.));
#2136 = SURFACE_CURVE('',#2137,(#2141,#2147),.PCURVE_S1.);
#2137 = LINE('',#2138,#2139);
#2138 = CARTESIAN_POINT('',(-36.75,49.,110.));
#2139 = VECTOR('',#2140,1.);
#2140 = DIRECTION('',(-1.,0.,0.));
#2141 = PCURVE('',#184,#2142);
#2142 = DEFINITIONAL_REPRESENTATION('',(#2143),#2146);
#2143 = B_SPLINE_CURVE_WITH_KNOTS('',1,(#2144,#2145),.UNSPECIFIED.,.F.,
  .F.,(2,2),(-51.75,-21.75),.PIECEWISE_BEZIER_KNOTS.);
#2144 = CARTESIAN_POINT('',(73.5,66.));
#2145 = CARTESIAN_POINT('',(43.5,66.));
#2146 = ( GEOMETRIC_REPRESENTATION_CONTEXT(2) 
PARAMETRIC_REPRESENTATION_CONTEXT() REPRESENTATION_CONTEXT('2D SPACE',''
  ) );
#2147 = PCURVE('',#2148,#2153);
#2148 = PLANE('',#2149);
#2149 = AXIS2_PLACEMENT_3D('',#2150,#2151,#2152);
#2150 = CARTESIAN_POINT('',(-15.,49.,109.));
#2151 = DIRECTION('',(0.,1.,0.));
#2152 = DIRECTION('',(0.,0.,1.));
#2153 = DEFINITIONAL_REPRESENTATION('',(#2154),#2157);
#2154 = B_SPLINE_CURVE_WITH_KNOTS('',1,(#2155,#2156),.UNSPECIFIED.,.F.,
  .F.,(2,2),(-51.75,-21.75),.PIECEWISE_BEZIER_KNOTS.);
#2155 = CARTESIAN_POINT('',(1.,30.));
#2156 = CARTESIAN_POINT('',(1.,0.));
#2157 = ( GEOMETRIC_REPRESENTATION_CONTEXT(2) 
PARAMETRIC_REPRESENTATION_CONTEXT() REPRESENTATION_CONTEXT('2D SPACE',''
  ) );
#2158 = ORIENTED_EDGE('',*,*,#2159,.T.);
#2159 = EDGE_CURVE('',#2134,#2160,#2162,.T.);
#2160 = VERTEX_POINT('',#2161);
#2161 = CARTESIAN_POINT('',(-15.,79.,110.));
#2162 = SURFACE_CURVE('',#2163,(#2167,#2173),.PCURVE_S1.);
#2163 = LINE('',#2164,#2165);
#2164 = CARTESIAN_POINT('',(-15.,16.,110.));
#2165 = VECTOR('',#2166,1.);
#2166 = DIRECTION('',(0.,1.,0.));
#2167 = PCURVE('',#184,#2168);
#2168 = DEFINITIONAL_REPRESENTATION('',(#2169),#2172);
#2169 = B_SPLINE_CURVE_WITH_KNOTS('',1,(#2170,#2171),.UNSPECIFIED.,.F.,
  .F.,(2,2),(33.,63.),.PIECEWISE_BEZIER_KNOTS.);
#2170 = CARTESIAN_POINT('',(43.5,66.));
#2171 = CARTESIAN_POINT('',(43.5,96.));
#2172 = ( GEOMETRIC_REPRESENTATION_CONTEXT(2) 
PARAMETRIC_REPRESENTATION_CONTEXT() REPRESENTATION_CONTEXT('2D SPACE',''
  ) );
#2173 = PCURVE('',#2174,#2179);
#2174 = PLANE('',#2175);
#2175 = AXIS2_PLACEMENT_3D('',#2176,#2177,#2178);
#2176 = CARTESIAN_POINT('',(-15.,49.,109.));
#2177 = DIRECTION('',(1.,0.,0.));
#2178 = DIRECTION('',(0.,0.,1.));
#2179 = DEFINITIONAL_REPRESENTATION('',(#2180),#2183);
#2180 = B_SPLINE_CURVE_WITH_KNOTS('',1,(#2181,#2182),.UNSPECIFIED.,.F.,
  .F.,(2,2),(33.,63.),.PIECEWISE_BEZIER_KNOTS.);
#2181 = CARTESIAN_POINT('',(1.,0.));
#2182 = CARTESIAN_POINT('',(1.,-30.));
#2183 = ( GEOMETRIC_REPRESENTATION_CONTEXT(2) 
PARAMETRIC_REPRESENTATION_CONTEXT() REPRESENTATION_CONTEXT('2D SPACE',''
  ) );
#2184 = ORIENTED_EDGE('',*,*,#2185,.F.);
#2185 = EDGE_CURVE('',#2186,#2160,#2188,.T.);
#2186 = VERTEX_POINT('',#2187);
#2187 = CARTESIAN_POINT('',(15.,79.,110.));
#2188 = SURFACE_CURVE('',#2189,(#2193,#2199),.PCURVE_S1.);
#2189 = LINE('',#2190,#2191);
#2190 = CARTESIAN_POINT('',(-36.75,79.,110.));
#2191 = VECTOR('',#2192,1.);
#2192 = DIRECTION('',(-1.,0.,0.));
#2193 = PCURVE('',#184,#2194);
#2194 = DEFINITIONAL_REPRESENTATION('',(#2195),#2198);
#2195 = B_SPLINE_CURVE_WITH_KNOTS('',1,(#2196,#2197),.UNSPECIFIED.,.F.,
  .F.,(2,2),(-51.75,-21.75),.PIECEWISE_BEZIER_KNOTS.);
#2196 = CARTESIAN_POINT('',(73.5,96.));
#2197 = CARTESIAN_POINT('',(43.5,96.));
#2198 = ( GEOMETRIC_REPRESENTATION_CONTEXT(2) 
PARAMETRIC_REPRESENTATION_CONTEXT() REPRESENTATION_CONTEXT('2D SPACE',''
  ) );
#2199 = PCURVE('',#2200,#2205);
#2200 = PLANE('',#2201);
#2201 = AXIS2_PLACEMENT_3D('',#2202,#2203,#2204);
#2202 = CARTESIAN_POINT('',(-15.,79.,109.));
#2203 = DIRECTION('',(0.,1.,0.));
#2204 = DIRECTION('',(0.,0.,1.));
#2205 = DEFINITIONAL_REPRESENTATION('',(#2206),#2209);
#2206 = B_SPLINE_CURVE_WITH_KNOTS('',1,(#2207,#2208),.UNSPECIFIED.,.F.,
  .F.,(2,2),(-51.75,-21.75),.PIECEWISE_BEZIER_KNOTS.);
#2207 = CARTESIAN_POINT('',(1.,30.));
#2208 = CARTESIAN_POINT('',(1.,0.));
#2209 = ( GEOMETRIC_REPRESENTATION_CONTEXT(2) 
PARAMETRIC_REPRESENTATION_CONTEXT() REPRESENTATION_CONTEXT('2D SPACE',''
  ) );
#2210 = ORIENTED_EDGE('',*,*,#2211,.F.);
#2211 = EDGE_CURVE('',#2132,#2186,#2212,.T.);
#2212 = SURFACE_CURVE('',#2213,(#2217,#2223),.PCURVE_S1.);
#2213 = LINE('',#2214,#2215);
#2214 = CARTESIAN_POINT('',(15.,16.,110.));
#2215 = VECTOR('',#2216,1.);
#2216 = DIRECTION('',(0.,1.,0.));
#2217 = PCURVE('',#184,#2218);
#2218 = DEFINITIONAL_REPRESENTATION('',(#2219),#2222);
#2219 = B_SPLINE_CURVE_WITH_KNOTS('',1,(#2220,#2221),.UNSPECIFIED.,.F.,
  .F.,(2,2),(33.,63.),.PIECEWISE_BEZIER_KNOTS.);
#2220 = CARTESIAN_POINT('',(73.5,66.));
#2221 = CARTESIAN_POINT('',(73.5,96.));
#2222 = ( GEOMETRIC_REPRESENTATION_CONTEXT(2) 
PARAMETRIC_REPRESENTATION_CONTEXT() REPRESENTATION_CONTEXT('2D SPACE',''
  ) );
#2223 = PCURVE('',#2224,#2229);
#2224 = PLANE('',#2225);
#2225 = AXIS2_PLACEMENT_3D('',#2226,#2227,#2228);
#2226 = CARTESIAN_POINT('',(15.,49.,109.));
#2227 = DIRECTION('',(1.,0.,0.));
#2228 = DIRECTION('',(0.,0.,1.));
#2229 = DEFINITIONAL_REPRESENTATION('',(#2230),#2233);
#2230 = B_SPLINE_CURVE_WITH_KNOTS('',1,(#2231,#2232),.UNSPECIFIED.,.F.,
  .F.,(2,2),(33.,63.),.PIECEWISE_BEZIER_KNOTS.);
#2231 = CARTESIAN_POINT('',(1.,0.));
#2232 = CARTESIAN_POINT('',(1.,-30.));
#2233 = ( GEOMETRIC_REPRESENTATION_CONTEXT(2) 
PARAMETRIC_REPRESENTATION_CONTEXT() REPRESENTATION_CONTEXT('2D SPACE',''
  ) );
#2234 = FACE_BOUND('',#2235,.F.);
#2235 = EDGE_LOOP('',(#2236));
#2236 = ORIENTED_EDGE('',*,*,#2237,.T.);
#2237 = EDGE_CURVE('',#2238,#2238,#2240,.T.);
#2238 = VERTEX_POINT('',#2239);
#2239 = CARTESIAN_POINT('',(-16.3,82.,110.));
#2240 = SURFACE_CURVE('',#2241,(#2246,#2257),.PCURVE_S1.);
#2241 = CIRCLE('',#2242,1.7);
#2242 = AXIS2_PLACEMENT_3D('',#2243,#2244,#2245);
#2243 = CARTESIAN_POINT('',(-18.,82.,110.));
#2244 = DIRECTION('',(0.,0.,-1.));
#2245 = DIRECTION('',(1.,0.,0.));
#2246 = PCURVE('',#184,#2247);
#2247 = DEFINITIONAL_REPRESENTATION('',(#2248),#2256);
#2248 = ( BOUNDED_CURVE() B_SPLINE_CURVE(2,(#2249,#2250,#2251,#2252,
#2253,#2254,#2255),.UNSPECIFIED.,.T.,.F.) B_SPLINE_CURVE_WITH_KNOTS((1,2
    ,2,2,2,1),(-2.094395102393,0.,2.094395102393,4.188790204786,
6.28318530718,8.377580409573),.UNSPECIFIED.) CURVE() 
GEOMETRIC_REPRESENTATION_ITEM() RATIONAL_B_SPLINE_CURVE((1.,0.5,1.,0.5,
1.,0.5,1.)) REPRESENTATION_ITEM('') );
#2249 = CARTESIAN_POINT('',(42.2,99.));
#2250 = CARTESIAN_POINT('',(42.2,96.055513627133));
#2251 = CARTESIAN_POINT('',(39.65,97.527756813566));
#2252 = CARTESIAN_POINT('',(37.1,99.));
#2253 = CARTESIAN_POINT('',(39.65,100.47224318643));
#2254 = CARTESIAN_POINT('',(42.2,101.94448637286));
#2255 = CARTESIAN_POINT('',(42.2,99.));
#2256 = ( GEOMETRIC_REPRESENTATION_CONTEXT(2) 
PARAMETRIC_REPRESENTATION_CONTEXT() REPRESENTATION_CONTEXT('2D SPACE',''
  ) );
#2257 = PCURVE('',#2258,#2263);
#2258 = CYLINDRICAL_SURFACE('',#2259,1.7);
#2259 = AXIS2_PLACEMENT_3D('',#2260,#2261,#2262);
#2260 = CARTESIAN_POINT('',(-18.,82.,109.));
#2261 = DIRECTION('',(-0.,-0.,-1.));
#2262 = DIRECTION('',(1.,0.,0.));
#2263 = DEFINITIONAL_REPRESENTATION('',(#2264),#2268);
#2264 = LINE('',#2265,#2266);
#2265 = CARTESIAN_POINT('',(-6.28318530718,-1.));
#2266 = VECTOR('',#2267,1.);
#2267 = DIRECTION('',(1.,-0.));
#2268 = ( GEOMETRIC_REPRESENTATION_CONTEXT(2) 
PARAMETRIC_REPRESENTATION_CONTEXT() REPRESENTATION_CONTEXT('2D SPACE',''
  ) );
#2269 = FACE_BOUND('',#2270,.F.);
#2270 = EDGE_LOOP('',(#2271,#2299,#2325,#2351));
#2271 = ORIENTED_EDGE('',*,*,#2272,.T.);
#2272 = EDGE_CURVE('',#2273,#2275,#2277,.T.);
#2273 = VERTEX_POINT('',#2274);
#2274 = CARTESIAN_POINT('',(-31.,139.,110.));
#2275 = VERTEX_POINT('',#2276);
#2276 = CARTESIAN_POINT('',(-49.,139.,110.));
#2277 = SURFACE_CURVE('',#2278,(#2282,#2288),.PCURVE_S1.);
#2278 = LINE('',#2279,#2280);
#2279 = CARTESIAN_POINT('',(-53.75,139.,110.));
#2280 = VECTOR('',#2281,1.);
#2281 = DIRECTION('',(-1.,0.,0.));
#2282 = PCURVE('',#184,#2283);
#2283 = DEFINITIONAL_REPRESENTATION('',(#2284),#2287);
#2284 = B_SPLINE_CURVE_WITH_KNOTS('',1,(#2285,#2286),.UNSPECIFIED.,.F.,
  .F.,(2,2),(-22.75,-4.75),.PIECEWISE_BEZIER_KNOTS.);
#2285 = CARTESIAN_POINT('',(27.5,156.));
#2286 = CARTESIAN_POINT('',(9.5,156.));
#2287 = ( GEOMETRIC_REPRESENTATION_CONTEXT(2) 
PARAMETRIC_REPRESENTATION_CONTEXT() REPRESENTATION_CONTEXT('2D SPACE',''
  ) );
#2288 = PCURVE('',#2289,#2294);
#2289 = PLANE('',#2290);
#2290 = AXIS2_PLACEMENT_3D('',#2291,#2292,#2293);
#2291 = CARTESIAN_POINT('',(-49.,139.,109.));
#2292 = DIRECTION('',(0.,1.,0.));
#2293 = DIRECTION('',(0.,0.,1.));
#2294 = DEFINITIONAL_REPRESENTATION('',(#2295),#2298);
#2295 = B_SPLINE_CURVE_WITH_KNOTS('',1,(#2296,#2297),.UNSPECIFIED.,.F.,
  .F.,(2,2),(-22.75,-4.75),.PIECEWISE_BEZIER_KNOTS.);
#2296 = CARTESIAN_POINT('',(1.,18.));
#2297 = CARTESIAN_POINT('',(1.,0.));
#2298 = ( GEOMETRIC_REPRESENTATION_CONTEXT(2) 
PARAMETRIC_REPRESENTATION_CONTEXT() REPRESENTATION_CONTEXT('2D SPACE',''
  ) );
#2299 = ORIENTED_EDGE('',*,*,#2300,.T.);
#2300 = EDGE_CURVE('',#2275,#2301,#2303,.T.);
#2301 = VERTEX_POINT('',#2302);
#2302 = CARTESIAN_POINT('',(-49.,147.,110.));
#2303 = SURFACE_CURVE('',#2304,(#2308,#2314),.PCURVE_S1.);
#2304 = LINE('',#2305,#2306);
#2305 = CARTESIAN_POINT('',(-49.,61.,110.));
#2306 = VECTOR('',#2307,1.);
#2307 = DIRECTION('',(0.,1.,0.));
#2308 = PCURVE('',#184,#2309);
#2309 = DEFINITIONAL_REPRESENTATION('',(#2310),#2313);
#2310 = B_SPLINE_CURVE_WITH_KNOTS('',1,(#2311,#2312),.UNSPECIFIED.,.F.,
  .F.,(2,2),(78.,86.),.PIECEWISE_BEZIER_KNOTS.);
#2311 = CARTESIAN_POINT('',(9.5,156.));
#2312 = CARTESIAN_POINT('',(9.5,164.));
#2313 = ( GEOMETRIC_REPRESENTATION_CONTEXT(2) 
PARAMETRIC_REPRESENTATION_CONTEXT() REPRESENTATION_CONTEXT('2D SPACE',''
  ) );
#2314 = PCURVE('',#2315,#2320);
#2315 = PLANE('',#2316);
#2316 = AXIS2_PLACEMENT_3D('',#2317,#2318,#2319);
#2317 = CARTESIAN_POINT('',(-49.,139.,109.));
#2318 = DIRECTION('',(1.,0.,0.));
#2319 = DIRECTION('',(0.,0.,1.));
#2320 = DEFINITIONAL_REPRESENTATION('',(#2321),#2324);
#2321 = B_SPLINE_CURVE_WITH_KNOTS('',1,(#2322,#2323),.UNSPECIFIED.,.F.,
  .F.,(2,2),(78.,86.),.PIECEWISE_BEZIER_KNOTS.);
#2322 = CARTESIAN_POINT('',(1.,0.));
#2323 = CARTESIAN_POINT('',(1.,-8.));
#2324 = ( GEOMETRIC_REPRESENTATION_CONTEXT(2) 
PARAMETRIC_REPRESENTATION_CONTEXT() REPRESENTATION_CONTEXT('2D SPACE',''
  ) );
#2325 = ORIENTED_EDGE('',*,*,#2326,.F.);
#2326 = EDGE_CURVE('',#2327,#2301,#2329,.T.);
#2327 = VERTEX_POINT('',#2328);
#2328 = CARTESIAN_POINT('',(-31.,147.,110.));
#2329 = SURFACE_CURVE('',#2330,(#2334,#2340),.PCURVE_S1.);
#2330 = LINE('',#2331,#2332);
#2331 = CARTESIAN_POINT('',(-53.75,147.,110.));
#2332 = VECTOR('',#2333,1.);
#2333 = DIRECTION('',(-1.,0.,0.));
#2334 = PCURVE('',#184,#2335);
#2335 = DEFINITIONAL_REPRESENTATION('',(#2336),#2339);
#2336 = B_SPLINE_CURVE_WITH_KNOTS('',1,(#2337,#2338),.UNSPECIFIED.,.F.,
  .F.,(2,2),(-22.75,-4.75),.PIECEWISE_BEZIER_KNOTS.);
#2337 = CARTESIAN_POINT('',(27.5,164.));
#2338 = CARTESIAN_POINT('',(9.5,164.));
#2339 = ( GEOMETRIC_REPRESENTATION_CONTEXT(2) 
PARAMETRIC_REPRESENTATION_CONTEXT() REPRESENTATION_CONTEXT('2D SPACE',''
  ) );
#2340 = PCURVE('',#2341,#2346);
#2341 = PLANE('',#2342);
#2342 = AXIS2_PLACEMENT_3D('',#2343,#2344,#2345);
#2343 = CARTESIAN_POINT('',(-49.,147.,109.));
#2344 = DIRECTION('',(0.,1.,0.));
#2345 = DIRECTION('',(0.,0.,1.));
#2346 = DEFINITIONAL_REPRESENTATION('',(#2347),#2350);
#2347 = B_SPLINE_CURVE_WITH_KNOTS('',1,(#2348,#2349),.UNSPECIFIED.,.F.,
  .F.,(2,2),(-22.75,-4.75),.PIECEWISE_BEZIER_KNOTS.);
#2348 = CARTESIAN_POINT('',(1.,18.));
#2349 = CARTESIAN_POINT('',(1.,0.));
#2350 = ( GEOMETRIC_REPRESENTATION_CONTEXT(2) 
PARAMETRIC_REPRESENTATION_CONTEXT() REPRESENTATION_CONTEXT('2D SPACE',''
  ) );
#2351 = ORIENTED_EDGE('',*,*,#2352,.F.);
#2352 = EDGE_CURVE('',#2273,#2327,#2353,.T.);
#2353 = SURFACE_CURVE('',#2354,(#2358,#2364),.PCURVE_S1.);
#2354 = LINE('',#2355,#2356);
#2355 = CARTESIAN_POINT('',(-31.,61.,110.));
#2356 = VECTOR('',#2357,1.);
#2357 = DIRECTION('',(0.,1.,0.));
#2358 = PCURVE('',#184,#2359);
#2359 = DEFINITIONAL_REPRESENTATION('',(#2360),#2363);
#2360 = B_SPLINE_CURVE_WITH_KNOTS('',1,(#2361,#2362),.UNSPECIFIED.,.F.,
  .F.,(2,2),(78.,86.),.PIECEWISE_BEZIER_KNOTS.);
#2361 = CARTESIAN_POINT('',(27.5,156.));
#2362 = CARTESIAN_POINT('',(27.5,164.));
#2363 = ( GEOMETRIC_REPRESENTATION_CONTEXT(2) 
PARAMETRIC_REPRESENTATION_CONTEXT() REPRESENTATION_CONTEXT('2D SPACE',''
  ) );
#2364 = PCURVE('',#2365,#2370);
#2365 = PLANE('',#2366);
#2366 = AXIS2_PLACEMENT_3D('',#2367,#2368,#2369);
#2367 = CARTESIAN_POINT('',(-31.,139.,109.));
#2368 = DIRECTION('',(1.,0.,0.));
#2369 = DIRECTION('',(0.,0.,1.));
#2370 = DEFINITIONAL_REPRESENTATION('',(#2371),#2374);
#2371 = B_SPLINE_CURVE_WITH_KNOTS('',1,(#2372,#2373),.UNSPECIFIED.,.F.,
  .F.,(2,2),(78.,86.),.PIECEWISE_BEZIER_KNOTS.);
#2372 = CARTESIAN_POINT('',(1.,0.));
#2373 = CARTESIAN_POINT('',(1.,-8.));
#2374 = ( GEOMETRIC_REPRESENTATION_CONTEXT(2) 
PARAMETRIC_REPRESENTATION_CONTEXT() REPRESENTATION_CONTEXT('2D SPACE',''
  ) );
#2375 = FACE_BOUND('',#2376,.F.);
#2376 = EDGE_LOOP('',(#2377));
#2377 = ORIENTED_EDGE('',*,*,#2378,.T.);
#2378 = EDGE_CURVE('',#2379,#2379,#2381,.T.);
#2379 = VERTEX_POINT('',#2380);
#2380 = CARTESIAN_POINT('',(-1.5,110.,110.));
#2381 = SURFACE_CURVE('',#2382,(#2387,#2398),.PCURVE_S1.);
#2382 = CIRCLE('',#2383,10.);
#2383 = AXIS2_PLACEMENT_3D('',#2384,#2385,#2386);
#2384 = CARTESIAN_POINT('',(-11.5,110.,110.));
#2385 = DIRECTION('',(0.,0.,-1.));
#2386 = DIRECTION('',(1.,0.,0.));
#2387 = PCURVE('',#184,#2388);
#2388 = DEFINITIONAL_REPRESENTATION('',(#2389),#2397);
#2389 = ( BOUNDED_CURVE() B_SPLINE_CURVE(2,(#2390,#2391,#2392,#2393,
#2394,#2395,#2396),.UNSPECIFIED.,.T.,.F.) B_SPLINE_CURVE_WITH_KNOTS((1,2
    ,2,2,2,1),(-2.094395102393,0.,2.094395102393,4.188790204786,
6.28318530718,8.377580409573),.UNSPECIFIED.) CURVE() 
GEOMETRIC_REPRESENTATION_ITEM() RATIONAL_B_SPLINE_CURVE((1.,0.5,1.,0.5,
1.,0.5,1.)) REPRESENTATION_ITEM('') );
#2390 = CARTESIAN_POINT('',(57.,127.));
#2391 = CARTESIAN_POINT('',(57.,109.67949192431));
#2392 = CARTESIAN_POINT('',(42.,118.33974596215));
#2393 = CARTESIAN_POINT('',(27.,127.));
#2394 = CARTESIAN_POINT('',(42.,135.66025403784));
#2395 = CARTESIAN_POINT('',(57.,144.32050807568));
#2396 = CARTESIAN_POINT('',(57.,127.));
#2397 = ( GEOMETRIC_REPRESENTATION_CONTEXT(2) 
PARAMETRIC_REPRESENTATION_CONTEXT() REPRESENTATION_CONTEXT('2D SPACE',''
  ) );
#2398 = PCURVE('',#2399,#2404);
#2399 = CYLINDRICAL_SURFACE('',#2400,10.);
#2400 = AXIS2_PLACEMENT_3D('',#2401,#2402,#2403);
#2401 = CARTESIAN_POINT('',(-11.5,110.,109.));
#2402 = DIRECTION('',(-0.,-0.,-1.));
#2403 = DIRECTION('',(1.,0.,0.));
#2404 = DEFINITIONAL_REPRESENTATION('',(#2405),#2409);
#2405 = LINE('',#2406,#2407);
#2406 = CARTESIAN_POINT('',(-6.28318530718,-1.));
#2407 = VECTOR('',#2408,1.);
#2408 = DIRECTION('',(1.,-0.));
#2409 = ( GEOMETRIC_REPRESENTATION_CONTEXT(2) 
PARAMETRIC_REPRESENTATION_CONTEXT() REPRESENTATION_CONTEXT('2D SPACE',''
  ) );
#2410 = FACE_BOUND('',#2411,.F.);
#2411 = EDGE_LOOP('',(#2412));
#2412 = ORIENTED_EDGE('',*,*,#2413,.T.);
#2413 = EDGE_CURVE('',#2414,#2414,#2416,.T.);
#2414 = VERTEX_POINT('',#2415);
#2415 = CARTESIAN_POINT('',(19.7,82.,110.));
#2416 = SURFACE_CURVE('',#2417,(#2422,#2433),.PCURVE_S1.);
#2417 = CIRCLE('',#2418,1.7);
#2418 = AXIS2_PLACEMENT_3D('',#2419,#2420,#2421);
#2419 = CARTESIAN_POINT('',(18.,82.,110.));
#2420 = DIRECTION('',(0.,0.,-1.));
#2421 = DIRECTION('',(1.,0.,0.));
#2422 = PCURVE('',#184,#2423);
#2423 = DEFINITIONAL_REPRESENTATION('',(#2424),#2432);
#2424 = ( BOUNDED_CURVE() B_SPLINE_CURVE(2,(#2425,#2426,#2427,#2428,
#2429,#2430,#2431),.UNSPECIFIED.,.T.,.F.) B_SPLINE_CURVE_WITH_KNOTS((1,2
    ,2,2,2,1),(-2.094395102393,0.,2.094395102393,4.188790204786,
6.28318530718,8.377580409573),.UNSPECIFIED.) CURVE() 
GEOMETRIC_REPRESENTATION_ITEM() RATIONAL_B_SPLINE_CURVE((1.,0.5,1.,0.5,
1.,0.5,1.)) REPRESENTATION_ITEM('') );
#2425 = CARTESIAN_POINT('',(78.2,99.));
#2426 = CARTESIAN_POINT('',(78.2,96.055513627133));
#2427 = CARTESIAN_POINT('',(75.65,97.527756813566));
#2428 = CARTESIAN_POINT('',(73.1,99.));
#2429 = CARTESIAN_POINT('',(75.65,100.47224318643));
#2430 = CARTESIAN_POINT('',(78.2,101.94448637286));
#2431 = CARTESIAN_POINT('',(78.2,99.));
#2432 = ( GEOMETRIC_REPRESENTATION_CONTEXT(2) 
PARAMETRIC_REPRESENTATION_CONTEXT() REPRESENTATION_CONTEXT('2D SPACE',''
  ) );
#2433 = PCURVE('',#2434,#2439);
#2434 = CYLINDRICAL_SURFACE('',#2435,1.7);
#2435 = AXIS2_PLACEMENT_3D('',#2436,#2437,#2438);
#2436 = CARTESIAN_POINT('',(18.,82.,109.));
#2437 = DIRECTION('',(-0.,-0.,-1.));
#2438 = DIRECTION('',(1.,0.,0.));
#2439 = DEFINITIONAL_REPRESENTATION('',(#2440),#2444);
#2440 = LINE('',#2441,#2442);
#2441 = CARTESIAN_POINT('',(-6.28318530718,-1.));
#2442 = VECTOR('',#2443,1.);
#2443 = DIRECTION('',(1.,-0.));
#2444 = ( GEOMETRIC_REPRESENTATION_CONTEXT(2) 
PARAMETRIC_REPRESENTATION_CONTEXT() REPRESENTATION_CONTEXT('2D SPACE',''
  ) );
#2445 = FACE_BOUND('',#2446,.F.);
#2446 = EDGE_LOOP('',(#2447));
#2447 = ORIENTED_EDGE('',*,*,#2448,.T.);
#2448 = EDGE_CURVE('',#2449,#2449,#2451,.T.);
#2449 = VERTEX_POINT('',#2450);
#2450 = CARTESIAN_POINT('',(21.5,110.,110.));
#2451 = SURFACE_CURVE('',#2452,(#2457,#2468),.PCURVE_S1.);
#2452 = CIRCLE('',#2453,10.);
#2453 = AXIS2_PLACEMENT_3D('',#2454,#2455,#2456);
#2454 = CARTESIAN_POINT('',(11.5,110.,110.));
#2455 = DIRECTION('',(0.,0.,-1.));
#2456 = DIRECTION('',(1.,0.,0.));
#2457 = PCURVE('',#184,#2458);
#2458 = DEFINITIONAL_REPRESENTATION('',(#2459),#2467);
#2459 = ( BOUNDED_CURVE() B_SPLINE_CURVE(2,(#2460,#2461,#2462,#2463,
#2464,#2465,#2466),.UNSPECIFIED.,.T.,.F.) B_SPLINE_CURVE_WITH_KNOTS((1,2
    ,2,2,2,1),(-2.094395102393,0.,2.094395102393,4.188790204786,
6.28318530718,8.377580409573),.UNSPECIFIED.) CURVE() 
GEOMETRIC_REPRESENTATION_ITEM() RATIONAL_B_SPLINE_CURVE((1.,0.5,1.,0.5,
1.,0.5,1.)) REPRESENTATION_ITEM('') );
#2460 = CARTESIAN_POINT('',(80.,127.));
#2461 = CARTESIAN_POINT('',(80.,109.67949192431));
#2462 = CARTESIAN_POINT('',(65.,118.33974596215));
#2463 = CARTESIAN_POINT('',(50.,127.));
#2464 = CARTESIAN_POINT('',(65.,135.66025403784));
#2465 = CARTESIAN_POINT('',(80.,144.32050807568));
#2466 = CARTESIAN_POINT('',(80.,127.));
#2467 = ( GEOMETRIC_REPRESENTATION_CONTEXT(2) 
PARAMETRIC_REPRESENTATION_CONTEXT() REPRESENTATION_CONTEXT('2D SPACE',''
  ) );
#2468 = PCURVE('',#2469,#2474);
#2469 = CYLINDRICAL_SURFACE('',#2470,10.);
#2470 = AXIS2_PLACEMENT_3D('',#2471,#2472,#2473);
#2471 = CARTESIAN_POINT('',(11.5,110.,109.));
#2472 = DIRECTION('',(-0.,-0.,-1.));
#2473 = DIRECTION('',(1.,0.,0.));
#2474 = DEFINITIONAL_REPRESENTATION('',(#2475),#2479);
#2475 = LINE('',#2476,#2477);
#2476 = CARTESIAN_POINT('',(-6.28318530718,-1.));
#2477 = VECTOR('',#2478,1.);
#2478 = DIRECTION('',(1.,-0.));
#2479 = ( GEOMETRIC_REPRESENTATION_CONTEXT(2) 
PARAMETRIC_REPRESENTATION_CONTEXT() REPRESENTATION_CONTEXT('2D SPACE',''
  ) );
#2480 = ADVANCED_FACE('',(#2481,#2525,#2560),#212,.F.);
#2481 = FACE_BOUND('',#2482,.F.);
#2482 = EDGE_LOOP('',(#2483,#2484,#2505,#2524));
#2483 = ORIENTED_EDGE('',*,*,#1967,.F.);
#2484 = ORIENTED_EDGE('',*,*,#2485,.T.);
#2485 = EDGE_CURVE('',#1941,#2486,#2488,.T.);
#2486 = VERTEX_POINT('',#2487);
#2487 = CARTESIAN_POINT('',(58.5,0.,0.));
#2488 = SURFACE_CURVE('',#2489,(#2493,#2499),.PCURVE_S1.);
#2489 = LINE('',#2490,#2491);
#2490 = CARTESIAN_POINT('',(58.5,0.,54.5));
#2491 = VECTOR('',#2492,1.);
#2492 = DIRECTION('',(0.,0.,-1.));
#2493 = PCURVE('',#212,#2494);
#2494 = DEFINITIONAL_REPRESENTATION('',(#2495),#2498);
#2495 = B_SPLINE_CURVE_WITH_KNOTS('',1,(#2496,#2497),.UNSPECIFIED.,.F.,
  .F.,(2,2),(-55.5,54.5),.PIECEWISE_BEZIER_KNOTS.);
#2496 = CARTESIAN_POINT('',(111.,-17.));
#2497 = CARTESIAN_POINT('',(1.,-17.));
#2498 = ( GEOMETRIC_REPRESENTATION_CONTEXT(2) 
PARAMETRIC_REPRESENTATION_CONTEXT() REPRESENTATION_CONTEXT('2D SPACE',''
  ) );
#2499 = PCURVE('',#1956,#2500);
#2500 = DEFINITIONAL_REPRESENTATION('',(#2501),#2504);
#2501 = B_SPLINE_CURVE_WITH_KNOTS('',1,(#2502,#2503),.UNSPECIFIED.,.F.,
  .F.,(2,2),(-55.5,54.5),.PIECEWISE_BEZIER_KNOTS.);
#2502 = CARTESIAN_POINT('',(0.,-119.5));
#2503 = CARTESIAN_POINT('',(110.,-119.5));
#2504 = ( GEOMETRIC_REPRESENTATION_CONTEXT(2) 
PARAMETRIC_REPRESENTATION_CONTEXT() REPRESENTATION_CONTEXT('2D SPACE',''
  ) );
#2505 = ORIENTED_EDGE('',*,*,#2506,.T.);
#2506 = EDGE_CURVE('',#2486,#197,#2507,.T.);
#2507 = SURFACE_CURVE('',#2508,(#2512,#2518),.PCURVE_S1.);
#2508 = LINE('',#2509,#2510);
#2509 = CARTESIAN_POINT('',(58.5,-8.5,0.));
#2510 = VECTOR('',#2511,1.);
#2511 = DIRECTION('',(0.,1.,0.));
#2512 = PCURVE('',#212,#2513);
#2513 = DEFINITIONAL_REPRESENTATION('',(#2514),#2517);
#2514 = B_SPLINE_CURVE_WITH_KNOTS('',1,(#2515,#2516),.UNSPECIFIED.,.F.,
  .F.,(2,2),(8.5,158.),.PIECEWISE_BEZIER_KNOTS.);
#2515 = CARTESIAN_POINT('',(1.,-17.));
#2516 = CARTESIAN_POINT('',(1.,-166.5));
#2517 = ( GEOMETRIC_REPRESENTATION_CONTEXT(2) 
PARAMETRIC_REPRESENTATION_CONTEXT() REPRESENTATION_CONTEXT('2D SPACE',''
  ) );
#2518 = PCURVE('',#239,#2519);
#2519 = DEFINITIONAL_REPRESENTATION('',(#2520),#2523);
#2520 = B_SPLINE_CURVE_WITH_KNOTS('',1,(#2521,#2522),.UNSPECIFIED.,.F.,
  .F.,(2,2),(8.5,158.),.PIECEWISE_BEZIER_KNOTS.);
#2521 = CARTESIAN_POINT('',(0.,-119.5));
#2522 = CARTESIAN_POINT('',(149.5,-119.5));
#2523 = ( GEOMETRIC_REPRESENTATION_CONTEXT(2) 
PARAMETRIC_REPRESENTATION_CONTEXT() REPRESENTATION_CONTEXT('2D SPACE',''
  ) );
#2524 = ORIENTED_EDGE('',*,*,#196,.T.);
#2525 = FACE_BOUND('',#2526,.F.);
#2526 = EDGE_LOOP('',(#2527));
#2527 = ORIENTED_EDGE('',*,*,#2528,.T.);
#2528 = EDGE_CURVE('',#2529,#2529,#2531,.T.);
#2529 = VERTEX_POINT('',#2530);
#2530 = CARTESIAN_POINT('',(58.5,121.2,5.));
#2531 = SURFACE_CURVE('',#2532,(#2537,#2548),.PCURVE_S1.);
#2532 = CIRCLE('',#2533,1.7);
#2533 = AXIS2_PLACEMENT_3D('',#2534,#2535,#2536);
#2534 = CARTESIAN_POINT('',(58.5,119.5,5.));
#2535 = DIRECTION('',(-1.,0.,0.));
#2536 = DIRECTION('',(0.,1.,0.));
#2537 = PCURVE('',#212,#2538);
#2538 = DEFINITIONAL_REPRESENTATION('',(#2539),#2547);
#2539 = ( BOUNDED_CURVE() B_SPLINE_CURVE(2,(#2540,#2541,#2542,#2543,
#2544,#2545,#2546),.UNSPECIFIED.,.T.,.F.) B_SPLINE_CURVE_WITH_KNOTS((1,2
    ,2,2,2,1),(-2.094395102393,0.,2.094395102393,4.188790204786,
6.28318530718,8.377580409573),.UNSPECIFIED.) CURVE() 
GEOMETRIC_REPRESENTATION_ITEM() RATIONAL_B_SPLINE_CURVE((1.,0.5,1.,0.5,
1.,0.5,1.)) REPRESENTATION_ITEM('') );
#2540 = CARTESIAN_POINT('',(6.,-138.2));
#2541 = CARTESIAN_POINT('',(3.055513627133,-138.2));
#2542 = CARTESIAN_POINT('',(4.527756813566,-135.65));
#2543 = CARTESIAN_POINT('',(6.,-133.1));
#2544 = CARTESIAN_POINT('',(7.472243186434,-135.65));
#2545 = CARTESIAN_POINT('',(8.944486372867,-138.2));
#2546 = CARTESIAN_POINT('',(6.,-138.2));
#2547 = ( GEOMETRIC_REPRESENTATION_CONTEXT(2) 
PARAMETRIC_REPRESENTATION_CONTEXT() REPRESENTATION_CONTEXT('2D SPACE',''
  ) );
#2548 = PCURVE('',#2549,#2554);
#2549 = CYLINDRICAL_SURFACE('',#2550,1.7);
#2550 = AXIS2_PLACEMENT_3D('',#2551,#2552,#2553);
#2551 = CARTESIAN_POINT('',(56.,119.5,5.));
#2552 = DIRECTION('',(-1.,-0.,-0.));
#2553 = DIRECTION('',(0.,1.,0.));
#2554 = DEFINITIONAL_REPRESENTATION('',(#2555),#2559);
#2555 = LINE('',#2556,#2557);
#2556 = CARTESIAN_POINT('',(-6.28318530718,-2.5));
#2557 = VECTOR('',#2558,1.);
#2558 = DIRECTION('',(1.,-0.));
#2559 = ( GEOMETRIC_REPRESENTATION_CONTEXT(2) 
PARAMETRIC_REPRESENTATION_CONTEXT() REPRESENTATION_CONTEXT('2D SPACE',''
  ) );
#2560 = FACE_BOUND('',#2561,.F.);
#2561 = EDGE_LOOP('',(#2562));
#2562 = ORIENTED_EDGE('',*,*,#2563,.T.);
#2563 = EDGE_CURVE('',#2564,#2564,#2566,.T.);
#2564 = VERTEX_POINT('',#2565);
#2565 = CARTESIAN_POINT('',(58.5,26.7,5.));
#2566 = SURFACE_CURVE('',#2567,(#2572,#2583),.PCURVE_S1.);
#2567 = CIRCLE('',#2568,1.7);
#2568 = AXIS2_PLACEMENT_3D('',#2569,#2570,#2571);
#2569 = CARTESIAN_POINT('',(58.5,25.,5.));
#2570 = DIRECTION('',(-1.,0.,0.));
#2571 = DIRECTION('',(0.,1.,0.));
#2572 = PCURVE('',#212,#2573);
#2573 = DEFINITIONAL_REPRESENTATION('',(#2574),#2582);
#2574 = ( BOUNDED_CURVE() B_SPLINE_CURVE(2,(#2575,#2576,#2577,#2578,
#2579,#2580,#2581),.UNSPECIFIED.,.T.,.F.) B_SPLINE_CURVE_WITH_KNOTS((1,2
    ,2,2,2,1),(-2.094395102393,0.,2.094395102393,4.188790204786,
6.28318530718,8.377580409573),.UNSPECIFIED.) CURVE() 
GEOMETRIC_REPRESENTATION_ITEM() RATIONAL_B_SPLINE_CURVE((1.,0.5,1.,0.5,
1.,0.5,1.)) REPRESENTATION_ITEM('') );
#2575 = CARTESIAN_POINT('',(6.,-43.7));
#2576 = CARTESIAN_POINT('',(3.055513627133,-43.7));
#2577 = CARTESIAN_POINT('',(4.527756813566,-41.15));
#2578 = CARTESIAN_POINT('',(6.,-38.6));
#2579 = CARTESIAN_POINT('',(7.472243186434,-41.15));
#2580 = CARTESIAN_POINT('',(8.944486372867,-43.7));
#2581 = CARTESIAN_POINT('',(6.,-43.7));
#2582 = ( GEOMETRIC_REPRESENTATION_CONTEXT(2) 
PARAMETRIC_REPRESENTATION_CONTEXT() REPRESENTATION_CONTEXT('2D SPACE',''
  ) );
#2583 = PCURVE('',#2584,#2589);
#2584 = CYLINDRICAL_SURFACE('',#2585,1.7);
#2585 = AXIS2_PLACEMENT_3D('',#2586,#2587,#2588);
#2586 = CARTESIAN_POINT('',(56.,25.,5.));
#2587 = DIRECTION('',(-1.,-0.,-0.));
#2588 = DIRECTION('',(0.,1.,0.));
#2589 = DEFINITIONAL_REPRESENTATION('',(#2590),#2594);
#2590 = LINE('',#2591,#2592);
#2591 = CARTESIAN_POINT('',(-6.28318530718,-2.5));
#2592 = VECTOR('',#2593,1.);
#2593 = DIRECTION('',(1.,-0.));
#2594 = ( GEOMETRIC_REPRESENTATION_CONTEXT(2) 
PARAMETRIC_REPRESENTATION_CONTEXT() REPRESENTATION_CONTEXT('2D SPACE',''
  ) );
#2595 = ADVANCED_FACE('',(#2596),#239,.F.);
#2596 = FACE_BOUND('',#2597,.F.);
#2597 = EDGE_LOOP('',(#2598,#2599,#2622,#2643));
#2598 = ORIENTED_EDGE('',*,*,#2506,.F.);
#2599 = ORIENTED_EDGE('',*,*,#2600,.T.);
#2600 = EDGE_CURVE('',#2486,#2601,#2603,.T.);
#2601 = VERTEX_POINT('',#2602);
#2602 = CARTESIAN_POINT('',(61.,0.,0.));
#2603 = SURFACE_CURVE('',#2604,(#2608,#2615),.PCURVE_S1.);
#2604 = LINE('',#2605,#2606);
#2605 = CARTESIAN_POINT('',(-61.,0.,0.));
#2606 = VECTOR('',#2607,1.);
#2607 = DIRECTION('',(1.,0.,0.));
#2608 = PCURVE('',#239,#2609);
#2609 = DEFINITIONAL_REPRESENTATION('',(#2610),#2614);
#2610 = LINE('',#2611,#2612);
#2611 = CARTESIAN_POINT('',(0.,0.));
#2612 = VECTOR('',#2613,1.);
#2613 = DIRECTION('',(0.,-1.));
#2614 = ( GEOMETRIC_REPRESENTATION_CONTEXT(2) 
PARAMETRIC_REPRESENTATION_CONTEXT() REPRESENTATION_CONTEXT('2D SPACE',''
  ) );
#2615 = PCURVE('',#1956,#2616);
#2616 = DEFINITIONAL_REPRESENTATION('',(#2617),#2621);
#2617 = LINE('',#2618,#2619);
#2618 = CARTESIAN_POINT('',(110.,0.));
#2619 = VECTOR('',#2620,1.);
#2620 = DIRECTION('',(0.,-1.));
#2621 = ( GEOMETRIC_REPRESENTATION_CONTEXT(2) 
PARAMETRIC_REPRESENTATION_CONTEXT() REPRESENTATION_CONTEXT('2D SPACE',''
  ) );
#2622 = ORIENTED_EDGE('',*,*,#2623,.T.);
#2623 = EDGE_CURVE('',#2601,#224,#2624,.T.);
#2624 = SURFACE_CURVE('',#2625,(#2629,#2636),.PCURVE_S1.);
#2625 = LINE('',#2626,#2627);
#2626 = CARTESIAN_POINT('',(61.,0.,0.));
#2627 = VECTOR('',#2628,1.);
#2628 = DIRECTION('',(0.,1.,0.));
#2629 = PCURVE('',#239,#2630);
#2630 = DEFINITIONAL_REPRESENTATION('',(#2631),#2635);
#2631 = LINE('',#2632,#2633);
#2632 = CARTESIAN_POINT('',(0.,-122.));
#2633 = VECTOR('',#2634,1.);
#2634 = DIRECTION('',(1.,0.));
#2635 = ( GEOMETRIC_REPRESENTATION_CONTEXT(2) 
PARAMETRIC_REPRESENTATION_CONTEXT() REPRESENTATION_CONTEXT('2D SPACE',''
  ) );
#2636 = PCURVE('',#267,#2637);
#2637 = DEFINITIONAL_REPRESENTATION('',(#2638),#2642);
#2638 = LINE('',#2639,#2640);
#2639 = CARTESIAN_POINT('',(-99.84615384615,70.596153846154));
#2640 = VECTOR('',#2641,1.);
#2641 = DIRECTION('',(0.,-1.));
#2642 = ( GEOMETRIC_REPRESENTATION_CONTEXT(2) 
PARAMETRIC_REPRESENTATION_CONTEXT() REPRESENTATION_CONTEXT('2D SPACE',''
  ) );
#2643 = ORIENTED_EDGE('',*,*,#223,.F.);
#2644 = ADVANCED_FACE('',(#2645,#2744,#2774),#267,.T.);
#2645 = FACE_BOUND('',#2646,.T.);
#2646 = EDGE_LOOP('',(#2647,#2648,#2671,#2699,#2722,#2743));
#2647 = ORIENTED_EDGE('',*,*,#251,.T.);
#2648 = ORIENTED_EDGE('',*,*,#2649,.T.);
#2649 = EDGE_CURVE('',#252,#2650,#2652,.T.);
#2650 = VERTEX_POINT('',#2651);
#2651 = CARTESIAN_POINT('',(61.,-6.,190.));
#2652 = SURFACE_CURVE('',#2653,(#2657,#2664),.PCURVE_S1.);
#2653 = LINE('',#2654,#2655);
#2654 = CARTESIAN_POINT('',(61.,149.5,190.));
#2655 = VECTOR('',#2656,1.);
#2656 = DIRECTION('',(0.,-1.,0.));
#2657 = PCURVE('',#267,#2658);
#2658 = DEFINITIONAL_REPRESENTATION('',(#2659),#2663);
#2659 = LINE('',#2660,#2661);
#2660 = CARTESIAN_POINT('',(90.153846153846,-78.90384615384));
#2661 = VECTOR('',#2662,1.);
#2662 = DIRECTION('',(0.,1.));
#2663 = ( GEOMETRIC_REPRESENTATION_CONTEXT(2) 
PARAMETRIC_REPRESENTATION_CONTEXT() REPRESENTATION_CONTEXT('2D SPACE',''
  ) );
#2664 = PCURVE('',#298,#2665);
#2665 = DEFINITIONAL_REPRESENTATION('',(#2666),#2670);
#2666 = LINE('',#2667,#2668);
#2667 = CARTESIAN_POINT('',(-1.570796326795,0.));
#2668 = VECTOR('',#2669,1.);
#2669 = DIRECTION('',(-0.,1.));
#2670 = ( GEOMETRIC_REPRESENTATION_CONTEXT(2) 
PARAMETRIC_REPRESENTATION_CONTEXT() REPRESENTATION_CONTEXT('2D SPACE',''
  ) );
#2671 = ORIENTED_EDGE('',*,*,#2672,.T.);
#2672 = EDGE_CURVE('',#2650,#2673,#2675,.T.);
#2673 = VERTEX_POINT('',#2674);
#2674 = CARTESIAN_POINT('',(61.,-6.,113.));
#2675 = SURFACE_CURVE('',#2676,(#2680,#2687),.PCURVE_S1.);
#2676 = LINE('',#2677,#2678);
#2677 = CARTESIAN_POINT('',(61.,-6.,196.));
#2678 = VECTOR('',#2679,1.);
#2679 = DIRECTION('',(0.,0.,-1.));
#2680 = PCURVE('',#267,#2681);
#2681 = DEFINITIONAL_REPRESENTATION('',(#2682),#2686);
#2682 = LINE('',#2683,#2684);
#2683 = CARTESIAN_POINT('',(96.153846153846,76.596153846154));
#2684 = VECTOR('',#2685,1.);
#2685 = DIRECTION('',(-1.,0.));
#2686 = ( GEOMETRIC_REPRESENTATION_CONTEXT(2) 
PARAMETRIC_REPRESENTATION_CONTEXT() REPRESENTATION_CONTEXT('2D SPACE',''
  ) );
#2687 = PCURVE('',#2688,#2693);
#2688 = CYLINDRICAL_SURFACE('',#2689,6.);
#2689 = AXIS2_PLACEMENT_3D('',#2690,#2691,#2692);
#2690 = CARTESIAN_POINT('',(55.,-6.,196.));
#2691 = DIRECTION('',(0.,0.,-1.));
#2692 = DIRECTION('',(0.,-1.,-0.));
#2693 = DEFINITIONAL_REPRESENTATION('',(#2694),#2698);
#2694 = LINE('',#2695,#2696);
#2695 = CARTESIAN_POINT('',(-1.570796326795,0.));
#2696 = VECTOR('',#2697,1.);
#2697 = DIRECTION('',(-0.,1.));
#2698 = ( GEOMETRIC_REPRESENTATION_CONTEXT(2) 
PARAMETRIC_REPRESENTATION_CONTEXT() REPRESENTATION_CONTEXT('2D SPACE',''
  ) );
#2699 = ORIENTED_EDGE('',*,*,#2700,.T.);
#2700 = EDGE_CURVE('',#2673,#2701,#2703,.T.);
#2701 = VERTEX_POINT('',#2702);
#2702 = CARTESIAN_POINT('',(61.,0.,113.));
#2703 = SURFACE_CURVE('',#2704,(#2708,#2715),.PCURVE_S1.);
#2704 = LINE('',#2705,#2706);
#2705 = CARTESIAN_POINT('',(61.,-12.,113.));
#2706 = VECTOR('',#2707,1.);
#2707 = DIRECTION('',(0.,1.,0.));
#2708 = PCURVE('',#267,#2709);
#2709 = DEFINITIONAL_REPRESENTATION('',(#2710),#2714);
#2710 = LINE('',#2711,#2712);
#2711 = CARTESIAN_POINT('',(13.153846153846,82.596153846154));
#2712 = VECTOR('',#2713,1.);
#2713 = DIRECTION('',(0.,-1.));
#2714 = ( GEOMETRIC_REPRESENTATION_CONTEXT(2) 
PARAMETRIC_REPRESENTATION_CONTEXT() REPRESENTATION_CONTEXT('2D SPACE',''
  ) );
#2715 = PCURVE('',#1928,#2716);
#2716 = DEFINITIONAL_REPRESENTATION('',(#2717),#2721);
#2717 = LINE('',#2718,#2719);
#2718 = CARTESIAN_POINT('',(-1.570796326795,0.));
#2719 = VECTOR('',#2720,1.);
#2720 = DIRECTION('',(-0.,1.));
#2721 = ( GEOMETRIC_REPRESENTATION_CONTEXT(2) 
PARAMETRIC_REPRESENTATION_CONTEXT() REPRESENTATION_CONTEXT('2D SPACE',''
  ) );
#2722 = ORIENTED_EDGE('',*,*,#2723,.T.);
#2723 = EDGE_CURVE('',#2701,#2601,#2724,.T.);
#2724 = SURFACE_CURVE('',#2725,(#2729,#2736),.PCURVE_S1.);
#2725 = LINE('',#2726,#2727);
#2726 = CARTESIAN_POINT('',(61.,0.,113.));
#2727 = VECTOR('',#2728,1.);
#2728 = DIRECTION('',(0.,0.,-1.));
#2729 = PCURVE('',#267,#2730);
#2730 = DEFINITIONAL_REPRESENTATION('',(#2731),#2735);
#2731 = LINE('',#2732,#2733);
#2732 = CARTESIAN_POINT('',(13.153846153846,70.596153846154));
#2733 = VECTOR('',#2734,1.);
#2734 = DIRECTION('',(-1.,0.));
#2735 = ( GEOMETRIC_REPRESENTATION_CONTEXT(2) 
PARAMETRIC_REPRESENTATION_CONTEXT() REPRESENTATION_CONTEXT('2D SPACE',''
  ) );
#2736 = PCURVE('',#1956,#2737);
#2737 = DEFINITIONAL_REPRESENTATION('',(#2738),#2742);
#2738 = LINE('',#2739,#2740);
#2739 = CARTESIAN_POINT('',(-3.,-122.));
#2740 = VECTOR('',#2741,1.);
#2741 = DIRECTION('',(1.,0.));
#2742 = ( GEOMETRIC_REPRESENTATION_CONTEXT(2) 
PARAMETRIC_REPRESENTATION_CONTEXT() REPRESENTATION_CONTEXT('2D SPACE',''
  ) );
#2743 = ORIENTED_EDGE('',*,*,#2623,.T.);
#2744 = FACE_BOUND('',#2745,.T.);
#2745 = EDGE_LOOP('',(#2746));
#2746 = ORIENTED_EDGE('',*,*,#2747,.T.);
#2747 = EDGE_CURVE('',#2748,#2748,#2750,.T.);
#2748 = VERTEX_POINT('',#2749);
#2749 = CARTESIAN_POINT('',(61.,121.2,5.));
#2750 = SURFACE_CURVE('',#2751,(#2756,#2767),.PCURVE_S1.);
#2751 = CIRCLE('',#2752,1.7);
#2752 = AXIS2_PLACEMENT_3D('',#2753,#2754,#2755);
#2753 = CARTESIAN_POINT('',(61.,119.5,5.));
#2754 = DIRECTION('',(-1.,0.,0.));
#2755 = DIRECTION('',(0.,1.,0.));
#2756 = PCURVE('',#267,#2757);
#2757 = DEFINITIONAL_REPRESENTATION('',(#2758),#2766);
#2758 = ( BOUNDED_CURVE() B_SPLINE_CURVE(2,(#2759,#2760,#2761,#2762,
#2763,#2764,#2765),.UNSPECIFIED.,.T.,.F.) B_SPLINE_CURVE_WITH_KNOTS((1,2
    ,2,2,2,1),(-2.094395102393,0.,2.094395102393,4.188790204786,
6.28318530718,8.377580409573),.UNSPECIFIED.) CURVE() 
GEOMETRIC_REPRESENTATION_ITEM() RATIONAL_B_SPLINE_CURVE((1.,0.5,1.,0.5,
1.,0.5,1.)) REPRESENTATION_ITEM('') );
#2759 = CARTESIAN_POINT('',(-94.84615384615,-50.60384615384));
#2760 = CARTESIAN_POINT('',(-97.79064021902,-50.60384615384));
#2761 = CARTESIAN_POINT('',(-96.31839703258,-48.05384615384));
#2762 = CARTESIAN_POINT('',(-94.84615384615,-45.50384615384));
#2763 = CARTESIAN_POINT('',(-93.37391065972,-48.05384615384));
#2764 = CARTESIAN_POINT('',(-91.90166747328,-50.60384615384));
#2765 = CARTESIAN_POINT('',(-94.84615384615,-50.60384615384));
#2766 = ( GEOMETRIC_REPRESENTATION_CONTEXT(2) 
PARAMETRIC_REPRESENTATION_CONTEXT() REPRESENTATION_CONTEXT('2D SPACE',''
  ) );
#2767 = PCURVE('',#2549,#2768);
#2768 = DEFINITIONAL_REPRESENTATION('',(#2769),#2773);
#2769 = LINE('',#2770,#2771);
#2770 = CARTESIAN_POINT('',(-6.28318530718,-5.));
#2771 = VECTOR('',#2772,1.);
#2772 = DIRECTION('',(1.,-0.));
#2773 = ( GEOMETRIC_REPRESENTATION_CONTEXT(2) 
PARAMETRIC_REPRESENTATION_CONTEXT() REPRESENTATION_CONTEXT('2D SPACE',''
  ) );
#2774 = FACE_BOUND('',#2775,.T.);
#2775 = EDGE_LOOP('',(#2776));
#2776 = ORIENTED_EDGE('',*,*,#2777,.T.);
#2777 = EDGE_CURVE('',#2778,#2778,#2780,.T.);
#2778 = VERTEX_POINT('',#2779);
#2779 = CARTESIAN_POINT('',(61.,26.7,5.));
#2780 = SURFACE_CURVE('',#2781,(#2786,#2797),.PCURVE_S1.);
#2781 = CIRCLE('',#2782,1.7);
#2782 = AXIS2_PLACEMENT_3D('',#2783,#2784,#2785);
#2783 = CARTESIAN_POINT('',(61.,25.,5.));
#2784 = DIRECTION('',(-1.,0.,0.));
#2785 = DIRECTION('',(0.,1.,0.));
#2786 = PCURVE('',#267,#2787);
#2787 = DEFINITIONAL_REPRESENTATION('',(#2788),#2796);
#2788 = ( BOUNDED_CURVE() B_SPLINE_CURVE(2,(#2789,#2790,#2791,#2792,
#2793,#2794,#2795),.UNSPECIFIED.,.T.,.F.) B_SPLINE_CURVE_WITH_KNOTS((1,2
    ,2,2,2,1),(-2.094395102393,0.,2.094395102393,4.188790204786,
6.28318530718,8.377580409573),.UNSPECIFIED.) CURVE() 
GEOMETRIC_REPRESENTATION_ITEM() RATIONAL_B_SPLINE_CURVE((1.,0.5,1.,0.5,
1.,0.5,1.)) REPRESENTATION_ITEM('') );
#2789 = CARTESIAN_POINT('',(-94.84615384615,43.896153846154));
#2790 = CARTESIAN_POINT('',(-97.79064021902,43.896153846154));
#2791 = CARTESIAN_POINT('',(-96.31839703258,46.446153846154));
#2792 = CARTESIAN_POINT('',(-94.84615384615,48.996153846154));
#2793 = CARTESIAN_POINT('',(-93.37391065972,46.446153846154));
#2794 = CARTESIAN_POINT('',(-91.90166747328,43.896153846154));
#2795 = CARTESIAN_POINT('',(-94.84615384615,43.896153846154));
#2796 = ( GEOMETRIC_REPRESENTATION_CONTEXT(2) 
PARAMETRIC_REPRESENTATION_CONTEXT() REPRESENTATION_CONTEXT('2D SPACE',''
  ) );
#2797 = PCURVE('',#2584,#2798);
#2798 = DEFINITIONAL_REPRESENTATION('',(#2799),#2803);
#2799 = LINE('',#2800,#2801);
#2800 = CARTESIAN_POINT('',(-6.28318530718,-5.));
#2801 = VECTOR('',#2802,1.);
#2802 = DIRECTION('',(1.,-0.));
#2803 = ( GEOMETRIC_REPRESENTATION_CONTEXT(2) 
PARAMETRIC_REPRESENTATION_CONTEXT() REPRESENTATION_CONTEXT('2D SPACE',''
  ) );
#2804 = ADVANCED_FACE('',(#2805),#298,.T.);
#2805 = FACE_BOUND('',#2806,.F.);
#2806 = EDGE_LOOP('',(#2807,#2808,#2809,#2834));
#2807 = ORIENTED_EDGE('',*,*,#279,.T.);
#2808 = ORIENTED_EDGE('',*,*,#2649,.T.);
#2809 = ORIENTED_EDGE('',*,*,#2810,.T.);
#2810 = EDGE_CURVE('',#2650,#1209,#2811,.T.);
#2811 = SURFACE_CURVE('',#2812,(#2817,#2823),.PCURVE_S1.);
#2812 = CIRCLE('',#2813,6.);
#2813 = AXIS2_PLACEMENT_3D('',#2814,#2815,#2816);
#2814 = CARTESIAN_POINT('',(55.,-6.,190.));
#2815 = DIRECTION('',(0.,-1.,-1.480297366167E-16));
#2816 = DIRECTION('',(0.,-1.480297366167E-16,1.));
#2817 = PCURVE('',#298,#2818);
#2818 = DEFINITIONAL_REPRESENTATION('',(#2819),#2822);
#2819 = B_SPLINE_CURVE_WITH_KNOTS('',1,(#2820,#2821),.UNSPECIFIED.,.F.,
  .F.,(2,2),(4.712388980385,6.28318530718),.PIECEWISE_BEZIER_KNOTS.);
#2820 = CARTESIAN_POINT('',(-1.570796326795,155.5));
#2821 = CARTESIAN_POINT('',(0.,155.5));
#2822 = ( GEOMETRIC_REPRESENTATION_CONTEXT(2) 
PARAMETRIC_REPRESENTATION_CONTEXT() REPRESENTATION_CONTEXT('2D SPACE',''
  ) );
#2823 = PCURVE('',#2824,#2829);
#2824 = SPHERICAL_SURFACE('',#2825,6.);
#2825 = AXIS2_PLACEMENT_3D('',#2826,#2827,#2828);
#2826 = CARTESIAN_POINT('',(55.,-6.,190.));
#2827 = DIRECTION('',(-1.,-0.,-0.));
#2828 = DIRECTION('',(0.,-1.480297366167E-16,1.));
#2829 = DEFINITIONAL_REPRESENTATION('',(#2830),#2833);
#2830 = B_SPLINE_CURVE_WITH_KNOTS('',1,(#2831,#2832),.UNSPECIFIED.,.F.,
  .F.,(2,2),(4.712388980385,6.28318530718),.PIECEWISE_BEZIER_KNOTS.);
#2831 = CARTESIAN_POINT('',(0.,-1.570796326795));
#2832 = CARTESIAN_POINT('',(0.,0.));
#2833 = ( GEOMETRIC_REPRESENTATION_CONTEXT(2) 
PARAMETRIC_REPRESENTATION_CONTEXT() REPRESENTATION_CONTEXT('2D SPACE',''
  ) );
#2834 = ORIENTED_EDGE('',*,*,#1208,.F.);
#2835 = ADVANCED_FACE('',(#2836),#329,.F.);
#2836 = FACE_BOUND('',#2837,.F.);
#2837 = EDGE_LOOP('',(#2838,#2867,#2888,#2889));
#2838 = ORIENTED_EDGE('',*,*,#2839,.F.);
#2839 = EDGE_CURVE('',#2840,#2840,#2842,.T.);
#2840 = VERTEX_POINT('',#2841);
#2841 = CARTESIAN_POINT('',(50.95,135.5,118.8));
#2842 = SURFACE_CURVE('',#2843,(#2848,#2855),.PCURVE_S1.);
#2843 = CIRCLE('',#2844,1.25);
#2844 = AXIS2_PLACEMENT_3D('',#2845,#2846,#2847);
#2845 = CARTESIAN_POINT('',(49.7,135.5,118.8));
#2846 = DIRECTION('',(0.,-1.,0.));
#2847 = DIRECTION('',(1.,0.,0.));
#2848 = PCURVE('',#329,#2849);
#2849 = DEFINITIONAL_REPRESENTATION('',(#2850),#2854);
#2850 = LINE('',#2851,#2852);
#2851 = CARTESIAN_POINT('',(0.,0.));
#2852 = VECTOR('',#2853,1.);
#2853 = DIRECTION('',(1.,0.));
#2854 = ( GEOMETRIC_REPRESENTATION_CONTEXT(2) 
PARAMETRIC_REPRESENTATION_CONTEXT() REPRESENTATION_CONTEXT('2D SPACE',''
  ) );
#2855 = PCURVE('',#2856,#2861);
#2856 = PLANE('',#2857);
#2857 = AXIS2_PLACEMENT_3D('',#2858,#2859,#2860);
#2858 = CARTESIAN_POINT('',(49.7,135.5,118.8));
#2859 = DIRECTION('',(-0.,-1.,-0.));
#2860 = DIRECTION('',(0.,0.,-1.));
#2861 = DEFINITIONAL_REPRESENTATION('',(#2862),#2866);
#2862 = CIRCLE('',#2863,1.25);
#2863 = AXIS2_PLACEMENT_2D('',#2864,#2865);
#2864 = CARTESIAN_POINT('',(0.,0.));
#2865 = DIRECTION('',(0.,1.));
#2866 = ( GEOMETRIC_REPRESENTATION_CONTEXT(2) 
PARAMETRIC_REPRESENTATION_CONTEXT() REPRESENTATION_CONTEXT('2D SPACE',''
  ) );
#2867 = ORIENTED_EDGE('',*,*,#2868,.T.);
#2868 = EDGE_CURVE('',#2840,#313,#2869,.T.);
#2869 = SEAM_CURVE('',#2870,(#2874,#2881),.PCURVE_S1.);
#2870 = LINE('',#2871,#2872);
#2871 = CARTESIAN_POINT('',(50.95,135.5,118.8));
#2872 = VECTOR('',#2873,1.);
#2873 = DIRECTION('',(-0.,1.,-0.));
#2874 = PCURVE('',#329,#2875);
#2875 = DEFINITIONAL_REPRESENTATION('',(#2876),#2880);
#2876 = LINE('',#2877,#2878);
#2877 = CARTESIAN_POINT('',(6.28318530718,0.));
#2878 = VECTOR('',#2879,1.);
#2879 = DIRECTION('',(0.,-1.));
#2880 = ( GEOMETRIC_REPRESENTATION_CONTEXT(2) 
PARAMETRIC_REPRESENTATION_CONTEXT() REPRESENTATION_CONTEXT('2D SPACE',''
  ) );
#2881 = PCURVE('',#329,#2882);
#2882 = DEFINITIONAL_REPRESENTATION('',(#2883),#2887);
#2883 = LINE('',#2884,#2885);
#2884 = CARTESIAN_POINT('',(0.,0.));
#2885 = VECTOR('',#2886,1.);
#2886 = DIRECTION('',(0.,-1.));
#2887 = ( GEOMETRIC_REPRESENTATION_CONTEXT(2) 
PARAMETRIC_REPRESENTATION_CONTEXT() REPRESENTATION_CONTEXT('2D SPACE',''
  ) );
#2888 = ORIENTED_EDGE('',*,*,#312,.T.);
#2889 = ORIENTED_EDGE('',*,*,#2868,.F.);
#2890 = ADVANCED_FACE('',(#2891),#360,.F.);
#2891 = FACE_BOUND('',#2892,.F.);
#2892 = EDGE_LOOP('',(#2893,#2922,#2943,#2944));
#2893 = ORIENTED_EDGE('',*,*,#2894,.F.);
#2894 = EDGE_CURVE('',#2895,#2895,#2897,.T.);
#2895 = VERTEX_POINT('',#2896);
#2896 = CARTESIAN_POINT('',(50.95,135.5,183.7));
#2897 = SURFACE_CURVE('',#2898,(#2903,#2910),.PCURVE_S1.);
#2898 = CIRCLE('',#2899,1.25);
#2899 = AXIS2_PLACEMENT_3D('',#2900,#2901,#2902);
#2900 = CARTESIAN_POINT('',(49.7,135.5,183.7));
#2901 = DIRECTION('',(0.,-1.,0.));
#2902 = DIRECTION('',(1.,0.,0.));
#2903 = PCURVE('',#360,#2904);
#2904 = DEFINITIONAL_REPRESENTATION('',(#2905),#2909);
#2905 = LINE('',#2906,#2907);
#2906 = CARTESIAN_POINT('',(0.,0.));
#2907 = VECTOR('',#2908,1.);
#2908 = DIRECTION('',(1.,0.));
#2909 = ( GEOMETRIC_REPRESENTATION_CONTEXT(2) 
PARAMETRIC_REPRESENTATION_CONTEXT() REPRESENTATION_CONTEXT('2D SPACE',''
  ) );
#2910 = PCURVE('',#2911,#2916);
#2911 = PLANE('',#2912);
#2912 = AXIS2_PLACEMENT_3D('',#2913,#2914,#2915);
#2913 = CARTESIAN_POINT('',(49.7,135.5,183.7));
#2914 = DIRECTION('',(-0.,-1.,-0.));
#2915 = DIRECTION('',(0.,0.,-1.));
#2916 = DEFINITIONAL_REPRESENTATION('',(#2917),#2921);
#2917 = CIRCLE('',#2918,1.25);
#2918 = AXIS2_PLACEMENT_2D('',#2919,#2920);
#2919 = CARTESIAN_POINT('',(0.,0.));
#2920 = DIRECTION('',(0.,1.));
#2921 = ( GEOMETRIC_REPRESENTATION_CONTEXT(2) 
PARAMETRIC_REPRESENTATION_CONTEXT() REPRESENTATION_CONTEXT('2D SPACE',''
  ) );
#2922 = ORIENTED_EDGE('',*,*,#2923,.T.);
#2923 = EDGE_CURVE('',#2895,#344,#2924,.T.);
#2924 = SEAM_CURVE('',#2925,(#2929,#2936),.PCURVE_S1.);
#2925 = LINE('',#2926,#2927);
#2926 = CARTESIAN_POINT('',(50.95,135.5,183.7));
#2927 = VECTOR('',#2928,1.);
#2928 = DIRECTION('',(-0.,1.,-0.));
#2929 = PCURVE('',#360,#2930);
#2930 = DEFINITIONAL_REPRESENTATION('',(#2931),#2935);
#2931 = LINE('',#2932,#2933);
#2932 = CARTESIAN_POINT('',(6.28318530718,0.));
#2933 = VECTOR('',#2934,1.);
#2934 = DIRECTION('',(0.,-1.));
#2935 = ( GEOMETRIC_REPRESENTATION_CONTEXT(2) 
PARAMETRIC_REPRESENTATION_CONTEXT() REPRESENTATION_CONTEXT('2D SPACE',''
  ) );
#2936 = PCURVE('',#360,#2937);
#2937 = DEFINITIONAL_REPRESENTATION('',(#2938),#2942);
#2938 = LINE('',#2939,#2940);
#2939 = CARTESIAN_POINT('',(0.,0.));
#2940 = VECTOR('',#2941,1.);
#2941 = DIRECTION('',(0.,-1.));
#2942 = ( GEOMETRIC_REPRESENTATION_CONTEXT(2) 
PARAMETRIC_REPRESENTATION_CONTEXT() REPRESENTATION_CONTEXT('2D SPACE',''
  ) );
#2943 = ORIENTED_EDGE('',*,*,#343,.T.);
#2944 = ORIENTED_EDGE('',*,*,#2923,.F.);
#2945 = ADVANCED_FACE('',(#2946),#391,.F.);
#2946 = FACE_BOUND('',#2947,.F.);
#2947 = EDGE_LOOP('',(#2948,#2977,#2998,#2999));
#2948 = ORIENTED_EDGE('',*,*,#2949,.F.);
#2949 = EDGE_CURVE('',#2950,#2950,#2952,.T.);
#2950 = VERTEX_POINT('',#2951);
#2951 = CARTESIAN_POINT('',(-48.45,135.5,118.8));
#2952 = SURFACE_CURVE('',#2953,(#2958,#2965),.PCURVE_S1.);
#2953 = CIRCLE('',#2954,1.25);
#2954 = AXIS2_PLACEMENT_3D('',#2955,#2956,#2957);
#2955 = CARTESIAN_POINT('',(-49.7,135.5,118.8));
#2956 = DIRECTION('',(0.,-1.,0.));
#2957 = DIRECTION('',(1.,0.,0.));
#2958 = PCURVE('',#391,#2959);
#2959 = DEFINITIONAL_REPRESENTATION('',(#2960),#2964);
#2960 = LINE('',#2961,#2962);
#2961 = CARTESIAN_POINT('',(0.,0.));
#2962 = VECTOR('',#2963,1.);
#2963 = DIRECTION('',(1.,0.));
#2964 = ( GEOMETRIC_REPRESENTATION_CONTEXT(2) 
PARAMETRIC_REPRESENTATION_CONTEXT() REPRESENTATION_CONTEXT('2D SPACE',''
  ) );
#2965 = PCURVE('',#2966,#2971);
#2966 = PLANE('',#2967);
#2967 = AXIS2_PLACEMENT_3D('',#2968,#2969,#2970);
#2968 = CARTESIAN_POINT('',(-49.7,135.5,118.8));
#2969 = DIRECTION('',(-0.,-1.,-0.));
#2970 = DIRECTION('',(0.,0.,-1.));
#2971 = DEFINITIONAL_REPRESENTATION('',(#2972),#2976);
#2972 = CIRCLE('',#2973,1.25);
#2973 = AXIS2_PLACEMENT_2D('',#2974,#2975);
#2974 = CARTESIAN_POINT('',(0.,0.));
#2975 = DIRECTION('',(0.,1.));
#2976 = ( GEOMETRIC_REPRESENTATION_CONTEXT(2) 
PARAMETRIC_REPRESENTATION_CONTEXT() REPRESENTATION_CONTEXT('2D SPACE',''
  ) );
#2977 = ORIENTED_EDGE('',*,*,#2978,.T.);
#2978 = EDGE_CURVE('',#2950,#375,#2979,.T.);
#2979 = SEAM_CURVE('',#2980,(#2984,#2991),.PCURVE_S1.);
#2980 = LINE('',#2981,#2982);
#2981 = CARTESIAN_POINT('',(-48.45,135.5,118.8));
#2982 = VECTOR('',#2983,1.);
#2983 = DIRECTION('',(-0.,1.,-0.));
#2984 = PCURVE('',#391,#2985);
#2985 = DEFINITIONAL_REPRESENTATION('',(#2986),#2990);
#2986 = LINE('',#2987,#2988);
#2987 = CARTESIAN_POINT('',(6.28318530718,0.));
#2988 = VECTOR('',#2989,1.);
#2989 = DIRECTION('',(0.,-1.));
#2990 = ( GEOMETRIC_REPRESENTATION_CONTEXT(2) 
PARAMETRIC_REPRESENTATION_CONTEXT() REPRESENTATION_CONTEXT('2D SPACE',''
  ) );
#2991 = PCURVE('',#391,#2992);
#2992 = DEFINITIONAL_REPRESENTATION('',(#2993),#2997);
#2993 = LINE('',#2994,#2995);
#2994 = CARTESIAN_POINT('',(0.,0.));
#2995 = VECTOR('',#2996,1.);
#2996 = DIRECTION('',(0.,-1.));
#2997 = ( GEOMETRIC_REPRESENTATION_CONTEXT(2) 
PARAMETRIC_REPRESENTATION_CONTEXT() REPRESENTATION_CONTEXT('2D SPACE',''
  ) );
#2998 = ORIENTED_EDGE('',*,*,#374,.T.);
#2999 = ORIENTED_EDGE('',*,*,#2978,.F.);
#3000 = ADVANCED_FACE('',(#3001),#423,.F.);
#3001 = FACE_BOUND('',#3002,.F.);
#3002 = EDGE_LOOP('',(#3003,#3031,#3059,#3085,#3236,#3264,#3290,#3309,
    #3310,#3331,#3357,#3385));
#3003 = ORIENTED_EDGE('',*,*,#3004,.F.);
#3004 = EDGE_CURVE('',#3005,#3007,#3009,.T.);
#3005 = VERTEX_POINT('',#3006);
#3006 = CARTESIAN_POINT('',(-46.,-6.,193.5));
#3007 = VERTEX_POINT('',#3008);
#3008 = CARTESIAN_POINT('',(-46.,9.,193.5));
#3009 = SURFACE_CURVE('',#3010,(#3014,#3020),.PCURVE_S1.);
#3010 = LINE('',#3011,#3012);
#3011 = CARTESIAN_POINT('',(-46.,31.625,193.5));
#3012 = VECTOR('',#3013,1.);
#3013 = DIRECTION('',(0.,1.,0.));
#3014 = PCURVE('',#423,#3015);
#3015 = DEFINITIONAL_REPRESENTATION('',(#3016),#3019);
#3016 = B_SPLINE_CURVE_WITH_KNOTS('',1,(#3017,#3018),.UNSPECIFIED.,.F.,
  .F.,(2,2),(-37.625,-22.625),.PIECEWISE_BEZIER_KNOTS.);
#3017 = CARTESIAN_POINT('',(-46.,-78.25));
#3018 = CARTESIAN_POINT('',(-46.,-63.25));
#3019 = ( GEOMETRIC_REPRESENTATION_CONTEXT(2) 
PARAMETRIC_REPRESENTATION_CONTEXT() REPRESENTATION_CONTEXT('2D SPACE',''
  ) );
#3020 = PCURVE('',#3021,#3026);
#3021 = PLANE('',#3022);
#3022 = AXIS2_PLACEMENT_3D('',#3023,#3024,#3025);
#3023 = CARTESIAN_POINT('',(-46.,-9.,181.));
#3024 = DIRECTION('',(1.,0.,0.));
#3025 = DIRECTION('',(0.,0.,1.));
#3026 = DEFINITIONAL_REPRESENTATION('',(#3027),#3030);
#3027 = B_SPLINE_CURVE_WITH_KNOTS('',1,(#3028,#3029),.UNSPECIFIED.,.F.,
  .F.,(2,2),(-37.625,-22.625),.PIECEWISE_BEZIER_KNOTS.);
#3028 = CARTESIAN_POINT('',(12.5,-3.));
#3029 = CARTESIAN_POINT('',(12.5,-18.));
#3030 = ( GEOMETRIC_REPRESENTATION_CONTEXT(2) 
PARAMETRIC_REPRESENTATION_CONTEXT() REPRESENTATION_CONTEXT('2D SPACE',''
  ) );
#3031 = ORIENTED_EDGE('',*,*,#3032,.T.);
#3032 = EDGE_CURVE('',#3005,#3033,#3035,.T.);
#3033 = VERTEX_POINT('',#3034);
#3034 = CARTESIAN_POINT('',(46.,-6.,193.5));
#3035 = SURFACE_CURVE('',#3036,(#3040,#3047),.PCURVE_S1.);
#3036 = LINE('',#3037,#3038);
#3037 = CARTESIAN_POINT('',(-58.5,-6.,193.5));
#3038 = VECTOR('',#3039,1.);
#3039 = DIRECTION('',(1.,0.,0.));
#3040 = PCURVE('',#423,#3041);
#3041 = DEFINITIONAL_REPRESENTATION('',(#3042),#3046);
#3042 = LINE('',#3043,#3044);
#3043 = CARTESIAN_POINT('',(-58.5,-78.25));
#3044 = VECTOR('',#3045,1.);
#3045 = DIRECTION('',(1.,0.));
#3046 = ( GEOMETRIC_REPRESENTATION_CONTEXT(2) 
PARAMETRIC_REPRESENTATION_CONTEXT() REPRESENTATION_CONTEXT('2D SPACE',''
  ) );
#3047 = PCURVE('',#3048,#3053);
#3048 = PLANE('',#3049);
#3049 = AXIS2_PLACEMENT_3D('',#3050,#3051,#3052);
#3050 = CARTESIAN_POINT('',(-58.5,-6.,112.5));
#3051 = DIRECTION('',(0.,1.,0.));
#3052 = DIRECTION('',(1.,0.,0.));
#3053 = DEFINITIONAL_REPRESENTATION('',(#3054),#3058);
#3054 = LINE('',#3055,#3056);
#3055 = CARTESIAN_POINT('',(0.,-81.));
#3056 = VECTOR('',#3057,1.);
#3057 = DIRECTION('',(1.,0.));
#3058 = ( GEOMETRIC_REPRESENTATION_CONTEXT(2) 
PARAMETRIC_REPRESENTATION_CONTEXT() REPRESENTATION_CONTEXT('2D SPACE',''
  ) );
#3059 = ORIENTED_EDGE('',*,*,#3060,.T.);
#3060 = EDGE_CURVE('',#3033,#3061,#3063,.T.);
#3061 = VERTEX_POINT('',#3062);
#3062 = CARTESIAN_POINT('',(46.,9.,193.5));
#3063 = SURFACE_CURVE('',#3064,(#3068,#3074),.PCURVE_S1.);
#3064 = LINE('',#3065,#3066);
#3065 = CARTESIAN_POINT('',(46.,31.625,193.5));
#3066 = VECTOR('',#3067,1.);
#3067 = DIRECTION('',(0.,1.,0.));
#3068 = PCURVE('',#423,#3069);
#3069 = DEFINITIONAL_REPRESENTATION('',(#3070),#3073);
#3070 = B_SPLINE_CURVE_WITH_KNOTS('',1,(#3071,#3072),.UNSPECIFIED.,.F.,
  .F.,(2,2),(-37.625,-22.625),.PIECEWISE_BEZIER_KNOTS.);
#3071 = CARTESIAN_POINT('',(46.,-78.25));
#3072 = CARTESIAN_POINT('',(46.,-63.25));
#3073 = ( GEOMETRIC_REPRESENTATION_CONTEXT(2) 
PARAMETRIC_REPRESENTATION_CONTEXT() REPRESENTATION_CONTEXT('2D SPACE',''
  ) );
#3074 = PCURVE('',#3075,#3080);
#3075 = PLANE('',#3076);
#3076 = AXIS2_PLACEMENT_3D('',#3077,#3078,#3079);
#3077 = CARTESIAN_POINT('',(46.,-9.,181.));
#3078 = DIRECTION('',(1.,0.,0.));
#3079 = DIRECTION('',(0.,0.,1.));
#3080 = DEFINITIONAL_REPRESENTATION('',(#3081),#3084);
#3081 = B_SPLINE_CURVE_WITH_KNOTS('',1,(#3082,#3083),.UNSPECIFIED.,.F.,
  .F.,(2,2),(-37.625,-22.625),.PIECEWISE_BEZIER_KNOTS.);
#3082 = CARTESIAN_POINT('',(12.5,-3.));
#3083 = CARTESIAN_POINT('',(12.5,-18.));
#3084 = ( GEOMETRIC_REPRESENTATION_CONTEXT(2) 
PARAMETRIC_REPRESENTATION_CONTEXT() REPRESENTATION_CONTEXT('2D SPACE',''
  ) );
#3085 = ORIENTED_EDGE('',*,*,#3086,.T.);
#3086 = EDGE_CURVE('',#3061,#3087,#3089,.T.);
#3087 = VERTEX_POINT('',#3088);
#3088 = CARTESIAN_POINT('',(55.,17.7890625,193.5));
#3089 = SURFACE_CURVE('',#3090,(#3135,#3183),.PCURVE_S1.);
#3090 = B_SPLINE_CURVE_WITH_KNOTS('',7,(#3091,#3092,#3093,#3094,#3095,
    #3096,#3097,#3098,#3099,#3100,#3101,#3102,#3103,#3104,#3105,#3106,
    #3107,#3108,#3109,#3110,#3111,#3112,#3113,#3114,#3115,#3116,#3117,
    #3118,#3119,#3120,#3121,#3122,#3123,#3124,#3125,#3126,#3127,#3128,
    #3129,#3130,#3131,#3132,#3133,#3134),.UNSPECIFIED.,.F.,.F.,(8,6,6,6,
    6,6,6,8),(0.,0.450879468414,0.769437037276,0.88272278026,
    0.940908835391,0.970359784319,0.98516214047,1.),.UNSPECIFIED.);
#3091 = CARTESIAN_POINT('',(46.,9.,193.5));
#3092 = CARTESIAN_POINT('',(46.585325152763,9.571606594495,193.5));
#3093 = CARTESIAN_POINT('',(47.170540196763,10.143105660901,193.5));
#3094 = CARTESIAN_POINT('',(47.755647905403,10.71449990762,193.5));
#3095 = CARTESIAN_POINT('',(48.340614490088,11.285756337977,193.5));
#3096 = CARTESIAN_POINT('',(48.925363172688,11.856799973328,193.5));
#3097 = CARTESIAN_POINT('',(49.509771980542,12.427511699748,193.5));
#3098 = CARTESIAN_POINT('',(50.506163053163,13.400549856604,193.5));
#3099 = CARTESIAN_POINT('',(50.918335569983,13.803062080061,193.5));
#3100 = CARTESIAN_POINT('',(51.330168804241,14.205242972894,193.5));
#3101 = CARTESIAN_POINT('',(51.741552333995,14.606984701165,193.5));
#3102 = CARTESIAN_POINT('',(52.152239957492,15.008046833489,193.5));
#3103 = CARTESIAN_POINT('',(52.561839384335,15.408046273764,193.5));
#3104 = CARTESIAN_POINT('',(53.11478597226,15.948033176035,193.5));
#3105 = CARTESIAN_POINT('',(53.259613743735,16.089466546617,193.5));
#3106 = CARTESIAN_POINT('',(53.404183686882,16.230648131721,193.5));
#3107 = CARTESIAN_POINT('',(53.548453127838,16.371536257654,193.5));
#3108 = CARTESIAN_POINT('',(53.692366538743,16.512076697991,193.5));
#3109 = CARTESIAN_POINT('',(53.835854603671,16.652201761397,193.5));
#3110 = CARTESIAN_POINT('',(54.052270287229,16.863545202372,193.5));
#3111 = CARTESIAN_POINT('',(54.125571958208,16.935128865438,193.5));
#3112 = CARTESIAN_POINT('',(54.198726610738,17.006568955798,193.5));
#3113 = CARTESIAN_POINT('',(54.271720605296,17.07785215361,193.5));
#3114 = CARTESIAN_POINT('',(54.344538349607,17.148963232038,193.5));
#3115 = CARTESIAN_POINT('',(54.417162298636,17.219885057262,193.5));
#3116 = CARTESIAN_POINT('',(54.526223704085,17.32639033602,193.5));
#3117 = CARTESIAN_POINT('',(54.562819741522,17.362128653831,193.5));
#3118 = CARTESIAN_POINT('',(54.599358500757,17.397811035895,193.5));
#3119 = CARTESIAN_POINT('',(54.635837233555,17.433434798393,193.5));
#3120 = CARTESIAN_POINT('',(54.672253009601,17.468997079688,193.5));
#3121 = CARTESIAN_POINT('',(54.708602716496,17.504494840328,193.5));
#3122 = CARTESIAN_POINT('',(54.763117941206,17.557732364459,193.5));
#3123 = CARTESIAN_POINT('',(54.781352555263,17.575539604749,193.5));
#3124 = CARTESIAN_POINT('',(54.799586899303,17.593346581351,193.5));
#3125 = CARTESIAN_POINT('',(54.817820970613,17.611153291614,193.5));
#3126 = CARTESIAN_POINT('',(54.836054766395,17.628959732808,193.5));
#3127 = CARTESIAN_POINT('',(54.854288283769,17.646765902118,193.5));
#3128 = CARTESIAN_POINT('',(54.890798488094,17.682420398529,193.5));
#3129 = CARTESIAN_POINT('',(54.908971240928,17.700167227469,193.5));
#3130 = CARTESIAN_POINT('',(54.92716697877,17.717936502705,193.5));
#3131 = CARTESIAN_POINT('',(54.945435050934,17.735776416928,193.5));
#3132 = CARTESIAN_POINT('',(54.963746507558,17.753658698787,193.5));
#3133 = CARTESIAN_POINT('',(54.981995138621,17.77147962756,193.5));
#3134 = CARTESIAN_POINT('',(55.,17.7890625,193.5));
#3135 = PCURVE('',#423,#3136);
#3136 = DEFINITIONAL_REPRESENTATION('',(#3137),#3182);
#3137 = B_SPLINE_CURVE_WITH_KNOTS('',7,(#3138,#3139,#3140,#3141,#3142,
    #3143,#3144,#3145,#3146,#3147,#3148,#3149,#3150,#3151,#3152,#3153,
    #3154,#3155,#3156,#3157,#3158,#3159,#3160,#3161,#3162,#3163,#3164,
    #3165,#3166,#3167,#3168,#3169,#3170,#3171,#3172,#3173,#3174,#3175,
    #3176,#3177,#3178,#3179,#3180,#3181),.UNSPECIFIED.,.F.,.F.,(8,6,6,6,
    6,6,6,8),(0.,0.450879468414,0.769437037276,0.88272278026,
    0.940908835391,0.970359784319,0.98516214047,1.),.UNSPECIFIED.);
#3138 = CARTESIAN_POINT('',(46.,-63.25));
#3139 = CARTESIAN_POINT('',(46.585325152763,-62.6783934055));
#3140 = CARTESIAN_POINT('',(47.170540196763,-62.10689433909));
#3141 = CARTESIAN_POINT('',(47.755647905403,-61.53550009238));
#3142 = CARTESIAN_POINT('',(48.340614490088,-60.96424366202));
#3143 = CARTESIAN_POINT('',(48.925363172688,-60.39320002667));
#3144 = CARTESIAN_POINT('',(49.509771980542,-59.82248830025));
#3145 = CARTESIAN_POINT('',(50.506163053163,-58.84945014339));
#3146 = CARTESIAN_POINT('',(50.918335569983,-58.44693791993));
#3147 = CARTESIAN_POINT('',(51.330168804241,-58.0447570271));
#3148 = CARTESIAN_POINT('',(51.741552333995,-57.64301529883));
#3149 = CARTESIAN_POINT('',(52.152239957492,-57.24195316651));
#3150 = CARTESIAN_POINT('',(52.561839384335,-56.84195372623));
#3151 = CARTESIAN_POINT('',(53.11478597226,-56.30196682396));
#3152 = CARTESIAN_POINT('',(53.259613743735,-56.16053345338));
#3153 = CARTESIAN_POINT('',(53.404183686882,-56.01935186827));
#3154 = CARTESIAN_POINT('',(53.548453127838,-55.87846374234));
#3155 = CARTESIAN_POINT('',(53.692366538743,-55.737923302));
#3156 = CARTESIAN_POINT('',(53.835854603671,-55.5977982386));
#3157 = CARTESIAN_POINT('',(54.052270287229,-55.38645479762));
#3158 = CARTESIAN_POINT('',(54.125571958208,-55.31487113456));
#3159 = CARTESIAN_POINT('',(54.198726610738,-55.2434310442));
#3160 = CARTESIAN_POINT('',(54.271720605296,-55.17214784639));
#3161 = CARTESIAN_POINT('',(54.344538349607,-55.10103676796));
#3162 = CARTESIAN_POINT('',(54.417162298636,-55.03011494273));
#3163 = CARTESIAN_POINT('',(54.526223704085,-54.92360966398));
#3164 = CARTESIAN_POINT('',(54.562819741522,-54.88787134616));
#3165 = CARTESIAN_POINT('',(54.599358500757,-54.8521889641));
#3166 = CARTESIAN_POINT('',(54.635837233555,-54.8165652016));
#3167 = CARTESIAN_POINT('',(54.672253009601,-54.78100292031));
#3168 = CARTESIAN_POINT('',(54.708602716496,-54.74550515967));
#3169 = CARTESIAN_POINT('',(54.763117941206,-54.69226763554));
#3170 = CARTESIAN_POINT('',(54.781352555263,-54.67446039525));
#3171 = CARTESIAN_POINT('',(54.799586899303,-54.65665341864));
#3172 = CARTESIAN_POINT('',(54.817820970613,-54.63884670838));
#3173 = CARTESIAN_POINT('',(54.836054766395,-54.62104026719));
#3174 = CARTESIAN_POINT('',(54.854288283769,-54.60323409788));
#3175 = CARTESIAN_POINT('',(54.890798488094,-54.56757960147));
#3176 = CARTESIAN_POINT('',(54.908971240928,-54.54983277253));
#3177 = CARTESIAN_POINT('',(54.92716697877,-54.53206349729));
#3178 = CARTESIAN_POINT('',(54.945435050934,-54.51422358307));
#3179 = CARTESIAN_POINT('',(54.963746507558,-54.49634130121));
#3180 = CARTESIAN_POINT('',(54.981995138621,-54.47852037244));
#3181 = CARTESIAN_POINT('',(55.,-54.4609375));
#3182 = ( GEOMETRIC_REPRESENTATION_CONTEXT(2) 
PARAMETRIC_REPRESENTATION_CONTEXT() REPRESENTATION_CONTEXT('2D SPACE',''
  ) );
#3183 = PCURVE('',#3184,#3189);
#3184 = B_SPLINE_SURFACE_WITH_KNOTS('',1,1,(
    (#3185,#3186)
    ,(#3187,#3188
    )),.UNSPECIFIED.,.F.,.F.,.F.,(2,2),(2,2),(0.,13.),(0.,1.),
  .PIECEWISE_BEZIER_KNOTS.);
#3185 = CARTESIAN_POINT('',(46.,9.,194.));
#3186 = CARTESIAN_POINT('',(58.8,21.5,194.2));
#3187 = CARTESIAN_POINT('',(46.,9.,181.));
#3188 = CARTESIAN_POINT('',(58.8,21.5,193.8));
#3189 = DEFINITIONAL_REPRESENTATION('',(#3190),#3235);
#3190 = B_SPLINE_CURVE_WITH_KNOTS('',7,(#3191,#3192,#3193,#3194,#3195,
    #3196,#3197,#3198,#3199,#3200,#3201,#3202,#3203,#3204,#3205,#3206,
    #3207,#3208,#3209,#3210,#3211,#3212,#3213,#3214,#3215,#3216,#3217,
    #3218,#3219,#3220,#3221,#3222,#3223,#3224,#3225,#3226,#3227,#3228,
    #3229,#3230,#3231,#3232,#3233,#3234),.UNSPECIFIED.,.F.,.F.,(8,6,6,6,
    6,6,6,8),(0.,0.450879468414,0.769437037276,0.88272278026,
    0.940908835391,0.970359784319,0.98516214047,1.),.UNSPECIFIED.);
#3191 = CARTESIAN_POINT('',(0.5,0.));
#3192 = CARTESIAN_POINT('',(0.531306453483,4.572852755958E-02));
#3193 = CARTESIAN_POINT('',(0.565844204804,9.144845287211E-02));
#3194 = CARTESIAN_POINT('',(0.604216958299,0.13715999261));
#3195 = CARTESIAN_POINT('',(0.647198817704,0.182860507038));
#3196 = CARTESIAN_POINT('',(0.695877299016,0.228543997866));
#3197 = CARTESIAN_POINT('',(0.751720747254,0.27420093598));
#3198 = CARTESIAN_POINT('',(0.863648391781,0.352043988528));
#3199 = CARTESIAN_POINT('',(0.914843240882,0.384244966405));
#3200 = CARTESIAN_POINT('',(0.971813253132,0.416419437831));
#3201 = CARTESIAN_POINT('',(1.035738970526,0.448558776093));
#3202 = CARTESIAN_POINT('',(1.108249398042,0.480643746679));
#3203 = CARTESIAN_POINT('',(1.191555622159,0.512643701901));
#3204 = CARTESIAN_POINT('',(1.324168934288,0.555842654083));
#3205 = CARTESIAN_POINT('',(1.360790838469,0.567157323729));
#3206 = CARTESIAN_POINT('',(1.399413085478,0.578451850538));
#3207 = CARTESIAN_POINT('',(1.440223626789,0.589722900612));
#3208 = CARTESIAN_POINT('',(1.483437668292,0.600966135839));
#3209 = CARTESIAN_POINT('',(1.529303950175,0.612176140912));
#3210 = CARTESIAN_POINT('',(1.6031794174,0.62908361619));
#3211 = CARTESIAN_POINT('',(1.629023434643,0.634810309235));
#3212 = CARTESIAN_POINT('',(1.655681867867,0.640525516464));
#3213 = CARTESIAN_POINT('',(1.683196350223,0.646228172289));
#3214 = CARTESIAN_POINT('',(1.711611358699,0.651917058563));
#3215 = CARTESIAN_POINT('',(1.740974214117,0.657590804581));
#3216 = CARTESIAN_POINT('',(1.786702274219,0.666111226882));
#3217 = CARTESIAN_POINT('',(1.80232514535,0.668970292306));
#3218 = CARTESIAN_POINT('',(1.818210213147,0.671824882872));
#3219 = CARTESIAN_POINT('',(1.834364180232,0.674674783871));
#3220 = CARTESIAN_POINT('',(1.850793933233,0.677519766375));
#3221 = CARTESIAN_POINT('',(1.867506542785,0.680359587226));
#3222 = CARTESIAN_POINT('',(1.893055009494,0.684618589157));
#3223 = CARTESIAN_POINT('',(1.901682130131,0.68604316838));
#3224 = CARTESIAN_POINT('',(1.910392016515,0.687467726508));
#3225 = CARTESIAN_POINT('',(1.91918610243,0.688892263329));
#3226 = CARTESIAN_POINT('',(1.928065864369,0.690316778625));
#3227 = CARTESIAN_POINT('',(1.937032821531,0.691741272169));
#3228 = CARTESIAN_POINT('',(1.955165970204,0.694593631882));
#3229 = CARTESIAN_POINT('',(1.964280704564,0.696013378198));
#3230 = CARTESIAN_POINT('',(1.9734968385,0.697434920216));
#3231 = CARTESIAN_POINT('',(1.982840548676,0.698862113354));
#3232 = CARTESIAN_POINT('',(1.992301414376,0.700292695903));
#3233 = CARTESIAN_POINT('',(2.00182847054,0.701718370205));
#3234 = CARTESIAN_POINT('',(2.011320988275,0.703125));
#3235 = ( GEOMETRIC_REPRESENTATION_CONTEXT(2) 
PARAMETRIC_REPRESENTATION_CONTEXT() REPRESENTATION_CONTEXT('2D SPACE',''
  ) );
#3236 = ORIENTED_EDGE('',*,*,#3237,.T.);
#3237 = EDGE_CURVE('',#3087,#3238,#3240,.T.);
#3238 = VERTEX_POINT('',#3239);
#3239 = CARTESIAN_POINT('',(55.,131.5,193.5));
#3240 = SURFACE_CURVE('',#3241,(#3245,#3252),.PCURVE_S1.);
#3241 = LINE('',#3242,#3243);
#3242 = CARTESIAN_POINT('',(55.,-6.,193.5));
#3243 = VECTOR('',#3244,1.);
#3244 = DIRECTION('',(0.,1.,0.));
#3245 = PCURVE('',#423,#3246);
#3246 = DEFINITIONAL_REPRESENTATION('',(#3247),#3251);
#3247 = LINE('',#3248,#3249);
#3248 = CARTESIAN_POINT('',(55.,-78.25));
#3249 = VECTOR('',#3250,1.);
#3250 = DIRECTION('',(0.,1.));
#3251 = ( GEOMETRIC_REPRESENTATION_CONTEXT(2) 
PARAMETRIC_REPRESENTATION_CONTEXT() REPRESENTATION_CONTEXT('2D SPACE',''
  ) );
#3252 = PCURVE('',#3253,#3258);
#3253 = CYLINDRICAL_SURFACE('',#3254,3.5);
#3254 = AXIS2_PLACEMENT_3D('',#3255,#3256,#3257);
#3255 = CARTESIAN_POINT('',(55.,-6.,190.));
#3256 = DIRECTION('',(0.,1.,0.));
#3257 = DIRECTION('',(1.,0.,-0.));
#3258 = DEFINITIONAL_REPRESENTATION('',(#3259),#3263);
#3259 = LINE('',#3260,#3261);
#3260 = CARTESIAN_POINT('',(-1.570796326795,0.));
#3261 = VECTOR('',#3262,1.);
#3262 = DIRECTION('',(-0.,1.));
#3263 = ( GEOMETRIC_REPRESENTATION_CONTEXT(2) 
PARAMETRIC_REPRESENTATION_CONTEXT() REPRESENTATION_CONTEXT('2D SPACE',''
  ) );
#3264 = ORIENTED_EDGE('',*,*,#3265,.T.);
#3265 = EDGE_CURVE('',#3238,#3266,#3268,.T.);
#3266 = VERTEX_POINT('',#3267);
#3267 = CARTESIAN_POINT('',(46.,131.5,193.5));
#3268 = SURFACE_CURVE('',#3269,(#3273,#3279),.PCURVE_S1.);
#3269 = LINE('',#3270,#3271);
#3270 = CARTESIAN_POINT('',(23.,131.5,193.5));
#3271 = VECTOR('',#3272,1.);
#3272 = DIRECTION('',(-1.,0.,0.));
#3273 = PCURVE('',#423,#3274);
#3274 = DEFINITIONAL_REPRESENTATION('',(#3275),#3278);
#3275 = B_SPLINE_CURVE_WITH_KNOTS('',1,(#3276,#3277),.UNSPECIFIED.,.F.,
  .F.,(2,2),(-32.,-23.),.PIECEWISE_BEZIER_KNOTS.);
#3276 = CARTESIAN_POINT('',(55.,59.25));
#3277 = CARTESIAN_POINT('',(46.,59.25));
#3278 = ( GEOMETRIC_REPRESENTATION_CONTEXT(2) 
PARAMETRIC_REPRESENTATION_CONTEXT() REPRESENTATION_CONTEXT('2D SPACE',''
  ) );
#3279 = PCURVE('',#3280,#3285);
#3280 = PLANE('',#3281);
#3281 = AXIS2_PLACEMENT_3D('',#3282,#3283,#3284);
#3282 = CARTESIAN_POINT('',(46.,131.5,181.));
#3283 = DIRECTION('',(0.,1.,0.));
#3284 = DIRECTION('',(0.,0.,1.));
#3285 = DEFINITIONAL_REPRESENTATION('',(#3286),#3289);
#3286 = B_SPLINE_CURVE_WITH_KNOTS('',1,(#3287,#3288),.UNSPECIFIED.,.F.,
  .F.,(2,2),(-32.,-23.),.PIECEWISE_BEZIER_KNOTS.);
#3287 = CARTESIAN_POINT('',(12.5,9.));
#3288 = CARTESIAN_POINT('',(12.5,0.));
#3289 = ( GEOMETRIC_REPRESENTATION_CONTEXT(2) 
PARAMETRIC_REPRESENTATION_CONTEXT() REPRESENTATION_CONTEXT('2D SPACE',''
  ) );
#3290 = ORIENTED_EDGE('',*,*,#3291,.T.);
#3291 = EDGE_CURVE('',#3266,#406,#3292,.T.);
#3292 = SURFACE_CURVE('',#3293,(#3297,#3303),.PCURVE_S1.);
#3293 = LINE('',#3294,#3295);
#3294 = CARTESIAN_POINT('',(46.,101.875,193.5));
#3295 = VECTOR('',#3296,1.);
#3296 = DIRECTION('',(0.,1.,0.));
#3297 = PCURVE('',#423,#3298);
#3298 = DEFINITIONAL_REPRESENTATION('',(#3299),#3302);
#3299 = B_SPLINE_CURVE_WITH_KNOTS('',1,(#3300,#3301),.UNSPECIFIED.,.F.,
  .F.,(2,2),(29.625,47.625),.PIECEWISE_BEZIER_KNOTS.);
#3300 = CARTESIAN_POINT('',(46.,59.25));
#3301 = CARTESIAN_POINT('',(46.,77.25));
#3302 = ( GEOMETRIC_REPRESENTATION_CONTEXT(2) 
PARAMETRIC_REPRESENTATION_CONTEXT() REPRESENTATION_CONTEXT('2D SPACE',''
  ) );
#3303 = PCURVE('',#450,#3304);
#3304 = DEFINITIONAL_REPRESENTATION('',(#3305),#3308);
#3305 = B_SPLINE_CURVE_WITH_KNOTS('',1,(#3306,#3307),.UNSPECIFIED.,.F.,
  .F.,(2,2),(29.625,47.625),.PIECEWISE_BEZIER_KNOTS.);
#3306 = CARTESIAN_POINT('',(12.5,0.));
#3307 = CARTESIAN_POINT('',(12.5,-18.));
#3308 = ( GEOMETRIC_REPRESENTATION_CONTEXT(2) 
PARAMETRIC_REPRESENTATION_CONTEXT() REPRESENTATION_CONTEXT('2D SPACE',''
  ) );
#3309 = ORIENTED_EDGE('',*,*,#405,.T.);
#3310 = ORIENTED_EDGE('',*,*,#3311,.F.);
#3311 = EDGE_CURVE('',#3312,#408,#3314,.T.);
#3312 = VERTEX_POINT('',#3313);
#3313 = CARTESIAN_POINT('',(-46.,131.5,193.5));
#3314 = SURFACE_CURVE('',#3315,(#3319,#3325),.PCURVE_S1.);
#3315 = LINE('',#3316,#3317);
#3316 = CARTESIAN_POINT('',(-46.,101.875,193.5));
#3317 = VECTOR('',#3318,1.);
#3318 = DIRECTION('',(0.,1.,0.));
#3319 = PCURVE('',#423,#3320);
#3320 = DEFINITIONAL_REPRESENTATION('',(#3321),#3324);
#3321 = B_SPLINE_CURVE_WITH_KNOTS('',1,(#3322,#3323),.UNSPECIFIED.,.F.,
  .F.,(2,2),(29.625,47.625),.PIECEWISE_BEZIER_KNOTS.);
#3322 = CARTESIAN_POINT('',(-46.,59.25));
#3323 = CARTESIAN_POINT('',(-46.,77.25));
#3324 = ( GEOMETRIC_REPRESENTATION_CONTEXT(2) 
PARAMETRIC_REPRESENTATION_CONTEXT() REPRESENTATION_CONTEXT('2D SPACE',''
  ) );
#3325 = PCURVE('',#1161,#3326);
#3326 = DEFINITIONAL_REPRESENTATION('',(#3327),#3330);
#3327 = B_SPLINE_CURVE_WITH_KNOTS('',1,(#3328,#3329),.UNSPECIFIED.,.F.,
  .F.,(2,2),(29.625,47.625),.PIECEWISE_BEZIER_KNOTS.);
#3328 = CARTESIAN_POINT('',(12.5,0.));
#3329 = CARTESIAN_POINT('',(12.5,-18.));
#3330 = ( GEOMETRIC_REPRESENTATION_CONTEXT(2) 
PARAMETRIC_REPRESENTATION_CONTEXT() REPRESENTATION_CONTEXT('2D SPACE',''
  ) );
#3331 = ORIENTED_EDGE('',*,*,#3332,.T.);
#3332 = EDGE_CURVE('',#3312,#3333,#3335,.T.);
#3333 = VERTEX_POINT('',#3334);
#3334 = CARTESIAN_POINT('',(-55.,131.5,193.5));
#3335 = SURFACE_CURVE('',#3336,(#3340,#3346),.PCURVE_S1.);
#3336 = LINE('',#3337,#3338);
#3337 = CARTESIAN_POINT('',(-29.5,131.5,193.5));
#3338 = VECTOR('',#3339,1.);
#3339 = DIRECTION('',(-1.,0.,0.));
#3340 = PCURVE('',#423,#3341);
#3341 = DEFINITIONAL_REPRESENTATION('',(#3342),#3345);
#3342 = B_SPLINE_CURVE_WITH_KNOTS('',1,(#3343,#3344),.UNSPECIFIED.,.F.,
  .F.,(2,2),(16.5,25.5),.PIECEWISE_BEZIER_KNOTS.);
#3343 = CARTESIAN_POINT('',(-46.,59.25));
#3344 = CARTESIAN_POINT('',(-55.,59.25));
#3345 = ( GEOMETRIC_REPRESENTATION_CONTEXT(2) 
PARAMETRIC_REPRESENTATION_CONTEXT() REPRESENTATION_CONTEXT('2D SPACE',''
  ) );
#3346 = PCURVE('',#3347,#3352);
#3347 = PLANE('',#3348);
#3348 = AXIS2_PLACEMENT_3D('',#3349,#3350,#3351);
#3349 = CARTESIAN_POINT('',(-59.,131.5,181.));
#3350 = DIRECTION('',(0.,1.,0.));
#3351 = DIRECTION('',(0.,0.,1.));
#3352 = DEFINITIONAL_REPRESENTATION('',(#3353),#3356);
#3353 = B_SPLINE_CURVE_WITH_KNOTS('',1,(#3354,#3355),.UNSPECIFIED.,.F.,
  .F.,(2,2),(16.5,25.5),.PIECEWISE_BEZIER_KNOTS.);
#3354 = CARTESIAN_POINT('',(12.5,13.));
#3355 = CARTESIAN_POINT('',(12.5,4.));
#3356 = ( GEOMETRIC_REPRESENTATION_CONTEXT(2) 
PARAMETRIC_REPRESENTATION_CONTEXT() REPRESENTATION_CONTEXT('2D SPACE',''
  ) );
#3357 = ORIENTED_EDGE('',*,*,#3358,.T.);
#3358 = EDGE_CURVE('',#3333,#3359,#3361,.T.);
#3359 = VERTEX_POINT('',#3360);
#3360 = CARTESIAN_POINT('',(-55.,17.7890625,193.5));
#3361 = SURFACE_CURVE('',#3362,(#3366,#3373),.PCURVE_S1.);
#3362 = LINE('',#3363,#3364);
#3363 = CARTESIAN_POINT('',(-55.,150.5,193.5));
#3364 = VECTOR('',#3365,1.);
#3365 = DIRECTION('',(0.,-1.,0.));
#3366 = PCURVE('',#423,#3367);
#3367 = DEFINITIONAL_REPRESENTATION('',(#3368),#3372);
#3368 = LINE('',#3369,#3370);
#3369 = CARTESIAN_POINT('',(-55.,78.25));
#3370 = VECTOR('',#3371,1.);
#3371 = DIRECTION('',(0.,-1.));
#3372 = ( GEOMETRIC_REPRESENTATION_CONTEXT(2) 
PARAMETRIC_REPRESENTATION_CONTEXT() REPRESENTATION_CONTEXT('2D SPACE',''
  ) );
#3373 = PCURVE('',#3374,#3379);
#3374 = CYLINDRICAL_SURFACE('',#3375,3.5);
#3375 = AXIS2_PLACEMENT_3D('',#3376,#3377,#3378);
#3376 = CARTESIAN_POINT('',(-55.,150.5,190.));
#3377 = DIRECTION('',(0.,-1.,0.));
#3378 = DIRECTION('',(-1.,-0.,0.));
#3379 = DEFINITIONAL_REPRESENTATION('',(#3380),#3384);
#3380 = LINE('',#3381,#3382);
#3381 = CARTESIAN_POINT('',(-1.570796326795,0.));
#3382 = VECTOR('',#3383,1.);
#3383 = DIRECTION('',(-0.,1.));
#3384 = ( GEOMETRIC_REPRESENTATION_CONTEXT(2) 
PARAMETRIC_REPRESENTATION_CONTEXT() REPRESENTATION_CONTEXT('2D SPACE',''
  ) );
#3385 = ORIENTED_EDGE('',*,*,#3386,.F.);
#3386 = EDGE_CURVE('',#3007,#3359,#3387,.T.);
#3387 = SURFACE_CURVE('',#3388,(#3433,#3481),.PCURVE_S1.);
#3388 = B_SPLINE_CURVE_WITH_KNOTS('',7,(#3389,#3390,#3391,#3392,#3393,
    #3394,#3395,#3396,#3397,#3398,#3399,#3400,#3401,#3402,#3403,#3404,
    #3405,#3406,#3407,#3408,#3409,#3410,#3411,#3412,#3413,#3414,#3415,
    #3416,#3417,#3418,#3419,#3420,#3421,#3422,#3423,#3424,#3425,#3426,
    #3427,#3428,#3429,#3430,#3431,#3432),.UNSPECIFIED.,.F.,.F.,(8,6,6,6,
    6,6,6,8),(0.,0.450879468414,0.769437037276,0.88272278026,
    0.940908835391,0.970359784319,0.98516214047,1.),.UNSPECIFIED.);
#3389 = CARTESIAN_POINT('',(-46.,9.,193.5));
#3390 = CARTESIAN_POINT('',(-46.58532515276,9.571606594493,193.5));
#3391 = CARTESIAN_POINT('',(-47.17054019676,10.143105660906,193.5));
#3392 = CARTESIAN_POINT('',(-47.75564790539,10.714499907615,193.5));
#3393 = CARTESIAN_POINT('',(-48.34061449009,11.285756337981,193.5));
#3394 = CARTESIAN_POINT('',(-48.92536317268,11.856799973326,193.5));
#3395 = CARTESIAN_POINT('',(-49.50977198054,12.427511699749,193.5));
#3396 = CARTESIAN_POINT('',(-50.50616305316,13.400549856605,193.5));
#3397 = CARTESIAN_POINT('',(-50.91833556998,13.803062080062,193.5));
#3398 = CARTESIAN_POINT('',(-51.33016880424,14.205242972891,193.5));
#3399 = CARTESIAN_POINT('',(-51.74155233399,14.606984701168,193.5));
#3400 = CARTESIAN_POINT('',(-52.15223995749,15.008046833487,193.5));
#3401 = CARTESIAN_POINT('',(-52.56183938433,15.408046273765,193.5));
#3402 = CARTESIAN_POINT('',(-53.11478597226,15.948033176035,193.5));
#3403 = CARTESIAN_POINT('',(-53.25961374373,16.089466546617,193.5));
#3404 = CARTESIAN_POINT('',(-53.40418368688,16.23064813172,193.5));
#3405 = CARTESIAN_POINT('',(-53.54845312783,16.371536257654,193.5));
#3406 = CARTESIAN_POINT('',(-53.69236653874,16.512076697991,193.5));
#3407 = CARTESIAN_POINT('',(-53.83585460367,16.652201761397,193.5));
#3408 = CARTESIAN_POINT('',(-54.05227028722,16.863545202372,193.5));
#3409 = CARTESIAN_POINT('',(-54.1255719582,16.935128865438,193.5));
#3410 = CARTESIAN_POINT('',(-54.19872661073,17.006568955798,193.5));
#3411 = CARTESIAN_POINT('',(-54.27172060529,17.07785215361,193.5));
#3412 = CARTESIAN_POINT('',(-54.3445383496,17.148963232038,193.5));
#3413 = CARTESIAN_POINT('',(-54.41716229863,17.219885057262,193.5));
#3414 = CARTESIAN_POINT('',(-54.52622370408,17.32639033602,193.5));
#3415 = CARTESIAN_POINT('',(-54.56281974152,17.36212865383,193.5));
#3416 = CARTESIAN_POINT('',(-54.59935850075,17.397811035895,193.5));
#3417 = CARTESIAN_POINT('',(-54.63583723355,17.433434798393,193.5));
#3418 = CARTESIAN_POINT('',(-54.6722530096,17.468997079688,193.5));
#3419 = CARTESIAN_POINT('',(-54.70860271649,17.504494840328,193.5));
#3420 = CARTESIAN_POINT('',(-54.7631179412,17.557732364458,193.5));
#3421 = CARTESIAN_POINT('',(-54.78135255526,17.575539604749,193.5));
#3422 = CARTESIAN_POINT('',(-54.7995868993,17.593346581351,193.5));
#3423 = CARTESIAN_POINT('',(-54.81782097061,17.611153291614,193.5));
#3424 = CARTESIAN_POINT('',(-54.83605476639,17.628959732808,193.5));
#3425 = CARTESIAN_POINT('',(-54.85428828376,17.646765902118,193.5));
#3426 = CARTESIAN_POINT('',(-54.89079848809,17.682420398529,193.5));
#3427 = CARTESIAN_POINT('',(-54.90897124092,17.700167227469,193.5));
#3428 = CARTESIAN_POINT('',(-54.92716697877,17.717936502705,193.5));
#3429 = CARTESIAN_POINT('',(-54.94543505093,17.735776416928,193.5));
#3430 = CARTESIAN_POINT('',(-54.96374650755,17.753658698787,193.5));
#3431 = CARTESIAN_POINT('',(-54.98199513862,17.77147962756,193.5));
#3432 = CARTESIAN_POINT('',(-55.,17.7890625,193.5));
#3433 = PCURVE('',#423,#3434);
#3434 = DEFINITIONAL_REPRESENTATION('',(#3435),#3480);
#3435 = B_SPLINE_CURVE_WITH_KNOTS('',7,(#3436,#3437,#3438,#3439,#3440,
    #3441,#3442,#3443,#3444,#3445,#3446,#3447,#3448,#3449,#3450,#3451,
    #3452,#3453,#3454,#3455,#3456,#3457,#3458,#3459,#3460,#3461,#3462,
    #3463,#3464,#3465,#3466,#3467,#3468,#3469,#3470,#3471,#3472,#3473,
    #3474,#3475,#3476,#3477,#3478,#3479),.UNSPECIFIED.,.F.,.F.,(8,6,6,6,
    6,6,6,8),(0.,0.450879468414,0.769437037276,0.88272278026,
    0.940908835391,0.970359784319,0.98516214047,1.),.UNSPECIFIED.);
#3436 = CARTESIAN_POINT('',(-46.,-63.25));
#3437 = CARTESIAN_POINT('',(-46.58532515276,-62.6783934055));
#3438 = CARTESIAN_POINT('',(-47.17054019676,-62.10689433909));
#3439 = CARTESIAN_POINT('',(-47.75564790539,-61.53550009238));
#3440 = CARTESIAN_POINT('',(-48.34061449009,-60.96424366201));
#3441 = CARTESIAN_POINT('',(-48.92536317268,-60.39320002667));
#3442 = CARTESIAN_POINT('',(-49.50977198054,-59.82248830025));
#3443 = CARTESIAN_POINT('',(-50.50616305316,-58.84945014339));
#3444 = CARTESIAN_POINT('',(-50.91833556998,-58.44693791993));
#3445 = CARTESIAN_POINT('',(-51.33016880424,-58.0447570271));
#3446 = CARTESIAN_POINT('',(-51.74155233399,-57.64301529883));
#3447 = CARTESIAN_POINT('',(-52.15223995749,-57.24195316651));
#3448 = CARTESIAN_POINT('',(-52.56183938433,-56.84195372623));
#3449 = CARTESIAN_POINT('',(-53.11478597226,-56.30196682396));
#3450 = CARTESIAN_POINT('',(-53.25961374373,-56.16053345338));
#3451 = CARTESIAN_POINT('',(-53.40418368688,-56.01935186828));
#3452 = CARTESIAN_POINT('',(-53.54845312783,-55.87846374234));
#3453 = CARTESIAN_POINT('',(-53.69236653874,-55.737923302));
#3454 = CARTESIAN_POINT('',(-53.83585460367,-55.5977982386));
#3455 = CARTESIAN_POINT('',(-54.05227028722,-55.38645479762));
#3456 = CARTESIAN_POINT('',(-54.1255719582,-55.31487113456));
#3457 = CARTESIAN_POINT('',(-54.19872661073,-55.2434310442));
#3458 = CARTESIAN_POINT('',(-54.27172060529,-55.17214784639));
#3459 = CARTESIAN_POINT('',(-54.3445383496,-55.10103676796));
#3460 = CARTESIAN_POINT('',(-54.41716229863,-55.03011494273));
#3461 = CARTESIAN_POINT('',(-54.52622370408,-54.92360966398));
#3462 = CARTESIAN_POINT('',(-54.56281974152,-54.88787134617));
#3463 = CARTESIAN_POINT('',(-54.59935850075,-54.8521889641));
#3464 = CARTESIAN_POINT('',(-54.63583723355,-54.8165652016));
#3465 = CARTESIAN_POINT('',(-54.6722530096,-54.78100292031));
#3466 = CARTESIAN_POINT('',(-54.70860271649,-54.74550515967));
#3467 = CARTESIAN_POINT('',(-54.7631179412,-54.69226763554));
#3468 = CARTESIAN_POINT('',(-54.78135255526,-54.67446039525));
#3469 = CARTESIAN_POINT('',(-54.7995868993,-54.65665341864));
#3470 = CARTESIAN_POINT('',(-54.81782097061,-54.63884670838));
#3471 = CARTESIAN_POINT('',(-54.83605476639,-54.62104026719));
#3472 = CARTESIAN_POINT('',(-54.85428828376,-54.60323409788));
#3473 = CARTESIAN_POINT('',(-54.89079848809,-54.56757960147));
#3474 = CARTESIAN_POINT('',(-54.90897124092,-54.54983277253));
#3475 = CARTESIAN_POINT('',(-54.92716697877,-54.53206349729));
#3476 = CARTESIAN_POINT('',(-54.94543505093,-54.51422358307));
#3477 = CARTESIAN_POINT('',(-54.96374650755,-54.49634130121));
#3478 = CARTESIAN_POINT('',(-54.98199513862,-54.47852037244));
#3479 = CARTESIAN_POINT('',(-55.,-54.4609375));
#3480 = ( GEOMETRIC_REPRESENTATION_CONTEXT(2) 
PARAMETRIC_REPRESENTATION_CONTEXT() REPRESENTATION_CONTEXT('2D SPACE',''
  ) );
#3481 = PCURVE('',#3482,#3487);
#3482 = B_SPLINE_SURFACE_WITH_KNOTS('',1,1,(
    (#3483,#3484)
    ,(#3485,#3486
    )),.UNSPECIFIED.,.F.,.F.,.F.,(2,2),(2,2),(0.,13.),(0.,1.),
  .PIECEWISE_BEZIER_KNOTS.);
#3483 = CARTESIAN_POINT('',(-46.,9.,181.));
#3484 = CARTESIAN_POINT('',(-58.8,21.5,193.8));
#3485 = CARTESIAN_POINT('',(-46.,9.,194.));
#3486 = CARTESIAN_POINT('',(-58.8,21.5,194.2));
#3487 = DEFINITIONAL_REPRESENTATION('',(#3488),#3533);
#3488 = B_SPLINE_CURVE_WITH_KNOTS('',7,(#3489,#3490,#3491,#3492,#3493,
    #3494,#3495,#3496,#3497,#3498,#3499,#3500,#3501,#3502,#3503,#3504,
    #3505,#3506,#3507,#3508,#3509,#3510,#3511,#3512,#3513,#3514,#3515,
    #3516,#3517,#3518,#3519,#3520,#3521,#3522,#3523,#3524,#3525,#3526,
    #3527,#3528,#3529,#3530,#3531,#3532),.UNSPECIFIED.,.F.,.F.,(8,6,6,6,
    6,6,6,8),(0.,0.450879468414,0.769437037276,0.88272278026,
    0.940908835391,0.970359784319,0.98516214047,1.),.UNSPECIFIED.);
#3489 = CARTESIAN_POINT('',(12.5,0.));
#3490 = CARTESIAN_POINT('',(12.468693546517,4.572852755946E-02));
#3491 = CARTESIAN_POINT('',(12.434155795196,9.144845287244E-02));
#3492 = CARTESIAN_POINT('',(12.395783041701,0.137159992609));
#3493 = CARTESIAN_POINT('',(12.352801182296,0.182860507039));
#3494 = CARTESIAN_POINT('',(12.304122700984,0.228543997866));
#3495 = CARTESIAN_POINT('',(12.248279252745,0.27420093598));
#3496 = CARTESIAN_POINT('',(12.136351608219,0.352043988528));
#3497 = CARTESIAN_POINT('',(12.085156759118,0.384244966405));
#3498 = CARTESIAN_POINT('',(12.028186746868,0.416419437831));
#3499 = CARTESIAN_POINT('',(11.964261029474,0.448558776093));
#3500 = CARTESIAN_POINT('',(11.891750601958,0.480643746679));
#3501 = CARTESIAN_POINT('',(11.808444377841,0.512643701901));
#3502 = CARTESIAN_POINT('',(11.675831065712,0.555842654083));
#3503 = CARTESIAN_POINT('',(11.639209161531,0.567157323729));
#3504 = CARTESIAN_POINT('',(11.600586914522,0.578451850538));
#3505 = CARTESIAN_POINT('',(11.559776373211,0.589722900612));
#3506 = CARTESIAN_POINT('',(11.516562331708,0.600966135839));
#3507 = CARTESIAN_POINT('',(11.470696049825,0.612176140912));
#3508 = CARTESIAN_POINT('',(11.3968205826,0.62908361619));
#3509 = CARTESIAN_POINT('',(11.370976565357,0.634810309235));
#3510 = CARTESIAN_POINT('',(11.344318132133,0.640525516464));
#3511 = CARTESIAN_POINT('',(11.316803649777,0.646228172289));
#3512 = CARTESIAN_POINT('',(11.288388641301,0.651917058563));
#3513 = CARTESIAN_POINT('',(11.259025785883,0.657590804581));
#3514 = CARTESIAN_POINT('',(11.213297725781,0.666111226882));
#3515 = CARTESIAN_POINT('',(11.19767485465,0.668970292306));
#3516 = CARTESIAN_POINT('',(11.181789786853,0.671824882872));
#3517 = CARTESIAN_POINT('',(11.165635819768,0.674674783871));
#3518 = CARTESIAN_POINT('',(11.149206066767,0.677519766375));
#3519 = CARTESIAN_POINT('',(11.132493457215,0.680359587226));
#3520 = CARTESIAN_POINT('',(11.106944990506,0.684618589157));
#3521 = CARTESIAN_POINT('',(11.098317869869,0.68604316838));
#3522 = CARTESIAN_POINT('',(11.089607983485,0.687467726508));
#3523 = CARTESIAN_POINT('',(11.08081389757,0.688892263329));
#3524 = CARTESIAN_POINT('',(11.071934135631,0.690316778625));
#3525 = CARTESIAN_POINT('',(11.062967178469,0.691741272169));
#3526 = CARTESIAN_POINT('',(11.044834029796,0.694593631882));
#3527 = CARTESIAN_POINT('',(11.035719295436,0.696013378198));
#3528 = CARTESIAN_POINT('',(11.0265031615,0.697434920216));
#3529 = CARTESIAN_POINT('',(11.017159451324,0.698862113354));
#3530 = CARTESIAN_POINT('',(11.007698585624,0.700292695903));
#3531 = CARTESIAN_POINT('',(10.99817152946,0.701718370205));
#3532 = CARTESIAN_POINT('',(10.988679011725,0.703125));
#3533 = ( GEOMETRIC_REPRESENTATION_CONTEXT(2) 
PARAMETRIC_REPRESENTATION_CONTEXT() REPRESENTATION_CONTEXT('2D SPACE',''
  ) );
#3534 = ADVANCED_FACE('',(#3535),#450,.F.);
#3535 = FACE_BOUND('',#3536,.F.);
#3536 = EDGE_LOOP('',(#3537,#3560,#3581,#3582));
#3537 = ORIENTED_EDGE('',*,*,#3538,.F.);
#3538 = EDGE_CURVE('',#3539,#3266,#3541,.T.);
#3539 = VERTEX_POINT('',#3540);
#3540 = CARTESIAN_POINT('',(46.,131.5,181.));
#3541 = SURFACE_CURVE('',#3542,(#3546,#3553),.PCURVE_S1.);
#3542 = LINE('',#3543,#3544);
#3543 = CARTESIAN_POINT('',(46.,131.5,181.));
#3544 = VECTOR('',#3545,1.);
#3545 = DIRECTION('',(0.,0.,1.));
#3546 = PCURVE('',#450,#3547);
#3547 = DEFINITIONAL_REPRESENTATION('',(#3548),#3552);
#3548 = LINE('',#3549,#3550);
#3549 = CARTESIAN_POINT('',(0.,0.));
#3550 = VECTOR('',#3551,1.);
#3551 = DIRECTION('',(1.,0.));
#3552 = ( GEOMETRIC_REPRESENTATION_CONTEXT(2) 
PARAMETRIC_REPRESENTATION_CONTEXT() REPRESENTATION_CONTEXT('2D SPACE',''
  ) );
#3553 = PCURVE('',#3280,#3554);
#3554 = DEFINITIONAL_REPRESENTATION('',(#3555),#3559);
#3555 = LINE('',#3556,#3557);
#3556 = CARTESIAN_POINT('',(0.,0.));
#3557 = VECTOR('',#3558,1.);
#3558 = DIRECTION('',(1.,0.));
#3559 = ( GEOMETRIC_REPRESENTATION_CONTEXT(2) 
PARAMETRIC_REPRESENTATION_CONTEXT() REPRESENTATION_CONTEXT('2D SPACE',''
  ) );
#3560 = ORIENTED_EDGE('',*,*,#3561,.T.);
#3561 = EDGE_CURVE('',#3539,#435,#3562,.T.);
#3562 = SURFACE_CURVE('',#3563,(#3567,#3574),.PCURVE_S1.);
#3563 = LINE('',#3564,#3565);
#3564 = CARTESIAN_POINT('',(46.,131.5,181.));
#3565 = VECTOR('',#3566,1.);
#3566 = DIRECTION('',(0.,1.,0.));
#3567 = PCURVE('',#450,#3568);
#3568 = DEFINITIONAL_REPRESENTATION('',(#3569),#3573);
#3569 = LINE('',#3570,#3571);
#3570 = CARTESIAN_POINT('',(0.,0.));
#3571 = VECTOR('',#3572,1.);
#3572 = DIRECTION('',(0.,-1.));
#3573 = ( GEOMETRIC_REPRESENTATION_CONTEXT(2) 
PARAMETRIC_REPRESENTATION_CONTEXT() REPRESENTATION_CONTEXT('2D SPACE',''
  ) );
#3574 = PCURVE('',#478,#3575);
#3575 = DEFINITIONAL_REPRESENTATION('',(#3576),#3580);
#3576 = LINE('',#3577,#3578);
#3577 = CARTESIAN_POINT('',(0.,0.));
#3578 = VECTOR('',#3579,1.);
#3579 = DIRECTION('',(0.,1.));
#3580 = ( GEOMETRIC_REPRESENTATION_CONTEXT(2) 
PARAMETRIC_REPRESENTATION_CONTEXT() REPRESENTATION_CONTEXT('2D SPACE',''
  ) );
#3581 = ORIENTED_EDGE('',*,*,#434,.T.);
#3582 = ORIENTED_EDGE('',*,*,#3291,.F.);
#3583 = ADVANCED_FACE('',(#3584),#478,.F.);
#3584 = FACE_BOUND('',#3585,.F.);
#3585 = EDGE_LOOP('',(#3586,#3587,#3588,#3611));
#3586 = ORIENTED_EDGE('',*,*,#462,.F.);
#3587 = ORIENTED_EDGE('',*,*,#3561,.F.);
#3588 = ORIENTED_EDGE('',*,*,#3589,.T.);
#3589 = EDGE_CURVE('',#3539,#3590,#3592,.T.);
#3590 = VERTEX_POINT('',#3591);
#3591 = CARTESIAN_POINT('',(58.5,131.5,181.));
#3592 = SURFACE_CURVE('',#3593,(#3597,#3604),.PCURVE_S1.);
#3593 = LINE('',#3594,#3595);
#3594 = CARTESIAN_POINT('',(46.,131.5,181.));
#3595 = VECTOR('',#3596,1.);
#3596 = DIRECTION('',(1.,0.,0.));
#3597 = PCURVE('',#478,#3598);
#3598 = DEFINITIONAL_REPRESENTATION('',(#3599),#3603);
#3599 = LINE('',#3600,#3601);
#3600 = CARTESIAN_POINT('',(0.,0.));
#3601 = VECTOR('',#3602,1.);
#3602 = DIRECTION('',(1.,0.));
#3603 = ( GEOMETRIC_REPRESENTATION_CONTEXT(2) 
PARAMETRIC_REPRESENTATION_CONTEXT() REPRESENTATION_CONTEXT('2D SPACE',''
  ) );
#3604 = PCURVE('',#3280,#3605);
#3605 = DEFINITIONAL_REPRESENTATION('',(#3606),#3610);
#3606 = LINE('',#3607,#3608);
#3607 = CARTESIAN_POINT('',(0.,0.));
#3608 = VECTOR('',#3609,1.);
#3609 = DIRECTION('',(0.,1.));
#3610 = ( GEOMETRIC_REPRESENTATION_CONTEXT(2) 
PARAMETRIC_REPRESENTATION_CONTEXT() REPRESENTATION_CONTEXT('2D SPACE',''
  ) );
#3611 = ORIENTED_EDGE('',*,*,#3612,.T.);
#3612 = EDGE_CURVE('',#3590,#463,#3613,.T.);
#3613 = SURFACE_CURVE('',#3614,(#3618,#3624),.PCURVE_S1.);
#3614 = LINE('',#3615,#3616);
#3615 = CARTESIAN_POINT('',(58.5,62.75,181.));
#3616 = VECTOR('',#3617,1.);
#3617 = DIRECTION('',(0.,1.,-0.));
#3618 = PCURVE('',#478,#3619);
#3619 = DEFINITIONAL_REPRESENTATION('',(#3620),#3623);
#3620 = B_SPLINE_CURVE_WITH_KNOTS('',1,(#3621,#3622),.UNSPECIFIED.,.F.,
  .F.,(2,2),(68.75,86.75),.PIECEWISE_BEZIER_KNOTS.);
#3621 = CARTESIAN_POINT('',(12.5,0.));
#3622 = CARTESIAN_POINT('',(12.5,18.));
#3623 = ( GEOMETRIC_REPRESENTATION_CONTEXT(2) 
PARAMETRIC_REPRESENTATION_CONTEXT() REPRESENTATION_CONTEXT('2D SPACE',''
  ) );
#3624 = PCURVE('',#506,#3625);
#3625 = DEFINITIONAL_REPRESENTATION('',(#3626),#3629);
#3626 = B_SPLINE_CURVE_WITH_KNOTS('',1,(#3627,#3628),.UNSPECIFIED.,.F.,
  .F.,(2,2),(68.75,86.75),.PIECEWISE_BEZIER_KNOTS.);
#3627 = CARTESIAN_POINT('',(137.5,-68.5));
#3628 = CARTESIAN_POINT('',(155.5,-68.5));
#3629 = ( GEOMETRIC_REPRESENTATION_CONTEXT(2) 
PARAMETRIC_REPRESENTATION_CONTEXT() REPRESENTATION_CONTEXT('2D SPACE',''
  ) );
#3630 = ADVANCED_FACE('',(#3631),#506,.T.);
#3631 = FACE_BOUND('',#3632,.T.);
#3632 = EDGE_LOOP('',(#3633,#3658,#3863,#3889,#3917,#3943,#4094,#4117,
    #4136,#4137,#4138,#4161,#4187,#4208,#4209,#4230));
#3633 = ORIENTED_EDGE('',*,*,#3634,.F.);
#3634 = EDGE_CURVE('',#3635,#3637,#3639,.T.);
#3635 = VERTEX_POINT('',#3636);
#3636 = CARTESIAN_POINT('',(58.5,21.20703125,112.5));
#3637 = VERTEX_POINT('',#3638);
#3638 = CARTESIAN_POINT('',(58.5,131.5,112.5));
#3639 = SURFACE_CURVE('',#3640,(#3644,#3651),.PCURVE_S1.);
#3640 = LINE('',#3641,#3642);
#3641 = CARTESIAN_POINT('',(58.5,-6.,112.5));
#3642 = VECTOR('',#3643,1.);
#3643 = DIRECTION('',(0.,1.,0.));
#3644 = PCURVE('',#506,#3645);
#3645 = DEFINITIONAL_REPRESENTATION('',(#3646),#3650);
#3646 = LINE('',#3647,#3648);
#3647 = CARTESIAN_POINT('',(0.,0.));
#3648 = VECTOR('',#3649,1.);
#3649 = DIRECTION('',(1.,0.));
#3650 = ( GEOMETRIC_REPRESENTATION_CONTEXT(2) 
PARAMETRIC_REPRESENTATION_CONTEXT() REPRESENTATION_CONTEXT('2D SPACE',''
  ) );
#3651 = PCURVE('',#1025,#3652);
#3652 = DEFINITIONAL_REPRESENTATION('',(#3653),#3657);
#3653 = LINE('',#3654,#3655);
#3654 = CARTESIAN_POINT('',(58.5,-78.25));
#3655 = VECTOR('',#3656,1.);
#3656 = DIRECTION('',(0.,1.));
#3657 = ( GEOMETRIC_REPRESENTATION_CONTEXT(2) 
PARAMETRIC_REPRESENTATION_CONTEXT() REPRESENTATION_CONTEXT('2D SPACE',''
  ) );
#3658 = ORIENTED_EDGE('',*,*,#3659,.F.);
#3659 = EDGE_CURVE('',#3660,#3635,#3662,.T.);
#3660 = VERTEX_POINT('',#3661);
#3661 = CARTESIAN_POINT('',(58.5,9.,125.));
#3662 = SURFACE_CURVE('',#3663,(#3726,#3792),.PCURVE_S1.);
#3663 = B_SPLINE_CURVE_WITH_KNOTS('',7,(#3664,#3665,#3666,#3667,#3668,
    #3669,#3670,#3671,#3672,#3673,#3674,#3675,#3676,#3677,#3678,#3679,
    #3680,#3681,#3682,#3683,#3684,#3685,#3686,#3687,#3688,#3689,#3690,
    #3691,#3692,#3693,#3694,#3695,#3696,#3697,#3698,#3699,#3700,#3701,
    #3702,#3703,#3704,#3705,#3706,#3707,#3708,#3709,#3710,#3711,#3712,
    #3713,#3714,#3715,#3716,#3717,#3718,#3719,#3720,#3721,#3722,#3723,
    #3724,#3725),.UNSPECIFIED.,.F.,.F.,(8,6,6,6,6,6,6,6,6,6,8),(0.,
    0.224598495405,0.38328292368,0.506496704206,0.544451937228,
    0.603213444929,0.667206908389,0.71016321712,0.834513883728,
    0.984557596201,1.),.UNSPECIFIED.);
#3664 = CARTESIAN_POINT('',(58.5,9.,125.));
#3665 = CARTESIAN_POINT('',(58.5,9.571606594494,124.41467484723));
#3666 = CARTESIAN_POINT('',(58.5,10.143105660905,123.82945980323));
#3667 = CARTESIAN_POINT('',(58.5,10.714499907613,123.2443520946));
#3668 = CARTESIAN_POINT('',(58.5,11.285756337984,122.6593855099));
#3669 = CARTESIAN_POINT('',(58.5,11.856799973324,122.07463682731));
#3670 = CARTESIAN_POINT('',(58.5,12.427511699749,121.49022801945));
#3671 = CARTESIAN_POINT('',(58.5,13.400549856604,120.49383694683));
#3672 = CARTESIAN_POINT('',(58.5,13.803062080064,120.08166443001));
#3673 = CARTESIAN_POINT('',(58.5,14.205242972887,119.66983119576));
#3674 = CARTESIAN_POINT('',(58.5,14.606984701171,119.258447666));
#3675 = CARTESIAN_POINT('',(58.5,15.008046833485,118.84776004251));
#3676 = CARTESIAN_POINT('',(58.5,15.408046273765,118.43816061566));
#3677 = CARTESIAN_POINT('',(58.5,16.115670936913,117.7135529606));
#3678 = CARTESIAN_POINT('',(58.5,16.423678256205,117.39815346564));
#3679 = CARTESIAN_POINT('',(58.5,16.730410459544,117.08405968942));
#3680 = CARTESIAN_POINT('',(58.5,17.035368551667,116.77178260309));
#3681 = CARTESIAN_POINT('',(58.5,17.337529902746,116.46236937958));
#3682 = CARTESIAN_POINT('',(58.5,17.635254123664,116.15749977736));
#3683 = CARTESIAN_POINT('',(58.5,18.015944465723,115.76767286709));
#3684 = CARTESIAN_POINT('',(58.5,18.104935633998,115.67654591078));
#3685 = CARTESIAN_POINT('',(58.5,18.19318697359,115.58617653904));
#3686 = CARTESIAN_POINT('',(58.5,18.280604750609,115.49666073537));
#3687 = CARTESIAN_POINT('',(58.5,18.367082245886,115.40810778021));
#3688 = CARTESIAN_POINT('',(58.5,18.452501917613,115.32063803636));
#3689 = CARTESIAN_POINT('',(58.5,18.667149451605,115.10083896155));
#3690 = CARTESIAN_POINT('',(58.5,18.794754408935,114.97017148525));
#3691 = CARTESIAN_POINT('',(58.5,18.919031863186,114.84291137209));
#3692 = CARTESIAN_POINT('',(58.5,19.039436337734,114.71961719016));
#3693 = CARTESIAN_POINT('',(58.5,19.155446687152,114.60082259235));
#3694 = CARTESIAN_POINT('',(58.5,19.266609886627,114.48699147609));
#3695 = CARTESIAN_POINT('',(58.5,19.487984083676,114.26030429831));
#3696 = CARTESIAN_POINT('',(58.5,19.597274618651,114.1483907905));
#3697 = CARTESIAN_POINT('',(58.5,19.699982709903,114.04321770505));
#3698 = CARTESIAN_POINT('',(58.5,19.79599100647,113.94490520937));
#3699 = CARTESIAN_POINT('',(58.5,19.885441128022,113.8533082849));
#3700 = CARTESIAN_POINT('',(58.5,19.968641103572,113.76811150994));
#3701 = CARTESIAN_POINT('',(58.5,20.097881536838,113.63576930627));
#3702 = CARTESIAN_POINT('',(58.5,20.147157120265,113.58531110884));
#3703 = CARTESIAN_POINT('',(58.5,20.193925609615,113.53742017575));
#3704 = CARTESIAN_POINT('',(58.5,20.238328154283,113.49195197001));
#3705 = CARTESIAN_POINT('',(58.5,20.280509921528,113.44875784035));
#3706 = CARTESIAN_POINT('',(58.5,20.32061370528,113.40769156579));
#3707 = CARTESIAN_POINT('',(58.5,20.469255158327,113.25548271787));
#3708 = CARTESIAN_POINT('',(58.5,20.563382233678,113.15909659271));
#3709 = CARTESIAN_POINT('',(58.5,20.644703532064,113.07582358316));
#3710 = CARTESIAN_POINT('',(58.5,20.71583704573,113.00298286517));
#3711 = CARTESIAN_POINT('',(58.5,20.778681902659,112.93862973167));
#3712 = CARTESIAN_POINT('',(58.5,20.834712920245,112.88125396966));
#3713 = CARTESIAN_POINT('',(58.5,20.945845547122,112.76745415974));
#3714 = CARTESIAN_POINT('',(58.5,20.998306745418,112.71373389269));
#3715 = CARTESIAN_POINT('',(58.5,21.044430461329,112.66650320759));
#3716 = CARTESIAN_POINT('',(58.5,21.085442937551,112.62450643195));
#3717 = CARTESIAN_POINT('',(58.5,21.122256518119,112.58680932544));
#3718 = CARTESIAN_POINT('',(58.5,21.155547591394,112.55271926641));
#3719 = CARTESIAN_POINT('',(58.5,21.188966669402,112.51849813053));
#3720 = CARTESIAN_POINT('',(58.5,21.192053468624,112.51533724812));
#3721 = CARTESIAN_POINT('',(58.5,21.195109125853,112.51220825512));
#3722 = CARTESIAN_POINT('',(58.5,21.198134198759,112.50911058047));
#3723 = CARTESIAN_POINT('',(58.5,21.201129229129,112.50604366937));
#3724 = CARTESIAN_POINT('',(58.5,21.204094742868,112.5030069833));
#3725 = CARTESIAN_POINT('',(58.5,21.20703125,112.5));
#3726 = PCURVE('',#506,#3727);
#3727 = DEFINITIONAL_REPRESENTATION('',(#3728),#3791);
#3728 = B_SPLINE_CURVE_WITH_KNOTS('',7,(#3729,#3730,#3731,#3732,#3733,
    #3734,#3735,#3736,#3737,#3738,#3739,#3740,#3741,#3742,#3743,#3744,
    #3745,#3746,#3747,#3748,#3749,#3750,#3751,#3752,#3753,#3754,#3755,
    #3756,#3757,#3758,#3759,#3760,#3761,#3762,#3763,#3764,#3765,#3766,
    #3767,#3768,#3769,#3770,#3771,#3772,#3773,#3774,#3775,#3776,#3777,
    #3778,#3779,#3780,#3781,#3782,#3783,#3784,#3785,#3786,#3787,#3788,
    #3789,#3790),.UNSPECIFIED.,.F.,.F.,(8,6,6,6,6,6,6,6,6,6,8),(0.,
    0.224598495405,0.38328292368,0.506496704206,0.544451937228,
    0.603213444929,0.667206908389,0.71016321712,0.834513883728,
    0.984557596201,1.),.UNSPECIFIED.);
#3729 = CARTESIAN_POINT('',(15.,-12.5));
#3730 = CARTESIAN_POINT('',(15.571606594494,-11.91467484723));
#3731 = CARTESIAN_POINT('',(16.143105660905,-11.32945980323));
#3732 = CARTESIAN_POINT('',(16.714499907613,-10.7443520946));
#3733 = CARTESIAN_POINT('',(17.285756337984,-10.1593855099));
#3734 = CARTESIAN_POINT('',(17.856799973324,-9.574636827316));
#3735 = CARTESIAN_POINT('',(18.427511699749,-8.990228019457));
#3736 = CARTESIAN_POINT('',(19.400549856604,-7.993836946837));
#3737 = CARTESIAN_POINT('',(19.803062080064,-7.581664430015));
#3738 = CARTESIAN_POINT('',(20.205242972887,-7.169831195763));
#3739 = CARTESIAN_POINT('',(20.606984701171,-6.758447666001));
#3740 = CARTESIAN_POINT('',(21.008046833485,-6.347760042511));
#3741 = CARTESIAN_POINT('',(21.408046273765,-5.938160615665));
#3742 = CARTESIAN_POINT('',(22.115670936913,-5.213552960601));
#3743 = CARTESIAN_POINT('',(22.423678256205,-4.898153465646));
#3744 = CARTESIAN_POINT('',(22.730410459544,-4.584059689428));
#3745 = CARTESIAN_POINT('',(23.035368551667,-4.271782603091));
#3746 = CARTESIAN_POINT('',(23.337529902746,-3.962369379589));
#3747 = CARTESIAN_POINT('',(23.635254123664,-3.657499777368));
#3748 = CARTESIAN_POINT('',(24.015944465723,-3.267672867099));
#3749 = CARTESIAN_POINT('',(24.104935633998,-3.176545910786));
#3750 = CARTESIAN_POINT('',(24.19318697359,-3.086176539044));
#3751 = CARTESIAN_POINT('',(24.280604750609,-2.996660735376));
#3752 = CARTESIAN_POINT('',(24.367082245886,-2.908107780212));
#3753 = CARTESIAN_POINT('',(24.452501917613,-2.820638036364));
#3754 = CARTESIAN_POINT('',(24.667149451605,-2.600838961557));
#3755 = CARTESIAN_POINT('',(24.794754408935,-2.47017148525));
#3756 = CARTESIAN_POINT('',(24.919031863186,-2.342911372098));
#3757 = CARTESIAN_POINT('',(25.039436337734,-2.21961719016));
#3758 = CARTESIAN_POINT('',(25.155446687152,-2.100822592356));
#3759 = CARTESIAN_POINT('',(25.266609886627,-1.986991476094));
#3760 = CARTESIAN_POINT('',(25.487984083676,-1.760304298316));
#3761 = CARTESIAN_POINT('',(25.597274618651,-1.648390790501));
#3762 = CARTESIAN_POINT('',(25.699982709903,-1.543217705059));
#3763 = CARTESIAN_POINT('',(25.79599100647,-1.444905209375));
#3764 = CARTESIAN_POINT('',(25.885441128022,-1.353308284906));
#3765 = CARTESIAN_POINT('',(25.968641103572,-1.268111509942));
#3766 = CARTESIAN_POINT('',(26.097881536838,-1.135769306278));
#3767 = CARTESIAN_POINT('',(26.147157120265,-1.085311108849));
#3768 = CARTESIAN_POINT('',(26.193925609615,-1.037420175754));
#3769 = CARTESIAN_POINT('',(26.238328154283,-0.991951970014));
#3770 = CARTESIAN_POINT('',(26.280509921528,-0.948757840356));
#3771 = CARTESIAN_POINT('',(26.32061370528,-0.907691565794));
#3772 = CARTESIAN_POINT('',(26.469255158327,-0.755482717873));
#3773 = CARTESIAN_POINT('',(26.563382233678,-0.659096592714));
#3774 = CARTESIAN_POINT('',(26.644703532064,-0.575823583164));
#3775 = CARTESIAN_POINT('',(26.71583704573,-0.502982865174));
#3776 = CARTESIAN_POINT('',(26.778681902659,-0.438629731676));
#3777 = CARTESIAN_POINT('',(26.834712920245,-0.381253969669));
#3778 = CARTESIAN_POINT('',(26.945845547122,-0.267454159747));
#3779 = CARTESIAN_POINT('',(26.998306745418,-0.213733892693));
#3780 = CARTESIAN_POINT('',(27.044430461329,-0.166503207596));
#3781 = CARTESIAN_POINT('',(27.085442937551,-0.124506431951));
#3782 = CARTESIAN_POINT('',(27.122256518119,-8.680932544555E-02));
#3783 = CARTESIAN_POINT('',(27.155547591394,-5.271926641203E-02));
#3784 = CARTESIAN_POINT('',(27.188966669402,-1.849813053211E-02));
#3785 = CARTESIAN_POINT('',(27.192053468624,-1.533724812922E-02));
#3786 = CARTESIAN_POINT('',(27.195109125853,-1.220825512682E-02));
#3787 = CARTESIAN_POINT('',(27.198134198759,-9.110580471247E-03));
#3788 = CARTESIAN_POINT('',(27.201129229129,-6.043669372248E-03));
#3789 = CARTESIAN_POINT('',(27.204094742868,-3.006983302978E-03));
#3790 = CARTESIAN_POINT('',(27.20703125,0.));
#3791 = ( GEOMETRIC_REPRESENTATION_CONTEXT(2) 
PARAMETRIC_REPRESENTATION_CONTEXT() REPRESENTATION_CONTEXT('2D SPACE',''
  ) );
#3792 = PCURVE('',#3793,#3798);
#3793 = B_SPLINE_SURFACE_WITH_KNOTS('',1,1,(
    (#3794,#3795)
    ,(#3796,#3797
    )),.UNSPECIFIED.,.F.,.F.,.F.,(2,2),(2,2),(0.,13.),(0.,1.),
  .PIECEWISE_BEZIER_KNOTS.);
#3794 = CARTESIAN_POINT('',(59.,9.,125.));
#3795 = CARTESIAN_POINT('',(59.2,21.5,112.2));
#3796 = CARTESIAN_POINT('',(46.,9.,125.));
#3797 = CARTESIAN_POINT('',(58.8,21.5,112.2));
#3798 = DEFINITIONAL_REPRESENTATION('',(#3799),#3862);
#3799 = B_SPLINE_CURVE_WITH_KNOTS('',7,(#3800,#3801,#3802,#3803,#3804,
    #3805,#3806,#3807,#3808,#3809,#3810,#3811,#3812,#3813,#3814,#3815,
    #3816,#3817,#3818,#3819,#3820,#3821,#3822,#3823,#3824,#3825,#3826,
    #3827,#3828,#3829,#3830,#3831,#3832,#3833,#3834,#3835,#3836,#3837,
    #3838,#3839,#3840,#3841,#3842,#3843,#3844,#3845,#3846,#3847,#3848,
    #3849,#3850,#3851,#3852,#3853,#3854,#3855,#3856,#3857,#3858,#3859,
    #3860,#3861),.UNSPECIFIED.,.F.,.F.,(8,6,6,6,6,6,6,6,6,6,8),(0.,
    0.224598495405,0.38328292368,0.506496704206,0.544451937228,
    0.603213444929,0.667206908389,0.71016321712,0.834513883728,
    0.984557596201,1.),.UNSPECIFIED.);
#3800 = CARTESIAN_POINT('',(0.5,0.));
#3801 = CARTESIAN_POINT('',(0.531306453483,4.572852755949E-02));
#3802 = CARTESIAN_POINT('',(0.565844204804,9.144845287243E-02));
#3803 = CARTESIAN_POINT('',(0.604216958299,0.137159992609));
#3804 = CARTESIAN_POINT('',(0.647198817705,0.182860507039));
#3805 = CARTESIAN_POINT('',(0.695877299015,0.228543997866));
#3806 = CARTESIAN_POINT('',(0.751720747255,0.27420093598));
#3807 = CARTESIAN_POINT('',(0.863648391781,0.352043988528));
#3808 = CARTESIAN_POINT('',(0.914843240882,0.384244966405));
#3809 = CARTESIAN_POINT('',(0.971813253131,0.416419437831));
#3810 = CARTESIAN_POINT('',(1.035738970528,0.448558776094));
#3811 = CARTESIAN_POINT('',(1.108249398041,0.480643746679));
#3812 = CARTESIAN_POINT('',(1.191555622159,0.512643701901));
#3813 = CARTESIAN_POINT('',(1.365338448983,0.569253674953));
#3814 = CARTESIAN_POINT('',(1.449982146158,0.593894260496));
#3815 = CARTESIAN_POINT('',(1.545093657594,0.618432836763));
#3816 = CARTESIAN_POINT('',(1.652967458835,0.642829484133));
#3817 = CARTESIAN_POINT('',(1.776523821682,0.66700239222));
#3818 = CARTESIAN_POINT('',(1.919795662821,0.690820329893));
#3819 = CARTESIAN_POINT('',(2.139772243057,0.721275557258));
#3820 = CARTESIAN_POINT('',(2.193924149545,0.72839485072));
#3821 = CARTESIAN_POINT('',(2.2505634944,0.735454957887));
#3822 = CARTESIAN_POINT('',(2.309833823683,0.742448380049));
#3823 = CARTESIAN_POINT('',(2.371876042229,0.749366579671));
#3824 = CARTESIAN_POINT('',(2.436822147799,0.756200153409));
#3825 = CARTESIAN_POINT('',(2.610013787956,0.773371956128));
#3826 = CARTESIAN_POINT('',(2.722503709131,0.783580352715));
#3827 = CARTESIAN_POINT('',(2.842650509709,0.793522549055));
#3828 = CARTESIAN_POINT('',(2.970752650822,0.803154907019));
#3829 = CARTESIAN_POINT('',(3.106924804335,0.812435734972));
#3830 = CARTESIAN_POINT('',(3.25101301628,0.82132879093));
#3831 = CARTESIAN_POINT('',(3.567507336035,0.839038726694));
#3832 = CARTESIAN_POINT('',(3.741357174656,0.847781969492));
#3833 = CARTESIAN_POINT('',(3.923425826884,0.855998616792));
#3834 = CARTESIAN_POINT('',(4.112860075511,0.863679280518));
#3835 = CARTESIAN_POINT('',(4.308681122081,0.870835290242));
#3836 = CARTESIAN_POINT('',(4.509880393558,0.877491288286));
#3837 = CARTESIAN_POINT('',(4.853562355814,0.887830522947));
#3838 = CARTESIAN_POINT('',(4.993631702299,0.891772569621));
#3839 = CARTESIAN_POINT('',(5.135481427327,0.895514048769));
#3840 = CARTESIAN_POINT('',(5.278882256938,0.899066252343));
#3841 = CARTESIAN_POINT('',(5.423631800274,0.902440793722));
#3842 = CARTESIAN_POINT('',(5.569558721089,0.905649096422));
#3843 = CARTESIAN_POINT('',(6.141962599755,0.917540412666));
#3844 = CARTESIAN_POINT('',(6.57574349062,0.925070578694));
#3845 = CARTESIAN_POINT('',(7.015023521591,0.931576282565));
#3846 = CARTESIAN_POINT('',(7.457779495554,0.937266963658));
#3847 = CARTESIAN_POINT('',(7.902749843744,0.942294552213));
#3848 = CARTESIAN_POINT('',(8.349326182927,0.94677703362));
#3849 = CARTESIAN_POINT('',(9.338330467829,0.95566764377));
#3850 = CARTESIAN_POINT('',(9.880990104718,0.959864539633));
#3851 = CARTESIAN_POINT('',(10.424872960011,0.963554436907));
#3852 = CARTESIAN_POINT('',(10.969567059441,0.966835435004));
#3853 = CARTESIAN_POINT('',(11.514807437624,0.96978052145));
#3854 = CARTESIAN_POINT('',(12.060464051558,0.972443807312));
#3855 = CARTESIAN_POINT('',(12.662725891653,0.975117333552));
#3856 = CARTESIAN_POINT('',(12.718929814923,0.97536427749));
#3857 = CARTESIAN_POINT('',(12.775137244997,0.975608730068));
#3858 = CARTESIAN_POINT('',(12.831348076835,0.975850735901));
#3859 = CARTESIAN_POINT('',(12.887562209895,0.97609033833));
#3860 = CARTESIAN_POINT('',(12.943779548133,0.976327579429));
#3861 = CARTESIAN_POINT('',(13.,0.9765625));
#3862 = ( GEOMETRIC_REPRESENTATION_CONTEXT(2) 
PARAMETRIC_REPRESENTATION_CONTEXT() REPRESENTATION_CONTEXT('2D SPACE',''
  ) );
#3863 = ORIENTED_EDGE('',*,*,#3864,.F.);
#3864 = EDGE_CURVE('',#3865,#3660,#3867,.T.);
#3865 = VERTEX_POINT('',#3866);
#3866 = CARTESIAN_POINT('',(58.5,-6.,125.));
#3867 = SURFACE_CURVE('',#3868,(#3872,#3878),.PCURVE_S1.);
#3868 = LINE('',#3869,#3870);
#3869 = CARTESIAN_POINT('',(58.5,-7.5,125.));
#3870 = VECTOR('',#3871,1.);
#3871 = DIRECTION('',(0.,1.,-0.));
#3872 = PCURVE('',#506,#3873);
#3873 = DEFINITIONAL_REPRESENTATION('',(#3874),#3877);
#3874 = B_SPLINE_CURVE_WITH_KNOTS('',1,(#3875,#3876),.UNSPECIFIED.,.F.,
  .F.,(2,2),(1.5,16.5),.PIECEWISE_BEZIER_KNOTS.);
#3875 = CARTESIAN_POINT('',(0.,-12.5));
#3876 = CARTESIAN_POINT('',(15.,-12.5));
#3877 = ( GEOMETRIC_REPRESENTATION_CONTEXT(2) 
PARAMETRIC_REPRESENTATION_CONTEXT() REPRESENTATION_CONTEXT('2D SPACE',''
  ) );
#3878 = PCURVE('',#3879,#3884);
#3879 = PLANE('',#3880);
#3880 = AXIS2_PLACEMENT_3D('',#3881,#3882,#3883);
#3881 = CARTESIAN_POINT('',(46.,-9.,125.));
#3882 = DIRECTION('',(0.,0.,1.));
#3883 = DIRECTION('',(1.,0.,0.));
#3884 = DEFINITIONAL_REPRESENTATION('',(#3885),#3888);
#3885 = B_SPLINE_CURVE_WITH_KNOTS('',1,(#3886,#3887),.UNSPECIFIED.,.F.,
  .F.,(2,2),(1.5,16.5),.PIECEWISE_BEZIER_KNOTS.);
#3886 = CARTESIAN_POINT('',(12.5,3.));
#3887 = CARTESIAN_POINT('',(12.5,18.));
#3888 = ( GEOMETRIC_REPRESENTATION_CONTEXT(2) 
PARAMETRIC_REPRESENTATION_CONTEXT() REPRESENTATION_CONTEXT('2D SPACE',''
  ) );
#3889 = ORIENTED_EDGE('',*,*,#3890,.T.);
#3890 = EDGE_CURVE('',#3865,#3891,#3893,.T.);
#3891 = VERTEX_POINT('',#3892);
#3892 = CARTESIAN_POINT('',(58.5,-6.,181.));
#3893 = SURFACE_CURVE('',#3894,(#3898,#3905),.PCURVE_S1.);
#3894 = LINE('',#3895,#3896);
#3895 = CARTESIAN_POINT('',(58.5,-6.,112.5));
#3896 = VECTOR('',#3897,1.);
#3897 = DIRECTION('',(0.,0.,1.));
#3898 = PCURVE('',#506,#3899);
#3899 = DEFINITIONAL_REPRESENTATION('',(#3900),#3904);
#3900 = LINE('',#3901,#3902);
#3901 = CARTESIAN_POINT('',(0.,0.));
#3902 = VECTOR('',#3903,1.);
#3903 = DIRECTION('',(0.,-1.));
#3904 = ( GEOMETRIC_REPRESENTATION_CONTEXT(2) 
PARAMETRIC_REPRESENTATION_CONTEXT() REPRESENTATION_CONTEXT('2D SPACE',''
  ) );
#3905 = PCURVE('',#3906,#3911);
#3906 = PLANE('',#3907);
#3907 = AXIS2_PLACEMENT_3D('',#3908,#3909,#3910);
#3908 = CARTESIAN_POINT('',(-58.5,-6.,112.5));
#3909 = DIRECTION('',(0.,1.,0.));
#3910 = DIRECTION('',(1.,0.,0.));
#3911 = DEFINITIONAL_REPRESENTATION('',(#3912),#3916);
#3912 = LINE('',#3913,#3914);
#3913 = CARTESIAN_POINT('',(117.,0.));
#3914 = VECTOR('',#3915,1.);
#3915 = DIRECTION('',(0.,-1.));
#3916 = ( GEOMETRIC_REPRESENTATION_CONTEXT(2) 
PARAMETRIC_REPRESENTATION_CONTEXT() REPRESENTATION_CONTEXT('2D SPACE',''
  ) );
#3917 = ORIENTED_EDGE('',*,*,#3918,.T.);
#3918 = EDGE_CURVE('',#3891,#3919,#3921,.T.);
#3919 = VERTEX_POINT('',#3920);
#3920 = CARTESIAN_POINT('',(58.5,9.,181.));
#3921 = SURFACE_CURVE('',#3922,(#3926,#3932),.PCURVE_S1.);
#3922 = LINE('',#3923,#3924);
#3923 = CARTESIAN_POINT('',(58.5,-7.5,181.));
#3924 = VECTOR('',#3925,1.);
#3925 = DIRECTION('',(0.,1.,-0.));
#3926 = PCURVE('',#506,#3927);
#3927 = DEFINITIONAL_REPRESENTATION('',(#3928),#3931);
#3928 = B_SPLINE_CURVE_WITH_KNOTS('',1,(#3929,#3930),.UNSPECIFIED.,.F.,
  .F.,(2,2),(1.5,16.5),.PIECEWISE_BEZIER_KNOTS.);
#3929 = CARTESIAN_POINT('',(0.,-68.5));
#3930 = CARTESIAN_POINT('',(15.,-68.5));
#3931 = ( GEOMETRIC_REPRESENTATION_CONTEXT(2) 
PARAMETRIC_REPRESENTATION_CONTEXT() REPRESENTATION_CONTEXT('2D SPACE',''
  ) );
#3932 = PCURVE('',#3933,#3938);
#3933 = PLANE('',#3934);
#3934 = AXIS2_PLACEMENT_3D('',#3935,#3936,#3937);
#3935 = CARTESIAN_POINT('',(46.,-9.,181.));
#3936 = DIRECTION('',(0.,0.,1.));
#3937 = DIRECTION('',(1.,0.,0.));
#3938 = DEFINITIONAL_REPRESENTATION('',(#3939),#3942);
#3939 = B_SPLINE_CURVE_WITH_KNOTS('',1,(#3940,#3941),.UNSPECIFIED.,.F.,
  .F.,(2,2),(1.5,16.5),.PIECEWISE_BEZIER_KNOTS.);
#3940 = CARTESIAN_POINT('',(12.5,3.));
#3941 = CARTESIAN_POINT('',(12.5,18.));
#3942 = ( GEOMETRIC_REPRESENTATION_CONTEXT(2) 
PARAMETRIC_REPRESENTATION_CONTEXT() REPRESENTATION_CONTEXT('2D SPACE',''
  ) );
#3943 = ORIENTED_EDGE('',*,*,#3944,.T.);
#3944 = EDGE_CURVE('',#3919,#3945,#3947,.T.);
#3945 = VERTEX_POINT('',#3946);
#3946 = CARTESIAN_POINT('',(58.5,17.7890625,190.));
#3947 = SURFACE_CURVE('',#3948,(#3993,#4041),.PCURVE_S1.);
#3948 = B_SPLINE_CURVE_WITH_KNOTS('',7,(#3949,#3950,#3951,#3952,#3953,
    #3954,#3955,#3956,#3957,#3958,#3959,#3960,#3961,#3962,#3963,#3964,
    #3965,#3966,#3967,#3968,#3969,#3970,#3971,#3972,#3973,#3974,#3975,
    #3976,#3977,#3978,#3979,#3980,#3981,#3982,#3983,#3984,#3985,#3986,
    #3987,#3988,#3989,#3990,#3991,#3992),.UNSPECIFIED.,.F.,.F.,(8,6,6,6,
    6,6,6,8),(0.,0.450879468414,0.769437037276,0.88272278026,
    0.940908835391,0.970359784319,0.98516214047,1.),.UNSPECIFIED.);
#3949 = CARTESIAN_POINT('',(58.5,9.,181.));
#3950 = CARTESIAN_POINT('',(58.5,9.571606594493,181.58532515276));
#3951 = CARTESIAN_POINT('',(58.5,10.143105660907,182.17054019676));
#3952 = CARTESIAN_POINT('',(58.5,10.714499907613,182.75564790539));
#3953 = CARTESIAN_POINT('',(58.5,11.285756337983,183.34061449009));
#3954 = CARTESIAN_POINT('',(58.5,11.856799973325,183.92536317268));
#3955 = CARTESIAN_POINT('',(58.5,12.427511699749,184.50977198054));
#3956 = CARTESIAN_POINT('',(58.5,13.400549856605,185.50616305316));
#3957 = CARTESIAN_POINT('',(58.5,13.803062080061,185.91833556998));
#3958 = CARTESIAN_POINT('',(58.5,14.205242972891,186.33016880424));
#3959 = CARTESIAN_POINT('',(58.5,14.606984701169,186.74155233399));
#3960 = CARTESIAN_POINT('',(58.5,15.008046833486,187.15223995749));
#3961 = CARTESIAN_POINT('',(58.5,15.408046273765,187.56183938433));
#3962 = CARTESIAN_POINT('',(58.5,15.948033176035,188.11478597226));
#3963 = CARTESIAN_POINT('',(58.5,16.089466546617,188.25961374373));
#3964 = CARTESIAN_POINT('',(58.5,16.230648131721,188.40418368688));
#3965 = CARTESIAN_POINT('',(58.5,16.371536257655,188.54845312783));
#3966 = CARTESIAN_POINT('',(58.5,16.512076697991,188.69236653874));
#3967 = CARTESIAN_POINT('',(58.5,16.652201761397,188.83585460367));
#3968 = CARTESIAN_POINT('',(58.5,16.863545202372,189.05227028722));
#3969 = CARTESIAN_POINT('',(58.5,16.935128865438,189.1255719582));
#3970 = CARTESIAN_POINT('',(58.5,17.006568955798,189.19872661073));
#3971 = CARTESIAN_POINT('',(58.5,17.07785215361,189.27172060529));
#3972 = CARTESIAN_POINT('',(58.5,17.148963232038,189.3445383496));
#3973 = CARTESIAN_POINT('',(58.5,17.219885057262,189.41716229863));
#3974 = CARTESIAN_POINT('',(58.5,17.32639033602,189.52622370408));
#3975 = CARTESIAN_POINT('',(58.5,17.362128653831,189.56281974152));
#3976 = CARTESIAN_POINT('',(58.5,17.397811035895,189.59935850075));
#3977 = CARTESIAN_POINT('',(58.5,17.433434798393,189.63583723355));
#3978 = CARTESIAN_POINT('',(58.5,17.468997079688,189.6722530096));
#3979 = CARTESIAN_POINT('',(58.5,17.504494840328,189.70860271649));
#3980 = CARTESIAN_POINT('',(58.5,17.557732364459,189.7631179412));
#3981 = CARTESIAN_POINT('',(58.5,17.575539604749,189.78135255526));
#3982 = CARTESIAN_POINT('',(58.5,17.593346581351,189.7995868993));
#3983 = CARTESIAN_POINT('',(58.5,17.611153291614,189.81782097061));
#3984 = CARTESIAN_POINT('',(58.5,17.628959732808,189.83605476639));
#3985 = CARTESIAN_POINT('',(58.5,17.646765902118,189.85428828376));
#3986 = CARTESIAN_POINT('',(58.5,17.68242039853,189.89079848809));
#3987 = CARTESIAN_POINT('',(58.5,17.700167227469,189.90897124092));
#3988 = CARTESIAN_POINT('',(58.5,17.717936502705,189.92716697877));
#3989 = CARTESIAN_POINT('',(58.5,17.735776416928,189.94543505093));
#3990 = CARTESIAN_POINT('',(58.5,17.753658698787,189.96374650755));
#3991 = CARTESIAN_POINT('',(58.5,17.77147962756,189.98199513862));
#3992 = CARTESIAN_POINT('',(58.5,17.7890625,190.));
#3993 = PCURVE('',#506,#3994);
#3994 = DEFINITIONAL_REPRESENTATION('',(#3995),#4040);
#3995 = B_SPLINE_CURVE_WITH_KNOTS('',7,(#3996,#3997,#3998,#3999,#4000,
    #4001,#4002,#4003,#4004,#4005,#4006,#4007,#4008,#4009,#4010,#4011,
    #4012,#4013,#4014,#4015,#4016,#4017,#4018,#4019,#4020,#4021,#4022,
    #4023,#4024,#4025,#4026,#4027,#4028,#4029,#4030,#4031,#4032,#4033,
    #4034,#4035,#4036,#4037,#4038,#4039),.UNSPECIFIED.,.F.,.F.,(8,6,6,6,
    6,6,6,8),(0.,0.450879468414,0.769437037276,0.88272278026,
    0.940908835391,0.970359784319,0.98516214047,1.),.UNSPECIFIED.);
#3996 = CARTESIAN_POINT('',(15.,-68.5));
#3997 = CARTESIAN_POINT('',(15.571606594493,-69.08532515276));
#3998 = CARTESIAN_POINT('',(16.143105660907,-69.67054019676));
#3999 = CARTESIAN_POINT('',(16.714499907613,-70.25564790539));
#4000 = CARTESIAN_POINT('',(17.285756337983,-70.84061449009));
#4001 = CARTESIAN_POINT('',(17.856799973325,-71.42536317268));
#4002 = CARTESIAN_POINT('',(18.427511699749,-72.00977198054));
#4003 = CARTESIAN_POINT('',(19.400549856605,-73.00616305316));
#4004 = CARTESIAN_POINT('',(19.803062080061,-73.41833556998));
#4005 = CARTESIAN_POINT('',(20.205242972891,-73.83016880424));
#4006 = CARTESIAN_POINT('',(20.606984701169,-74.24155233399));
#4007 = CARTESIAN_POINT('',(21.008046833486,-74.65223995749));
#4008 = CARTESIAN_POINT('',(21.408046273765,-75.06183938433));
#4009 = CARTESIAN_POINT('',(21.948033176035,-75.61478597226));
#4010 = CARTESIAN_POINT('',(22.089466546617,-75.75961374373));
#4011 = CARTESIAN_POINT('',(22.230648131721,-75.90418368688));
#4012 = CARTESIAN_POINT('',(22.371536257655,-76.04845312783));
#4013 = CARTESIAN_POINT('',(22.512076697991,-76.19236653874));
#4014 = CARTESIAN_POINT('',(22.652201761397,-76.33585460367));
#4015 = CARTESIAN_POINT('',(22.863545202372,-76.55227028722));
#4016 = CARTESIAN_POINT('',(22.935128865438,-76.6255719582));
#4017 = CARTESIAN_POINT('',(23.006568955798,-76.69872661073));
#4018 = CARTESIAN_POINT('',(23.07785215361,-76.77172060529));
#4019 = CARTESIAN_POINT('',(23.148963232038,-76.8445383496));
#4020 = CARTESIAN_POINT('',(23.219885057262,-76.91716229863));
#4021 = CARTESIAN_POINT('',(23.32639033602,-77.02622370408));
#4022 = CARTESIAN_POINT('',(23.362128653831,-77.06281974152));
#4023 = CARTESIAN_POINT('',(23.397811035895,-77.09935850075));
#4024 = CARTESIAN_POINT('',(23.433434798393,-77.13583723355));
#4025 = CARTESIAN_POINT('',(23.468997079688,-77.1722530096));
#4026 = CARTESIAN_POINT('',(23.504494840328,-77.20860271649));
#4027 = CARTESIAN_POINT('',(23.557732364459,-77.2631179412));
#4028 = CARTESIAN_POINT('',(23.575539604749,-77.28135255526));
#4029 = CARTESIAN_POINT('',(23.593346581351,-77.2995868993));
#4030 = CARTESIAN_POINT('',(23.611153291614,-77.31782097061));
#4031 = CARTESIAN_POINT('',(23.628959732808,-77.33605476639));
#4032 = CARTESIAN_POINT('',(23.646765902118,-77.35428828376));
#4033 = CARTESIAN_POINT('',(23.68242039853,-77.39079848809));
#4034 = CARTESIAN_POINT('',(23.700167227469,-77.40897124092));
#4035 = CARTESIAN_POINT('',(23.717936502705,-77.42716697877));
#4036 = CARTESIAN_POINT('',(23.735776416928,-77.44543505093));
#4037 = CARTESIAN_POINT('',(23.753658698787,-77.46374650755));
#4038 = CARTESIAN_POINT('',(23.77147962756,-77.48199513862));
#4039 = CARTESIAN_POINT('',(23.7890625,-77.5));
#4040 = ( GEOMETRIC_REPRESENTATION_CONTEXT(2) 
PARAMETRIC_REPRESENTATION_CONTEXT() REPRESENTATION_CONTEXT('2D SPACE',''
  ) );
#4041 = PCURVE('',#4042,#4047);
#4042 = B_SPLINE_SURFACE_WITH_KNOTS('',1,1,(
    (#4043,#4044)
    ,(#4045,#4046
    )),.UNSPECIFIED.,.F.,.F.,.F.,(2,2),(2,2),(0.,13.),(0.,1.),
  .PIECEWISE_BEZIER_KNOTS.);
#4043 = CARTESIAN_POINT('',(46.,9.,181.));
#4044 = CARTESIAN_POINT('',(58.8,21.5,193.8));
#4045 = CARTESIAN_POINT('',(59.,9.,181.));
#4046 = CARTESIAN_POINT('',(59.2,21.5,193.8));
#4047 = DEFINITIONAL_REPRESENTATION('',(#4048),#4093);
#4048 = B_SPLINE_CURVE_WITH_KNOTS('',7,(#4049,#4050,#4051,#4052,#4053,
    #4054,#4055,#4056,#4057,#4058,#4059,#4060,#4061,#4062,#4063,#4064,
    #4065,#4066,#4067,#4068,#4069,#4070,#4071,#4072,#4073,#4074,#4075,
    #4076,#4077,#4078,#4079,#4080,#4081,#4082,#4083,#4084,#4085,#4086,
    #4087,#4088,#4089,#4090,#4091,#4092),.UNSPECIFIED.,.F.,.F.,(8,6,6,6,
    6,6,6,8),(0.,0.450879468414,0.769437037276,0.88272278026,
    0.940908835391,0.970359784319,0.98516214047,1.),.UNSPECIFIED.);
#4049 = CARTESIAN_POINT('',(12.5,0.));
#4050 = CARTESIAN_POINT('',(12.468693546517,4.572852755945E-02));
#4051 = CARTESIAN_POINT('',(12.434155795196,9.144845287254E-02));
#4052 = CARTESIAN_POINT('',(12.395783041701,0.137159992609));
#4053 = CARTESIAN_POINT('',(12.352801182295,0.182860507039));
#4054 = CARTESIAN_POINT('',(12.304122700984,0.228543997866));
#4055 = CARTESIAN_POINT('',(12.248279252745,0.27420093598));
#4056 = CARTESIAN_POINT('',(12.136351608219,0.352043988528));
#4057 = CARTESIAN_POINT('',(12.085156759118,0.384244966405));
#4058 = CARTESIAN_POINT('',(12.028186746868,0.416419437831));
#4059 = CARTESIAN_POINT('',(11.964261029473,0.448558776093));
#4060 = CARTESIAN_POINT('',(11.891750601958,0.480643746679));
#4061 = CARTESIAN_POINT('',(11.808444377841,0.512643701901));
#4062 = CARTESIAN_POINT('',(11.675831065712,0.555842654083));
#4063 = CARTESIAN_POINT('',(11.639209161531,0.567157323729));
#4064 = CARTESIAN_POINT('',(11.600586914522,0.578451850538));
#4065 = CARTESIAN_POINT('',(11.559776373211,0.589722900612));
#4066 = CARTESIAN_POINT('',(11.516562331708,0.600966135839));
#4067 = CARTESIAN_POINT('',(11.470696049824,0.612176140912));
#4068 = CARTESIAN_POINT('',(11.3968205826,0.62908361619));
#4069 = CARTESIAN_POINT('',(11.370976565357,0.634810309235));
#4070 = CARTESIAN_POINT('',(11.344318132133,0.640525516464));
#4071 = CARTESIAN_POINT('',(11.316803649777,0.646228172289));
#4072 = CARTESIAN_POINT('',(11.288388641301,0.651917058563));
#4073 = CARTESIAN_POINT('',(11.259025785883,0.657590804581));
#4074 = CARTESIAN_POINT('',(11.213297725781,0.666111226882));
#4075 = CARTESIAN_POINT('',(11.19767485465,0.668970292306));
#4076 = CARTESIAN_POINT('',(11.181789786853,0.671824882872));
#4077 = CARTESIAN_POINT('',(11.165635819768,0.674674783871));
#4078 = CARTESIAN_POINT('',(11.149206066767,0.677519766375));
#4079 = CARTESIAN_POINT('',(11.132493457215,0.680359587226));
#4080 = CARTESIAN_POINT('',(11.106944990506,0.684618589157));
#4081 = CARTESIAN_POINT('',(11.098317869869,0.68604316838));
#4082 = CARTESIAN_POINT('',(11.089607983485,0.687467726508));
#4083 = CARTESIAN_POINT('',(11.08081389757,0.688892263329));
#4084 = CARTESIAN_POINT('',(11.071934135631,0.690316778625));
#4085 = CARTESIAN_POINT('',(11.062967178469,0.691741272169));
#4086 = CARTESIAN_POINT('',(11.044834029796,0.694593631882));
#4087 = CARTESIAN_POINT('',(11.035719295436,0.696013378198));
#4088 = CARTESIAN_POINT('',(11.0265031615,0.697434920216));
#4089 = CARTESIAN_POINT('',(11.017159451324,0.698862113354));
#4090 = CARTESIAN_POINT('',(11.007698585624,0.700292695903));
#4091 = CARTESIAN_POINT('',(10.998171529459,0.701718370205));
#4092 = CARTESIAN_POINT('',(10.988679011725,0.703125));
#4093 = ( GEOMETRIC_REPRESENTATION_CONTEXT(2) 
PARAMETRIC_REPRESENTATION_CONTEXT() REPRESENTATION_CONTEXT('2D SPACE',''
  ) );
#4094 = ORIENTED_EDGE('',*,*,#4095,.T.);
#4095 = EDGE_CURVE('',#3945,#4096,#4098,.T.);
#4096 = VERTEX_POINT('',#4097);
#4097 = CARTESIAN_POINT('',(58.5,131.5,190.));
#4098 = SURFACE_CURVE('',#4099,(#4103,#4110),.PCURVE_S1.);
#4099 = LINE('',#4100,#4101);
#4100 = CARTESIAN_POINT('',(58.5,-6.,190.));
#4101 = VECTOR('',#4102,1.);
#4102 = DIRECTION('',(0.,1.,0.));
#4103 = PCURVE('',#506,#4104);
#4104 = DEFINITIONAL_REPRESENTATION('',(#4105),#4109);
#4105 = LINE('',#4106,#4107);
#4106 = CARTESIAN_POINT('',(0.,-77.5));
#4107 = VECTOR('',#4108,1.);
#4108 = DIRECTION('',(1.,0.));
#4109 = ( GEOMETRIC_REPRESENTATION_CONTEXT(2) 
PARAMETRIC_REPRESENTATION_CONTEXT() REPRESENTATION_CONTEXT('2D SPACE',''
  ) );
#4110 = PCURVE('',#3253,#4111);
#4111 = DEFINITIONAL_REPRESENTATION('',(#4112),#4116);
#4112 = LINE('',#4113,#4114);
#4113 = CARTESIAN_POINT('',(-0.,0.));
#4114 = VECTOR('',#4115,1.);
#4115 = DIRECTION('',(-0.,1.));
#4116 = ( GEOMETRIC_REPRESENTATION_CONTEXT(2) 
PARAMETRIC_REPRESENTATION_CONTEXT() REPRESENTATION_CONTEXT('2D SPACE',''
  ) );
#4117 = ORIENTED_EDGE('',*,*,#4118,.T.);
#4118 = EDGE_CURVE('',#4096,#3590,#4119,.T.);
#4119 = SURFACE_CURVE('',#4120,(#4124,#4130),.PCURVE_S1.);
#4120 = LINE('',#4121,#4122);
#4121 = CARTESIAN_POINT('',(58.5,131.5,146.75));
#4122 = VECTOR('',#4123,1.);
#4123 = DIRECTION('',(0.,0.,-1.));
#4124 = PCURVE('',#506,#4125);
#4125 = DEFINITIONAL_REPRESENTATION('',(#4126),#4129);
#4126 = B_SPLINE_CURVE_WITH_KNOTS('',1,(#4127,#4128),.UNSPECIFIED.,.F.,
  .F.,(2,2),(-43.25,-34.25),.PIECEWISE_BEZIER_KNOTS.);
#4127 = CARTESIAN_POINT('',(137.5,-77.5));
#4128 = CARTESIAN_POINT('',(137.5,-68.5));
#4129 = ( GEOMETRIC_REPRESENTATION_CONTEXT(2) 
PARAMETRIC_REPRESENTATION_CONTEXT() REPRESENTATION_CONTEXT('2D SPACE',''
  ) );
#4130 = PCURVE('',#3280,#4131);
#4131 = DEFINITIONAL_REPRESENTATION('',(#4132),#4135);
#4132 = B_SPLINE_CURVE_WITH_KNOTS('',1,(#4133,#4134),.UNSPECIFIED.,.F.,
  .F.,(2,2),(-43.25,-34.25),.PIECEWISE_BEZIER_KNOTS.);
#4133 = CARTESIAN_POINT('',(9.,12.5));
#4134 = CARTESIAN_POINT('',(0.,12.5));
#4135 = ( GEOMETRIC_REPRESENTATION_CONTEXT(2) 
PARAMETRIC_REPRESENTATION_CONTEXT() REPRESENTATION_CONTEXT('2D SPACE',''
  ) );
#4136 = ORIENTED_EDGE('',*,*,#3612,.T.);
#4137 = ORIENTED_EDGE('',*,*,#490,.T.);
#4138 = ORIENTED_EDGE('',*,*,#4139,.T.);
#4139 = EDGE_CURVE('',#491,#4140,#4142,.T.);
#4140 = VERTEX_POINT('',#4141);
#4141 = CARTESIAN_POINT('',(58.5,95.5,164.3));
#4142 = SURFACE_CURVE('',#4143,(#4147,#4154),.PCURVE_S1.);
#4143 = LINE('',#4144,#4145);
#4144 = CARTESIAN_POINT('',(58.5,149.5,164.3));
#4145 = VECTOR('',#4146,1.);
#4146 = DIRECTION('',(0.,-1.,0.));
#4147 = PCURVE('',#506,#4148);
#4148 = DEFINITIONAL_REPRESENTATION('',(#4149),#4153);
#4149 = LINE('',#4150,#4151);
#4150 = CARTESIAN_POINT('',(155.5,-51.8));
#4151 = VECTOR('',#4152,1.);
#4152 = DIRECTION('',(-1.,0.));
#4153 = ( GEOMETRIC_REPRESENTATION_CONTEXT(2) 
PARAMETRIC_REPRESENTATION_CONTEXT() REPRESENTATION_CONTEXT('2D SPACE',''
  ) );
#4154 = PCURVE('',#533,#4155);
#4155 = DEFINITIONAL_REPRESENTATION('',(#4156),#4160);
#4156 = LINE('',#4157,#4158);
#4157 = CARTESIAN_POINT('',(6.,52.));
#4158 = VECTOR('',#4159,1.);
#4159 = DIRECTION('',(0.,-1.));
#4160 = ( GEOMETRIC_REPRESENTATION_CONTEXT(2) 
PARAMETRIC_REPRESENTATION_CONTEXT() REPRESENTATION_CONTEXT('2D SPACE',''
  ) );
#4161 = ORIENTED_EDGE('',*,*,#4162,.T.);
#4162 = EDGE_CURVE('',#4140,#4163,#4165,.T.);
#4163 = VERTEX_POINT('',#4164);
#4164 = CARTESIAN_POINT('',(58.5,95.5,139.7));
#4165 = SURFACE_CURVE('',#4166,(#4170,#4176),.PCURVE_S1.);
#4166 = LINE('',#4167,#4168);
#4167 = CARTESIAN_POINT('',(58.5,95.5,126.1));
#4168 = VECTOR('',#4169,1.);
#4169 = DIRECTION('',(0.,0.,-1.));
#4170 = PCURVE('',#506,#4171);
#4171 = DEFINITIONAL_REPRESENTATION('',(#4172),#4175);
#4172 = B_SPLINE_CURVE_WITH_KNOTS('',1,(#4173,#4174),.UNSPECIFIED.,.F.,
  .F.,(2,2),(-38.2,-13.6),.PIECEWISE_BEZIER_KNOTS.);
#4173 = CARTESIAN_POINT('',(101.5,-51.8));
#4174 = CARTESIAN_POINT('',(101.5,-27.2));
#4175 = ( GEOMETRIC_REPRESENTATION_CONTEXT(2) 
PARAMETRIC_REPRESENTATION_CONTEXT() REPRESENTATION_CONTEXT('2D SPACE',''
  ) );
#4176 = PCURVE('',#4177,#4182);
#4177 = PLANE('',#4178);
#4178 = AXIS2_PLACEMENT_3D('',#4179,#4180,#4181);
#4179 = CARTESIAN_POINT('',(48.3,95.5,139.7));
#4180 = DIRECTION('',(0.,1.,0.));
#4181 = DIRECTION('',(0.,0.,1.));
#4182 = DEFINITIONAL_REPRESENTATION('',(#4183),#4186);
#4183 = B_SPLINE_CURVE_WITH_KNOTS('',1,(#4184,#4185),.UNSPECIFIED.,.F.,
  .F.,(2,2),(-38.2,-13.6),.PIECEWISE_BEZIER_KNOTS.);
#4184 = CARTESIAN_POINT('',(24.6,10.2));
#4185 = CARTESIAN_POINT('',(0.,10.2));
#4186 = ( GEOMETRIC_REPRESENTATION_CONTEXT(2) 
PARAMETRIC_REPRESENTATION_CONTEXT() REPRESENTATION_CONTEXT('2D SPACE',''
  ) );
#4187 = ORIENTED_EDGE('',*,*,#4188,.T.);
#4188 = EDGE_CURVE('',#4163,#904,#4189,.T.);
#4189 = SURFACE_CURVE('',#4190,(#4194,#4201),.PCURVE_S1.);
#4190 = LINE('',#4191,#4192);
#4191 = CARTESIAN_POINT('',(58.5,95.5,139.7));
#4192 = VECTOR('',#4193,1.);
#4193 = DIRECTION('',(0.,1.,0.));
#4194 = PCURVE('',#506,#4195);
#4195 = DEFINITIONAL_REPRESENTATION('',(#4196),#4200);
#4196 = LINE('',#4197,#4198);
#4197 = CARTESIAN_POINT('',(101.5,-27.2));
#4198 = VECTOR('',#4199,1.);
#4199 = DIRECTION('',(1.,0.));
#4200 = ( GEOMETRIC_REPRESENTATION_CONTEXT(2) 
PARAMETRIC_REPRESENTATION_CONTEXT() REPRESENTATION_CONTEXT('2D SPACE',''
  ) );
#4201 = PCURVE('',#919,#4202);
#4202 = DEFINITIONAL_REPRESENTATION('',(#4203),#4207);
#4203 = LINE('',#4204,#4205);
#4204 = CARTESIAN_POINT('',(6.,-2.));
#4205 = VECTOR('',#4206,1.);
#4206 = DIRECTION('',(0.,1.));
#4207 = ( GEOMETRIC_REPRESENTATION_CONTEXT(2) 
PARAMETRIC_REPRESENTATION_CONTEXT() REPRESENTATION_CONTEXT('2D SPACE',''
  ) );
#4208 = ORIENTED_EDGE('',*,*,#931,.T.);
#4209 = ORIENTED_EDGE('',*,*,#4210,.F.);
#4210 = EDGE_CURVE('',#4211,#932,#4213,.T.);
#4211 = VERTEX_POINT('',#4212);
#4212 = CARTESIAN_POINT('',(58.5,131.5,125.));
#4213 = SURFACE_CURVE('',#4214,(#4218,#4224),.PCURVE_S1.);
#4214 = LINE('',#4215,#4216);
#4215 = CARTESIAN_POINT('',(58.5,62.75,125.));
#4216 = VECTOR('',#4217,1.);
#4217 = DIRECTION('',(0.,1.,-0.));
#4218 = PCURVE('',#506,#4219);
#4219 = DEFINITIONAL_REPRESENTATION('',(#4220),#4223);
#4220 = B_SPLINE_CURVE_WITH_KNOTS('',1,(#4221,#4222),.UNSPECIFIED.,.F.,
  .F.,(2,2),(68.75,86.75),.PIECEWISE_BEZIER_KNOTS.);
#4221 = CARTESIAN_POINT('',(137.5,-12.5));
#4222 = CARTESIAN_POINT('',(155.5,-12.5));
#4223 = ( GEOMETRIC_REPRESENTATION_CONTEXT(2) 
PARAMETRIC_REPRESENTATION_CONTEXT() REPRESENTATION_CONTEXT('2D SPACE',''
  ) );
#4224 = PCURVE('',#969,#4225);
#4225 = DEFINITIONAL_REPRESENTATION('',(#4226),#4229);
#4226 = B_SPLINE_CURVE_WITH_KNOTS('',1,(#4227,#4228),.UNSPECIFIED.,.F.,
  .F.,(2,2),(68.75,86.75),.PIECEWISE_BEZIER_KNOTS.);
#4227 = CARTESIAN_POINT('',(12.5,0.));
#4228 = CARTESIAN_POINT('',(12.5,18.));
#4229 = ( GEOMETRIC_REPRESENTATION_CONTEXT(2) 
PARAMETRIC_REPRESENTATION_CONTEXT() REPRESENTATION_CONTEXT('2D SPACE',''
  ) );
#4230 = ORIENTED_EDGE('',*,*,#4231,.T.);
#4231 = EDGE_CURVE('',#4211,#3637,#4232,.T.);
#4232 = SURFACE_CURVE('',#4233,(#4237,#4243),.PCURVE_S1.);
#4233 = LINE('',#4234,#4235);
#4234 = CARTESIAN_POINT('',(58.5,131.5,112.25));
#4235 = VECTOR('',#4236,1.);
#4236 = DIRECTION('',(0.,0.,-1.));
#4237 = PCURVE('',#506,#4238);
#4238 = DEFINITIONAL_REPRESENTATION('',(#4239),#4242);
#4239 = B_SPLINE_CURVE_WITH_KNOTS('',1,(#4240,#4241),.UNSPECIFIED.,.F.,
  .F.,(2,2),(-12.75,-0.25),.PIECEWISE_BEZIER_KNOTS.);
#4240 = CARTESIAN_POINT('',(137.5,-12.5));
#4241 = CARTESIAN_POINT('',(137.5,0.));
#4242 = ( GEOMETRIC_REPRESENTATION_CONTEXT(2) 
PARAMETRIC_REPRESENTATION_CONTEXT() REPRESENTATION_CONTEXT('2D SPACE',''
  ) );
#4243 = PCURVE('',#4244,#4249);
#4244 = PLANE('',#4245);
#4245 = AXIS2_PLACEMENT_3D('',#4246,#4247,#4248);
#4246 = CARTESIAN_POINT('',(46.,131.5,112.));
#4247 = DIRECTION('',(0.,1.,0.));
#4248 = DIRECTION('',(0.,0.,1.));
#4249 = DEFINITIONAL_REPRESENTATION('',(#4250),#4253);
#4250 = B_SPLINE_CURVE_WITH_KNOTS('',1,(#4251,#4252),.UNSPECIFIED.,.F.,
  .F.,(2,2),(-12.75,-0.25),.PIECEWISE_BEZIER_KNOTS.);
#4251 = CARTESIAN_POINT('',(13.,12.5));
#4252 = CARTESIAN_POINT('',(0.5,12.5));
#4253 = ( GEOMETRIC_REPRESENTATION_CONTEXT(2) 
PARAMETRIC_REPRESENTATION_CONTEXT() REPRESENTATION_CONTEXT('2D SPACE',''
  ) );
#4254 = ADVANCED_FACE('',(#4255),#533,.T.);
#4255 = FACE_BOUND('',#4256,.T.);
#4256 = EDGE_LOOP('',(#4257,#4258,#4281,#4302));
#4257 = ORIENTED_EDGE('',*,*,#517,.F.);
#4258 = ORIENTED_EDGE('',*,*,#4259,.T.);
#4259 = EDGE_CURVE('',#518,#4260,#4262,.T.);
#4260 = VERTEX_POINT('',#4261);
#4261 = CARTESIAN_POINT('',(48.3,95.5,164.3));
#4262 = SURFACE_CURVE('',#4263,(#4267,#4274),.PCURVE_S1.);
#4263 = LINE('',#4264,#4265);
#4264 = CARTESIAN_POINT('',(48.3,149.5,164.3));
#4265 = VECTOR('',#4266,1.);
#4266 = DIRECTION('',(0.,-1.,0.));
#4267 = PCURVE('',#533,#4268);
#4268 = DEFINITIONAL_REPRESENTATION('',(#4269),#4273);
#4269 = LINE('',#4270,#4271);
#4270 = CARTESIAN_POINT('',(-4.2,52.));
#4271 = VECTOR('',#4272,1.);
#4272 = DIRECTION('',(0.,-1.));
#4273 = ( GEOMETRIC_REPRESENTATION_CONTEXT(2) 
PARAMETRIC_REPRESENTATION_CONTEXT() REPRESENTATION_CONTEXT('2D SPACE',''
  ) );
#4274 = PCURVE('',#561,#4275);
#4275 = DEFINITIONAL_REPRESENTATION('',(#4276),#4280);
#4276 = LINE('',#4277,#4278);
#4277 = CARTESIAN_POINT('',(2.,-52.));
#4278 = VECTOR('',#4279,1.);
#4279 = DIRECTION('',(0.,1.));
#4280 = ( GEOMETRIC_REPRESENTATION_CONTEXT(2) 
PARAMETRIC_REPRESENTATION_CONTEXT() REPRESENTATION_CONTEXT('2D SPACE',''
  ) );
#4281 = ORIENTED_EDGE('',*,*,#4282,.T.);
#4282 = EDGE_CURVE('',#4260,#4140,#4283,.T.);
#4283 = SURFACE_CURVE('',#4284,(#4288,#4295),.PCURVE_S1.);
#4284 = LINE('',#4285,#4286);
#4285 = CARTESIAN_POINT('',(48.3,95.5,164.3));
#4286 = VECTOR('',#4287,1.);
#4287 = DIRECTION('',(1.,0.,0.));
#4288 = PCURVE('',#533,#4289);
#4289 = DEFINITIONAL_REPRESENTATION('',(#4290),#4294);
#4290 = LINE('',#4291,#4292);
#4291 = CARTESIAN_POINT('',(-4.2,-2.));
#4292 = VECTOR('',#4293,1.);
#4293 = DIRECTION('',(1.,0.));
#4294 = ( GEOMETRIC_REPRESENTATION_CONTEXT(2) 
PARAMETRIC_REPRESENTATION_CONTEXT() REPRESENTATION_CONTEXT('2D SPACE',''
  ) );
#4295 = PCURVE('',#4177,#4296);
#4296 = DEFINITIONAL_REPRESENTATION('',(#4297),#4301);
#4297 = LINE('',#4298,#4299);
#4298 = CARTESIAN_POINT('',(24.6,0.));
#4299 = VECTOR('',#4300,1.);
#4300 = DIRECTION('',(0.,1.));
#4301 = ( GEOMETRIC_REPRESENTATION_CONTEXT(2) 
PARAMETRIC_REPRESENTATION_CONTEXT() REPRESENTATION_CONTEXT('2D SPACE',''
  ) );
#4302 = ORIENTED_EDGE('',*,*,#4139,.F.);
#4303 = ADVANCED_FACE('',(#4304),#561,.F.);
#4304 = FACE_BOUND('',#4305,.F.);
#4305 = EDGE_LOOP('',(#4306,#4331,#4359,#4380,#4381,#4382,#4405,#4426,
    #4427,#4450,#4478,#4501));
#4306 = ORIENTED_EDGE('',*,*,#4307,.T.);
#4307 = EDGE_CURVE('',#4308,#4310,#4312,.T.);
#4308 = VERTEX_POINT('',#4309);
#4309 = CARTESIAN_POINT('',(48.3,97.5,162.3));
#4310 = VERTEX_POINT('',#4311);
#4311 = CARTESIAN_POINT('',(48.3,107.,162.3));
#4312 = SURFACE_CURVE('',#4313,(#4317,#4324),.PCURVE_S1.);
#4313 = LINE('',#4314,#4315);
#4314 = CARTESIAN_POINT('',(48.3,97.5,162.3));
#4315 = VECTOR('',#4316,1.);
#4316 = DIRECTION('',(0.,1.,0.));
#4317 = PCURVE('',#561,#4318);
#4318 = DEFINITIONAL_REPRESENTATION('',(#4319),#4323);
#4319 = LINE('',#4320,#4321);
#4320 = CARTESIAN_POINT('',(0.,0.));
#4321 = VECTOR('',#4322,1.);
#4322 = DIRECTION('',(0.,-1.));
#4323 = ( GEOMETRIC_REPRESENTATION_CONTEXT(2) 
PARAMETRIC_REPRESENTATION_CONTEXT() REPRESENTATION_CONTEXT('2D SPACE',''
  ) );
#4324 = PCURVE('',#645,#4325);
#4325 = DEFINITIONAL_REPRESENTATION('',(#4326),#4330);
#4326 = LINE('',#4327,#4328);
#4327 = CARTESIAN_POINT('',(0.,0.));
#4328 = VECTOR('',#4329,1.);
#4329 = DIRECTION('',(0.,1.));
#4330 = ( GEOMETRIC_REPRESENTATION_CONTEXT(2) 
PARAMETRIC_REPRESENTATION_CONTEXT() REPRESENTATION_CONTEXT('2D SPACE',''
  ) );
#4331 = ORIENTED_EDGE('',*,*,#4332,.F.);
#4332 = EDGE_CURVE('',#4333,#4310,#4335,.T.);
#4333 = VERTEX_POINT('',#4334);
#4334 = CARTESIAN_POINT('',(48.3,107.,161.3));
#4335 = SURFACE_CURVE('',#4336,(#4340,#4347),.PCURVE_S1.);
#4336 = LINE('',#4337,#4338);
#4337 = CARTESIAN_POINT('',(48.3,107.,161.3));
#4338 = VECTOR('',#4339,1.);
#4339 = DIRECTION('',(0.,0.,1.));
#4340 = PCURVE('',#561,#4341);
#4341 = DEFINITIONAL_REPRESENTATION('',(#4342),#4346);
#4342 = LINE('',#4343,#4344);
#4343 = CARTESIAN_POINT('',(-1.,-9.5));
#4344 = VECTOR('',#4345,1.);
#4345 = DIRECTION('',(1.,0.));
#4346 = ( GEOMETRIC_REPRESENTATION_CONTEXT(2) 
PARAMETRIC_REPRESENTATION_CONTEXT() REPRESENTATION_CONTEXT('2D SPACE',''
  ) );
#4347 = PCURVE('',#4348,#4353);
#4348 = PLANE('',#4349);
#4349 = AXIS2_PLACEMENT_3D('',#4350,#4351,#4352);
#4350 = CARTESIAN_POINT('',(48.3,107.,161.3));
#4351 = DIRECTION('',(0.,1.,0.));
#4352 = DIRECTION('',(0.,0.,1.));
#4353 = DEFINITIONAL_REPRESENTATION('',(#4354),#4358);
#4354 = LINE('',#4355,#4356);
#4355 = CARTESIAN_POINT('',(0.,0.));
#4356 = VECTOR('',#4357,1.);
#4357 = DIRECTION('',(1.,0.));
#4358 = ( GEOMETRIC_REPRESENTATION_CONTEXT(2) 
PARAMETRIC_REPRESENTATION_CONTEXT() REPRESENTATION_CONTEXT('2D SPACE',''
  ) );
#4359 = ORIENTED_EDGE('',*,*,#4360,.T.);
#4360 = EDGE_CURVE('',#4333,#546,#4361,.T.);
#4361 = SURFACE_CURVE('',#4362,(#4366,#4373),.PCURVE_S1.);
#4362 = LINE('',#4363,#4364);
#4363 = CARTESIAN_POINT('',(48.3,107.,161.3));
#4364 = VECTOR('',#4365,1.);
#4365 = DIRECTION('',(0.,1.,0.));
#4366 = PCURVE('',#561,#4367);
#4367 = DEFINITIONAL_REPRESENTATION('',(#4368),#4372);
#4368 = LINE('',#4369,#4370);
#4369 = CARTESIAN_POINT('',(-1.,-9.5));
#4370 = VECTOR('',#4371,1.);
#4371 = DIRECTION('',(0.,-1.));
#4372 = ( GEOMETRIC_REPRESENTATION_CONTEXT(2) 
PARAMETRIC_REPRESENTATION_CONTEXT() REPRESENTATION_CONTEXT('2D SPACE',''
  ) );
#4373 = PCURVE('',#589,#4374);
#4374 = DEFINITIONAL_REPRESENTATION('',(#4375),#4379);
#4375 = LINE('',#4376,#4377);
#4376 = CARTESIAN_POINT('',(0.,0.));
#4377 = VECTOR('',#4378,1.);
#4378 = DIRECTION('',(0.,1.));
#4379 = ( GEOMETRIC_REPRESENTATION_CONTEXT(2) 
PARAMETRIC_REPRESENTATION_CONTEXT() REPRESENTATION_CONTEXT('2D SPACE',''
  ) );
#4380 = ORIENTED_EDGE('',*,*,#545,.T.);
#4381 = ORIENTED_EDGE('',*,*,#4259,.T.);
#4382 = ORIENTED_EDGE('',*,*,#4383,.F.);
#4383 = EDGE_CURVE('',#4384,#4260,#4386,.T.);
#4384 = VERTEX_POINT('',#4385);
#4385 = CARTESIAN_POINT('',(48.3,95.5,139.7));
#4386 = SURFACE_CURVE('',#4387,(#4391,#4398),.PCURVE_S1.);
#4387 = LINE('',#4388,#4389);
#4388 = CARTESIAN_POINT('',(48.3,95.5,139.7));
#4389 = VECTOR('',#4390,1.);
#4390 = DIRECTION('',(0.,0.,1.));
#4391 = PCURVE('',#561,#4392);
#4392 = DEFINITIONAL_REPRESENTATION('',(#4393),#4397);
#4393 = LINE('',#4394,#4395);
#4394 = CARTESIAN_POINT('',(-22.6,2.));
#4395 = VECTOR('',#4396,1.);
#4396 = DIRECTION('',(1.,0.));
#4397 = ( GEOMETRIC_REPRESENTATION_CONTEXT(2) 
PARAMETRIC_REPRESENTATION_CONTEXT() REPRESENTATION_CONTEXT('2D SPACE',''
  ) );
#4398 = PCURVE('',#4177,#4399);
#4399 = DEFINITIONAL_REPRESENTATION('',(#4400),#4404);
#4400 = LINE('',#4401,#4402);
#4401 = CARTESIAN_POINT('',(0.,0.));
#4402 = VECTOR('',#4403,1.);
#4403 = DIRECTION('',(1.,0.));
#4404 = ( GEOMETRIC_REPRESENTATION_CONTEXT(2) 
PARAMETRIC_REPRESENTATION_CONTEXT() REPRESENTATION_CONTEXT('2D SPACE',''
  ) );
#4405 = ORIENTED_EDGE('',*,*,#4406,.F.);
#4406 = EDGE_CURVE('',#881,#4384,#4407,.T.);
#4407 = SURFACE_CURVE('',#4408,(#4412,#4419),.PCURVE_S1.);
#4408 = LINE('',#4409,#4410);
#4409 = CARTESIAN_POINT('',(48.3,149.5,139.7));
#4410 = VECTOR('',#4411,1.);
#4411 = DIRECTION('',(0.,-1.,0.));
#4412 = PCURVE('',#561,#4413);
#4413 = DEFINITIONAL_REPRESENTATION('',(#4414),#4418);
#4414 = LINE('',#4415,#4416);
#4415 = CARTESIAN_POINT('',(-22.6,-52.));
#4416 = VECTOR('',#4417,1.);
#4417 = DIRECTION('',(0.,1.));
#4418 = ( GEOMETRIC_REPRESENTATION_CONTEXT(2) 
PARAMETRIC_REPRESENTATION_CONTEXT() REPRESENTATION_CONTEXT('2D SPACE',''
  ) );
#4419 = PCURVE('',#919,#4420);
#4420 = DEFINITIONAL_REPRESENTATION('',(#4421),#4425);
#4421 = LINE('',#4422,#4423);
#4422 = CARTESIAN_POINT('',(-4.2,52.));
#4423 = VECTOR('',#4424,1.);
#4424 = DIRECTION('',(0.,-1.));
#4425 = ( GEOMETRIC_REPRESENTATION_CONTEXT(2) 
PARAMETRIC_REPRESENTATION_CONTEXT() REPRESENTATION_CONTEXT('2D SPACE',''
  ) );
#4426 = ORIENTED_EDGE('',*,*,#880,.T.);
#4427 = ORIENTED_EDGE('',*,*,#4428,.F.);
#4428 = EDGE_CURVE('',#4429,#853,#4431,.T.);
#4429 = VERTEX_POINT('',#4430);
#4430 = CARTESIAN_POINT('',(48.3,107.,142.7));
#4431 = SURFACE_CURVE('',#4432,(#4436,#4443),.PCURVE_S1.);
#4432 = LINE('',#4433,#4434);
#4433 = CARTESIAN_POINT('',(48.3,107.,142.7));
#4434 = VECTOR('',#4435,1.);
#4435 = DIRECTION('',(0.,1.,0.));
#4436 = PCURVE('',#561,#4437);
#4437 = DEFINITIONAL_REPRESENTATION('',(#4438),#4442);
#4438 = LINE('',#4439,#4440);
#4439 = CARTESIAN_POINT('',(-19.6,-9.5));
#4440 = VECTOR('',#4441,1.);
#4441 = DIRECTION('',(0.,-1.));
#4442 = ( GEOMETRIC_REPRESENTATION_CONTEXT(2) 
PARAMETRIC_REPRESENTATION_CONTEXT() REPRESENTATION_CONTEXT('2D SPACE',''
  ) );
#4443 = PCURVE('',#868,#4444);
#4444 = DEFINITIONAL_REPRESENTATION('',(#4445),#4449);
#4445 = LINE('',#4446,#4447);
#4446 = CARTESIAN_POINT('',(0.,0.));
#4447 = VECTOR('',#4448,1.);
#4448 = DIRECTION('',(0.,1.));
#4449 = ( GEOMETRIC_REPRESENTATION_CONTEXT(2) 
PARAMETRIC_REPRESENTATION_CONTEXT() REPRESENTATION_CONTEXT('2D SPACE',''
  ) );
#4450 = ORIENTED_EDGE('',*,*,#4451,.F.);
#4451 = EDGE_CURVE('',#4452,#4429,#4454,.T.);
#4452 = VERTEX_POINT('',#4453);
#4453 = CARTESIAN_POINT('',(48.3,107.,141.7));
#4454 = SURFACE_CURVE('',#4455,(#4459,#4466),.PCURVE_S1.);
#4455 = LINE('',#4456,#4457);
#4456 = CARTESIAN_POINT('',(48.3,107.,139.7));
#4457 = VECTOR('',#4458,1.);
#4458 = DIRECTION('',(0.,0.,1.));
#4459 = PCURVE('',#561,#4460);
#4460 = DEFINITIONAL_REPRESENTATION('',(#4461),#4465);
#4461 = LINE('',#4462,#4463);
#4462 = CARTESIAN_POINT('',(-22.6,-9.5));
#4463 = VECTOR('',#4464,1.);
#4464 = DIRECTION('',(1.,0.));
#4465 = ( GEOMETRIC_REPRESENTATION_CONTEXT(2) 
PARAMETRIC_REPRESENTATION_CONTEXT() REPRESENTATION_CONTEXT('2D SPACE',''
  ) );
#4466 = PCURVE('',#4467,#4472);
#4467 = PLANE('',#4468);
#4468 = AXIS2_PLACEMENT_3D('',#4469,#4470,#4471);
#4469 = CARTESIAN_POINT('',(48.3,107.,139.7));
#4470 = DIRECTION('',(0.,1.,0.));
#4471 = DIRECTION('',(0.,0.,1.));
#4472 = DEFINITIONAL_REPRESENTATION('',(#4473),#4477);
#4473 = LINE('',#4474,#4475);
#4474 = CARTESIAN_POINT('',(0.,0.));
#4475 = VECTOR('',#4476,1.);
#4476 = DIRECTION('',(1.,0.));
#4477 = ( GEOMETRIC_REPRESENTATION_CONTEXT(2) 
PARAMETRIC_REPRESENTATION_CONTEXT() REPRESENTATION_CONTEXT('2D SPACE',''
  ) );
#4478 = ORIENTED_EDGE('',*,*,#4479,.F.);
#4479 = EDGE_CURVE('',#4480,#4452,#4482,.T.);
#4480 = VERTEX_POINT('',#4481);
#4481 = CARTESIAN_POINT('',(48.3,97.5,141.7));
#4482 = SURFACE_CURVE('',#4483,(#4487,#4494),.PCURVE_S1.);
#4483 = LINE('',#4484,#4485);
#4484 = CARTESIAN_POINT('',(48.3,97.5,141.7));
#4485 = VECTOR('',#4486,1.);
#4486 = DIRECTION('',(0.,1.,0.));
#4487 = PCURVE('',#561,#4488);
#4488 = DEFINITIONAL_REPRESENTATION('',(#4489),#4493);
#4489 = LINE('',#4490,#4491);
#4490 = CARTESIAN_POINT('',(-20.6,0.));
#4491 = VECTOR('',#4492,1.);
#4492 = DIRECTION('',(0.,-1.));
#4493 = ( GEOMETRIC_REPRESENTATION_CONTEXT(2) 
PARAMETRIC_REPRESENTATION_CONTEXT() REPRESENTATION_CONTEXT('2D SPACE',''
  ) );
#4494 = PCURVE('',#812,#4495);
#4495 = DEFINITIONAL_REPRESENTATION('',(#4496),#4500);
#4496 = LINE('',#4497,#4498);
#4497 = CARTESIAN_POINT('',(0.,0.));
#4498 = VECTOR('',#4499,1.);
#4499 = DIRECTION('',(0.,1.));
#4500 = ( GEOMETRIC_REPRESENTATION_CONTEXT(2) 
PARAMETRIC_REPRESENTATION_CONTEXT() REPRESENTATION_CONTEXT('2D SPACE',''
  ) );
#4501 = ORIENTED_EDGE('',*,*,#4502,.T.);
#4502 = EDGE_CURVE('',#4480,#4308,#4503,.T.);
#4503 = SURFACE_CURVE('',#4504,(#4508,#4515),.PCURVE_S1.);
#4504 = LINE('',#4505,#4506);
#4505 = CARTESIAN_POINT('',(48.3,97.5,139.7));
#4506 = VECTOR('',#4507,1.);
#4507 = DIRECTION('',(0.,0.,1.));
#4508 = PCURVE('',#561,#4509);
#4509 = DEFINITIONAL_REPRESENTATION('',(#4510),#4514);
#4510 = LINE('',#4511,#4512);
#4511 = CARTESIAN_POINT('',(-22.6,0.));
#4512 = VECTOR('',#4513,1.);
#4513 = DIRECTION('',(1.,0.));
#4514 = ( GEOMETRIC_REPRESENTATION_CONTEXT(2) 
PARAMETRIC_REPRESENTATION_CONTEXT() REPRESENTATION_CONTEXT('2D SPACE',''
  ) );
#4515 = PCURVE('',#4516,#4521);
#4516 = PLANE('',#4517);
#4517 = AXIS2_PLACEMENT_3D('',#4518,#4519,#4520);
#4518 = CARTESIAN_POINT('',(48.3,97.5,139.7));
#4519 = DIRECTION('',(0.,1.,0.));
#4520 = DIRECTION('',(0.,0.,1.));
#4521 = DEFINITIONAL_REPRESENTATION('',(#4522),#4526);
#4522 = LINE('',#4523,#4524);
#4523 = CARTESIAN_POINT('',(0.,0.));
#4524 = VECTOR('',#4525,1.);
#4525 = DIRECTION('',(1.,0.));
#4526 = ( GEOMETRIC_REPRESENTATION_CONTEXT(2) 
PARAMETRIC_REPRESENTATION_CONTEXT() REPRESENTATION_CONTEXT('2D SPACE',''
  ) );
#4527 = ADVANCED_FACE('',(#4528),#589,.F.);
#4528 = FACE_BOUND('',#4529,.F.);
#4529 = EDGE_LOOP('',(#4530,#4531,#4554,#4575));
#4530 = ORIENTED_EDGE('',*,*,#4360,.F.);
#4531 = ORIENTED_EDGE('',*,*,#4532,.T.);
#4532 = EDGE_CURVE('',#4333,#4533,#4535,.T.);
#4533 = VERTEX_POINT('',#4534);
#4534 = CARTESIAN_POINT('',(49.8,107.,161.3));
#4535 = SURFACE_CURVE('',#4536,(#4540,#4547),.PCURVE_S1.);
#4536 = LINE('',#4537,#4538);
#4537 = CARTESIAN_POINT('',(48.3,107.,161.3));
#4538 = VECTOR('',#4539,1.);
#4539 = DIRECTION('',(1.,0.,0.));
#4540 = PCURVE('',#589,#4541);
#4541 = DEFINITIONAL_REPRESENTATION('',(#4542),#4546);
#4542 = LINE('',#4543,#4544);
#4543 = CARTESIAN_POINT('',(0.,0.));
#4544 = VECTOR('',#4545,1.);
#4545 = DIRECTION('',(1.,0.));
#4546 = ( GEOMETRIC_REPRESENTATION_CONTEXT(2) 
PARAMETRIC_REPRESENTATION_CONTEXT() REPRESENTATION_CONTEXT('2D SPACE',''
  ) );
#4547 = PCURVE('',#4348,#4548);
#4548 = DEFINITIONAL_REPRESENTATION('',(#4549),#4553);
#4549 = LINE('',#4550,#4551);
#4550 = CARTESIAN_POINT('',(0.,0.));
#4551 = VECTOR('',#4552,1.);
#4552 = DIRECTION('',(0.,1.));
#4553 = ( GEOMETRIC_REPRESENTATION_CONTEXT(2) 
PARAMETRIC_REPRESENTATION_CONTEXT() REPRESENTATION_CONTEXT('2D SPACE',''
  ) );
#4554 = ORIENTED_EDGE('',*,*,#4555,.T.);
#4555 = EDGE_CURVE('',#4533,#574,#4556,.T.);
#4556 = SURFACE_CURVE('',#4557,(#4561,#4568),.PCURVE_S1.);
#4557 = LINE('',#4558,#4559);
#4558 = CARTESIAN_POINT('',(49.8,107.,161.3));
#4559 = VECTOR('',#4560,1.);
#4560 = DIRECTION('',(0.,1.,0.));
#4561 = PCURVE('',#589,#4562);
#4562 = DEFINITIONAL_REPRESENTATION('',(#4563),#4567);
#4563 = LINE('',#4564,#4565);
#4564 = CARTESIAN_POINT('',(1.5,0.));
#4565 = VECTOR('',#4566,1.);
#4566 = DIRECTION('',(0.,1.));
#4567 = ( GEOMETRIC_REPRESENTATION_CONTEXT(2) 
PARAMETRIC_REPRESENTATION_CONTEXT() REPRESENTATION_CONTEXT('2D SPACE',''
  ) );
#4568 = PCURVE('',#617,#4569);
#4569 = DEFINITIONAL_REPRESENTATION('',(#4570),#4574);
#4570 = LINE('',#4571,#4572);
#4571 = CARTESIAN_POINT('',(0.,0.));
#4572 = VECTOR('',#4573,1.);
#4573 = DIRECTION('',(0.,-1.));
#4574 = ( GEOMETRIC_REPRESENTATION_CONTEXT(2) 
PARAMETRIC_REPRESENTATION_CONTEXT() REPRESENTATION_CONTEXT('2D SPACE',''
  ) );
#4575 = ORIENTED_EDGE('',*,*,#573,.F.);
#4576 = ADVANCED_FACE('',(#4577),#617,.T.);
#4577 = FACE_BOUND('',#4578,.T.);
#4578 = EDGE_LOOP('',(#4579,#4602,#4603,#4604));
#4579 = ORIENTED_EDGE('',*,*,#4580,.F.);
#4580 = EDGE_CURVE('',#4533,#4581,#4583,.T.);
#4581 = VERTEX_POINT('',#4582);
#4582 = CARTESIAN_POINT('',(49.8,107.,162.3));
#4583 = SURFACE_CURVE('',#4584,(#4588,#4595),.PCURVE_S1.);
#4584 = LINE('',#4585,#4586);
#4585 = CARTESIAN_POINT('',(49.8,107.,161.3));
#4586 = VECTOR('',#4587,1.);
#4587 = DIRECTION('',(0.,0.,1.));
#4588 = PCURVE('',#617,#4589);
#4589 = DEFINITIONAL_REPRESENTATION('',(#4590),#4594);
#4590 = LINE('',#4591,#4592);
#4591 = CARTESIAN_POINT('',(0.,0.));
#4592 = VECTOR('',#4593,1.);
#4593 = DIRECTION('',(1.,0.));
#4594 = ( GEOMETRIC_REPRESENTATION_CONTEXT(2) 
PARAMETRIC_REPRESENTATION_CONTEXT() REPRESENTATION_CONTEXT('2D SPACE',''
  ) );
#4595 = PCURVE('',#4348,#4596);
#4596 = DEFINITIONAL_REPRESENTATION('',(#4597),#4601);
#4597 = LINE('',#4598,#4599);
#4598 = CARTESIAN_POINT('',(0.,1.5));
#4599 = VECTOR('',#4600,1.);
#4600 = DIRECTION('',(1.,0.));
#4601 = ( GEOMETRIC_REPRESENTATION_CONTEXT(2) 
PARAMETRIC_REPRESENTATION_CONTEXT() REPRESENTATION_CONTEXT('2D SPACE',''
  ) );
#4602 = ORIENTED_EDGE('',*,*,#4555,.T.);
#4603 = ORIENTED_EDGE('',*,*,#601,.T.);
#4604 = ORIENTED_EDGE('',*,*,#4605,.T.);
#4605 = EDGE_CURVE('',#602,#4581,#4606,.T.);
#4606 = SURFACE_CURVE('',#4607,(#4611,#4617),.PCURVE_S1.);
#4607 = LINE('',#4608,#4609);
#4608 = CARTESIAN_POINT('',(49.8,102.25,162.3));
#4609 = VECTOR('',#4610,1.);
#4610 = DIRECTION('',(0.,-1.,0.));
#4611 = PCURVE('',#617,#4612);
#4612 = DEFINITIONAL_REPRESENTATION('',(#4613),#4616);
#4613 = B_SPLINE_CURVE_WITH_KNOTS('',1,(#4614,#4615),.UNSPECIFIED.,.F.,
  .F.,(2,2),(-47.25,-4.75),.PIECEWISE_BEZIER_KNOTS.);
#4614 = CARTESIAN_POINT('',(1.,-42.5));
#4615 = CARTESIAN_POINT('',(1.,0.));
#4616 = ( GEOMETRIC_REPRESENTATION_CONTEXT(2) 
PARAMETRIC_REPRESENTATION_CONTEXT() REPRESENTATION_CONTEXT('2D SPACE',''
  ) );
#4617 = PCURVE('',#645,#4618);
#4618 = DEFINITIONAL_REPRESENTATION('',(#4619),#4622);
#4619 = B_SPLINE_CURVE_WITH_KNOTS('',1,(#4620,#4621),.UNSPECIFIED.,.F.,
  .F.,(2,2),(-47.25,-4.75),.PIECEWISE_BEZIER_KNOTS.);
#4620 = CARTESIAN_POINT('',(1.5,52.));
#4621 = CARTESIAN_POINT('',(1.5,9.5));
#4622 = ( GEOMETRIC_REPRESENTATION_CONTEXT(2) 
PARAMETRIC_REPRESENTATION_CONTEXT() REPRESENTATION_CONTEXT('2D SPACE',''
  ) );
#4623 = ADVANCED_FACE('',(#4624),#645,.F.);
#4624 = FACE_BOUND('',#4625,.F.);
#4625 = EDGE_LOOP('',(#4626,#4627,#4650,#4671,#4672,#4673));
#4626 = ORIENTED_EDGE('',*,*,#4307,.F.);
#4627 = ORIENTED_EDGE('',*,*,#4628,.T.);
#4628 = EDGE_CURVE('',#4308,#4629,#4631,.T.);
#4629 = VERTEX_POINT('',#4630);
#4630 = CARTESIAN_POINT('',(52.5,97.5,162.3));
#4631 = SURFACE_CURVE('',#4632,(#4636,#4643),.PCURVE_S1.);
#4632 = LINE('',#4633,#4634);
#4633 = CARTESIAN_POINT('',(48.3,97.5,162.3));
#4634 = VECTOR('',#4635,1.);
#4635 = DIRECTION('',(1.,0.,0.));
#4636 = PCURVE('',#645,#4637);
#4637 = DEFINITIONAL_REPRESENTATION('',(#4638),#4642);
#4638 = LINE('',#4639,#4640);
#4639 = CARTESIAN_POINT('',(0.,0.));
#4640 = VECTOR('',#4641,1.);
#4641 = DIRECTION('',(1.,0.));
#4642 = ( GEOMETRIC_REPRESENTATION_CONTEXT(2) 
PARAMETRIC_REPRESENTATION_CONTEXT() REPRESENTATION_CONTEXT('2D SPACE',''
  ) );
#4643 = PCURVE('',#4516,#4644);
#4644 = DEFINITIONAL_REPRESENTATION('',(#4645),#4649);
#4645 = LINE('',#4646,#4647);
#4646 = CARTESIAN_POINT('',(22.6,0.));
#4647 = VECTOR('',#4648,1.);
#4648 = DIRECTION('',(0.,1.));
#4649 = ( GEOMETRIC_REPRESENTATION_CONTEXT(2) 
PARAMETRIC_REPRESENTATION_CONTEXT() REPRESENTATION_CONTEXT('2D SPACE',''
  ) );
#4650 = ORIENTED_EDGE('',*,*,#4651,.T.);
#4651 = EDGE_CURVE('',#4629,#630,#4652,.T.);
#4652 = SURFACE_CURVE('',#4653,(#4657,#4664),.PCURVE_S1.);
#4653 = LINE('',#4654,#4655);
#4654 = CARTESIAN_POINT('',(52.5,97.5,162.3));
#4655 = VECTOR('',#4656,1.);
#4656 = DIRECTION('',(0.,1.,0.));
#4657 = PCURVE('',#645,#4658);
#4658 = DEFINITIONAL_REPRESENTATION('',(#4659),#4663);
#4659 = LINE('',#4660,#4661);
#4660 = CARTESIAN_POINT('',(4.2,0.));
#4661 = VECTOR('',#4662,1.);
#4662 = DIRECTION('',(0.,1.));
#4663 = ( GEOMETRIC_REPRESENTATION_CONTEXT(2) 
PARAMETRIC_REPRESENTATION_CONTEXT() REPRESENTATION_CONTEXT('2D SPACE',''
  ) );
#4664 = PCURVE('',#673,#4665);
#4665 = DEFINITIONAL_REPRESENTATION('',(#4666),#4670);
#4666 = LINE('',#4667,#4668);
#4667 = CARTESIAN_POINT('',(1.,0.));
#4668 = VECTOR('',#4669,1.);
#4669 = DIRECTION('',(0.,-1.));
#4670 = ( GEOMETRIC_REPRESENTATION_CONTEXT(2) 
PARAMETRIC_REPRESENTATION_CONTEXT() REPRESENTATION_CONTEXT('2D SPACE',''
  ) );
#4671 = ORIENTED_EDGE('',*,*,#629,.F.);
#4672 = ORIENTED_EDGE('',*,*,#4605,.T.);
#4673 = ORIENTED_EDGE('',*,*,#4674,.F.);
#4674 = EDGE_CURVE('',#4310,#4581,#4675,.T.);
#4675 = SURFACE_CURVE('',#4676,(#4680,#4686),.PCURVE_S1.);
#4676 = LINE('',#4677,#4678);
#4677 = CARTESIAN_POINT('',(48.3,107.,162.3));
#4678 = VECTOR('',#4679,1.);
#4679 = DIRECTION('',(1.,0.,0.));
#4680 = PCURVE('',#645,#4681);
#4681 = DEFINITIONAL_REPRESENTATION('',(#4682),#4685);
#4682 = B_SPLINE_CURVE_WITH_KNOTS('',1,(#4683,#4684),.UNSPECIFIED.,.F.,
  .F.,(2,2),(0.,1.5),.PIECEWISE_BEZIER_KNOTS.);
#4683 = CARTESIAN_POINT('',(0.,9.5));
#4684 = CARTESIAN_POINT('',(1.5,9.5));
#4685 = ( GEOMETRIC_REPRESENTATION_CONTEXT(2) 
PARAMETRIC_REPRESENTATION_CONTEXT() REPRESENTATION_CONTEXT('2D SPACE',''
  ) );
#4686 = PCURVE('',#4348,#4687);
#4687 = DEFINITIONAL_REPRESENTATION('',(#4688),#4691);
#4688 = B_SPLINE_CURVE_WITH_KNOTS('',1,(#4689,#4690),.UNSPECIFIED.,.F.,
  .F.,(2,2),(0.,1.5),.PIECEWISE_BEZIER_KNOTS.);
#4689 = CARTESIAN_POINT('',(1.,0.));
#4690 = CARTESIAN_POINT('',(1.,1.5));
#4691 = ( GEOMETRIC_REPRESENTATION_CONTEXT(2) 
PARAMETRIC_REPRESENTATION_CONTEXT() REPRESENTATION_CONTEXT('2D SPACE',''
  ) );
#4692 = ADVANCED_FACE('',(#4693),#673,.F.);
#4693 = FACE_BOUND('',#4694,.F.);
#4694 = EDGE_LOOP('',(#4695,#4718,#4739,#4740));
#4695 = ORIENTED_EDGE('',*,*,#4696,.F.);
#4696 = EDGE_CURVE('',#4697,#4629,#4699,.T.);
#4697 = VERTEX_POINT('',#4698);
#4698 = CARTESIAN_POINT('',(52.5,97.5,161.3));
#4699 = SURFACE_CURVE('',#4700,(#4704,#4711),.PCURVE_S1.);
#4700 = LINE('',#4701,#4702);
#4701 = CARTESIAN_POINT('',(52.5,97.5,161.3));
#4702 = VECTOR('',#4703,1.);
#4703 = DIRECTION('',(0.,0.,1.));
#4704 = PCURVE('',#673,#4705);
#4705 = DEFINITIONAL_REPRESENTATION('',(#4706),#4710);
#4706 = LINE('',#4707,#4708);
#4707 = CARTESIAN_POINT('',(0.,0.));
#4708 = VECTOR('',#4709,1.);
#4709 = DIRECTION('',(1.,0.));
#4710 = ( GEOMETRIC_REPRESENTATION_CONTEXT(2) 
PARAMETRIC_REPRESENTATION_CONTEXT() REPRESENTATION_CONTEXT('2D SPACE',''
  ) );
#4711 = PCURVE('',#4516,#4712);
#4712 = DEFINITIONAL_REPRESENTATION('',(#4713),#4717);
#4713 = LINE('',#4714,#4715);
#4714 = CARTESIAN_POINT('',(21.6,4.2));
#4715 = VECTOR('',#4716,1.);
#4716 = DIRECTION('',(1.,0.));
#4717 = ( GEOMETRIC_REPRESENTATION_CONTEXT(2) 
PARAMETRIC_REPRESENTATION_CONTEXT() REPRESENTATION_CONTEXT('2D SPACE',''
  ) );
#4718 = ORIENTED_EDGE('',*,*,#4719,.T.);
#4719 = EDGE_CURVE('',#4697,#658,#4720,.T.);
#4720 = SURFACE_CURVE('',#4721,(#4725,#4732),.PCURVE_S1.);
#4721 = LINE('',#4722,#4723);
#4722 = CARTESIAN_POINT('',(52.5,97.5,161.3));
#4723 = VECTOR('',#4724,1.);
#4724 = DIRECTION('',(0.,1.,0.));
#4725 = PCURVE('',#673,#4726);
#4726 = DEFINITIONAL_REPRESENTATION('',(#4727),#4731);
#4727 = LINE('',#4728,#4729);
#4728 = CARTESIAN_POINT('',(0.,0.));
#4729 = VECTOR('',#4730,1.);
#4730 = DIRECTION('',(0.,-1.));
#4731 = ( GEOMETRIC_REPRESENTATION_CONTEXT(2) 
PARAMETRIC_REPRESENTATION_CONTEXT() REPRESENTATION_CONTEXT('2D SPACE',''
  ) );
#4732 = PCURVE('',#701,#4733);
#4733 = DEFINITIONAL_REPRESENTATION('',(#4734),#4738);
#4734 = LINE('',#4735,#4736);
#4735 = CARTESIAN_POINT('',(0.,0.));
#4736 = VECTOR('',#4737,1.);
#4737 = DIRECTION('',(0.,1.));
#4738 = ( GEOMETRIC_REPRESENTATION_CONTEXT(2) 
PARAMETRIC_REPRESENTATION_CONTEXT() REPRESENTATION_CONTEXT('2D SPACE',''
  ) );
#4739 = ORIENTED_EDGE('',*,*,#657,.T.);
#4740 = ORIENTED_EDGE('',*,*,#4651,.F.);
#4741 = ADVANCED_FACE('',(#4742),#701,.F.);
#4742 = FACE_BOUND('',#4743,.F.);
#4743 = EDGE_LOOP('',(#4744,#4745,#4746,#4769));
#4744 = ORIENTED_EDGE('',*,*,#685,.F.);
#4745 = ORIENTED_EDGE('',*,*,#4719,.F.);
#4746 = ORIENTED_EDGE('',*,*,#4747,.T.);
#4747 = EDGE_CURVE('',#4697,#4748,#4750,.T.);
#4748 = VERTEX_POINT('',#4749);
#4749 = CARTESIAN_POINT('',(58.5,97.5,161.3));
#4750 = SURFACE_CURVE('',#4751,(#4755,#4762),.PCURVE_S1.);
#4751 = LINE('',#4752,#4753);
#4752 = CARTESIAN_POINT('',(52.5,97.5,161.3));
#4753 = VECTOR('',#4754,1.);
#4754 = DIRECTION('',(1.,0.,0.));
#4755 = PCURVE('',#701,#4756);
#4756 = DEFINITIONAL_REPRESENTATION('',(#4757),#4761);
#4757 = LINE('',#4758,#4759);
#4758 = CARTESIAN_POINT('',(0.,0.));
#4759 = VECTOR('',#4760,1.);
#4760 = DIRECTION('',(1.,0.));
#4761 = ( GEOMETRIC_REPRESENTATION_CONTEXT(2) 
PARAMETRIC_REPRESENTATION_CONTEXT() REPRESENTATION_CONTEXT('2D SPACE',''
  ) );
#4762 = PCURVE('',#4516,#4763);
#4763 = DEFINITIONAL_REPRESENTATION('',(#4764),#4768);
#4764 = LINE('',#4765,#4766);
#4765 = CARTESIAN_POINT('',(21.6,4.2));
#4766 = VECTOR('',#4767,1.);
#4767 = DIRECTION('',(0.,1.));
#4768 = ( GEOMETRIC_REPRESENTATION_CONTEXT(2) 
PARAMETRIC_REPRESENTATION_CONTEXT() REPRESENTATION_CONTEXT('2D SPACE',''
  ) );
#4769 = ORIENTED_EDGE('',*,*,#4770,.T.);
#4770 = EDGE_CURVE('',#4748,#686,#4771,.T.);
#4771 = SURFACE_CURVE('',#4772,(#4776,#4782),.PCURVE_S1.);
#4772 = LINE('',#4773,#4774);
#4773 = CARTESIAN_POINT('',(58.5,45.75,161.3));
#4774 = VECTOR('',#4775,1.);
#4775 = DIRECTION('',(0.,1.,-0.));
#4776 = PCURVE('',#701,#4777);
#4777 = DEFINITIONAL_REPRESENTATION('',(#4778),#4781);
#4778 = B_SPLINE_CURVE_WITH_KNOTS('',1,(#4779,#4780),.UNSPECIFIED.,.F.,
  .F.,(2,2),(51.75,103.75),.PIECEWISE_BEZIER_KNOTS.);
#4779 = CARTESIAN_POINT('',(6.,0.));
#4780 = CARTESIAN_POINT('',(6.,52.));
#4781 = ( GEOMETRIC_REPRESENTATION_CONTEXT(2) 
PARAMETRIC_REPRESENTATION_CONTEXT() REPRESENTATION_CONTEXT('2D SPACE',''
  ) );
#4782 = PCURVE('',#729,#4783);
#4783 = DEFINITIONAL_REPRESENTATION('',(#4784),#4787);
#4784 = B_SPLINE_CURVE_WITH_KNOTS('',1,(#4785,#4786),.UNSPECIFIED.,.F.,
  .F.,(2,2),(51.75,103.75),.PIECEWISE_BEZIER_KNOTS.);
#4785 = CARTESIAN_POINT('',(103.5,-48.8));
#4786 = CARTESIAN_POINT('',(155.5,-48.8));
#4787 = ( GEOMETRIC_REPRESENTATION_CONTEXT(2) 
PARAMETRIC_REPRESENTATION_CONTEXT() REPRESENTATION_CONTEXT('2D SPACE',''
  ) );
#4788 = ADVANCED_FACE('',(#4789),#729,.T.);
#4789 = FACE_BOUND('',#4790,.T.);
#4790 = EDGE_LOOP('',(#4791,#4812,#4831,#4832));
#4791 = ORIENTED_EDGE('',*,*,#4792,.F.);
#4792 = EDGE_CURVE('',#4793,#714,#4795,.T.);
#4793 = VERTEX_POINT('',#4794);
#4794 = CARTESIAN_POINT('',(58.5,97.5,142.7));
#4795 = SURFACE_CURVE('',#4796,(#4800,#4806),.PCURVE_S1.);
#4796 = LINE('',#4797,#4798);
#4797 = CARTESIAN_POINT('',(58.5,45.75,142.7));
#4798 = VECTOR('',#4799,1.);
#4799 = DIRECTION('',(0.,1.,-0.));
#4800 = PCURVE('',#729,#4801);
#4801 = DEFINITIONAL_REPRESENTATION('',(#4802),#4805);
#4802 = B_SPLINE_CURVE_WITH_KNOTS('',1,(#4803,#4804),.UNSPECIFIED.,.F.,
  .F.,(2,2),(51.75,103.75),.PIECEWISE_BEZIER_KNOTS.);
#4803 = CARTESIAN_POINT('',(103.5,-30.2));
#4804 = CARTESIAN_POINT('',(155.5,-30.2));
#4805 = ( GEOMETRIC_REPRESENTATION_CONTEXT(2) 
PARAMETRIC_REPRESENTATION_CONTEXT() REPRESENTATION_CONTEXT('2D SPACE',''
  ) );
#4806 = PCURVE('',#756,#4807);
#4807 = DEFINITIONAL_REPRESENTATION('',(#4808),#4811);
#4808 = B_SPLINE_CURVE_WITH_KNOTS('',1,(#4809,#4810),.UNSPECIFIED.,.F.,
  .F.,(2,2),(51.75,103.75),.PIECEWISE_BEZIER_KNOTS.);
#4809 = CARTESIAN_POINT('',(6.,0.));
#4810 = CARTESIAN_POINT('',(6.,52.));
#4811 = ( GEOMETRIC_REPRESENTATION_CONTEXT(2) 
PARAMETRIC_REPRESENTATION_CONTEXT() REPRESENTATION_CONTEXT('2D SPACE',''
  ) );
#4812 = ORIENTED_EDGE('',*,*,#4813,.F.);
#4813 = EDGE_CURVE('',#4748,#4793,#4814,.T.);
#4814 = SURFACE_CURVE('',#4815,(#4819,#4825),.PCURVE_S1.);
#4815 = LINE('',#4816,#4817);
#4816 = CARTESIAN_POINT('',(58.5,97.5,126.1));
#4817 = VECTOR('',#4818,1.);
#4818 = DIRECTION('',(0.,0.,-1.));
#4819 = PCURVE('',#729,#4820);
#4820 = DEFINITIONAL_REPRESENTATION('',(#4821),#4824);
#4821 = B_SPLINE_CURVE_WITH_KNOTS('',1,(#4822,#4823),.UNSPECIFIED.,.F.,
  .F.,(2,2),(-38.2,-13.6),.PIECEWISE_BEZIER_KNOTS.);
#4822 = CARTESIAN_POINT('',(103.5,-51.8));
#4823 = CARTESIAN_POINT('',(103.5,-27.2));
#4824 = ( GEOMETRIC_REPRESENTATION_CONTEXT(2) 
PARAMETRIC_REPRESENTATION_CONTEXT() REPRESENTATION_CONTEXT('2D SPACE',''
  ) );
#4825 = PCURVE('',#4516,#4826);
#4826 = DEFINITIONAL_REPRESENTATION('',(#4827),#4830);
#4827 = B_SPLINE_CURVE_WITH_KNOTS('',1,(#4828,#4829),.UNSPECIFIED.,.F.,
  .F.,(2,2),(-38.2,-13.6),.PIECEWISE_BEZIER_KNOTS.);
#4828 = CARTESIAN_POINT('',(24.6,10.2));
#4829 = CARTESIAN_POINT('',(0.,10.2));
#4830 = ( GEOMETRIC_REPRESENTATION_CONTEXT(2) 
PARAMETRIC_REPRESENTATION_CONTEXT() REPRESENTATION_CONTEXT('2D SPACE',''
  ) );
#4831 = ORIENTED_EDGE('',*,*,#4770,.T.);
#4832 = ORIENTED_EDGE('',*,*,#713,.T.);
#4833 = ADVANCED_FACE('',(#4834),#756,.T.);
#4834 = FACE_BOUND('',#4835,.T.);
#4835 = EDGE_LOOP('',(#4836,#4837,#4860,#4881));
#4836 = ORIENTED_EDGE('',*,*,#740,.F.);
#4837 = ORIENTED_EDGE('',*,*,#4838,.F.);
#4838 = EDGE_CURVE('',#4839,#741,#4841,.T.);
#4839 = VERTEX_POINT('',#4840);
#4840 = CARTESIAN_POINT('',(52.5,97.5,142.7));
#4841 = SURFACE_CURVE('',#4842,(#4846,#4853),.PCURVE_S1.);
#4842 = LINE('',#4843,#4844);
#4843 = CARTESIAN_POINT('',(52.5,97.5,142.7));
#4844 = VECTOR('',#4845,1.);
#4845 = DIRECTION('',(0.,1.,0.));
#4846 = PCURVE('',#756,#4847);
#4847 = DEFINITIONAL_REPRESENTATION('',(#4848),#4852);
#4848 = LINE('',#4849,#4850);
#4849 = CARTESIAN_POINT('',(0.,0.));
#4850 = VECTOR('',#4851,1.);
#4851 = DIRECTION('',(0.,1.));
#4852 = ( GEOMETRIC_REPRESENTATION_CONTEXT(2) 
PARAMETRIC_REPRESENTATION_CONTEXT() REPRESENTATION_CONTEXT('2D SPACE',''
  ) );
#4853 = PCURVE('',#784,#4854);
#4854 = DEFINITIONAL_REPRESENTATION('',(#4855),#4859);
#4855 = LINE('',#4856,#4857);
#4856 = CARTESIAN_POINT('',(3.,0.));
#4857 = VECTOR('',#4858,1.);
#4858 = DIRECTION('',(0.,-1.));
#4859 = ( GEOMETRIC_REPRESENTATION_CONTEXT(2) 
PARAMETRIC_REPRESENTATION_CONTEXT() REPRESENTATION_CONTEXT('2D SPACE',''
  ) );
#4860 = ORIENTED_EDGE('',*,*,#4861,.T.);
#4861 = EDGE_CURVE('',#4839,#4793,#4862,.T.);
#4862 = SURFACE_CURVE('',#4863,(#4867,#4874),.PCURVE_S1.);
#4863 = LINE('',#4864,#4865);
#4864 = CARTESIAN_POINT('',(52.5,97.5,142.7));
#4865 = VECTOR('',#4866,1.);
#4866 = DIRECTION('',(1.,0.,0.));
#4867 = PCURVE('',#756,#4868);
#4868 = DEFINITIONAL_REPRESENTATION('',(#4869),#4873);
#4869 = LINE('',#4870,#4871);
#4870 = CARTESIAN_POINT('',(0.,0.));
#4871 = VECTOR('',#4872,1.);
#4872 = DIRECTION('',(1.,0.));
#4873 = ( GEOMETRIC_REPRESENTATION_CONTEXT(2) 
PARAMETRIC_REPRESENTATION_CONTEXT() REPRESENTATION_CONTEXT('2D SPACE',''
  ) );
#4874 = PCURVE('',#4516,#4875);
#4875 = DEFINITIONAL_REPRESENTATION('',(#4876),#4880);
#4876 = LINE('',#4877,#4878);
#4877 = CARTESIAN_POINT('',(3.,4.2));
#4878 = VECTOR('',#4879,1.);
#4879 = DIRECTION('',(0.,1.));
#4880 = ( GEOMETRIC_REPRESENTATION_CONTEXT(2) 
PARAMETRIC_REPRESENTATION_CONTEXT() REPRESENTATION_CONTEXT('2D SPACE',''
  ) );
#4881 = ORIENTED_EDGE('',*,*,#4792,.T.);
#4882 = ADVANCED_FACE('',(#4883),#784,.F.);
#4883 = FACE_BOUND('',#4884,.F.);
#4884 = EDGE_LOOP('',(#4885,#4908,#4929,#4930));
#4885 = ORIENTED_EDGE('',*,*,#4886,.F.);
#4886 = EDGE_CURVE('',#4887,#4839,#4889,.T.);
#4887 = VERTEX_POINT('',#4888);
#4888 = CARTESIAN_POINT('',(52.5,97.5,141.7));
#4889 = SURFACE_CURVE('',#4890,(#4894,#4901),.PCURVE_S1.);
#4890 = LINE('',#4891,#4892);
#4891 = CARTESIAN_POINT('',(52.5,97.5,139.7));
#4892 = VECTOR('',#4893,1.);
#4893 = DIRECTION('',(0.,0.,1.));
#4894 = PCURVE('',#784,#4895);
#4895 = DEFINITIONAL_REPRESENTATION('',(#4896),#4900);
#4896 = LINE('',#4897,#4898);
#4897 = CARTESIAN_POINT('',(0.,0.));
#4898 = VECTOR('',#4899,1.);
#4899 = DIRECTION('',(1.,0.));
#4900 = ( GEOMETRIC_REPRESENTATION_CONTEXT(2) 
PARAMETRIC_REPRESENTATION_CONTEXT() REPRESENTATION_CONTEXT('2D SPACE',''
  ) );
#4901 = PCURVE('',#4516,#4902);
#4902 = DEFINITIONAL_REPRESENTATION('',(#4903),#4907);
#4903 = LINE('',#4904,#4905);
#4904 = CARTESIAN_POINT('',(0.,4.2));
#4905 = VECTOR('',#4906,1.);
#4906 = DIRECTION('',(1.,0.));
#4907 = ( GEOMETRIC_REPRESENTATION_CONTEXT(2) 
PARAMETRIC_REPRESENTATION_CONTEXT() REPRESENTATION_CONTEXT('2D SPACE',''
  ) );
#4908 = ORIENTED_EDGE('',*,*,#4909,.T.);
#4909 = EDGE_CURVE('',#4887,#769,#4910,.T.);
#4910 = SURFACE_CURVE('',#4911,(#4915,#4922),.PCURVE_S1.);
#4911 = LINE('',#4912,#4913);
#4912 = CARTESIAN_POINT('',(52.5,97.5,141.7));
#4913 = VECTOR('',#4914,1.);
#4914 = DIRECTION('',(0.,1.,0.));
#4915 = PCURVE('',#784,#4916);
#4916 = DEFINITIONAL_REPRESENTATION('',(#4917),#4921);
#4917 = LINE('',#4918,#4919);
#4918 = CARTESIAN_POINT('',(2.,0.));
#4919 = VECTOR('',#4920,1.);
#4920 = DIRECTION('',(0.,-1.));
#4921 = ( GEOMETRIC_REPRESENTATION_CONTEXT(2) 
PARAMETRIC_REPRESENTATION_CONTEXT() REPRESENTATION_CONTEXT('2D SPACE',''
  ) );
#4922 = PCURVE('',#812,#4923);
#4923 = DEFINITIONAL_REPRESENTATION('',(#4924),#4928);
#4924 = LINE('',#4925,#4926);
#4925 = CARTESIAN_POINT('',(4.2,0.));
#4926 = VECTOR('',#4927,1.);
#4927 = DIRECTION('',(0.,1.));
#4928 = ( GEOMETRIC_REPRESENTATION_CONTEXT(2) 
PARAMETRIC_REPRESENTATION_CONTEXT() REPRESENTATION_CONTEXT('2D SPACE',''
  ) );
#4929 = ORIENTED_EDGE('',*,*,#768,.T.);
#4930 = ORIENTED_EDGE('',*,*,#4838,.F.);
#4931 = ADVANCED_FACE('',(#4932),#812,.T.);
#4932 = FACE_BOUND('',#4933,.T.);
#4933 = EDGE_LOOP('',(#4934,#4935,#4956,#4957,#4958,#4979));
#4934 = ORIENTED_EDGE('',*,*,#4479,.F.);
#4935 = ORIENTED_EDGE('',*,*,#4936,.T.);
#4936 = EDGE_CURVE('',#4480,#4887,#4937,.T.);
#4937 = SURFACE_CURVE('',#4938,(#4942,#4949),.PCURVE_S1.);
#4938 = LINE('',#4939,#4940);
#4939 = CARTESIAN_POINT('',(48.3,97.5,141.7));
#4940 = VECTOR('',#4941,1.);
#4941 = DIRECTION('',(1.,0.,0.));
#4942 = PCURVE('',#812,#4943);
#4943 = DEFINITIONAL_REPRESENTATION('',(#4944),#4948);
#4944 = LINE('',#4945,#4946);
#4945 = CARTESIAN_POINT('',(0.,0.));
#4946 = VECTOR('',#4947,1.);
#4947 = DIRECTION('',(1.,0.));
#4948 = ( GEOMETRIC_REPRESENTATION_CONTEXT(2) 
PARAMETRIC_REPRESENTATION_CONTEXT() REPRESENTATION_CONTEXT('2D SPACE',''
  ) );
#4949 = PCURVE('',#4516,#4950);
#4950 = DEFINITIONAL_REPRESENTATION('',(#4951),#4955);
#4951 = LINE('',#4952,#4953);
#4952 = CARTESIAN_POINT('',(2.,0.));
#4953 = VECTOR('',#4954,1.);
#4954 = DIRECTION('',(0.,1.));
#4955 = ( GEOMETRIC_REPRESENTATION_CONTEXT(2) 
PARAMETRIC_REPRESENTATION_CONTEXT() REPRESENTATION_CONTEXT('2D SPACE',''
  ) );
#4956 = ORIENTED_EDGE('',*,*,#4909,.T.);
#4957 = ORIENTED_EDGE('',*,*,#796,.F.);
#4958 = ORIENTED_EDGE('',*,*,#4959,.T.);
#4959 = EDGE_CURVE('',#797,#4960,#4962,.T.);
#4960 = VERTEX_POINT('',#4961);
#4961 = CARTESIAN_POINT('',(49.8,107.,141.7));
#4962 = SURFACE_CURVE('',#4963,(#4967,#4973),.PCURVE_S1.);
#4963 = LINE('',#4964,#4965);
#4964 = CARTESIAN_POINT('',(49.8,102.25,141.7));
#4965 = VECTOR('',#4966,1.);
#4966 = DIRECTION('',(0.,-1.,0.));
#4967 = PCURVE('',#812,#4968);
#4968 = DEFINITIONAL_REPRESENTATION('',(#4969),#4972);
#4969 = B_SPLINE_CURVE_WITH_KNOTS('',1,(#4970,#4971),.UNSPECIFIED.,.F.,
  .F.,(2,2),(-47.25,-4.75),.PIECEWISE_BEZIER_KNOTS.);
#4970 = CARTESIAN_POINT('',(1.5,52.));
#4971 = CARTESIAN_POINT('',(1.5,9.5));
#4972 = ( GEOMETRIC_REPRESENTATION_CONTEXT(2) 
PARAMETRIC_REPRESENTATION_CONTEXT() REPRESENTATION_CONTEXT('2D SPACE',''
  ) );
#4973 = PCURVE('',#840,#4974);
#4974 = DEFINITIONAL_REPRESENTATION('',(#4975),#4978);
#4975 = B_SPLINE_CURVE_WITH_KNOTS('',1,(#4976,#4977),.UNSPECIFIED.,.F.,
  .F.,(2,2),(-47.25,-4.75),.PIECEWISE_BEZIER_KNOTS.);
#4976 = CARTESIAN_POINT('',(2.,-42.5));
#4977 = CARTESIAN_POINT('',(2.,0.));
#4978 = ( GEOMETRIC_REPRESENTATION_CONTEXT(2) 
PARAMETRIC_REPRESENTATION_CONTEXT() REPRESENTATION_CONTEXT('2D SPACE',''
  ) );
#4979 = ORIENTED_EDGE('',*,*,#4980,.F.);
#4980 = EDGE_CURVE('',#4452,#4960,#4981,.T.);
#4981 = SURFACE_CURVE('',#4982,(#4986,#4992),.PCURVE_S1.);
#4982 = LINE('',#4983,#4984);
#4983 = CARTESIAN_POINT('',(48.3,107.,141.7));
#4984 = VECTOR('',#4985,1.);
#4985 = DIRECTION('',(1.,0.,0.));
#4986 = PCURVE('',#812,#4987);
#4987 = DEFINITIONAL_REPRESENTATION('',(#4988),#4991);
#4988 = B_SPLINE_CURVE_WITH_KNOTS('',1,(#4989,#4990),.UNSPECIFIED.,.F.,
  .F.,(2,2),(0.,1.5),.PIECEWISE_BEZIER_KNOTS.);
#4989 = CARTESIAN_POINT('',(0.,9.5));
#4990 = CARTESIAN_POINT('',(1.5,9.5));
#4991 = ( GEOMETRIC_REPRESENTATION_CONTEXT(2) 
PARAMETRIC_REPRESENTATION_CONTEXT() REPRESENTATION_CONTEXT('2D SPACE',''
  ) );
#4992 = PCURVE('',#4467,#4993);
#4993 = DEFINITIONAL_REPRESENTATION('',(#4994),#4997);
#4994 = B_SPLINE_CURVE_WITH_KNOTS('',1,(#4995,#4996),.UNSPECIFIED.,.F.,
  .F.,(2,2),(0.,1.5),.PIECEWISE_BEZIER_KNOTS.);
#4995 = CARTESIAN_POINT('',(2.,0.));
#4996 = CARTESIAN_POINT('',(2.,1.5));
#4997 = ( GEOMETRIC_REPRESENTATION_CONTEXT(2) 
PARAMETRIC_REPRESENTATION_CONTEXT() REPRESENTATION_CONTEXT('2D SPACE',''
  ) );
#4998 = ADVANCED_FACE('',(#4999),#840,.T.);
#4999 = FACE_BOUND('',#5000,.T.);
#5000 = EDGE_LOOP('',(#5001,#5024,#5025,#5026));
#5001 = ORIENTED_EDGE('',*,*,#5002,.F.);
#5002 = EDGE_CURVE('',#4960,#5003,#5005,.T.);
#5003 = VERTEX_POINT('',#5004);
#5004 = CARTESIAN_POINT('',(49.8,107.,142.7));
#5005 = SURFACE_CURVE('',#5006,(#5010,#5017),.PCURVE_S1.);
#5006 = LINE('',#5007,#5008);
#5007 = CARTESIAN_POINT('',(49.8,107.,139.7));
#5008 = VECTOR('',#5009,1.);
#5009 = DIRECTION('',(0.,0.,1.));
#5010 = PCURVE('',#840,#5011);
#5011 = DEFINITIONAL_REPRESENTATION('',(#5012),#5016);
#5012 = LINE('',#5013,#5014);
#5013 = CARTESIAN_POINT('',(0.,0.));
#5014 = VECTOR('',#5015,1.);
#5015 = DIRECTION('',(1.,0.));
#5016 = ( GEOMETRIC_REPRESENTATION_CONTEXT(2) 
PARAMETRIC_REPRESENTATION_CONTEXT() REPRESENTATION_CONTEXT('2D SPACE',''
  ) );
#5017 = PCURVE('',#4467,#5018);
#5018 = DEFINITIONAL_REPRESENTATION('',(#5019),#5023);
#5019 = LINE('',#5020,#5021);
#5020 = CARTESIAN_POINT('',(0.,1.5));
#5021 = VECTOR('',#5022,1.);
#5022 = DIRECTION('',(1.,0.));
#5023 = ( GEOMETRIC_REPRESENTATION_CONTEXT(2) 
PARAMETRIC_REPRESENTATION_CONTEXT() REPRESENTATION_CONTEXT('2D SPACE',''
  ) );
#5024 = ORIENTED_EDGE('',*,*,#4959,.F.);
#5025 = ORIENTED_EDGE('',*,*,#824,.T.);
#5026 = ORIENTED_EDGE('',*,*,#5027,.F.);
#5027 = EDGE_CURVE('',#5003,#825,#5028,.T.);
#5028 = SURFACE_CURVE('',#5029,(#5033,#5040),.PCURVE_S1.);
#5029 = LINE('',#5030,#5031);
#5030 = CARTESIAN_POINT('',(49.8,107.,142.7));
#5031 = VECTOR('',#5032,1.);
#5032 = DIRECTION('',(0.,1.,0.));
#5033 = PCURVE('',#840,#5034);
#5034 = DEFINITIONAL_REPRESENTATION('',(#5035),#5039);
#5035 = LINE('',#5036,#5037);
#5036 = CARTESIAN_POINT('',(3.,0.));
#5037 = VECTOR('',#5038,1.);
#5038 = DIRECTION('',(0.,-1.));
#5039 = ( GEOMETRIC_REPRESENTATION_CONTEXT(2) 
PARAMETRIC_REPRESENTATION_CONTEXT() REPRESENTATION_CONTEXT('2D SPACE',''
  ) );
#5040 = PCURVE('',#868,#5041);
#5041 = DEFINITIONAL_REPRESENTATION('',(#5042),#5046);
#5042 = LINE('',#5043,#5044);
#5043 = CARTESIAN_POINT('',(1.5,0.));
#5044 = VECTOR('',#5045,1.);
#5045 = DIRECTION('',(0.,1.));
#5046 = ( GEOMETRIC_REPRESENTATION_CONTEXT(2) 
PARAMETRIC_REPRESENTATION_CONTEXT() REPRESENTATION_CONTEXT('2D SPACE',''
  ) );
#5047 = ADVANCED_FACE('',(#5048),#868,.T.);
#5048 = FACE_BOUND('',#5049,.T.);
#5049 = EDGE_LOOP('',(#5050,#5051,#5072,#5073));
#5050 = ORIENTED_EDGE('',*,*,#4428,.F.);
#5051 = ORIENTED_EDGE('',*,*,#5052,.T.);
#5052 = EDGE_CURVE('',#4429,#5003,#5053,.T.);
#5053 = SURFACE_CURVE('',#5054,(#5058,#5065),.PCURVE_S1.);
#5054 = LINE('',#5055,#5056);
#5055 = CARTESIAN_POINT('',(48.3,107.,142.7));
#5056 = VECTOR('',#5057,1.);
#5057 = DIRECTION('',(1.,0.,0.));
#5058 = PCURVE('',#868,#5059);
#5059 = DEFINITIONAL_REPRESENTATION('',(#5060),#5064);
#5060 = LINE('',#5061,#5062);
#5061 = CARTESIAN_POINT('',(0.,0.));
#5062 = VECTOR('',#5063,1.);
#5063 = DIRECTION('',(1.,0.));
#5064 = ( GEOMETRIC_REPRESENTATION_CONTEXT(2) 
PARAMETRIC_REPRESENTATION_CONTEXT() REPRESENTATION_CONTEXT('2D SPACE',''
  ) );
#5065 = PCURVE('',#4467,#5066);
#5066 = DEFINITIONAL_REPRESENTATION('',(#5067),#5071);
#5067 = LINE('',#5068,#5069);
#5068 = CARTESIAN_POINT('',(3.,0.));
#5069 = VECTOR('',#5070,1.);
#5070 = DIRECTION('',(0.,1.));
#5071 = ( GEOMETRIC_REPRESENTATION_CONTEXT(2) 
PARAMETRIC_REPRESENTATION_CONTEXT() REPRESENTATION_CONTEXT('2D SPACE',''
  ) );
#5072 = ORIENTED_EDGE('',*,*,#5027,.T.);
#5073 = ORIENTED_EDGE('',*,*,#852,.F.);
#5074 = ADVANCED_FACE('',(#5075),#919,.F.);
#5075 = FACE_BOUND('',#5076,.F.);
#5076 = EDGE_LOOP('',(#5077,#5078,#5079,#5100));
#5077 = ORIENTED_EDGE('',*,*,#903,.T.);
#5078 = ORIENTED_EDGE('',*,*,#4406,.T.);
#5079 = ORIENTED_EDGE('',*,*,#5080,.T.);
#5080 = EDGE_CURVE('',#4384,#4163,#5081,.T.);
#5081 = SURFACE_CURVE('',#5082,(#5086,#5093),.PCURVE_S1.);
#5082 = LINE('',#5083,#5084);
#5083 = CARTESIAN_POINT('',(48.3,95.5,139.7));
#5084 = VECTOR('',#5085,1.);
#5085 = DIRECTION('',(1.,0.,0.));
#5086 = PCURVE('',#919,#5087);
#5087 = DEFINITIONAL_REPRESENTATION('',(#5088),#5092);
#5088 = LINE('',#5089,#5090);
#5089 = CARTESIAN_POINT('',(-4.2,-2.));
#5090 = VECTOR('',#5091,1.);
#5091 = DIRECTION('',(1.,0.));
#5092 = ( GEOMETRIC_REPRESENTATION_CONTEXT(2) 
PARAMETRIC_REPRESENTATION_CONTEXT() REPRESENTATION_CONTEXT('2D SPACE',''
  ) );
#5093 = PCURVE('',#4177,#5094);
#5094 = DEFINITIONAL_REPRESENTATION('',(#5095),#5099);
#5095 = LINE('',#5096,#5097);
#5096 = CARTESIAN_POINT('',(0.,0.));
#5097 = VECTOR('',#5098,1.);
#5098 = DIRECTION('',(0.,1.));
#5099 = ( GEOMETRIC_REPRESENTATION_CONTEXT(2) 
PARAMETRIC_REPRESENTATION_CONTEXT() REPRESENTATION_CONTEXT('2D SPACE',''
  ) );
#5100 = ORIENTED_EDGE('',*,*,#4188,.T.);
#5101 = ADVANCED_FACE('',(#5102),#969,.T.);
#5102 = FACE_BOUND('',#5103,.T.);
#5103 = EDGE_LOOP('',(#5104,#5105,#5128,#5149));
#5104 = ORIENTED_EDGE('',*,*,#953,.F.);
#5105 = ORIENTED_EDGE('',*,*,#5106,.F.);
#5106 = EDGE_CURVE('',#5107,#954,#5109,.T.);
#5107 = VERTEX_POINT('',#5108);
#5108 = CARTESIAN_POINT('',(46.,131.5,125.));
#5109 = SURFACE_CURVE('',#5110,(#5114,#5121),.PCURVE_S1.);
#5110 = LINE('',#5111,#5112);
#5111 = CARTESIAN_POINT('',(46.,131.5,125.));
#5112 = VECTOR('',#5113,1.);
#5113 = DIRECTION('',(0.,1.,0.));
#5114 = PCURVE('',#969,#5115);
#5115 = DEFINITIONAL_REPRESENTATION('',(#5116),#5120);
#5116 = LINE('',#5117,#5118);
#5117 = CARTESIAN_POINT('',(0.,0.));
#5118 = VECTOR('',#5119,1.);
#5119 = DIRECTION('',(0.,1.));
#5120 = ( GEOMETRIC_REPRESENTATION_CONTEXT(2) 
PARAMETRIC_REPRESENTATION_CONTEXT() REPRESENTATION_CONTEXT('2D SPACE',''
  ) );
#5121 = PCURVE('',#997,#5122);
#5122 = DEFINITIONAL_REPRESENTATION('',(#5123),#5127);
#5123 = LINE('',#5124,#5125);
#5124 = CARTESIAN_POINT('',(13.,0.));
#5125 = VECTOR('',#5126,1.);
#5126 = DIRECTION('',(0.,-1.));
#5127 = ( GEOMETRIC_REPRESENTATION_CONTEXT(2) 
PARAMETRIC_REPRESENTATION_CONTEXT() REPRESENTATION_CONTEXT('2D SPACE',''
  ) );
#5128 = ORIENTED_EDGE('',*,*,#5129,.T.);
#5129 = EDGE_CURVE('',#5107,#4211,#5130,.T.);
#5130 = SURFACE_CURVE('',#5131,(#5135,#5142),.PCURVE_S1.);
#5131 = LINE('',#5132,#5133);
#5132 = CARTESIAN_POINT('',(46.,131.5,125.));
#5133 = VECTOR('',#5134,1.);
#5134 = DIRECTION('',(1.,0.,0.));
#5135 = PCURVE('',#969,#5136);
#5136 = DEFINITIONAL_REPRESENTATION('',(#5137),#5141);
#5137 = LINE('',#5138,#5139);
#5138 = CARTESIAN_POINT('',(0.,0.));
#5139 = VECTOR('',#5140,1.);
#5140 = DIRECTION('',(1.,0.));
#5141 = ( GEOMETRIC_REPRESENTATION_CONTEXT(2) 
PARAMETRIC_REPRESENTATION_CONTEXT() REPRESENTATION_CONTEXT('2D SPACE',''
  ) );
#5142 = PCURVE('',#4244,#5143);
#5143 = DEFINITIONAL_REPRESENTATION('',(#5144),#5148);
#5144 = LINE('',#5145,#5146);
#5145 = CARTESIAN_POINT('',(13.,0.));
#5146 = VECTOR('',#5147,1.);
#5147 = DIRECTION('',(0.,1.));
#5148 = ( GEOMETRIC_REPRESENTATION_CONTEXT(2) 
PARAMETRIC_REPRESENTATION_CONTEXT() REPRESENTATION_CONTEXT('2D SPACE',''
  ) );
#5149 = ORIENTED_EDGE('',*,*,#4210,.T.);
#5150 = ADVANCED_FACE('',(#5151),#997,.F.);
#5151 = FACE_BOUND('',#5152,.F.);
#5152 = EDGE_LOOP('',(#5153,#5176,#5195,#5196));
#5153 = ORIENTED_EDGE('',*,*,#5154,.F.);
#5154 = EDGE_CURVE('',#5155,#5107,#5157,.T.);
#5155 = VERTEX_POINT('',#5156);
#5156 = CARTESIAN_POINT('',(46.,131.5,112.5));
#5157 = SURFACE_CURVE('',#5158,(#5162,#5169),.PCURVE_S1.);
#5158 = LINE('',#5159,#5160);
#5159 = CARTESIAN_POINT('',(46.,131.5,112.));
#5160 = VECTOR('',#5161,1.);
#5161 = DIRECTION('',(0.,0.,1.));
#5162 = PCURVE('',#997,#5163);
#5163 = DEFINITIONAL_REPRESENTATION('',(#5164),#5168);
#5164 = LINE('',#5165,#5166);
#5165 = CARTESIAN_POINT('',(0.,0.));
#5166 = VECTOR('',#5167,1.);
#5167 = DIRECTION('',(1.,0.));
#5168 = ( GEOMETRIC_REPRESENTATION_CONTEXT(2) 
PARAMETRIC_REPRESENTATION_CONTEXT() REPRESENTATION_CONTEXT('2D SPACE',''
  ) );
#5169 = PCURVE('',#4244,#5170);
#5170 = DEFINITIONAL_REPRESENTATION('',(#5171),#5175);
#5171 = LINE('',#5172,#5173);
#5172 = CARTESIAN_POINT('',(0.,0.));
#5173 = VECTOR('',#5174,1.);
#5174 = DIRECTION('',(1.,0.));
#5175 = ( GEOMETRIC_REPRESENTATION_CONTEXT(2) 
PARAMETRIC_REPRESENTATION_CONTEXT() REPRESENTATION_CONTEXT('2D SPACE',''
  ) );
#5176 = ORIENTED_EDGE('',*,*,#5177,.T.);
#5177 = EDGE_CURVE('',#5155,#982,#5178,.T.);
#5178 = SURFACE_CURVE('',#5179,(#5183,#5189),.PCURVE_S1.);
#5179 = LINE('',#5180,#5181);
#5180 = CARTESIAN_POINT('',(46.,101.875,112.5));
#5181 = VECTOR('',#5182,1.);
#5182 = DIRECTION('',(0.,1.,0.));
#5183 = PCURVE('',#997,#5184);
#5184 = DEFINITIONAL_REPRESENTATION('',(#5185),#5188);
#5185 = B_SPLINE_CURVE_WITH_KNOTS('',1,(#5186,#5187),.UNSPECIFIED.,.F.,
  .F.,(2,2),(29.625,47.625),.PIECEWISE_BEZIER_KNOTS.);
#5186 = CARTESIAN_POINT('',(0.5,0.));
#5187 = CARTESIAN_POINT('',(0.5,-18.));
#5188 = ( GEOMETRIC_REPRESENTATION_CONTEXT(2) 
PARAMETRIC_REPRESENTATION_CONTEXT() REPRESENTATION_CONTEXT('2D SPACE',''
  ) );
#5189 = PCURVE('',#1025,#5190);
#5190 = DEFINITIONAL_REPRESENTATION('',(#5191),#5194);
#5191 = B_SPLINE_CURVE_WITH_KNOTS('',1,(#5192,#5193),.UNSPECIFIED.,.F.,
  .F.,(2,2),(29.625,47.625),.PIECEWISE_BEZIER_KNOTS.);
#5192 = CARTESIAN_POINT('',(46.,59.25));
#5193 = CARTESIAN_POINT('',(46.,77.25));
#5194 = ( GEOMETRIC_REPRESENTATION_CONTEXT(2) 
PARAMETRIC_REPRESENTATION_CONTEXT() REPRESENTATION_CONTEXT('2D SPACE',''
  ) );
#5195 = ORIENTED_EDGE('',*,*,#981,.T.);
#5196 = ORIENTED_EDGE('',*,*,#5106,.F.);
#5197 = ADVANCED_FACE('',(#5198,#5976,#6006,#6036,#6066,#6096,#6126,
    #6212,#6405,#6435),#1025,.T.);
#5198 = FACE_BOUND('',#5199,.T.);
#5199 = EDGE_LOOP('',(#5200,#5228,#5256,#5282,#5310,#5338,#5366,#5394,
    #5597,#5598,#5617,#5618,#5619,#5640,#5661,#5682,#5703,#5724,#5750,
    #5773));
#5200 = ORIENTED_EDGE('',*,*,#5201,.F.);
#5201 = EDGE_CURVE('',#5202,#5204,#5206,.T.);
#5202 = VERTEX_POINT('',#5203);
#5203 = CARTESIAN_POINT('',(-46.,-6.,112.5));
#5204 = VERTEX_POINT('',#5205);
#5205 = CARTESIAN_POINT('',(-46.,9.,112.5));
#5206 = SURFACE_CURVE('',#5207,(#5211,#5217),.PCURVE_S1.);
#5207 = LINE('',#5208,#5209);
#5208 = CARTESIAN_POINT('',(-46.,31.625,112.5));
#5209 = VECTOR('',#5210,1.);
#5210 = DIRECTION('',(0.,1.,0.));
#5211 = PCURVE('',#1025,#5212);
#5212 = DEFINITIONAL_REPRESENTATION('',(#5213),#5216);
#5213 = B_SPLINE_CURVE_WITH_KNOTS('',1,(#5214,#5215),.UNSPECIFIED.,.F.,
  .F.,(2,2),(-37.625,-22.625),.PIECEWISE_BEZIER_KNOTS.);
#5214 = CARTESIAN_POINT('',(-46.,-78.25));
#5215 = CARTESIAN_POINT('',(-46.,-63.25));
#5216 = ( GEOMETRIC_REPRESENTATION_CONTEXT(2) 
PARAMETRIC_REPRESENTATION_CONTEXT() REPRESENTATION_CONTEXT('2D SPACE',''
  ) );
#5217 = PCURVE('',#5218,#5223);
#5218 = PLANE('',#5219);
#5219 = AXIS2_PLACEMENT_3D('',#5220,#5221,#5222);
#5220 = CARTESIAN_POINT('',(-46.,-9.,112.));
#5221 = DIRECTION('',(1.,0.,0.));
#5222 = DIRECTION('',(0.,0.,1.));
#5223 = DEFINITIONAL_REPRESENTATION('',(#5224),#5227);
#5224 = B_SPLINE_CURVE_WITH_KNOTS('',1,(#5225,#5226),.UNSPECIFIED.,.F.,
  .F.,(2,2),(-37.625,-22.625),.PIECEWISE_BEZIER_KNOTS.);
#5225 = CARTESIAN_POINT('',(0.5,-3.));
#5226 = CARTESIAN_POINT('',(0.5,-18.));
#5227 = ( GEOMETRIC_REPRESENTATION_CONTEXT(2) 
PARAMETRIC_REPRESENTATION_CONTEXT() REPRESENTATION_CONTEXT('2D SPACE',''
  ) );
#5228 = ORIENTED_EDGE('',*,*,#5229,.T.);
#5229 = EDGE_CURVE('',#5202,#5230,#5232,.T.);
#5230 = VERTEX_POINT('',#5231);
#5231 = CARTESIAN_POINT('',(46.,-6.,112.5));
#5232 = SURFACE_CURVE('',#5233,(#5237,#5244),.PCURVE_S1.);
#5233 = LINE('',#5234,#5235);
#5234 = CARTESIAN_POINT('',(-58.5,-6.,112.5));
#5235 = VECTOR('',#5236,1.);
#5236 = DIRECTION('',(1.,0.,0.));
#5237 = PCURVE('',#1025,#5238);
#5238 = DEFINITIONAL_REPRESENTATION('',(#5239),#5243);
#5239 = LINE('',#5240,#5241);
#5240 = CARTESIAN_POINT('',(-58.5,-78.25));
#5241 = VECTOR('',#5242,1.);
#5242 = DIRECTION('',(1.,0.));
#5243 = ( GEOMETRIC_REPRESENTATION_CONTEXT(2) 
PARAMETRIC_REPRESENTATION_CONTEXT() REPRESENTATION_CONTEXT('2D SPACE',''
  ) );
#5244 = PCURVE('',#5245,#5250);
#5245 = PLANE('',#5246);
#5246 = AXIS2_PLACEMENT_3D('',#5247,#5248,#5249);
#5247 = CARTESIAN_POINT('',(-58.5,-6.,112.5));
#5248 = DIRECTION('',(0.,1.,0.));
#5249 = DIRECTION('',(1.,0.,0.));
#5250 = DEFINITIONAL_REPRESENTATION('',(#5251),#5255);
#5251 = LINE('',#5252,#5253);
#5252 = CARTESIAN_POINT('',(0.,0.));
#5253 = VECTOR('',#5254,1.);
#5254 = DIRECTION('',(1.,0.));
#5255 = ( GEOMETRIC_REPRESENTATION_CONTEXT(2) 
PARAMETRIC_REPRESENTATION_CONTEXT() REPRESENTATION_CONTEXT('2D SPACE',''
  ) );
#5256 = ORIENTED_EDGE('',*,*,#5257,.T.);
#5257 = EDGE_CURVE('',#5230,#5258,#5260,.T.);
#5258 = VERTEX_POINT('',#5259);
#5259 = CARTESIAN_POINT('',(46.,-3.1,112.5));
#5260 = SURFACE_CURVE('',#5261,(#5265,#5271),.PCURVE_S1.);
#5261 = LINE('',#5262,#5263);
#5262 = CARTESIAN_POINT('',(46.,31.625,112.5));
#5263 = VECTOR('',#5264,1.);
#5264 = DIRECTION('',(0.,1.,0.));
#5265 = PCURVE('',#1025,#5266);
#5266 = DEFINITIONAL_REPRESENTATION('',(#5267),#5270);
#5267 = B_SPLINE_CURVE_WITH_KNOTS('',1,(#5268,#5269),.UNSPECIFIED.,.F.,
  .F.,(2,2),(-37.625,-22.625),.PIECEWISE_BEZIER_KNOTS.);
#5268 = CARTESIAN_POINT('',(46.,-78.25));
#5269 = CARTESIAN_POINT('',(46.,-63.25));
#5270 = ( GEOMETRIC_REPRESENTATION_CONTEXT(2) 
PARAMETRIC_REPRESENTATION_CONTEXT() REPRESENTATION_CONTEXT('2D SPACE',''
  ) );
#5271 = PCURVE('',#5272,#5277);
#5272 = PLANE('',#5273);
#5273 = AXIS2_PLACEMENT_3D('',#5274,#5275,#5276);
#5274 = CARTESIAN_POINT('',(46.,-9.,112.));
#5275 = DIRECTION('',(1.,0.,0.));
#5276 = DIRECTION('',(0.,0.,1.));
#5277 = DEFINITIONAL_REPRESENTATION('',(#5278),#5281);
#5278 = B_SPLINE_CURVE_WITH_KNOTS('',1,(#5279,#5280),.UNSPECIFIED.,.F.,
  .F.,(2,2),(-37.625,-22.625),.PIECEWISE_BEZIER_KNOTS.);
#5279 = CARTESIAN_POINT('',(0.5,-3.));
#5280 = CARTESIAN_POINT('',(0.5,-18.));
#5281 = ( GEOMETRIC_REPRESENTATION_CONTEXT(2) 
PARAMETRIC_REPRESENTATION_CONTEXT() REPRESENTATION_CONTEXT('2D SPACE',''
  ) );
#5282 = ORIENTED_EDGE('',*,*,#5283,.F.);
#5283 = EDGE_CURVE('',#5284,#5258,#5286,.T.);
#5284 = VERTEX_POINT('',#5285);
#5285 = CARTESIAN_POINT('',(43.8,-3.1,112.5));
#5286 = SURFACE_CURVE('',#5287,(#5291,#5298),.PCURVE_S1.);
#5287 = LINE('',#5288,#5289);
#5288 = CARTESIAN_POINT('',(43.8,-3.1,112.5));
#5289 = VECTOR('',#5290,1.);
#5290 = DIRECTION('',(1.,0.,0.));
#5291 = PCURVE('',#1025,#5292);
#5292 = DEFINITIONAL_REPRESENTATION('',(#5293),#5297);
#5293 = LINE('',#5294,#5295);
#5294 = CARTESIAN_POINT('',(43.8,-75.35));
#5295 = VECTOR('',#5296,1.);
#5296 = DIRECTION('',(1.,0.));
#5297 = ( GEOMETRIC_REPRESENTATION_CONTEXT(2) 
PARAMETRIC_REPRESENTATION_CONTEXT() REPRESENTATION_CONTEXT('2D SPACE',''
  ) );
#5298 = PCURVE('',#5299,#5304);
#5299 = PLANE('',#5300);
#5300 = AXIS2_PLACEMENT_3D('',#5301,#5302,#5303);
#5301 = CARTESIAN_POINT('',(43.8,-3.1,148.7));
#5302 = DIRECTION('',(-0.,1.,0.));
#5303 = DIRECTION('',(0.,0.,-1.));
#5304 = DEFINITIONAL_REPRESENTATION('',(#5305),#5309);
#5305 = LINE('',#5306,#5307);
#5306 = CARTESIAN_POINT('',(36.2,0.));
#5307 = VECTOR('',#5308,1.);
#5308 = DIRECTION('',(0.,-1.));
#5309 = ( GEOMETRIC_REPRESENTATION_CONTEXT(2) 
PARAMETRIC_REPRESENTATION_CONTEXT() REPRESENTATION_CONTEXT('2D SPACE',''
  ) );
#5310 = ORIENTED_EDGE('',*,*,#5311,.T.);
#5311 = EDGE_CURVE('',#5284,#5312,#5314,.T.);
#5312 = VERTEX_POINT('',#5313);
#5313 = CARTESIAN_POINT('',(43.8,48.1,112.5));
#5314 = SURFACE_CURVE('',#5315,(#5319,#5326),.PCURVE_S1.);
#5315 = LINE('',#5316,#5317);
#5316 = CARTESIAN_POINT('',(43.8,-3.1,112.5));
#5317 = VECTOR('',#5318,1.);
#5318 = DIRECTION('',(0.,1.,0.));
#5319 = PCURVE('',#1025,#5320);
#5320 = DEFINITIONAL_REPRESENTATION('',(#5321),#5325);
#5321 = LINE('',#5322,#5323);
#5322 = CARTESIAN_POINT('',(43.8,-75.35));
#5323 = VECTOR('',#5324,1.);
#5324 = DIRECTION('',(0.,1.));
#5325 = ( GEOMETRIC_REPRESENTATION_CONTEXT(2) 
PARAMETRIC_REPRESENTATION_CONTEXT() REPRESENTATION_CONTEXT('2D SPACE',''
  ) );
#5326 = PCURVE('',#5327,#5332);
#5327 = PLANE('',#5328);
#5328 = AXIS2_PLACEMENT_3D('',#5329,#5330,#5331);
#5329 = CARTESIAN_POINT('',(43.8,17.198632739477,126.33409290087));
#5330 = DIRECTION('',(1.,0.,0.));
#5331 = DIRECTION('',(-0.,0.,1.));
#5332 = DEFINITIONAL_REPRESENTATION('',(#5333),#5337);
#5333 = LINE('',#5334,#5335);
#5334 = CARTESIAN_POINT('',(-13.83409290087,20.298632739477));
#5335 = VECTOR('',#5336,1.);
#5336 = DIRECTION('',(0.,-1.));
#5337 = ( GEOMETRIC_REPRESENTATION_CONTEXT(2) 
PARAMETRIC_REPRESENTATION_CONTEXT() REPRESENTATION_CONTEXT('2D SPACE',''
  ) );
#5338 = ORIENTED_EDGE('',*,*,#5339,.T.);
#5339 = EDGE_CURVE('',#5312,#5340,#5342,.T.);
#5340 = VERTEX_POINT('',#5341);
#5341 = CARTESIAN_POINT('',(46.8,48.1,112.5));
#5342 = SURFACE_CURVE('',#5343,(#5347,#5354),.PCURVE_S1.);
#5343 = LINE('',#5344,#5345);
#5344 = CARTESIAN_POINT('',(43.8,48.1,112.5));
#5345 = VECTOR('',#5346,1.);
#5346 = DIRECTION('',(1.,0.,0.));
#5347 = PCURVE('',#1025,#5348);
#5348 = DEFINITIONAL_REPRESENTATION('',(#5349),#5353);
#5349 = LINE('',#5350,#5351);
#5350 = CARTESIAN_POINT('',(43.8,-24.15));
#5351 = VECTOR('',#5352,1.);
#5352 = DIRECTION('',(1.,0.));
#5353 = ( GEOMETRIC_REPRESENTATION_CONTEXT(2) 
PARAMETRIC_REPRESENTATION_CONTEXT() REPRESENTATION_CONTEXT('2D SPACE',''
  ) );
#5354 = PCURVE('',#5355,#5360);
#5355 = PLANE('',#5356);
#5356 = AXIS2_PLACEMENT_3D('',#5357,#5358,#5359);
#5357 = CARTESIAN_POINT('',(43.8,48.1,112.5));
#5358 = DIRECTION('',(0.,-0.707106781187,-0.707106781187));
#5359 = DIRECTION('',(0.,-0.707106781187,0.707106781187));
#5360 = DEFINITIONAL_REPRESENTATION('',(#5361),#5365);
#5361 = LINE('',#5362,#5363);
#5362 = CARTESIAN_POINT('',(0.,0.));
#5363 = VECTOR('',#5364,1.);
#5364 = DIRECTION('',(0.,-1.));
#5365 = ( GEOMETRIC_REPRESENTATION_CONTEXT(2) 
PARAMETRIC_REPRESENTATION_CONTEXT() REPRESENTATION_CONTEXT('2D SPACE',''
  ) );
#5366 = ORIENTED_EDGE('',*,*,#5367,.F.);
#5367 = EDGE_CURVE('',#5368,#5340,#5370,.T.);
#5368 = VERTEX_POINT('',#5369);
#5369 = CARTESIAN_POINT('',(46.8,9.78125,112.5));
#5370 = SURFACE_CURVE('',#5371,(#5375,#5382),.PCURVE_S1.);
#5371 = LINE('',#5372,#5373);
#5372 = CARTESIAN_POINT('',(46.8,-3.1,112.5));
#5373 = VECTOR('',#5374,1.);
#5374 = DIRECTION('',(0.,1.,0.));
#5375 = PCURVE('',#1025,#5376);
#5376 = DEFINITIONAL_REPRESENTATION('',(#5377),#5381);
#5377 = LINE('',#5378,#5379);
#5378 = CARTESIAN_POINT('',(46.8,-75.35));
#5379 = VECTOR('',#5380,1.);
#5380 = DIRECTION('',(0.,1.));
#5381 = ( GEOMETRIC_REPRESENTATION_CONTEXT(2) 
PARAMETRIC_REPRESENTATION_CONTEXT() REPRESENTATION_CONTEXT('2D SPACE',''
  ) );
#5382 = PCURVE('',#5383,#5388);
#5383 = PLANE('',#5384);
#5384 = AXIS2_PLACEMENT_3D('',#5385,#5386,#5387);
#5385 = CARTESIAN_POINT('',(46.8,17.198632739477,126.33409290087));
#5386 = DIRECTION('',(1.,0.,0.));
#5387 = DIRECTION('',(-0.,0.,1.));
#5388 = DEFINITIONAL_REPRESENTATION('',(#5389),#5393);
#5389 = LINE('',#5390,#5391);
#5390 = CARTESIAN_POINT('',(-13.83409290087,20.298632739477));
#5391 = VECTOR('',#5392,1.);
#5392 = DIRECTION('',(0.,-1.));
#5393 = ( GEOMETRIC_REPRESENTATION_CONTEXT(2) 
PARAMETRIC_REPRESENTATION_CONTEXT() REPRESENTATION_CONTEXT('2D SPACE',''
  ) );
#5394 = ORIENTED_EDGE('',*,*,#5395,.T.);
#5395 = EDGE_CURVE('',#5368,#3635,#5396,.T.);
#5396 = SURFACE_CURVE('',#5397,(#5460,#5526),.PCURVE_S1.);
#5397 = B_SPLINE_CURVE_WITH_KNOTS('',7,(#5398,#5399,#5400,#5401,#5402,
    #5403,#5404,#5405,#5406,#5407,#5408,#5409,#5410,#5411,#5412,#5413,
    #5414,#5415,#5416,#5417,#5418,#5419,#5420,#5421,#5422,#5423,#5424,
    #5425,#5426,#5427,#5428,#5429,#5430,#5431,#5432,#5433,#5434,#5435,
    #5436,#5437,#5438,#5439,#5440,#5441,#5442,#5443,#5444,#5445,#5446,
    #5447,#5448,#5449,#5450,#5451,#5452,#5453,#5454,#5455,#5456,#5457,
    #5458,#5459),.UNSPECIFIED.,.F.,.F.,(8,6,6,6,6,6,6,6,6,6,8),(0.,
    0.224598495406,0.383282923681,0.506496704207,0.544451937229,
    0.603213444931,0.667206908391,0.710163217122,0.834513883729,
    0.984557596201,1.),.UNSPECIFIED.);
#5398 = CARTESIAN_POINT('',(46.,9.,112.5));
#5399 = CARTESIAN_POINT('',(46.585325152762,9.571606594494,112.5));
#5400 = CARTESIAN_POINT('',(47.170540196767,10.143105660905,112.5));
#5401 = CARTESIAN_POINT('',(47.755647905397,10.714499907614,112.5));
#5402 = CARTESIAN_POINT('',(48.340614490095,11.285756337983,112.5));
#5403 = CARTESIAN_POINT('',(48.925363172684,11.856799973325,112.5));
#5404 = CARTESIAN_POINT('',(49.509771980543,12.427511699749,112.5));
#5405 = CARTESIAN_POINT('',(50.506163053163,13.400549856604,112.5));
#5406 = CARTESIAN_POINT('',(50.918335569984,13.803062080063,112.5));
#5407 = CARTESIAN_POINT('',(51.330168804239,14.205242972889,112.5));
#5408 = CARTESIAN_POINT('',(51.741552333997,14.60698470117,112.5));
#5409 = CARTESIAN_POINT('',(52.15223995749,15.008046833486,112.5));
#5410 = CARTESIAN_POINT('',(52.561839384335,15.408046273765,112.5));
#5411 = CARTESIAN_POINT('',(53.2864470394,16.115670936914,112.5));
#5412 = CARTESIAN_POINT('',(53.601846534352,16.423678256203,112.5));
#5413 = CARTESIAN_POINT('',(53.915940310576,16.730410459548,112.5));
#5414 = CARTESIAN_POINT('',(54.228217396905,17.035368551664,112.5));
#5415 = CARTESIAN_POINT('',(54.537630620412,17.337529902747,112.5));
#5416 = CARTESIAN_POINT('',(54.842500222632,17.635254123664,112.5));
#5417 = CARTESIAN_POINT('',(55.232327132901,18.015944465723,112.5));
#5418 = CARTESIAN_POINT('',(55.323454089214,18.104935633998,112.5));
#5419 = CARTESIAN_POINT('',(55.413823460956,18.193186973589,112.5));
#5420 = CARTESIAN_POINT('',(55.503339264624,18.280604750609,112.5));
#5421 = CARTESIAN_POINT('',(55.591892219788,18.367082245886,112.5));
#5422 = CARTESIAN_POINT('',(55.679361963636,18.452501917613,112.5));
#5423 = CARTESIAN_POINT('',(55.899161038443,18.667149451604,112.5));
#5424 = CARTESIAN_POINT('',(56.02982851475,18.794754408935,112.5));
#5425 = CARTESIAN_POINT('',(56.157088627902,18.919031863186,112.5));
#5426 = CARTESIAN_POINT('',(56.280382809839,19.039436337734,112.5));
#5427 = CARTESIAN_POINT('',(56.399177407644,19.155446687152,112.5));
#5428 = CARTESIAN_POINT('',(56.513008523906,19.266609886627,112.5));
#5429 = CARTESIAN_POINT('',(56.739695701684,19.487984083676,112.5));
#5430 = CARTESIAN_POINT('',(56.851609209499,19.597274618651,112.5));
#5431 = CARTESIAN_POINT('',(56.956782294941,19.699982709903,112.5));
#5432 = CARTESIAN_POINT('',(57.055094790625,19.79599100647,112.5));
#5433 = CARTESIAN_POINT('',(57.146691715094,19.885441128022,112.5));
#5434 = CARTESIAN_POINT('',(57.231888490058,19.968641103572,112.5));
#5435 = CARTESIAN_POINT('',(57.364230693722,20.097881536838,112.5));
#5436 = CARTESIAN_POINT('',(57.414688891151,20.147157120265,112.5));
#5437 = CARTESIAN_POINT('',(57.462579824246,20.193925609615,112.5));
#5438 = CARTESIAN_POINT('',(57.508048029986,20.238328154283,112.5));
#5439 = CARTESIAN_POINT('',(57.551242159644,20.280509921527,112.5));
#5440 = CARTESIAN_POINT('',(57.592308434206,20.32061370528,112.5));
#5441 = CARTESIAN_POINT('',(57.744517282126,20.469255158326,112.5));
#5442 = CARTESIAN_POINT('',(57.84090340729,20.563382233682,112.5));
#5443 = CARTESIAN_POINT('',(57.92417641683,20.644703532059,112.5));
#5444 = CARTESIAN_POINT('',(57.99701713483,20.715837045734,112.5));
#5445 = CARTESIAN_POINT('',(58.061370268322,20.778681902658,112.5));
#5446 = CARTESIAN_POINT('',(58.118746030331,20.834712920245,112.5));
#5447 = CARTESIAN_POINT('',(58.232545840253,20.945845547122,112.5));
#5448 = CARTESIAN_POINT('',(58.286266107307,20.99830674542,112.5));
#5449 = CARTESIAN_POINT('',(58.333496792404,21.044430461325,112.5));
#5450 = CARTESIAN_POINT('',(58.375493568049,21.085442937555,112.5));
#5451 = CARTESIAN_POINT('',(58.413190674554,21.122256518117,112.5));
#5452 = CARTESIAN_POINT('',(58.447280733588,21.155547591395,112.5));
#5453 = CARTESIAN_POINT('',(58.481501869468,21.188966669402,112.5));
#5454 = CARTESIAN_POINT('',(58.484662751871,21.192053468624,112.5));
#5455 = CARTESIAN_POINT('',(58.487791744873,21.195109125853,112.5));
#5456 = CARTESIAN_POINT('',(58.490889419529,21.198134198759,112.5));
#5457 = CARTESIAN_POINT('',(58.493956330628,21.201129229129,112.5));
#5458 = CARTESIAN_POINT('',(58.496993016697,21.204094742868,112.5));
#5459 = CARTESIAN_POINT('',(58.5,21.20703125,112.5));
#5460 = PCURVE('',#1025,#5461);
#5461 = DEFINITIONAL_REPRESENTATION('',(#5462),#5525);
#5462 = B_SPLINE_CURVE_WITH_KNOTS('',7,(#5463,#5464,#5465,#5466,#5467,
    #5468,#5469,#5470,#5471,#5472,#5473,#5474,#5475,#5476,#5477,#5478,
    #5479,#5480,#5481,#5482,#5483,#5484,#5485,#5486,#5487,#5488,#5489,
    #5490,#5491,#5492,#5493,#5494,#5495,#5496,#5497,#5498,#5499,#5500,
    #5501,#5502,#5503,#5504,#5505,#5506,#5507,#5508,#5509,#5510,#5511,
    #5512,#5513,#5514,#5515,#5516,#5517,#5518,#5519,#5520,#5521,#5522,
    #5523,#5524),.UNSPECIFIED.,.F.,.F.,(8,6,6,6,6,6,6,6,6,6,8),(0.,
    0.224598495406,0.383282923681,0.506496704207,0.544451937229,
    0.603213444931,0.667206908391,0.710163217122,0.834513883729,
    0.984557596201,1.),.UNSPECIFIED.);
#5463 = CARTESIAN_POINT('',(46.,-63.25));
#5464 = CARTESIAN_POINT('',(46.585325152762,-62.6783934055));
#5465 = CARTESIAN_POINT('',(47.170540196767,-62.10689433909));
#5466 = CARTESIAN_POINT('',(47.755647905397,-61.53550009238));
#5467 = CARTESIAN_POINT('',(48.340614490095,-60.96424366201));
#5468 = CARTESIAN_POINT('',(48.925363172684,-60.39320002667));
#5469 = CARTESIAN_POINT('',(49.509771980543,-59.82248830025));
#5470 = CARTESIAN_POINT('',(50.506163053163,-58.84945014339));
#5471 = CARTESIAN_POINT('',(50.918335569984,-58.44693791993));
#5472 = CARTESIAN_POINT('',(51.330168804239,-58.04475702711));
#5473 = CARTESIAN_POINT('',(51.741552333997,-57.64301529883));
#5474 = CARTESIAN_POINT('',(52.15223995749,-57.24195316651));
#5475 = CARTESIAN_POINT('',(52.561839384335,-56.84195372623));
#5476 = CARTESIAN_POINT('',(53.2864470394,-56.13432906308));
#5477 = CARTESIAN_POINT('',(53.601846534352,-55.82632174379));
#5478 = CARTESIAN_POINT('',(53.915940310576,-55.51958954045));
#5479 = CARTESIAN_POINT('',(54.228217396905,-55.21463144833));
#5480 = CARTESIAN_POINT('',(54.537630620412,-54.91247009725));
#5481 = CARTESIAN_POINT('',(54.842500222632,-54.61474587633));
#5482 = CARTESIAN_POINT('',(55.232327132901,-54.23405553427));
#5483 = CARTESIAN_POINT('',(55.323454089214,-54.145064366));
#5484 = CARTESIAN_POINT('',(55.413823460956,-54.05681302641));
#5485 = CARTESIAN_POINT('',(55.503339264624,-53.96939524939));
#5486 = CARTESIAN_POINT('',(55.591892219788,-53.88291775411));
#5487 = CARTESIAN_POINT('',(55.679361963636,-53.79749808238));
#5488 = CARTESIAN_POINT('',(55.899161038443,-53.58285054839));
#5489 = CARTESIAN_POINT('',(56.02982851475,-53.45524559106));
#5490 = CARTESIAN_POINT('',(56.157088627902,-53.33096813681));
#5491 = CARTESIAN_POINT('',(56.280382809839,-53.21056366226));
#5492 = CARTESIAN_POINT('',(56.399177407644,-53.09455331284));
#5493 = CARTESIAN_POINT('',(56.513008523906,-52.98339011337));
#5494 = CARTESIAN_POINT('',(56.739695701684,-52.76201591632));
#5495 = CARTESIAN_POINT('',(56.851609209499,-52.65272538134));
#5496 = CARTESIAN_POINT('',(56.956782294941,-52.55001729009));
#5497 = CARTESIAN_POINT('',(57.055094790625,-52.45400899353));
#5498 = CARTESIAN_POINT('',(57.146691715094,-52.36455887197));
#5499 = CARTESIAN_POINT('',(57.231888490058,-52.28135889642));
#5500 = CARTESIAN_POINT('',(57.364230693722,-52.15211846316));
#5501 = CARTESIAN_POINT('',(57.414688891151,-52.10284287973));
#5502 = CARTESIAN_POINT('',(57.462579824246,-52.05607439038));
#5503 = CARTESIAN_POINT('',(57.508048029986,-52.01167184571));
#5504 = CARTESIAN_POINT('',(57.551242159644,-51.96949007847));
#5505 = CARTESIAN_POINT('',(57.592308434206,-51.92938629472));
#5506 = CARTESIAN_POINT('',(57.744517282126,-51.78074484167));
#5507 = CARTESIAN_POINT('',(57.84090340729,-51.68661776631));
#5508 = CARTESIAN_POINT('',(57.92417641683,-51.60529646794));
#5509 = CARTESIAN_POINT('',(57.99701713483,-51.53416295426));
#5510 = CARTESIAN_POINT('',(58.061370268322,-51.47131809734));
#5511 = CARTESIAN_POINT('',(58.118746030331,-51.41528707975));
#5512 = CARTESIAN_POINT('',(58.232545840253,-51.30415445287));
#5513 = CARTESIAN_POINT('',(58.286266107307,-51.25169325458));
#5514 = CARTESIAN_POINT('',(58.333496792404,-51.20556953867));
#5515 = CARTESIAN_POINT('',(58.375493568049,-51.16455706244));
#5516 = CARTESIAN_POINT('',(58.413190674554,-51.12774348188));
#5517 = CARTESIAN_POINT('',(58.447280733588,-51.0944524086));
#5518 = CARTESIAN_POINT('',(58.481501869468,-51.06103333059));
#5519 = CARTESIAN_POINT('',(58.484662751871,-51.05794653137));
#5520 = CARTESIAN_POINT('',(58.487791744873,-51.05489087414));
#5521 = CARTESIAN_POINT('',(58.490889419529,-51.05186580124));
#5522 = CARTESIAN_POINT('',(58.493956330628,-51.04887077087));
#5523 = CARTESIAN_POINT('',(58.496993016697,-51.04590525713));
#5524 = CARTESIAN_POINT('',(58.5,-51.04296875));
#5525 = ( GEOMETRIC_REPRESENTATION_CONTEXT(2) 
PARAMETRIC_REPRESENTATION_CONTEXT() REPRESENTATION_CONTEXT('2D SPACE',''
  ) );
#5526 = PCURVE('',#5527,#5532);
#5527 = B_SPLINE_SURFACE_WITH_KNOTS('',1,1,(
    (#5528,#5529)
    ,(#5530,#5531
    )),.UNSPECIFIED.,.F.,.F.,.F.,(2,2),(2,2),(0.,13.),(0.,1.),
  .PIECEWISE_BEZIER_KNOTS.);
#5528 = CARTESIAN_POINT('',(46.,9.,125.));
#5529 = CARTESIAN_POINT('',(58.8,21.5,112.2));
#5530 = CARTESIAN_POINT('',(46.,9.,112.));
#5531 = CARTESIAN_POINT('',(58.8,21.5,111.8));
#5532 = DEFINITIONAL_REPRESENTATION('',(#5533),#5596);
#5533 = B_SPLINE_CURVE_WITH_KNOTS('',7,(#5534,#5535,#5536,#5537,#5538,
    #5539,#5540,#5541,#5542,#5543,#5544,#5545,#5546,#5547,#5548,#5549,
    #5550,#5551,#5552,#5553,#5554,#5555,#5556,#5557,#5558,#5559,#5560,
    #5561,#5562,#5563,#5564,#5565,#5566,#5567,#5568,#5569,#5570,#5571,
    #5572,#5573,#5574,#5575,#5576,#5577,#5578,#5579,#5580,#5581,#5582,
    #5583,#5584,#5585,#5586,#5587,#5588,#5589,#5590,#5591,#5592,#5593,
    #5594,#5595),.UNSPECIFIED.,.F.,.F.,(8,6,6,6,6,6,6,6,6,6,8),(0.,
    0.224598495406,0.383282923681,0.506496704207,0.544451937229,
    0.603213444931,0.667206908391,0.710163217122,0.834513883729,
    0.984557596201,1.),.UNSPECIFIED.);
#5534 = CARTESIAN_POINT('',(12.5,0.));
#5535 = CARTESIAN_POINT('',(12.468693546517,4.572852755951E-02));
#5536 = CARTESIAN_POINT('',(12.434155795195,9.14484528724E-02));
#5537 = CARTESIAN_POINT('',(12.395783041705,0.137159992609));
#5538 = CARTESIAN_POINT('',(12.352801182292,0.182860507039));
#5539 = CARTESIAN_POINT('',(12.304122700986,0.228543997866));
#5540 = CARTESIAN_POINT('',(12.248279252745,0.27420093598));
#5541 = CARTESIAN_POINT('',(12.136351608219,0.352043988528));
#5542 = CARTESIAN_POINT('',(12.085156759117,0.384244966405));
#5543 = CARTESIAN_POINT('',(12.02818674687,0.416419437831));
#5544 = CARTESIAN_POINT('',(11.964261029471,0.448558776094));
#5545 = CARTESIAN_POINT('',(11.891750601959,0.480643746679));
#5546 = CARTESIAN_POINT('',(11.808444377841,0.512643701901));
#5547 = CARTESIAN_POINT('',(11.634661551017,0.569253674953));
#5548 = CARTESIAN_POINT('',(11.550017853842,0.593894260496));
#5549 = CARTESIAN_POINT('',(11.454906342408,0.618432836764));
#5550 = CARTESIAN_POINT('',(11.347032541163,0.642829484133));
#5551 = CARTESIAN_POINT('',(11.223476178319,0.66700239222));
#5552 = CARTESIAN_POINT('',(11.08020433718,0.690820329893));
#5553 = CARTESIAN_POINT('',(10.860227756943,0.721275557258));
#5554 = CARTESIAN_POINT('',(10.806075850455,0.72839485072));
#5555 = CARTESIAN_POINT('',(10.7494365056,0.735454957887));
#5556 = CARTESIAN_POINT('',(10.690166176317,0.742448380049));
#5557 = CARTESIAN_POINT('',(10.628123957771,0.749366579671));
#5558 = CARTESIAN_POINT('',(10.563177852201,0.756200153409));
#5559 = CARTESIAN_POINT('',(10.389986212045,0.773371956128));
#5560 = CARTESIAN_POINT('',(10.277496290869,0.783580352715));
#5561 = CARTESIAN_POINT('',(10.157349490291,0.793522549055));
#5562 = CARTESIAN_POINT('',(10.029247349178,0.803154907019));
#5563 = CARTESIAN_POINT('',(9.893075195665,0.812435734972));
#5564 = CARTESIAN_POINT('',(9.74898698372,0.82132879093));
#5565 = CARTESIAN_POINT('',(9.432492663965,0.839038726694));
#5566 = CARTESIAN_POINT('',(9.258642825344,0.847781969492));
#5567 = CARTESIAN_POINT('',(9.076574173117,0.855998616792));
#5568 = CARTESIAN_POINT('',(8.88713992449,0.863679280518));
#5569 = CARTESIAN_POINT('',(8.691318877919,0.870835290242));
#5570 = CARTESIAN_POINT('',(8.490119606442,0.877491288286));
#5571 = CARTESIAN_POINT('',(8.146437644186,0.887830522947));
#5572 = CARTESIAN_POINT('',(8.006368297701,0.891772569621));
#5573 = CARTESIAN_POINT('',(7.864518572673,0.895514048769));
#5574 = CARTESIAN_POINT('',(7.721117743062,0.899066252343));
#5575 = CARTESIAN_POINT('',(7.576368199726,0.902440793722));
#5576 = CARTESIAN_POINT('',(7.430441278911,0.905649096422));
#5577 = CARTESIAN_POINT('',(6.85803740025,0.917540412666));
#5578 = CARTESIAN_POINT('',(6.424256509364,0.925070578695));
#5579 = CARTESIAN_POINT('',(5.984976478435,0.931576282565));
#5580 = CARTESIAN_POINT('',(5.542220504423,0.937266963659));
#5581 = CARTESIAN_POINT('',(5.097250156268,0.942294552213));
#5582 = CARTESIAN_POINT('',(4.65067381707,0.94677703362));
#5583 = CARTESIAN_POINT('',(3.661669532174,0.95566764377));
#5584 = CARTESIAN_POINT('',(3.119009895272,0.959864539634));
#5585 = CARTESIAN_POINT('',(2.575127040007,0.963554436906));
#5586 = CARTESIAN_POINT('',(2.030432940543,0.966835435004));
#5587 = CARTESIAN_POINT('',(1.485192562384,0.969780521449));
#5588 = CARTESIAN_POINT('',(0.93953594844,0.972443807312));
#5589 = CARTESIAN_POINT('',(0.337274108347,0.975117333552));
#5590 = CARTESIAN_POINT('',(0.281070185077,0.97536427749));
#5591 = CARTESIAN_POINT('',(0.224862755004,0.975608730068));
#5592 = CARTESIAN_POINT('',(0.168651923165,0.975850735901));
#5593 = CARTESIAN_POINT('',(0.112437790105,0.97609033833));
#5594 = CARTESIAN_POINT('',(5.622045186693E-02,0.976327579429));
#5595 = CARTESIAN_POINT('',(0.,0.9765625));
#5596 = ( GEOMETRIC_REPRESENTATION_CONTEXT(2) 
PARAMETRIC_REPRESENTATION_CONTEXT() REPRESENTATION_CONTEXT('2D SPACE',''
  ) );
#5597 = ORIENTED_EDGE('',*,*,#3634,.T.);
#5598 = ORIENTED_EDGE('',*,*,#5599,.T.);
#5599 = EDGE_CURVE('',#3637,#5155,#5600,.T.);
#5600 = SURFACE_CURVE('',#5601,(#5605,#5611),.PCURVE_S1.);
#5601 = LINE('',#5602,#5603);
#5602 = CARTESIAN_POINT('',(23.,131.5,112.5));
#5603 = VECTOR('',#5604,1.);
#5604 = DIRECTION('',(-1.,0.,0.));
#5605 = PCURVE('',#1025,#5606);
#5606 = DEFINITIONAL_REPRESENTATION('',(#5607),#5610);
#5607 = B_SPLINE_CURVE_WITH_KNOTS('',1,(#5608,#5609),.UNSPECIFIED.,.F.,
  .F.,(2,2),(-35.5,-23.),.PIECEWISE_BEZIER_KNOTS.);
#5608 = CARTESIAN_POINT('',(58.5,59.25));
#5609 = CARTESIAN_POINT('',(46.,59.25));
#5610 = ( GEOMETRIC_REPRESENTATION_CONTEXT(2) 
PARAMETRIC_REPRESENTATION_CONTEXT() REPRESENTATION_CONTEXT('2D SPACE',''
  ) );
#5611 = PCURVE('',#4244,#5612);
#5612 = DEFINITIONAL_REPRESENTATION('',(#5613),#5616);
#5613 = B_SPLINE_CURVE_WITH_KNOTS('',1,(#5614,#5615),.UNSPECIFIED.,.F.,
  .F.,(2,2),(-35.5,-23.),.PIECEWISE_BEZIER_KNOTS.);
#5614 = CARTESIAN_POINT('',(0.5,12.5));
#5615 = CARTESIAN_POINT('',(0.5,0.));
#5616 = ( GEOMETRIC_REPRESENTATION_CONTEXT(2) 
PARAMETRIC_REPRESENTATION_CONTEXT() REPRESENTATION_CONTEXT('2D SPACE',''
  ) );
#5617 = ORIENTED_EDGE('',*,*,#5177,.T.);
#5618 = ORIENTED_EDGE('',*,*,#1009,.T.);
#5619 = ORIENTED_EDGE('',*,*,#5620,.F.);
#5620 = EDGE_CURVE('',#5621,#1010,#5623,.T.);
#5621 = VERTEX_POINT('',#5622);
#5622 = CARTESIAN_POINT('',(-46.,147.,112.5));
#5623 = SURFACE_CURVE('',#5624,(#5628,#5634),.PCURVE_S1.);
#5624 = LINE('',#5625,#5626);
#5625 = CARTESIAN_POINT('',(-46.,101.875,112.5));
#5626 = VECTOR('',#5627,1.);
#5627 = DIRECTION('',(0.,1.,0.));
#5628 = PCURVE('',#1025,#5629);
#5629 = DEFINITIONAL_REPRESENTATION('',(#5630),#5633);
#5630 = B_SPLINE_CURVE_WITH_KNOTS('',1,(#5631,#5632),.UNSPECIFIED.,.F.,
  .F.,(2,2),(29.625,47.625),.PIECEWISE_BEZIER_KNOTS.);
#5631 = CARTESIAN_POINT('',(-46.,59.25));
#5632 = CARTESIAN_POINT('',(-46.,77.25));
#5633 = ( GEOMETRIC_REPRESENTATION_CONTEXT(2) 
PARAMETRIC_REPRESENTATION_CONTEXT() REPRESENTATION_CONTEXT('2D SPACE',''
  ) );
#5634 = PCURVE('',#1052,#5635);
#5635 = DEFINITIONAL_REPRESENTATION('',(#5636),#5639);
#5636 = B_SPLINE_CURVE_WITH_KNOTS('',1,(#5637,#5638),.UNSPECIFIED.,.F.,
  .F.,(2,2),(29.625,47.625),.PIECEWISE_BEZIER_KNOTS.);
#5637 = CARTESIAN_POINT('',(0.5,0.));
#5638 = CARTESIAN_POINT('',(0.5,-18.));
#5639 = ( GEOMETRIC_REPRESENTATION_CONTEXT(2) 
PARAMETRIC_REPRESENTATION_CONTEXT() REPRESENTATION_CONTEXT('2D SPACE',''
  ) );
#5640 = ORIENTED_EDGE('',*,*,#5641,.F.);
#5641 = EDGE_CURVE('',#5642,#5621,#5644,.T.);
#5642 = VERTEX_POINT('',#5643);
#5643 = CARTESIAN_POINT('',(-31.,147.,112.5));
#5644 = SURFACE_CURVE('',#5645,(#5649,#5655),.PCURVE_S1.);
#5645 = LINE('',#5646,#5647);
#5646 = CARTESIAN_POINT('',(-24.5,147.,112.5));
#5647 = VECTOR('',#5648,1.);
#5648 = DIRECTION('',(-1.,0.,0.));
#5649 = PCURVE('',#1025,#5650);
#5650 = DEFINITIONAL_REPRESENTATION('',(#5651),#5654);
#5651 = B_SPLINE_CURVE_WITH_KNOTS('',1,(#5652,#5653),.UNSPECIFIED.,.F.,
  .F.,(2,2),(6.5,24.5),.PIECEWISE_BEZIER_KNOTS.);
#5652 = CARTESIAN_POINT('',(-31.,74.75));
#5653 = CARTESIAN_POINT('',(-49.,74.75));
#5654 = ( GEOMETRIC_REPRESENTATION_CONTEXT(2) 
PARAMETRIC_REPRESENTATION_CONTEXT() REPRESENTATION_CONTEXT('2D SPACE',''
  ) );
#5655 = PCURVE('',#2341,#5656);
#5656 = DEFINITIONAL_REPRESENTATION('',(#5657),#5660);
#5657 = B_SPLINE_CURVE_WITH_KNOTS('',1,(#5658,#5659),.UNSPECIFIED.,.F.,
  .F.,(2,2),(6.5,24.5),.PIECEWISE_BEZIER_KNOTS.);
#5658 = CARTESIAN_POINT('',(3.5,18.));
#5659 = CARTESIAN_POINT('',(3.5,0.));
#5660 = ( GEOMETRIC_REPRESENTATION_CONTEXT(2) 
PARAMETRIC_REPRESENTATION_CONTEXT() REPRESENTATION_CONTEXT('2D SPACE',''
  ) );
#5661 = ORIENTED_EDGE('',*,*,#5662,.F.);
#5662 = EDGE_CURVE('',#5663,#5642,#5665,.T.);
#5663 = VERTEX_POINT('',#5664);
#5664 = CARTESIAN_POINT('',(-31.,139.,112.5));
#5665 = SURFACE_CURVE('',#5666,(#5670,#5676),.PCURVE_S1.);
#5666 = LINE('',#5667,#5668);
#5667 = CARTESIAN_POINT('',(-31.,105.625,112.5));
#5668 = VECTOR('',#5669,1.);
#5669 = DIRECTION('',(0.,1.,0.));
#5670 = PCURVE('',#1025,#5671);
#5671 = DEFINITIONAL_REPRESENTATION('',(#5672),#5675);
#5672 = B_SPLINE_CURVE_WITH_KNOTS('',1,(#5673,#5674),.UNSPECIFIED.,.F.,
  .F.,(2,2),(33.375,41.375),.PIECEWISE_BEZIER_KNOTS.);
#5673 = CARTESIAN_POINT('',(-31.,66.75));
#5674 = CARTESIAN_POINT('',(-31.,74.75));
#5675 = ( GEOMETRIC_REPRESENTATION_CONTEXT(2) 
PARAMETRIC_REPRESENTATION_CONTEXT() REPRESENTATION_CONTEXT('2D SPACE',''
  ) );
#5676 = PCURVE('',#2365,#5677);
#5677 = DEFINITIONAL_REPRESENTATION('',(#5678),#5681);
#5678 = B_SPLINE_CURVE_WITH_KNOTS('',1,(#5679,#5680),.UNSPECIFIED.,.F.,
  .F.,(2,2),(33.375,41.375),.PIECEWISE_BEZIER_KNOTS.);
#5679 = CARTESIAN_POINT('',(3.5,0.));
#5680 = CARTESIAN_POINT('',(3.5,-8.));
#5681 = ( GEOMETRIC_REPRESENTATION_CONTEXT(2) 
PARAMETRIC_REPRESENTATION_CONTEXT() REPRESENTATION_CONTEXT('2D SPACE',''
  ) );
#5682 = ORIENTED_EDGE('',*,*,#5683,.T.);
#5683 = EDGE_CURVE('',#5663,#5684,#5686,.T.);
#5684 = VERTEX_POINT('',#5685);
#5685 = CARTESIAN_POINT('',(-46.,139.,112.5));
#5686 = SURFACE_CURVE('',#5687,(#5691,#5697),.PCURVE_S1.);
#5687 = LINE('',#5688,#5689);
#5688 = CARTESIAN_POINT('',(-24.5,139.,112.5));
#5689 = VECTOR('',#5690,1.);
#5690 = DIRECTION('',(-1.,0.,0.));
#5691 = PCURVE('',#1025,#5692);
#5692 = DEFINITIONAL_REPRESENTATION('',(#5693),#5696);
#5693 = B_SPLINE_CURVE_WITH_KNOTS('',1,(#5694,#5695),.UNSPECIFIED.,.F.,
  .F.,(2,2),(6.5,24.5),.PIECEWISE_BEZIER_KNOTS.);
#5694 = CARTESIAN_POINT('',(-31.,66.75));
#5695 = CARTESIAN_POINT('',(-49.,66.75));
#5696 = ( GEOMETRIC_REPRESENTATION_CONTEXT(2) 
PARAMETRIC_REPRESENTATION_CONTEXT() REPRESENTATION_CONTEXT('2D SPACE',''
  ) );
#5697 = PCURVE('',#2289,#5698);
#5698 = DEFINITIONAL_REPRESENTATION('',(#5699),#5702);
#5699 = B_SPLINE_CURVE_WITH_KNOTS('',1,(#5700,#5701),.UNSPECIFIED.,.F.,
  .F.,(2,2),(6.5,24.5),.PIECEWISE_BEZIER_KNOTS.);
#5700 = CARTESIAN_POINT('',(3.5,18.));
#5701 = CARTESIAN_POINT('',(3.5,0.));
#5702 = ( GEOMETRIC_REPRESENTATION_CONTEXT(2) 
PARAMETRIC_REPRESENTATION_CONTEXT() REPRESENTATION_CONTEXT('2D SPACE',''
  ) );
#5703 = ORIENTED_EDGE('',*,*,#5704,.F.);
#5704 = EDGE_CURVE('',#5705,#5684,#5707,.T.);
#5705 = VERTEX_POINT('',#5706);
#5706 = CARTESIAN_POINT('',(-46.,131.5,112.5));
#5707 = SURFACE_CURVE('',#5708,(#5712,#5718),.PCURVE_S1.);
#5708 = LINE('',#5709,#5710);
#5709 = CARTESIAN_POINT('',(-46.,101.875,112.5));
#5710 = VECTOR('',#5711,1.);
#5711 = DIRECTION('',(0.,1.,0.));
#5712 = PCURVE('',#1025,#5713);
#5713 = DEFINITIONAL_REPRESENTATION('',(#5714),#5717);
#5714 = B_SPLINE_CURVE_WITH_KNOTS('',1,(#5715,#5716),.UNSPECIFIED.,.F.,
  .F.,(2,2),(29.625,47.625),.PIECEWISE_BEZIER_KNOTS.);
#5715 = CARTESIAN_POINT('',(-46.,59.25));
#5716 = CARTESIAN_POINT('',(-46.,77.25));
#5717 = ( GEOMETRIC_REPRESENTATION_CONTEXT(2) 
PARAMETRIC_REPRESENTATION_CONTEXT() REPRESENTATION_CONTEXT('2D SPACE',''
  ) );
#5718 = PCURVE('',#1052,#5719);
#5719 = DEFINITIONAL_REPRESENTATION('',(#5720),#5723);
#5720 = B_SPLINE_CURVE_WITH_KNOTS('',1,(#5721,#5722),.UNSPECIFIED.,.F.,
  .F.,(2,2),(29.625,47.625),.PIECEWISE_BEZIER_KNOTS.);
#5721 = CARTESIAN_POINT('',(0.5,0.));
#5722 = CARTESIAN_POINT('',(0.5,-18.));
#5723 = ( GEOMETRIC_REPRESENTATION_CONTEXT(2) 
PARAMETRIC_REPRESENTATION_CONTEXT() REPRESENTATION_CONTEXT('2D SPACE',''
  ) );
#5724 = ORIENTED_EDGE('',*,*,#5725,.T.);
#5725 = EDGE_CURVE('',#5705,#5726,#5728,.T.);
#5726 = VERTEX_POINT('',#5727);
#5727 = CARTESIAN_POINT('',(-58.5,131.5,112.5));
#5728 = SURFACE_CURVE('',#5729,(#5733,#5739),.PCURVE_S1.);
#5729 = LINE('',#5730,#5731);
#5730 = CARTESIAN_POINT('',(-29.5,131.5,112.5));
#5731 = VECTOR('',#5732,1.);
#5732 = DIRECTION('',(-1.,0.,0.));
#5733 = PCURVE('',#1025,#5734);
#5734 = DEFINITIONAL_REPRESENTATION('',(#5735),#5738);
#5735 = B_SPLINE_CURVE_WITH_KNOTS('',1,(#5736,#5737),.UNSPECIFIED.,.F.,
  .F.,(2,2),(16.5,29.),.PIECEWISE_BEZIER_KNOTS.);
#5736 = CARTESIAN_POINT('',(-46.,59.25));
#5737 = CARTESIAN_POINT('',(-58.5,59.25));
#5738 = ( GEOMETRIC_REPRESENTATION_CONTEXT(2) 
PARAMETRIC_REPRESENTATION_CONTEXT() REPRESENTATION_CONTEXT('2D SPACE',''
  ) );
#5739 = PCURVE('',#5740,#5745);
#5740 = PLANE('',#5741);
#5741 = AXIS2_PLACEMENT_3D('',#5742,#5743,#5744);
#5742 = CARTESIAN_POINT('',(-59.,131.5,112.));
#5743 = DIRECTION('',(0.,1.,0.));
#5744 = DIRECTION('',(0.,0.,1.));
#5745 = DEFINITIONAL_REPRESENTATION('',(#5746),#5749);
#5746 = B_SPLINE_CURVE_WITH_KNOTS('',1,(#5747,#5748),.UNSPECIFIED.,.F.,
  .F.,(2,2),(16.5,29.),.PIECEWISE_BEZIER_KNOTS.);
#5747 = CARTESIAN_POINT('',(0.5,13.));
#5748 = CARTESIAN_POINT('',(0.5,0.5));
#5749 = ( GEOMETRIC_REPRESENTATION_CONTEXT(2) 
PARAMETRIC_REPRESENTATION_CONTEXT() REPRESENTATION_CONTEXT('2D SPACE',''
  ) );
#5750 = ORIENTED_EDGE('',*,*,#5751,.T.);
#5751 = EDGE_CURVE('',#5726,#5752,#5754,.T.);
#5752 = VERTEX_POINT('',#5753);
#5753 = CARTESIAN_POINT('',(-58.5,21.20703125,112.5));
#5754 = SURFACE_CURVE('',#5755,(#5759,#5766),.PCURVE_S1.);
#5755 = LINE('',#5756,#5757);
#5756 = CARTESIAN_POINT('',(-58.5,149.5,112.5));
#5757 = VECTOR('',#5758,1.);
#5758 = DIRECTION('',(0.,-1.,0.));
#5759 = PCURVE('',#1025,#5760);
#5760 = DEFINITIONAL_REPRESENTATION('',(#5761),#5765);
#5761 = LINE('',#5762,#5763);
#5762 = CARTESIAN_POINT('',(-58.5,77.25));
#5763 = VECTOR('',#5764,1.);
#5764 = DIRECTION('',(0.,-1.));
#5765 = ( GEOMETRIC_REPRESENTATION_CONTEXT(2) 
PARAMETRIC_REPRESENTATION_CONTEXT() REPRESENTATION_CONTEXT('2D SPACE',''
  ) );
#5766 = PCURVE('',#1108,#5767);
#5767 = DEFINITIONAL_REPRESENTATION('',(#5768),#5772);
#5768 = LINE('',#5769,#5770);
#5769 = CARTESIAN_POINT('',(1.,0.));
#5770 = VECTOR('',#5771,1.);
#5771 = DIRECTION('',(1.,0.));
#5772 = ( GEOMETRIC_REPRESENTATION_CONTEXT(2) 
PARAMETRIC_REPRESENTATION_CONTEXT() REPRESENTATION_CONTEXT('2D SPACE',''
  ) );
#5773 = ORIENTED_EDGE('',*,*,#5774,.F.);
#5774 = EDGE_CURVE('',#5204,#5752,#5775,.T.);
#5775 = SURFACE_CURVE('',#5776,(#5839,#5905),.PCURVE_S1.);
#5776 = B_SPLINE_CURVE_WITH_KNOTS('',7,(#5777,#5778,#5779,#5780,#5781,
    #5782,#5783,#5784,#5785,#5786,#5787,#5788,#5789,#5790,#5791,#5792,
    #5793,#5794,#5795,#5796,#5797,#5798,#5799,#5800,#5801,#5802,#5803,
    #5804,#5805,#5806,#5807,#5808,#5809,#5810,#5811,#5812,#5813,#5814,
    #5815,#5816,#5817,#5818,#5819,#5820,#5821,#5822,#5823,#5824,#5825,
    #5826,#5827,#5828,#5829,#5830,#5831,#5832,#5833,#5834,#5835,#5836,
    #5837,#5838),.UNSPECIFIED.,.F.,.F.,(8,6,6,6,6,6,6,6,6,6,8),(0.,
    0.224598495405,0.38328292368,0.506496704206,0.544451937228,
    0.60321344493,0.66720690839,0.710163217121,0.834513883729,
    0.984557596201,1.),.UNSPECIFIED.);
#5777 = CARTESIAN_POINT('',(-46.,9.,112.5));
#5778 = CARTESIAN_POINT('',(-46.58532515276,9.571606594494,112.5));
#5779 = CARTESIAN_POINT('',(-47.17054019676,10.143105660903,112.5));
#5780 = CARTESIAN_POINT('',(-47.7556479054,10.714499907618,112.5));
#5781 = CARTESIAN_POINT('',(-48.34061449009,11.28575633798,112.5));
#5782 = CARTESIAN_POINT('',(-48.92536317268,11.856799973326,112.5));
#5783 = CARTESIAN_POINT('',(-49.50977198054,12.427511699749,112.5));
#5784 = CARTESIAN_POINT('',(-50.50616305316,13.400549856603,112.5));
#5785 = CARTESIAN_POINT('',(-50.91833556998,13.803062080066,112.5));
#5786 = CARTESIAN_POINT('',(-51.33016880423,14.205242972883,112.5));
#5787 = CARTESIAN_POINT('',(-51.741552334,14.606984701176,112.5));
#5788 = CARTESIAN_POINT('',(-52.15223995748,15.008046833482,112.5));
#5789 = CARTESIAN_POINT('',(-52.56183938433,15.408046273766,112.5));
#5790 = CARTESIAN_POINT('',(-53.28644703939,16.115670936913,112.5));
#5791 = CARTESIAN_POINT('',(-53.60184653435,16.423678256205,112.5));
#5792 = CARTESIAN_POINT('',(-53.91594031057,16.730410459543,112.5));
#5793 = CARTESIAN_POINT('',(-54.2282173969,17.035368551668,112.5));
#5794 = CARTESIAN_POINT('',(-54.53763062041,17.337529902745,112.5));
#5795 = CARTESIAN_POINT('',(-54.84250022263,17.635254123664,112.5));
#5796 = CARTESIAN_POINT('',(-55.2323271329,18.015944465724,112.5));
#5797 = CARTESIAN_POINT('',(-55.32345408921,18.104935633998,112.5));
#5798 = CARTESIAN_POINT('',(-55.41382346095,18.19318697359,112.5));
#5799 = CARTESIAN_POINT('',(-55.50333926462,18.280604750609,112.5));
#5800 = CARTESIAN_POINT('',(-55.59189221978,18.367082245886,112.5));
#5801 = CARTESIAN_POINT('',(-55.67936196363,18.452501917613,112.5));
#5802 = CARTESIAN_POINT('',(-55.89916103844,18.667149451605,112.5));
#5803 = CARTESIAN_POINT('',(-56.02982851475,18.794754408935,112.5));
#5804 = CARTESIAN_POINT('',(-56.1570886279,18.919031863186,112.5));
#5805 = CARTESIAN_POINT('',(-56.28038280984,19.039436337734,112.5));
#5806 = CARTESIAN_POINT('',(-56.39917740764,19.155446687152,112.5));
#5807 = CARTESIAN_POINT('',(-56.5130085239,19.266609886627,112.5));
#5808 = CARTESIAN_POINT('',(-56.73969570168,19.487984083676,112.5));
#5809 = CARTESIAN_POINT('',(-56.85160920949,19.597274618651,112.5));
#5810 = CARTESIAN_POINT('',(-56.95678229494,19.699982709903,112.5));
#5811 = CARTESIAN_POINT('',(-57.05509479062,19.79599100647,112.5));
#5812 = CARTESIAN_POINT('',(-57.14669171509,19.885441128022,112.5));
#5813 = CARTESIAN_POINT('',(-57.23188849005,19.968641103572,112.5));
#5814 = CARTESIAN_POINT('',(-57.36423069372,20.097881536838,112.5));
#5815 = CARTESIAN_POINT('',(-57.41468889115,20.147157120265,112.5));
#5816 = CARTESIAN_POINT('',(-57.46257982424,20.193925609615,112.5));
#5817 = CARTESIAN_POINT('',(-57.50804802998,20.238328154283,112.5));
#5818 = CARTESIAN_POINT('',(-57.55124215964,20.280509921527,112.5));
#5819 = CARTESIAN_POINT('',(-57.5923084342,20.32061370528,112.5));
#5820 = CARTESIAN_POINT('',(-57.74451728212,20.469255158326,112.5));
#5821 = CARTESIAN_POINT('',(-57.84090340729,20.563382233682,112.5));
#5822 = CARTESIAN_POINT('',(-57.92417641682,20.64470353206,112.5));
#5823 = CARTESIAN_POINT('',(-57.99701713483,20.715837045734,112.5));
#5824 = CARTESIAN_POINT('',(-58.06137026832,20.778681902658,112.5));
#5825 = CARTESIAN_POINT('',(-58.11874603033,20.834712920245,112.5));
#5826 = CARTESIAN_POINT('',(-58.23254584025,20.945845547122,112.5));
#5827 = CARTESIAN_POINT('',(-58.2862661073,20.99830674542,112.5));
#5828 = CARTESIAN_POINT('',(-58.33349679239,21.044430461324,112.5));
#5829 = CARTESIAN_POINT('',(-58.37549356805,21.085442937556,112.5));
#5830 = CARTESIAN_POINT('',(-58.41319067455,21.122256518116,112.5));
#5831 = CARTESIAN_POINT('',(-58.44728073358,21.155547591395,112.5));
#5832 = CARTESIAN_POINT('',(-58.48150186946,21.188966669402,112.5));
#5833 = CARTESIAN_POINT('',(-58.48466275187,21.192053468624,112.5));
#5834 = CARTESIAN_POINT('',(-58.48779174487,21.195109125853,112.5));
#5835 = CARTESIAN_POINT('',(-58.49088941952,21.198134198759,112.5));
#5836 = CARTESIAN_POINT('',(-58.49395633062,21.201129229129,112.5));
#5837 = CARTESIAN_POINT('',(-58.49699301669,21.204094742868,112.5));
#5838 = CARTESIAN_POINT('',(-58.5,21.20703125,112.5));
#5839 = PCURVE('',#1025,#5840);
#5840 = DEFINITIONAL_REPRESENTATION('',(#5841),#5904);
#5841 = B_SPLINE_CURVE_WITH_KNOTS('',7,(#5842,#5843,#5844,#5845,#5846,
    #5847,#5848,#5849,#5850,#5851,#5852,#5853,#5854,#5855,#5856,#5857,
    #5858,#5859,#5860,#5861,#5862,#5863,#5864,#5865,#5866,#5867,#5868,
    #5869,#5870,#5871,#5872,#5873,#5874,#5875,#5876,#5877,#5878,#5879,
    #5880,#5881,#5882,#5883,#5884,#5885,#5886,#5887,#5888,#5889,#5890,
    #5891,#5892,#5893,#5894,#5895,#5896,#5897,#5898,#5899,#5900,#5901,
    #5902,#5903),.UNSPECIFIED.,.F.,.F.,(8,6,6,6,6,6,6,6,6,6,8),(0.,
    0.224598495405,0.38328292368,0.506496704206,0.544451937228,
    0.60321344493,0.66720690839,0.710163217121,0.834513883729,
    0.984557596201,1.),.UNSPECIFIED.);
#5842 = CARTESIAN_POINT('',(-46.,-63.25));
#5843 = CARTESIAN_POINT('',(-46.58532515276,-62.6783934055));
#5844 = CARTESIAN_POINT('',(-47.17054019676,-62.10689433909));
#5845 = CARTESIAN_POINT('',(-47.7556479054,-61.53550009238));
#5846 = CARTESIAN_POINT('',(-48.34061449009,-60.96424366202));
#5847 = CARTESIAN_POINT('',(-48.92536317268,-60.39320002667));
#5848 = CARTESIAN_POINT('',(-49.50977198054,-59.82248830025));
#5849 = CARTESIAN_POINT('',(-50.50616305316,-58.84945014339));
#5850 = CARTESIAN_POINT('',(-50.91833556998,-58.44693791993));
#5851 = CARTESIAN_POINT('',(-51.33016880423,-58.04475702711));
#5852 = CARTESIAN_POINT('',(-51.741552334,-57.64301529882));
#5853 = CARTESIAN_POINT('',(-52.15223995748,-57.24195316651));
#5854 = CARTESIAN_POINT('',(-52.56183938433,-56.84195372623));
#5855 = CARTESIAN_POINT('',(-53.28644703939,-56.13432906308));
#5856 = CARTESIAN_POINT('',(-53.60184653435,-55.82632174379));
#5857 = CARTESIAN_POINT('',(-53.91594031057,-55.51958954045));
#5858 = CARTESIAN_POINT('',(-54.2282173969,-55.21463144833));
#5859 = CARTESIAN_POINT('',(-54.53763062041,-54.91247009725));
#5860 = CARTESIAN_POINT('',(-54.84250022263,-54.61474587633));
#5861 = CARTESIAN_POINT('',(-55.2323271329,-54.23405553427));
#5862 = CARTESIAN_POINT('',(-55.32345408921,-54.145064366));
#5863 = CARTESIAN_POINT('',(-55.41382346095,-54.05681302641));
#5864 = CARTESIAN_POINT('',(-55.50333926462,-53.96939524939));
#5865 = CARTESIAN_POINT('',(-55.59189221978,-53.88291775411));
#5866 = CARTESIAN_POINT('',(-55.67936196363,-53.79749808238));
#5867 = CARTESIAN_POINT('',(-55.89916103844,-53.58285054839));
#5868 = CARTESIAN_POINT('',(-56.02982851475,-53.45524559106));
#5869 = CARTESIAN_POINT('',(-56.1570886279,-53.33096813681));
#5870 = CARTESIAN_POINT('',(-56.28038280984,-53.21056366226));
#5871 = CARTESIAN_POINT('',(-56.39917740764,-53.09455331284));
#5872 = CARTESIAN_POINT('',(-56.5130085239,-52.98339011337));
#5873 = CARTESIAN_POINT('',(-56.73969570168,-52.76201591632));
#5874 = CARTESIAN_POINT('',(-56.85160920949,-52.65272538134));
#5875 = CARTESIAN_POINT('',(-56.95678229494,-52.55001729009));
#5876 = CARTESIAN_POINT('',(-57.05509479062,-52.45400899353));
#5877 = CARTESIAN_POINT('',(-57.14669171509,-52.36455887197));
#5878 = CARTESIAN_POINT('',(-57.23188849005,-52.28135889642));
#5879 = CARTESIAN_POINT('',(-57.36423069372,-52.15211846316));
#5880 = CARTESIAN_POINT('',(-57.41468889115,-52.10284287973));
#5881 = CARTESIAN_POINT('',(-57.46257982424,-52.05607439038));
#5882 = CARTESIAN_POINT('',(-57.50804802998,-52.01167184571));
#5883 = CARTESIAN_POINT('',(-57.55124215964,-51.96949007847));
#5884 = CARTESIAN_POINT('',(-57.5923084342,-51.92938629472));
#5885 = CARTESIAN_POINT('',(-57.74451728212,-51.78074484167));
#5886 = CARTESIAN_POINT('',(-57.84090340729,-51.68661776631));
#5887 = CARTESIAN_POINT('',(-57.92417641682,-51.60529646794));
#5888 = CARTESIAN_POINT('',(-57.99701713483,-51.53416295426));
#5889 = CARTESIAN_POINT('',(-58.06137026832,-51.47131809734));
#5890 = CARTESIAN_POINT('',(-58.11874603033,-51.41528707975));
#5891 = CARTESIAN_POINT('',(-58.23254584025,-51.30415445287));
#5892 = CARTESIAN_POINT('',(-58.2862661073,-51.25169325458));
#5893 = CARTESIAN_POINT('',(-58.33349679239,-51.20556953867));
#5894 = CARTESIAN_POINT('',(-58.37549356805,-51.16455706244));
#5895 = CARTESIAN_POINT('',(-58.41319067455,-51.12774348188));
#5896 = CARTESIAN_POINT('',(-58.44728073358,-51.0944524086));
#5897 = CARTESIAN_POINT('',(-58.48150186946,-51.06103333059));
#5898 = CARTESIAN_POINT('',(-58.48466275187,-51.05794653137));
#5899 = CARTESIAN_POINT('',(-58.48779174487,-51.05489087414));
#5900 = CARTESIAN_POINT('',(-58.49088941952,-51.05186580124));
#5901 = CARTESIAN_POINT('',(-58.49395633062,-51.04887077087));
#5902 = CARTESIAN_POINT('',(-58.49699301669,-51.04590525713));
#5903 = CARTESIAN_POINT('',(-58.5,-51.04296875));
#5904 = ( GEOMETRIC_REPRESENTATION_CONTEXT(2) 
PARAMETRIC_REPRESENTATION_CONTEXT() REPRESENTATION_CONTEXT('2D SPACE',''
  ) );
#5905 = PCURVE('',#5906,#5911);
#5906 = B_SPLINE_SURFACE_WITH_KNOTS('',1,1,(
    (#5907,#5908)
    ,(#5909,#5910
    )),.UNSPECIFIED.,.F.,.F.,.F.,(2,2),(2,2),(0.,13.),(0.,1.),
  .PIECEWISE_BEZIER_KNOTS.);
#5907 = CARTESIAN_POINT('',(-46.,9.,112.));
#5908 = CARTESIAN_POINT('',(-58.8,21.5,111.8));
#5909 = CARTESIAN_POINT('',(-46.,9.,125.));
#5910 = CARTESIAN_POINT('',(-58.8,21.5,112.2));
#5911 = DEFINITIONAL_REPRESENTATION('',(#5912),#5975);
#5912 = B_SPLINE_CURVE_WITH_KNOTS('',7,(#5913,#5914,#5915,#5916,#5917,
    #5918,#5919,#5920,#5921,#5922,#5923,#5924,#5925,#5926,#5927,#5928,
    #5929,#5930,#5931,#5932,#5933,#5934,#5935,#5936,#5937,#5938,#5939,
    #5940,#5941,#5942,#5943,#5944,#5945,#5946,#5947,#5948,#5949,#5950,
    #5951,#5952,#5953,#5954,#5955,#5956,#5957,#5958,#5959,#5960,#5961,
    #5962,#5963,#5964,#5965,#5966,#5967,#5968,#5969,#5970,#5971,#5972,
    #5973,#5974),.UNSPECIFIED.,.F.,.F.,(8,6,6,6,6,6,6,6,6,6,8),(0.,
    0.224598495405,0.38328292368,0.506496704206,0.544451937228,
    0.60321344493,0.66720690839,0.710163217121,0.834513883729,
    0.984557596201,1.),.UNSPECIFIED.);
#5913 = CARTESIAN_POINT('',(0.5,0.));
#5914 = CARTESIAN_POINT('',(0.531306453483,4.572852755954E-02));
#5915 = CARTESIAN_POINT('',(0.565844204804,9.144845287223E-02));
#5916 = CARTESIAN_POINT('',(0.604216958299,0.137159992609));
#5917 = CARTESIAN_POINT('',(0.647198817705,0.182860507038));
#5918 = CARTESIAN_POINT('',(0.695877299016,0.228543997866));
#5919 = CARTESIAN_POINT('',(0.751720747255,0.27420093598));
#5920 = CARTESIAN_POINT('',(0.863648391781,0.352043988528));
#5921 = CARTESIAN_POINT('',(0.914843240883,0.384244966405));
#5922 = CARTESIAN_POINT('',(0.971813253131,0.416419437831));
#5923 = CARTESIAN_POINT('',(1.035738970528,0.448558776094));
#5924 = CARTESIAN_POINT('',(1.108249398041,0.480643746679));
#5925 = CARTESIAN_POINT('',(1.191555622159,0.512643701901));
#5926 = CARTESIAN_POINT('',(1.365338448983,0.569253674953));
#5927 = CARTESIAN_POINT('',(1.449982146158,0.593894260496));
#5928 = CARTESIAN_POINT('',(1.545093657594,0.618432836763));
#5929 = CARTESIAN_POINT('',(1.652967458835,0.642829484134));
#5930 = CARTESIAN_POINT('',(1.776523821682,0.66700239222));
#5931 = CARTESIAN_POINT('',(1.919795662821,0.690820329893));
#5932 = CARTESIAN_POINT('',(2.139772243057,0.721275557258));
#5933 = CARTESIAN_POINT('',(2.193924149545,0.72839485072));
#5934 = CARTESIAN_POINT('',(2.2505634944,0.735454957887));
#5935 = CARTESIAN_POINT('',(2.309833823683,0.742448380049));
#5936 = CARTESIAN_POINT('',(2.371876042229,0.749366579671));
#5937 = CARTESIAN_POINT('',(2.436822147799,0.756200153409));
#5938 = CARTESIAN_POINT('',(2.610013787956,0.773371956128));
#5939 = CARTESIAN_POINT('',(2.722503709131,0.783580352715));
#5940 = CARTESIAN_POINT('',(2.842650509709,0.793522549055));
#5941 = CARTESIAN_POINT('',(2.970752650822,0.803154907019));
#5942 = CARTESIAN_POINT('',(3.106924804335,0.812435734972));
#5943 = CARTESIAN_POINT('',(3.25101301628,0.82132879093));
#5944 = CARTESIAN_POINT('',(3.567507336035,0.839038726694));
#5945 = CARTESIAN_POINT('',(3.741357174656,0.847781969492));
#5946 = CARTESIAN_POINT('',(3.923425826884,0.855998616792));
#5947 = CARTESIAN_POINT('',(4.112860075511,0.863679280518));
#5948 = CARTESIAN_POINT('',(4.308681122081,0.870835290242));
#5949 = CARTESIAN_POINT('',(4.509880393558,0.877491288286));
#5950 = CARTESIAN_POINT('',(4.853562355815,0.887830522947));
#5951 = CARTESIAN_POINT('',(4.993631702298,0.891772569621));
#5952 = CARTESIAN_POINT('',(5.135481427327,0.895514048769));
#5953 = CARTESIAN_POINT('',(5.278882256938,0.899066252343));
#5954 = CARTESIAN_POINT('',(5.423631800273,0.902440793722));
#5955 = CARTESIAN_POINT('',(5.569558721089,0.905649096422));
#5956 = CARTESIAN_POINT('',(6.14196259975,0.917540412666));
#5957 = CARTESIAN_POINT('',(6.575743490635,0.925070578694));
#5958 = CARTESIAN_POINT('',(7.015023521565,0.931576282565));
#5959 = CARTESIAN_POINT('',(7.457779495578,0.937266963658));
#5960 = CARTESIAN_POINT('',(7.902749843732,0.942294552213));
#5961 = CARTESIAN_POINT('',(8.34932618293,0.94677703362));
#5962 = CARTESIAN_POINT('',(9.338330467825,0.95566764377));
#5963 = CARTESIAN_POINT('',(9.880990104732,0.959864539634));
#5964 = CARTESIAN_POINT('',(10.424872959986,0.963554436906));
#5965 = CARTESIAN_POINT('',(10.969567059465,0.966835435004));
#5966 = CARTESIAN_POINT('',(11.514807437612,0.969780521449));
#5967 = CARTESIAN_POINT('',(12.060464051561,0.972443807312));
#5968 = CARTESIAN_POINT('',(12.662725891653,0.975117333552));
#5969 = CARTESIAN_POINT('',(12.718929814923,0.97536427749));
#5970 = CARTESIAN_POINT('',(12.775137244997,0.975608730068));
#5971 = CARTESIAN_POINT('',(12.831348076835,0.975850735901));
#5972 = CARTESIAN_POINT('',(12.887562209895,0.97609033833));
#5973 = CARTESIAN_POINT('',(12.943779548133,0.976327579429));
#5974 = CARTESIAN_POINT('',(13.,0.9765625));
#5975 = ( GEOMETRIC_REPRESENTATION_CONTEXT(2) 
PARAMETRIC_REPRESENTATION_CONTEXT() REPRESENTATION_CONTEXT('2D SPACE',''
  ) );
#5976 = FACE_BOUND('',#5977,.T.);
#5977 = EDGE_LOOP('',(#5978));
#5978 = ORIENTED_EDGE('',*,*,#5979,.T.);
#5979 = EDGE_CURVE('',#5980,#5980,#5982,.T.);
#5980 = VERTEX_POINT('',#5981);
#5981 = CARTESIAN_POINT('',(-16.3,46.,112.5));
#5982 = SURFACE_CURVE('',#5983,(#5988,#5999),.PCURVE_S1.);
#5983 = CIRCLE('',#5984,1.7);
#5984 = AXIS2_PLACEMENT_3D('',#5985,#5986,#5987);
#5985 = CARTESIAN_POINT('',(-18.,46.,112.5));
#5986 = DIRECTION('',(0.,0.,-1.));
#5987 = DIRECTION('',(1.,0.,0.));
#5988 = PCURVE('',#1025,#5989);
#5989 = DEFINITIONAL_REPRESENTATION('',(#5990),#5998);
#5990 = ( BOUNDED_CURVE() B_SPLINE_CURVE(2,(#5991,#5992,#5993,#5994,
#5995,#5996,#5997),.UNSPECIFIED.,.T.,.F.) B_SPLINE_CURVE_WITH_KNOTS((1,2
    ,2,2,2,1),(-2.094395102393,0.,2.094395102393,4.188790204786,
6.28318530718,8.377580409573),.UNSPECIFIED.) CURVE() 
GEOMETRIC_REPRESENTATION_ITEM() RATIONAL_B_SPLINE_CURVE((1.,0.5,1.,0.5,
1.,0.5,1.)) REPRESENTATION_ITEM('') );
#5991 = CARTESIAN_POINT('',(-16.3,-26.25));
#5992 = CARTESIAN_POINT('',(-16.3,-29.19448637286));
#5993 = CARTESIAN_POINT('',(-18.85,-27.72224318643));
#5994 = CARTESIAN_POINT('',(-21.4,-26.25));
#5995 = CARTESIAN_POINT('',(-18.85,-24.77775681356));
#5996 = CARTESIAN_POINT('',(-16.3,-23.30551362713));
#5997 = CARTESIAN_POINT('',(-16.3,-26.25));
#5998 = ( GEOMETRIC_REPRESENTATION_CONTEXT(2) 
PARAMETRIC_REPRESENTATION_CONTEXT() REPRESENTATION_CONTEXT('2D SPACE',''
  ) );
#5999 = PCURVE('',#2012,#6000);
#6000 = DEFINITIONAL_REPRESENTATION('',(#6001),#6005);
#6001 = LINE('',#6002,#6003);
#6002 = CARTESIAN_POINT('',(-6.28318530718,-3.5));
#6003 = VECTOR('',#6004,1.);
#6004 = DIRECTION('',(1.,-0.));
#6005 = ( GEOMETRIC_REPRESENTATION_CONTEXT(2) 
PARAMETRIC_REPRESENTATION_CONTEXT() REPRESENTATION_CONTEXT('2D SPACE',''
  ) );
#6006 = FACE_BOUND('',#6007,.T.);
#6007 = EDGE_LOOP('',(#6008));
#6008 = ORIENTED_EDGE('',*,*,#6009,.T.);
#6009 = EDGE_CURVE('',#6010,#6010,#6012,.T.);
#6010 = VERTEX_POINT('',#6011);
#6011 = CARTESIAN_POINT('',(40.8,1.,112.5));
#6012 = SURFACE_CURVE('',#6013,(#6018,#6029),.PCURVE_S1.);
#6013 = CIRCLE('',#6014,2.8);
#6014 = AXIS2_PLACEMENT_3D('',#6015,#6016,#6017);
#6015 = CARTESIAN_POINT('',(38.,1.,112.5));
#6016 = DIRECTION('',(0.,0.,-1.));
#6017 = DIRECTION('',(1.,0.,0.));
#6018 = PCURVE('',#1025,#6019);
#6019 = DEFINITIONAL_REPRESENTATION('',(#6020),#6028);
#6020 = ( BOUNDED_CURVE() B_SPLINE_CURVE(2,(#6021,#6022,#6023,#6024,
#6025,#6026,#6027),.UNSPECIFIED.,.T.,.F.) B_SPLINE_CURVE_WITH_KNOTS((1,2
    ,2,2,2,1),(-2.094395102393,0.,2.094395102393,4.188790204786,
6.28318530718,8.377580409573),.UNSPECIFIED.) CURVE() 
GEOMETRIC_REPRESENTATION_ITEM() RATIONAL_B_SPLINE_CURVE((1.,0.5,1.,0.5,
1.,0.5,1.)) REPRESENTATION_ITEM('') );
#6021 = CARTESIAN_POINT('',(40.8,-71.25));
#6022 = CARTESIAN_POINT('',(40.8,-76.09974226119));
#6023 = CARTESIAN_POINT('',(36.6,-73.67487113059));
#6024 = CARTESIAN_POINT('',(32.4,-71.25));
#6025 = CARTESIAN_POINT('',(36.6,-68.8251288694));
#6026 = CARTESIAN_POINT('',(40.8,-66.4002577388));
#6027 = CARTESIAN_POINT('',(40.8,-71.25));
#6028 = ( GEOMETRIC_REPRESENTATION_CONTEXT(2) 
PARAMETRIC_REPRESENTATION_CONTEXT() REPRESENTATION_CONTEXT('2D SPACE',''
  ) );
#6029 = PCURVE('',#2047,#6030);
#6030 = DEFINITIONAL_REPRESENTATION('',(#6031),#6035);
#6031 = LINE('',#6032,#6033);
#6032 = CARTESIAN_POINT('',(-6.28318530718,-3.5));
#6033 = VECTOR('',#6034,1.);
#6034 = DIRECTION('',(1.,-0.));
#6035 = ( GEOMETRIC_REPRESENTATION_CONTEXT(2) 
PARAMETRIC_REPRESENTATION_CONTEXT() REPRESENTATION_CONTEXT('2D SPACE',''
  ) );
#6036 = FACE_BOUND('',#6037,.T.);
#6037 = EDGE_LOOP('',(#6038));
#6038 = ORIENTED_EDGE('',*,*,#6039,.T.);
#6039 = EDGE_CURVE('',#6040,#6040,#6042,.T.);
#6040 = VERTEX_POINT('',#6041);
#6041 = CARTESIAN_POINT('',(40.8,7.8,112.5));
#6042 = SURFACE_CURVE('',#6043,(#6048,#6059),.PCURVE_S1.);
#6043 = CIRCLE('',#6044,2.8);
#6044 = AXIS2_PLACEMENT_3D('',#6045,#6046,#6047);
#6045 = CARTESIAN_POINT('',(38.,7.8,112.5));
#6046 = DIRECTION('',(0.,0.,-1.));
#6047 = DIRECTION('',(1.,0.,0.));
#6048 = PCURVE('',#1025,#6049);
#6049 = DEFINITIONAL_REPRESENTATION('',(#6050),#6058);
#6050 = ( BOUNDED_CURVE() B_SPLINE_CURVE(2,(#6051,#6052,#6053,#6054,
#6055,#6056,#6057),.UNSPECIFIED.,.T.,.F.) B_SPLINE_CURVE_WITH_KNOTS((1,2
    ,2,2,2,1),(-2.094395102393,0.,2.094395102393,4.188790204786,
6.28318530718,8.377580409573),.UNSPECIFIED.) CURVE() 
GEOMETRIC_REPRESENTATION_ITEM() RATIONAL_B_SPLINE_CURVE((1.,0.5,1.,0.5,
1.,0.5,1.)) REPRESENTATION_ITEM('') );
#6051 = CARTESIAN_POINT('',(40.8,-64.45));
#6052 = CARTESIAN_POINT('',(40.8,-69.29974226119));
#6053 = CARTESIAN_POINT('',(36.6,-66.87487113059));
#6054 = CARTESIAN_POINT('',(32.4,-64.45));
#6055 = CARTESIAN_POINT('',(36.6,-62.0251288694));
#6056 = CARTESIAN_POINT('',(40.8,-59.6002577388));
#6057 = CARTESIAN_POINT('',(40.8,-64.45));
#6058 = ( GEOMETRIC_REPRESENTATION_CONTEXT(2) 
PARAMETRIC_REPRESENTATION_CONTEXT() REPRESENTATION_CONTEXT('2D SPACE',''
  ) );
#6059 = PCURVE('',#2082,#6060);
#6060 = DEFINITIONAL_REPRESENTATION('',(#6061),#6065);
#6061 = LINE('',#6062,#6063);
#6062 = CARTESIAN_POINT('',(-6.28318530718,-3.5));
#6063 = VECTOR('',#6064,1.);
#6064 = DIRECTION('',(1.,-0.));
#6065 = ( GEOMETRIC_REPRESENTATION_CONTEXT(2) 
PARAMETRIC_REPRESENTATION_CONTEXT() REPRESENTATION_CONTEXT('2D SPACE',''
  ) );
#6066 = FACE_BOUND('',#6067,.T.);
#6067 = EDGE_LOOP('',(#6068));
#6068 = ORIENTED_EDGE('',*,*,#6069,.T.);
#6069 = EDGE_CURVE('',#6070,#6070,#6072,.T.);
#6070 = VERTEX_POINT('',#6071);
#6071 = CARTESIAN_POINT('',(19.7,46.,112.5));
#6072 = SURFACE_CURVE('',#6073,(#6078,#6089),.PCURVE_S1.);
#6073 = CIRCLE('',#6074,1.7);
#6074 = AXIS2_PLACEMENT_3D('',#6075,#6076,#6077);
#6075 = CARTESIAN_POINT('',(18.,46.,112.5));
#6076 = DIRECTION('',(0.,0.,-1.));
#6077 = DIRECTION('',(1.,0.,0.));
#6078 = PCURVE('',#1025,#6079);
#6079 = DEFINITIONAL_REPRESENTATION('',(#6080),#6088);
#6080 = ( BOUNDED_CURVE() B_SPLINE_CURVE(2,(#6081,#6082,#6083,#6084,
#6085,#6086,#6087),.UNSPECIFIED.,.T.,.F.) B_SPLINE_CURVE_WITH_KNOTS((1,2
    ,2,2,2,1),(-2.094395102393,0.,2.094395102393,4.188790204786,
6.28318530718,8.377580409573),.UNSPECIFIED.) CURVE() 
GEOMETRIC_REPRESENTATION_ITEM() RATIONAL_B_SPLINE_CURVE((1.,0.5,1.,0.5,
1.,0.5,1.)) REPRESENTATION_ITEM('') );
#6081 = CARTESIAN_POINT('',(19.7,-26.25));
#6082 = CARTESIAN_POINT('',(19.7,-29.19448637286));
#6083 = CARTESIAN_POINT('',(17.15,-27.72224318643));
#6084 = CARTESIAN_POINT('',(14.6,-26.25));
#6085 = CARTESIAN_POINT('',(17.15,-24.77775681356));
#6086 = CARTESIAN_POINT('',(19.7,-23.30551362713));
#6087 = CARTESIAN_POINT('',(19.7,-26.25));
#6088 = ( GEOMETRIC_REPRESENTATION_CONTEXT(2) 
PARAMETRIC_REPRESENTATION_CONTEXT() REPRESENTATION_CONTEXT('2D SPACE',''
  ) );
#6089 = PCURVE('',#2117,#6090);
#6090 = DEFINITIONAL_REPRESENTATION('',(#6091),#6095);
#6091 = LINE('',#6092,#6093);
#6092 = CARTESIAN_POINT('',(-6.28318530718,-3.5));
#6093 = VECTOR('',#6094,1.);
#6094 = DIRECTION('',(1.,-0.));
#6095 = ( GEOMETRIC_REPRESENTATION_CONTEXT(2) 
PARAMETRIC_REPRESENTATION_CONTEXT() REPRESENTATION_CONTEXT('2D SPACE',''
  ) );
#6096 = FACE_BOUND('',#6097,.T.);
#6097 = EDGE_LOOP('',(#6098));
#6098 = ORIENTED_EDGE('',*,*,#6099,.T.);
#6099 = EDGE_CURVE('',#6100,#6100,#6102,.T.);
#6100 = VERTEX_POINT('',#6101);
#6101 = CARTESIAN_POINT('',(-16.3,82.,112.5));
#6102 = SURFACE_CURVE('',#6103,(#6108,#6119),.PCURVE_S1.);
#6103 = CIRCLE('',#6104,1.7);
#6104 = AXIS2_PLACEMENT_3D('',#6105,#6106,#6107);
#6105 = CARTESIAN_POINT('',(-18.,82.,112.5));
#6106 = DIRECTION('',(0.,0.,-1.));
#6107 = DIRECTION('',(1.,0.,0.));
#6108 = PCURVE('',#1025,#6109);
#6109 = DEFINITIONAL_REPRESENTATION('',(#6110),#6118);
#6110 = ( BOUNDED_CURVE() B_SPLINE_CURVE(2,(#6111,#6112,#6113,#6114,
#6115,#6116,#6117),.UNSPECIFIED.,.T.,.F.) B_SPLINE_CURVE_WITH_KNOTS((1,2
    ,2,2,2,1),(-2.094395102393,0.,2.094395102393,4.188790204786,
6.28318530718,8.377580409573),.UNSPECIFIED.) CURVE() 
GEOMETRIC_REPRESENTATION_ITEM() RATIONAL_B_SPLINE_CURVE((1.,0.5,1.,0.5,
1.,0.5,1.)) REPRESENTATION_ITEM('') );
#6111 = CARTESIAN_POINT('',(-16.3,9.75));
#6112 = CARTESIAN_POINT('',(-16.3,6.805513627133));
#6113 = CARTESIAN_POINT('',(-18.85,8.277756813566));
#6114 = CARTESIAN_POINT('',(-21.4,9.75));
#6115 = CARTESIAN_POINT('',(-18.85,11.222243186434));
#6116 = CARTESIAN_POINT('',(-16.3,12.694486372867));
#6117 = CARTESIAN_POINT('',(-16.3,9.75));
#6118 = ( GEOMETRIC_REPRESENTATION_CONTEXT(2) 
PARAMETRIC_REPRESENTATION_CONTEXT() REPRESENTATION_CONTEXT('2D SPACE',''
  ) );
#6119 = PCURVE('',#2258,#6120);
#6120 = DEFINITIONAL_REPRESENTATION('',(#6121),#6125);
#6121 = LINE('',#6122,#6123);
#6122 = CARTESIAN_POINT('',(-6.28318530718,-3.5));
#6123 = VECTOR('',#6124,1.);
#6124 = DIRECTION('',(1.,-0.));
#6125 = ( GEOMETRIC_REPRESENTATION_CONTEXT(2) 
PARAMETRIC_REPRESENTATION_CONTEXT() REPRESENTATION_CONTEXT('2D SPACE',''
  ) );
#6126 = FACE_BOUND('',#6127,.T.);
#6127 = EDGE_LOOP('',(#6128,#6151,#6172,#6193));
#6128 = ORIENTED_EDGE('',*,*,#6129,.T.);
#6129 = EDGE_CURVE('',#6130,#6132,#6134,.T.);
#6130 = VERTEX_POINT('',#6131);
#6131 = CARTESIAN_POINT('',(15.,49.,112.5));
#6132 = VERTEX_POINT('',#6133);
#6133 = CARTESIAN_POINT('',(-15.,49.,112.5));
#6134 = SURFACE_CURVE('',#6135,(#6139,#6145),.PCURVE_S1.);
#6135 = LINE('',#6136,#6137);
#6136 = CARTESIAN_POINT('',(-7.5,49.,112.5));
#6137 = VECTOR('',#6138,1.);
#6138 = DIRECTION('',(-1.,0.,0.));
#6139 = PCURVE('',#1025,#6140);
#6140 = DEFINITIONAL_REPRESENTATION('',(#6141),#6144);
#6141 = B_SPLINE_CURVE_WITH_KNOTS('',1,(#6142,#6143),.UNSPECIFIED.,.F.,
  .F.,(2,2),(-22.5,7.5),.PIECEWISE_BEZIER_KNOTS.);
#6142 = CARTESIAN_POINT('',(15.,-23.25));
#6143 = CARTESIAN_POINT('',(-15.,-23.25));
#6144 = ( GEOMETRIC_REPRESENTATION_CONTEXT(2) 
PARAMETRIC_REPRESENTATION_CONTEXT() REPRESENTATION_CONTEXT('2D SPACE',''
  ) );
#6145 = PCURVE('',#2148,#6146);
#6146 = DEFINITIONAL_REPRESENTATION('',(#6147),#6150);
#6147 = B_SPLINE_CURVE_WITH_KNOTS('',1,(#6148,#6149),.UNSPECIFIED.,.F.,
  .F.,(2,2),(-22.5,7.5),.PIECEWISE_BEZIER_KNOTS.);
#6148 = CARTESIAN_POINT('',(3.5,30.));
#6149 = CARTESIAN_POINT('',(3.5,0.));
#6150 = ( GEOMETRIC_REPRESENTATION_CONTEXT(2) 
PARAMETRIC_REPRESENTATION_CONTEXT() REPRESENTATION_CONTEXT('2D SPACE',''
  ) );
#6151 = ORIENTED_EDGE('',*,*,#6152,.T.);
#6152 = EDGE_CURVE('',#6132,#6153,#6155,.T.);
#6153 = VERTEX_POINT('',#6154);
#6154 = CARTESIAN_POINT('',(-15.,79.,112.5));
#6155 = SURFACE_CURVE('',#6156,(#6160,#6166),.PCURVE_S1.);
#6156 = LINE('',#6157,#6158);
#6157 = CARTESIAN_POINT('',(-15.,60.625,112.5));
#6158 = VECTOR('',#6159,1.);
#6159 = DIRECTION('',(0.,1.,0.));
#6160 = PCURVE('',#1025,#6161);
#6161 = DEFINITIONAL_REPRESENTATION('',(#6162),#6165);
#6162 = B_SPLINE_CURVE_WITH_KNOTS('',1,(#6163,#6164),.UNSPECIFIED.,.F.,
  .F.,(2,2),(-11.625,18.375),.PIECEWISE_BEZIER_KNOTS.);
#6163 = CARTESIAN_POINT('',(-15.,-23.25));
#6164 = CARTESIAN_POINT('',(-15.,6.75));
#6165 = ( GEOMETRIC_REPRESENTATION_CONTEXT(2) 
PARAMETRIC_REPRESENTATION_CONTEXT() REPRESENTATION_CONTEXT('2D SPACE',''
  ) );
#6166 = PCURVE('',#2174,#6167);
#6167 = DEFINITIONAL_REPRESENTATION('',(#6168),#6171);
#6168 = B_SPLINE_CURVE_WITH_KNOTS('',1,(#6169,#6170),.UNSPECIFIED.,.F.,
  .F.,(2,2),(-11.625,18.375),.PIECEWISE_BEZIER_KNOTS.);
#6169 = CARTESIAN_POINT('',(3.5,0.));
#6170 = CARTESIAN_POINT('',(3.5,-30.));
#6171 = ( GEOMETRIC_REPRESENTATION_CONTEXT(2) 
PARAMETRIC_REPRESENTATION_CONTEXT() REPRESENTATION_CONTEXT('2D SPACE',''
  ) );
#6172 = ORIENTED_EDGE('',*,*,#6173,.F.);
#6173 = EDGE_CURVE('',#6174,#6153,#6176,.T.);
#6174 = VERTEX_POINT('',#6175);
#6175 = CARTESIAN_POINT('',(15.,79.,112.5));
#6176 = SURFACE_CURVE('',#6177,(#6181,#6187),.PCURVE_S1.);
#6177 = LINE('',#6178,#6179);
#6178 = CARTESIAN_POINT('',(-7.5,79.,112.5));
#6179 = VECTOR('',#6180,1.);
#6180 = DIRECTION('',(-1.,0.,0.));
#6181 = PCURVE('',#1025,#6182);
#6182 = DEFINITIONAL_REPRESENTATION('',(#6183),#6186);
#6183 = B_SPLINE_CURVE_WITH_KNOTS('',1,(#6184,#6185),.UNSPECIFIED.,.F.,
  .F.,(2,2),(-22.5,7.5),.PIECEWISE_BEZIER_KNOTS.);
#6184 = CARTESIAN_POINT('',(15.,6.75));
#6185 = CARTESIAN_POINT('',(-15.,6.75));
#6186 = ( GEOMETRIC_REPRESENTATION_CONTEXT(2) 
PARAMETRIC_REPRESENTATION_CONTEXT() REPRESENTATION_CONTEXT('2D SPACE',''
  ) );
#6187 = PCURVE('',#2200,#6188);
#6188 = DEFINITIONAL_REPRESENTATION('',(#6189),#6192);
#6189 = B_SPLINE_CURVE_WITH_KNOTS('',1,(#6190,#6191),.UNSPECIFIED.,.F.,
  .F.,(2,2),(-22.5,7.5),.PIECEWISE_BEZIER_KNOTS.);
#6190 = CARTESIAN_POINT('',(3.5,30.));
#6191 = CARTESIAN_POINT('',(3.5,0.));
#6192 = ( GEOMETRIC_REPRESENTATION_CONTEXT(2) 
PARAMETRIC_REPRESENTATION_CONTEXT() REPRESENTATION_CONTEXT('2D SPACE',''
  ) );
#6193 = ORIENTED_EDGE('',*,*,#6194,.F.);
#6194 = EDGE_CURVE('',#6130,#6174,#6195,.T.);
#6195 = SURFACE_CURVE('',#6196,(#6200,#6206),.PCURVE_S1.);
#6196 = LINE('',#6197,#6198);
#6197 = CARTESIAN_POINT('',(15.,60.625,112.5));
#6198 = VECTOR('',#6199,1.);
#6199 = DIRECTION('',(0.,1.,0.));
#6200 = PCURVE('',#1025,#6201);
#6201 = DEFINITIONAL_REPRESENTATION('',(#6202),#6205);
#6202 = B_SPLINE_CURVE_WITH_KNOTS('',1,(#6203,#6204),.UNSPECIFIED.,.F.,
  .F.,(2,2),(-11.625,18.375),.PIECEWISE_BEZIER_KNOTS.);
#6203 = CARTESIAN_POINT('',(15.,-23.25));
#6204 = CARTESIAN_POINT('',(15.,6.75));
#6205 = ( GEOMETRIC_REPRESENTATION_CONTEXT(2) 
PARAMETRIC_REPRESENTATION_CONTEXT() REPRESENTATION_CONTEXT('2D SPACE',''
  ) );
#6206 = PCURVE('',#2224,#6207);
#6207 = DEFINITIONAL_REPRESENTATION('',(#6208),#6211);
#6208 = B_SPLINE_CURVE_WITH_KNOTS('',1,(#6209,#6210),.UNSPECIFIED.,.F.,
  .F.,(2,2),(-11.625,18.375),.PIECEWISE_BEZIER_KNOTS.);
#6209 = CARTESIAN_POINT('',(3.5,0.));
#6210 = CARTESIAN_POINT('',(3.5,-30.));
#6211 = ( GEOMETRIC_REPRESENTATION_CONTEXT(2) 
PARAMETRIC_REPRESENTATION_CONTEXT() REPRESENTATION_CONTEXT('2D SPACE',''
  ) );
#6212 = FACE_BOUND('',#6213,.T.);
#6213 = EDGE_LOOP('',(#6214,#6244,#6272,#6300,#6328,#6356,#6379));
#6214 = ORIENTED_EDGE('',*,*,#6215,.T.);
#6215 = EDGE_CURVE('',#6216,#6218,#6220,.T.);
#6216 = VERTEX_POINT('',#6217);
#6217 = CARTESIAN_POINT('',(-24.8,99.4,112.5));
#6218 = VERTEX_POINT('',#6219);
#6219 = CARTESIAN_POINT('',(-24.8,120.6,112.5));
#6220 = SURFACE_CURVE('',#6221,(#6225,#6232),.PCURVE_S1.);
#6221 = LINE('',#6222,#6223);
#6222 = CARTESIAN_POINT('',(-24.8,99.4,112.5));
#6223 = VECTOR('',#6224,1.);
#6224 = DIRECTION('',(0.,1.,0.));
#6225 = PCURVE('',#1025,#6226);
#6226 = DEFINITIONAL_REPRESENTATION('',(#6227),#6231);
#6227 = LINE('',#6228,#6229);
#6228 = CARTESIAN_POINT('',(-24.8,27.15));
#6229 = VECTOR('',#6230,1.);
#6230 = DIRECTION('',(0.,1.));
#6231 = ( GEOMETRIC_REPRESENTATION_CONTEXT(2) 
PARAMETRIC_REPRESENTATION_CONTEXT() REPRESENTATION_CONTEXT('2D SPACE',''
  ) );
#6232 = PCURVE('',#6233,#6238);
#6233 = PLANE('',#6234);
#6234 = AXIS2_PLACEMENT_3D('',#6235,#6236,#6237);
#6235 = CARTESIAN_POINT('',(-24.8,99.4,112.5));
#6236 = DIRECTION('',(1.,0.,0.));
#6237 = DIRECTION('',(0.,0.,1.));
#6238 = DEFINITIONAL_REPRESENTATION('',(#6239),#6243);
#6239 = LINE('',#6240,#6241);
#6240 = CARTESIAN_POINT('',(0.,0.));
#6241 = VECTOR('',#6242,1.);
#6242 = DIRECTION('',(0.,-1.));
#6243 = ( GEOMETRIC_REPRESENTATION_CONTEXT(2) 
PARAMETRIC_REPRESENTATION_CONTEXT() REPRESENTATION_CONTEXT('2D SPACE',''
  ) );
#6244 = ORIENTED_EDGE('',*,*,#6245,.T.);
#6245 = EDGE_CURVE('',#6218,#6246,#6248,.T.);
#6246 = VERTEX_POINT('',#6247);
#6247 = CARTESIAN_POINT('',(-21.4,120.6,112.5));
#6248 = SURFACE_CURVE('',#6249,(#6253,#6260),.PCURVE_S1.);
#6249 = LINE('',#6250,#6251);
#6250 = CARTESIAN_POINT('',(-24.8,120.6,112.5));
#6251 = VECTOR('',#6252,1.);
#6252 = DIRECTION('',(1.,0.,0.));
#6253 = PCURVE('',#1025,#6254);
#6254 = DEFINITIONAL_REPRESENTATION('',(#6255),#6259);
#6255 = LINE('',#6256,#6257);
#6256 = CARTESIAN_POINT('',(-24.8,48.35));
#6257 = VECTOR('',#6258,1.);
#6258 = DIRECTION('',(1.,0.));
#6259 = ( GEOMETRIC_REPRESENTATION_CONTEXT(2) 
PARAMETRIC_REPRESENTATION_CONTEXT() REPRESENTATION_CONTEXT('2D SPACE',''
  ) );
#6260 = PCURVE('',#6261,#6266);
#6261 = PLANE('',#6262);
#6262 = AXIS2_PLACEMENT_3D('',#6263,#6264,#6265);
#6263 = CARTESIAN_POINT('',(-23.2,120.6,112.5));
#6264 = DIRECTION('',(0.,1.,0.));
#6265 = DIRECTION('',(0.,0.,1.));
#6266 = DEFINITIONAL_REPRESENTATION('',(#6267),#6271);
#6267 = LINE('',#6268,#6269);
#6268 = CARTESIAN_POINT('',(0.,-1.6));
#6269 = VECTOR('',#6270,1.);
#6270 = DIRECTION('',(0.,1.));
#6271 = ( GEOMETRIC_REPRESENTATION_CONTEXT(2) 
PARAMETRIC_REPRESENTATION_CONTEXT() REPRESENTATION_CONTEXT('2D SPACE',''
  ) );
#6272 = ORIENTED_EDGE('',*,*,#6273,.F.);
#6273 = EDGE_CURVE('',#6274,#6246,#6276,.T.);
#6274 = VERTEX_POINT('',#6275);
#6275 = CARTESIAN_POINT('',(-21.4,111.41067359796,112.5));
#6276 = SURFACE_CURVE('',#6277,(#6281,#6288),.PCURVE_S1.);
#6277 = LINE('',#6278,#6279);
#6278 = CARTESIAN_POINT('',(-21.4,99.4,112.5));
#6279 = VECTOR('',#6280,1.);
#6280 = DIRECTION('',(0.,1.,0.));
#6281 = PCURVE('',#1025,#6282);
#6282 = DEFINITIONAL_REPRESENTATION('',(#6283),#6287);
#6283 = LINE('',#6284,#6285);
#6284 = CARTESIAN_POINT('',(-21.4,27.15));
#6285 = VECTOR('',#6286,1.);
#6286 = DIRECTION('',(0.,1.));
#6287 = ( GEOMETRIC_REPRESENTATION_CONTEXT(2) 
PARAMETRIC_REPRESENTATION_CONTEXT() REPRESENTATION_CONTEXT('2D SPACE',''
  ) );
#6288 = PCURVE('',#6289,#6294);
#6289 = PLANE('',#6290);
#6290 = AXIS2_PLACEMENT_3D('',#6291,#6292,#6293);
#6291 = CARTESIAN_POINT('',(-21.4,99.4,112.5));
#6292 = DIRECTION('',(1.,0.,0.));
#6293 = DIRECTION('',(0.,0.,1.));
#6294 = DEFINITIONAL_REPRESENTATION('',(#6295),#6299);
#6295 = LINE('',#6296,#6297);
#6296 = CARTESIAN_POINT('',(0.,0.));
#6297 = VECTOR('',#6298,1.);
#6298 = DIRECTION('',(0.,-1.));
#6299 = ( GEOMETRIC_REPRESENTATION_CONTEXT(2) 
PARAMETRIC_REPRESENTATION_CONTEXT() REPRESENTATION_CONTEXT('2D SPACE',''
  ) );
#6300 = ORIENTED_EDGE('',*,*,#6301,.T.);
#6301 = EDGE_CURVE('',#6274,#6302,#6304,.T.);
#6302 = VERTEX_POINT('',#6303);
#6303 = CARTESIAN_POINT('',(-1.5,110.,112.5));
#6304 = SURFACE_CURVE('',#6305,(#6310,#6321),.PCURVE_S1.);
#6305 = CIRCLE('',#6306,10.);
#6306 = AXIS2_PLACEMENT_3D('',#6307,#6308,#6309);
#6307 = CARTESIAN_POINT('',(-11.5,110.,112.5));
#6308 = DIRECTION('',(0.,0.,-1.));
#6309 = DIRECTION('',(1.,0.,0.));
#6310 = PCURVE('',#1025,#6311);
#6311 = DEFINITIONAL_REPRESENTATION('',(#6312),#6320);
#6312 = ( BOUNDED_CURVE() B_SPLINE_CURVE(2,(#6313,#6314,#6315,#6316,
#6317,#6318,#6319),.UNSPECIFIED.,.T.,.F.) B_SPLINE_CURVE_WITH_KNOTS((1,2
    ,2,2,2,1),(-2.094395102393,0.,2.094395102393,4.188790204786,
6.28318530718,8.377580409573),.UNSPECIFIED.) CURVE() 
GEOMETRIC_REPRESENTATION_ITEM() RATIONAL_B_SPLINE_CURVE((1.,0.5,1.,0.5,
1.,0.5,1.)) REPRESENTATION_ITEM('') );
#6313 = CARTESIAN_POINT('',(-1.5,37.75));
#6314 = CARTESIAN_POINT('',(-1.5,20.429491924311));
#6315 = CARTESIAN_POINT('',(-16.5,29.089745962156));
#6316 = CARTESIAN_POINT('',(-31.5,37.75));
#6317 = CARTESIAN_POINT('',(-16.5,46.410254037844));
#6318 = CARTESIAN_POINT('',(-1.5,55.070508075689));
#6319 = CARTESIAN_POINT('',(-1.5,37.75));
#6320 = ( GEOMETRIC_REPRESENTATION_CONTEXT(2) 
PARAMETRIC_REPRESENTATION_CONTEXT() REPRESENTATION_CONTEXT('2D SPACE',''
  ) );
#6321 = PCURVE('',#2399,#6322);
#6322 = DEFINITIONAL_REPRESENTATION('',(#6323),#6327);
#6323 = LINE('',#6324,#6325);
#6324 = CARTESIAN_POINT('',(-6.28318530718,-3.5));
#6325 = VECTOR('',#6326,1.);
#6326 = DIRECTION('',(1.,-0.));
#6327 = ( GEOMETRIC_REPRESENTATION_CONTEXT(2) 
PARAMETRIC_REPRESENTATION_CONTEXT() REPRESENTATION_CONTEXT('2D SPACE',''
  ) );
#6328 = ORIENTED_EDGE('',*,*,#6329,.T.);
#6329 = EDGE_CURVE('',#6302,#6330,#6332,.T.);
#6330 = VERTEX_POINT('',#6331);
#6331 = CARTESIAN_POINT('',(-21.4,108.58932640203,112.5));
#6332 = SURFACE_CURVE('',#6333,(#6338,#6349),.PCURVE_S1.);
#6333 = CIRCLE('',#6334,10.);
#6334 = AXIS2_PLACEMENT_3D('',#6335,#6336,#6337);
#6335 = CARTESIAN_POINT('',(-11.5,110.,112.5));
#6336 = DIRECTION('',(0.,0.,-1.));
#6337 = DIRECTION('',(1.,0.,0.));
#6338 = PCURVE('',#1025,#6339);
#6339 = DEFINITIONAL_REPRESENTATION('',(#6340),#6348);
#6340 = ( BOUNDED_CURVE() B_SPLINE_CURVE(2,(#6341,#6342,#6343,#6344,
#6345,#6346,#6347),.UNSPECIFIED.,.T.,.F.) B_SPLINE_CURVE_WITH_KNOTS((1,2
    ,2,2,2,1),(-2.094395102393,0.,2.094395102393,4.188790204786,
6.28318530718,8.377580409573),.UNSPECIFIED.) CURVE() 
GEOMETRIC_REPRESENTATION_ITEM() RATIONAL_B_SPLINE_CURVE((1.,0.5,1.,0.5,
1.,0.5,1.)) REPRESENTATION_ITEM('') );
#6341 = CARTESIAN_POINT('',(-1.5,37.75));
#6342 = CARTESIAN_POINT('',(-1.5,20.429491924311));
#6343 = CARTESIAN_POINT('',(-16.5,29.089745962156));
#6344 = CARTESIAN_POINT('',(-31.5,37.75));
#6345 = CARTESIAN_POINT('',(-16.5,46.410254037844));
#6346 = CARTESIAN_POINT('',(-1.5,55.070508075689));
#6347 = CARTESIAN_POINT('',(-1.5,37.75));
#6348 = ( GEOMETRIC_REPRESENTATION_CONTEXT(2) 
PARAMETRIC_REPRESENTATION_CONTEXT() REPRESENTATION_CONTEXT('2D SPACE',''
  ) );
#6349 = PCURVE('',#2399,#6350);
#6350 = DEFINITIONAL_REPRESENTATION('',(#6351),#6355);
#6351 = LINE('',#6352,#6353);
#6352 = CARTESIAN_POINT('',(-6.28318530718,-3.5));
#6353 = VECTOR('',#6354,1.);
#6354 = DIRECTION('',(1.,-0.));
#6355 = ( GEOMETRIC_REPRESENTATION_CONTEXT(2) 
PARAMETRIC_REPRESENTATION_CONTEXT() REPRESENTATION_CONTEXT('2D SPACE',''
  ) );
#6356 = ORIENTED_EDGE('',*,*,#6357,.F.);
#6357 = EDGE_CURVE('',#6358,#6330,#6360,.T.);
#6358 = VERTEX_POINT('',#6359);
#6359 = CARTESIAN_POINT('',(-21.4,99.4,112.5));
#6360 = SURFACE_CURVE('',#6361,(#6365,#6372),.PCURVE_S1.);
#6361 = LINE('',#6362,#6363);
#6362 = CARTESIAN_POINT('',(-21.4,99.4,112.5));
#6363 = VECTOR('',#6364,1.);
#6364 = DIRECTION('',(0.,1.,0.));
#6365 = PCURVE('',#1025,#6366);
#6366 = DEFINITIONAL_REPRESENTATION('',(#6367),#6371);
#6367 = LINE('',#6368,#6369);
#6368 = CARTESIAN_POINT('',(-21.4,27.15));
#6369 = VECTOR('',#6370,1.);
#6370 = DIRECTION('',(0.,1.));
#6371 = ( GEOMETRIC_REPRESENTATION_CONTEXT(2) 
PARAMETRIC_REPRESENTATION_CONTEXT() REPRESENTATION_CONTEXT('2D SPACE',''
  ) );
#6372 = PCURVE('',#6289,#6373);
#6373 = DEFINITIONAL_REPRESENTATION('',(#6374),#6378);
#6374 = LINE('',#6375,#6376);
#6375 = CARTESIAN_POINT('',(0.,0.));
#6376 = VECTOR('',#6377,1.);
#6377 = DIRECTION('',(0.,-1.));
#6378 = ( GEOMETRIC_REPRESENTATION_CONTEXT(2) 
PARAMETRIC_REPRESENTATION_CONTEXT() REPRESENTATION_CONTEXT('2D SPACE',''
  ) );
#6379 = ORIENTED_EDGE('',*,*,#6380,.T.);
#6380 = EDGE_CURVE('',#6358,#6216,#6381,.T.);
#6381 = SURFACE_CURVE('',#6382,(#6386,#6393),.PCURVE_S1.);
#6382 = LINE('',#6383,#6384);
#6383 = CARTESIAN_POINT('',(-21.4,99.4,112.5));
#6384 = VECTOR('',#6385,1.);
#6385 = DIRECTION('',(-1.,0.,0.));
#6386 = PCURVE('',#1025,#6387);
#6387 = DEFINITIONAL_REPRESENTATION('',(#6388),#6392);
#6388 = LINE('',#6389,#6390);
#6389 = CARTESIAN_POINT('',(-21.4,27.15));
#6390 = VECTOR('',#6391,1.);
#6391 = DIRECTION('',(-1.,0.));
#6392 = ( GEOMETRIC_REPRESENTATION_CONTEXT(2) 
PARAMETRIC_REPRESENTATION_CONTEXT() REPRESENTATION_CONTEXT('2D SPACE',''
  ) );
#6393 = PCURVE('',#6394,#6399);
#6394 = PLANE('',#6395);
#6395 = AXIS2_PLACEMENT_3D('',#6396,#6397,#6398);
#6396 = CARTESIAN_POINT('',(-24.8,99.4,112.5));
#6397 = DIRECTION('',(0.,1.,0.));
#6398 = DIRECTION('',(0.,0.,1.));
#6399 = DEFINITIONAL_REPRESENTATION('',(#6400),#6404);
#6400 = LINE('',#6401,#6402);
#6401 = CARTESIAN_POINT('',(0.,3.4));
#6402 = VECTOR('',#6403,1.);
#6403 = DIRECTION('',(0.,-1.));
#6404 = ( GEOMETRIC_REPRESENTATION_CONTEXT(2) 
PARAMETRIC_REPRESENTATION_CONTEXT() REPRESENTATION_CONTEXT('2D SPACE',''
  ) );
#6405 = FACE_BOUND('',#6406,.T.);
#6406 = EDGE_LOOP('',(#6407));
#6407 = ORIENTED_EDGE('',*,*,#6408,.T.);
#6408 = EDGE_CURVE('',#6409,#6409,#6411,.T.);
#6409 = VERTEX_POINT('',#6410);
#6410 = CARTESIAN_POINT('',(19.7,82.,112.5));
#6411 = SURFACE_CURVE('',#6412,(#6417,#6428),.PCURVE_S1.);
#6412 = CIRCLE('',#6413,1.7);
#6413 = AXIS2_PLACEMENT_3D('',#6414,#6415,#6416);
#6414 = CARTESIAN_POINT('',(18.,82.,112.5));
#6415 = DIRECTION('',(0.,0.,-1.));
#6416 = DIRECTION('',(1.,0.,0.));
#6417 = PCURVE('',#1025,#6418);
#6418 = DEFINITIONAL_REPRESENTATION('',(#6419),#6427);
#6419 = ( BOUNDED_CURVE() B_SPLINE_CURVE(2,(#6420,#6421,#6422,#6423,
#6424,#6425,#6426),.UNSPECIFIED.,.T.,.F.) B_SPLINE_CURVE_WITH_KNOTS((1,2
    ,2,2,2,1),(-2.094395102393,0.,2.094395102393,4.188790204786,
6.28318530718,8.377580409573),.UNSPECIFIED.) CURVE() 
GEOMETRIC_REPRESENTATION_ITEM() RATIONAL_B_SPLINE_CURVE((1.,0.5,1.,0.5,
1.,0.5,1.)) REPRESENTATION_ITEM('') );
#6420 = CARTESIAN_POINT('',(19.7,9.75));
#6421 = CARTESIAN_POINT('',(19.7,6.805513627133));
#6422 = CARTESIAN_POINT('',(17.15,8.277756813566));
#6423 = CARTESIAN_POINT('',(14.6,9.75));
#6424 = CARTESIAN_POINT('',(17.15,11.222243186434));
#6425 = CARTESIAN_POINT('',(19.7,12.694486372867));
#6426 = CARTESIAN_POINT('',(19.7,9.75));
#6427 = ( GEOMETRIC_REPRESENTATION_CONTEXT(2) 
PARAMETRIC_REPRESENTATION_CONTEXT() REPRESENTATION_CONTEXT('2D SPACE',''
  ) );
#6428 = PCURVE('',#2434,#6429);
#6429 = DEFINITIONAL_REPRESENTATION('',(#6430),#6434);
#6430 = LINE('',#6431,#6432);
#6431 = CARTESIAN_POINT('',(-6.28318530718,-3.5));
#6432 = VECTOR('',#6433,1.);
#6433 = DIRECTION('',(1.,-0.));
#6434 = ( GEOMETRIC_REPRESENTATION_CONTEXT(2) 
PARAMETRIC_REPRESENTATION_CONTEXT() REPRESENTATION_CONTEXT('2D SPACE',''
  ) );
#6435 = FACE_BOUND('',#6436,.T.);
#6436 = EDGE_LOOP('',(#6437,#6467,#6495,#6518,#6546,#6574));
#6437 = ORIENTED_EDGE('',*,*,#6438,.T.);
#6438 = EDGE_CURVE('',#6439,#6441,#6443,.T.);
#6439 = VERTEX_POINT('',#6440);
#6440 = CARTESIAN_POINT('',(21.4,99.4,112.5));
#6441 = VERTEX_POINT('',#6442);
#6442 = CARTESIAN_POINT('',(21.4,108.58932640203,112.5));
#6443 = SURFACE_CURVE('',#6444,(#6448,#6455),.PCURVE_S1.);
#6444 = LINE('',#6445,#6446);
#6445 = CARTESIAN_POINT('',(21.4,99.4,112.5));
#6446 = VECTOR('',#6447,1.);
#6447 = DIRECTION('',(0.,1.,0.));
#6448 = PCURVE('',#1025,#6449);
#6449 = DEFINITIONAL_REPRESENTATION('',(#6450),#6454);
#6450 = LINE('',#6451,#6452);
#6451 = CARTESIAN_POINT('',(21.4,27.15));
#6452 = VECTOR('',#6453,1.);
#6453 = DIRECTION('',(0.,1.));
#6454 = ( GEOMETRIC_REPRESENTATION_CONTEXT(2) 
PARAMETRIC_REPRESENTATION_CONTEXT() REPRESENTATION_CONTEXT('2D SPACE',''
  ) );
#6455 = PCURVE('',#6456,#6461);
#6456 = PLANE('',#6457);
#6457 = AXIS2_PLACEMENT_3D('',#6458,#6459,#6460);
#6458 = CARTESIAN_POINT('',(21.4,99.4,112.5));
#6459 = DIRECTION('',(1.,0.,0.));
#6460 = DIRECTION('',(0.,0.,1.));
#6461 = DEFINITIONAL_REPRESENTATION('',(#6462),#6466);
#6462 = LINE('',#6463,#6464);
#6463 = CARTESIAN_POINT('',(0.,0.));
#6464 = VECTOR('',#6465,1.);
#6465 = DIRECTION('',(0.,-1.));
#6466 = ( GEOMETRIC_REPRESENTATION_CONTEXT(2) 
PARAMETRIC_REPRESENTATION_CONTEXT() REPRESENTATION_CONTEXT('2D SPACE',''
  ) );
#6467 = ORIENTED_EDGE('',*,*,#6468,.T.);
#6468 = EDGE_CURVE('',#6441,#6469,#6471,.T.);
#6469 = VERTEX_POINT('',#6470);
#6470 = CARTESIAN_POINT('',(21.4,111.41067359796,112.5));
#6471 = SURFACE_CURVE('',#6472,(#6477,#6488),.PCURVE_S1.);
#6472 = CIRCLE('',#6473,10.);
#6473 = AXIS2_PLACEMENT_3D('',#6474,#6475,#6476);
#6474 = CARTESIAN_POINT('',(11.5,110.,112.5));
#6475 = DIRECTION('',(0.,0.,-1.));
#6476 = DIRECTION('',(1.,0.,0.));
#6477 = PCURVE('',#1025,#6478);
#6478 = DEFINITIONAL_REPRESENTATION('',(#6479),#6487);
#6479 = ( BOUNDED_CURVE() B_SPLINE_CURVE(2,(#6480,#6481,#6482,#6483,
#6484,#6485,#6486),.UNSPECIFIED.,.T.,.F.) B_SPLINE_CURVE_WITH_KNOTS((1,2
    ,2,2,2,1),(-2.094395102393,0.,2.094395102393,4.188790204786,
6.28318530718,8.377580409573),.UNSPECIFIED.) CURVE() 
GEOMETRIC_REPRESENTATION_ITEM() RATIONAL_B_SPLINE_CURVE((1.,0.5,1.,0.5,
1.,0.5,1.)) REPRESENTATION_ITEM('') );
#6480 = CARTESIAN_POINT('',(21.5,37.75));
#6481 = CARTESIAN_POINT('',(21.5,20.429491924311));
#6482 = CARTESIAN_POINT('',(6.5,29.089745962156));
#6483 = CARTESIAN_POINT('',(-8.5,37.75));
#6484 = CARTESIAN_POINT('',(6.5,46.410254037844));
#6485 = CARTESIAN_POINT('',(21.5,55.070508075689));
#6486 = CARTESIAN_POINT('',(21.5,37.75));
#6487 = ( GEOMETRIC_REPRESENTATION_CONTEXT(2) 
PARAMETRIC_REPRESENTATION_CONTEXT() REPRESENTATION_CONTEXT('2D SPACE',''
  ) );
#6488 = PCURVE('',#2469,#6489);
#6489 = DEFINITIONAL_REPRESENTATION('',(#6490),#6494);
#6490 = LINE('',#6491,#6492);
#6491 = CARTESIAN_POINT('',(-6.28318530718,-3.5));
#6492 = VECTOR('',#6493,1.);
#6493 = DIRECTION('',(1.,-0.));
#6494 = ( GEOMETRIC_REPRESENTATION_CONTEXT(2) 
PARAMETRIC_REPRESENTATION_CONTEXT() REPRESENTATION_CONTEXT('2D SPACE',''
  ) );
#6495 = ORIENTED_EDGE('',*,*,#6496,.T.);
#6496 = EDGE_CURVE('',#6469,#6497,#6499,.T.);
#6497 = VERTEX_POINT('',#6498);
#6498 = CARTESIAN_POINT('',(21.4,120.6,112.5));
#6499 = SURFACE_CURVE('',#6500,(#6504,#6511),.PCURVE_S1.);
#6500 = LINE('',#6501,#6502);
#6501 = CARTESIAN_POINT('',(21.4,99.4,112.5));
#6502 = VECTOR('',#6503,1.);
#6503 = DIRECTION('',(0.,1.,0.));
#6504 = PCURVE('',#1025,#6505);
#6505 = DEFINITIONAL_REPRESENTATION('',(#6506),#6510);
#6506 = LINE('',#6507,#6508);
#6507 = CARTESIAN_POINT('',(21.4,27.15));
#6508 = VECTOR('',#6509,1.);
#6509 = DIRECTION('',(0.,1.));
#6510 = ( GEOMETRIC_REPRESENTATION_CONTEXT(2) 
PARAMETRIC_REPRESENTATION_CONTEXT() REPRESENTATION_CONTEXT('2D SPACE',''
  ) );
#6511 = PCURVE('',#6456,#6512);
#6512 = DEFINITIONAL_REPRESENTATION('',(#6513),#6517);
#6513 = LINE('',#6514,#6515);
#6514 = CARTESIAN_POINT('',(0.,0.));
#6515 = VECTOR('',#6516,1.);
#6516 = DIRECTION('',(0.,-1.));
#6517 = ( GEOMETRIC_REPRESENTATION_CONTEXT(2) 
PARAMETRIC_REPRESENTATION_CONTEXT() REPRESENTATION_CONTEXT('2D SPACE',''
  ) );
#6518 = ORIENTED_EDGE('',*,*,#6519,.T.);
#6519 = EDGE_CURVE('',#6497,#6520,#6522,.T.);
#6520 = VERTEX_POINT('',#6521);
#6521 = CARTESIAN_POINT('',(24.8,120.6,112.5));
#6522 = SURFACE_CURVE('',#6523,(#6527,#6534),.PCURVE_S1.);
#6523 = LINE('',#6524,#6525);
#6524 = CARTESIAN_POINT('',(21.4,120.6,112.5));
#6525 = VECTOR('',#6526,1.);
#6526 = DIRECTION('',(1.,0.,0.));
#6527 = PCURVE('',#1025,#6528);
#6528 = DEFINITIONAL_REPRESENTATION('',(#6529),#6533);
#6529 = LINE('',#6530,#6531);
#6530 = CARTESIAN_POINT('',(21.4,48.35));
#6531 = VECTOR('',#6532,1.);
#6532 = DIRECTION('',(1.,0.));
#6533 = ( GEOMETRIC_REPRESENTATION_CONTEXT(2) 
PARAMETRIC_REPRESENTATION_CONTEXT() REPRESENTATION_CONTEXT('2D SPACE',''
  ) );
#6534 = PCURVE('',#6535,#6540);
#6535 = PLANE('',#6536);
#6536 = AXIS2_PLACEMENT_3D('',#6537,#6538,#6539);
#6537 = CARTESIAN_POINT('',(23.2,120.6,112.5));
#6538 = DIRECTION('',(0.,1.,0.));
#6539 = DIRECTION('',(0.,0.,1.));
#6540 = DEFINITIONAL_REPRESENTATION('',(#6541),#6545);
#6541 = LINE('',#6542,#6543);
#6542 = CARTESIAN_POINT('',(0.,-1.8));
#6543 = VECTOR('',#6544,1.);
#6544 = DIRECTION('',(0.,1.));
#6545 = ( GEOMETRIC_REPRESENTATION_CONTEXT(2) 
PARAMETRIC_REPRESENTATION_CONTEXT() REPRESENTATION_CONTEXT('2D SPACE',''
  ) );
#6546 = ORIENTED_EDGE('',*,*,#6547,.F.);
#6547 = EDGE_CURVE('',#6548,#6520,#6550,.T.);
#6548 = VERTEX_POINT('',#6549);
#6549 = CARTESIAN_POINT('',(24.8,99.4,112.5));
#6550 = SURFACE_CURVE('',#6551,(#6555,#6562),.PCURVE_S1.);
#6551 = LINE('',#6552,#6553);
#6552 = CARTESIAN_POINT('',(24.8,99.4,112.5));
#6553 = VECTOR('',#6554,1.);
#6554 = DIRECTION('',(0.,1.,0.));
#6555 = PCURVE('',#1025,#6556);
#6556 = DEFINITIONAL_REPRESENTATION('',(#6557),#6561);
#6557 = LINE('',#6558,#6559);
#6558 = CARTESIAN_POINT('',(24.8,27.15));
#6559 = VECTOR('',#6560,1.);
#6560 = DIRECTION('',(0.,1.));
#6561 = ( GEOMETRIC_REPRESENTATION_CONTEXT(2) 
PARAMETRIC_REPRESENTATION_CONTEXT() REPRESENTATION_CONTEXT('2D SPACE',''
  ) );
#6562 = PCURVE('',#6563,#6568);
#6563 = PLANE('',#6564);
#6564 = AXIS2_PLACEMENT_3D('',#6565,#6566,#6567);
#6565 = CARTESIAN_POINT('',(24.8,99.4,112.5));
#6566 = DIRECTION('',(1.,0.,0.));
#6567 = DIRECTION('',(0.,0.,1.));
#6568 = DEFINITIONAL_REPRESENTATION('',(#6569),#6573);
#6569 = LINE('',#6570,#6571);
#6570 = CARTESIAN_POINT('',(0.,0.));
#6571 = VECTOR('',#6572,1.);
#6572 = DIRECTION('',(0.,-1.));
#6573 = ( GEOMETRIC_REPRESENTATION_CONTEXT(2) 
PARAMETRIC_REPRESENTATION_CONTEXT() REPRESENTATION_CONTEXT('2D SPACE',''
  ) );
#6574 = ORIENTED_EDGE('',*,*,#6575,.T.);
#6575 = EDGE_CURVE('',#6548,#6439,#6576,.T.);
#6576 = SURFACE_CURVE('',#6577,(#6581,#6588),.PCURVE_S1.);
#6577 = LINE('',#6578,#6579);
#6578 = CARTESIAN_POINT('',(24.8,99.4,112.5));
#6579 = VECTOR('',#6580,1.);
#6580 = DIRECTION('',(-1.,0.,0.));
#6581 = PCURVE('',#1025,#6582);
#6582 = DEFINITIONAL_REPRESENTATION('',(#6583),#6587);
#6583 = LINE('',#6584,#6585);
#6584 = CARTESIAN_POINT('',(24.8,27.15));
#6585 = VECTOR('',#6586,1.);
#6586 = DIRECTION('',(-1.,0.));
#6587 = ( GEOMETRIC_REPRESENTATION_CONTEXT(2) 
PARAMETRIC_REPRESENTATION_CONTEXT() REPRESENTATION_CONTEXT('2D SPACE',''
  ) );
#6588 = PCURVE('',#6589,#6594);
#6589 = PLANE('',#6590);
#6590 = AXIS2_PLACEMENT_3D('',#6591,#6592,#6593);
#6591 = CARTESIAN_POINT('',(21.4,99.4,112.5));
#6592 = DIRECTION('',(0.,1.,0.));
#6593 = DIRECTION('',(0.,0.,1.));
#6594 = DEFINITIONAL_REPRESENTATION('',(#6595),#6599);
#6595 = LINE('',#6596,#6597);
#6596 = CARTESIAN_POINT('',(0.,3.4));
#6597 = VECTOR('',#6598,1.);
#6598 = DIRECTION('',(0.,-1.));
#6599 = ( GEOMETRIC_REPRESENTATION_CONTEXT(2) 
PARAMETRIC_REPRESENTATION_CONTEXT() REPRESENTATION_CONTEXT('2D SPACE',''
  ) );
#6600 = ADVANCED_FACE('',(#6601),#1052,.T.);
#6601 = FACE_BOUND('',#6602,.T.);
#6602 = EDGE_LOOP('',(#6603,#6626,#6627,#6648,#6674,#6693,#6694,#6695));
#6603 = ORIENTED_EDGE('',*,*,#6604,.F.);
#6604 = EDGE_CURVE('',#5705,#6605,#6607,.T.);
#6605 = VERTEX_POINT('',#6606);
#6606 = CARTESIAN_POINT('',(-46.,131.5,125.));
#6607 = SURFACE_CURVE('',#6608,(#6612,#6619),.PCURVE_S1.);
#6608 = LINE('',#6609,#6610);
#6609 = CARTESIAN_POINT('',(-46.,131.5,112.));
#6610 = VECTOR('',#6611,1.);
#6611 = DIRECTION('',(0.,0.,1.));
#6612 = PCURVE('',#1052,#6613);
#6613 = DEFINITIONAL_REPRESENTATION('',(#6614),#6618);
#6614 = LINE('',#6615,#6616);
#6615 = CARTESIAN_POINT('',(0.,0.));
#6616 = VECTOR('',#6617,1.);
#6617 = DIRECTION('',(1.,0.));
#6618 = ( GEOMETRIC_REPRESENTATION_CONTEXT(2) 
PARAMETRIC_REPRESENTATION_CONTEXT() REPRESENTATION_CONTEXT('2D SPACE',''
  ) );
#6619 = PCURVE('',#5740,#6620);
#6620 = DEFINITIONAL_REPRESENTATION('',(#6621),#6625);
#6621 = LINE('',#6622,#6623);
#6622 = CARTESIAN_POINT('',(0.,13.));
#6623 = VECTOR('',#6624,1.);
#6624 = DIRECTION('',(1.,0.));
#6625 = ( GEOMETRIC_REPRESENTATION_CONTEXT(2) 
PARAMETRIC_REPRESENTATION_CONTEXT() REPRESENTATION_CONTEXT('2D SPACE',''
  ) );
#6626 = ORIENTED_EDGE('',*,*,#5704,.T.);
#6627 = ORIENTED_EDGE('',*,*,#6628,.T.);
#6628 = EDGE_CURVE('',#5684,#6629,#6631,.T.);
#6629 = VERTEX_POINT('',#6630);
#6630 = CARTESIAN_POINT('',(-46.,139.,113.5));
#6631 = SURFACE_CURVE('',#6632,(#6636,#6642),.PCURVE_S1.);
#6632 = LINE('',#6633,#6634);
#6633 = CARTESIAN_POINT('',(-46.,139.,110.5));
#6634 = VECTOR('',#6635,1.);
#6635 = DIRECTION('',(0.,0.,1.));
#6636 = PCURVE('',#1052,#6637);
#6637 = DEFINITIONAL_REPRESENTATION('',(#6638),#6641);
#6638 = B_SPLINE_CURVE_WITH_KNOTS('',1,(#6639,#6640),.UNSPECIFIED.,.F.,
  .F.,(2,2),(2.,3.),.PIECEWISE_BEZIER_KNOTS.);
#6639 = CARTESIAN_POINT('',(0.5,-7.5));
#6640 = CARTESIAN_POINT('',(1.5,-7.5));
#6641 = ( GEOMETRIC_REPRESENTATION_CONTEXT(2) 
PARAMETRIC_REPRESENTATION_CONTEXT() REPRESENTATION_CONTEXT('2D SPACE',''
  ) );
#6642 = PCURVE('',#2289,#6643);
#6643 = DEFINITIONAL_REPRESENTATION('',(#6644),#6647);
#6644 = B_SPLINE_CURVE_WITH_KNOTS('',1,(#6645,#6646),.UNSPECIFIED.,.F.,
  .F.,(2,2),(2.,3.),.PIECEWISE_BEZIER_KNOTS.);
#6645 = CARTESIAN_POINT('',(3.5,3.));
#6646 = CARTESIAN_POINT('',(4.5,3.));
#6647 = ( GEOMETRIC_REPRESENTATION_CONTEXT(2) 
PARAMETRIC_REPRESENTATION_CONTEXT() REPRESENTATION_CONTEXT('2D SPACE',''
  ) );
#6648 = ORIENTED_EDGE('',*,*,#6649,.F.);
#6649 = EDGE_CURVE('',#6650,#6629,#6652,.T.);
#6650 = VERTEX_POINT('',#6651);
#6651 = CARTESIAN_POINT('',(-46.,147.,113.5));
#6652 = SURFACE_CURVE('',#6653,(#6657,#6663),.PCURVE_S1.);
#6653 = LINE('',#6654,#6655);
#6654 = CARTESIAN_POINT('',(-46.,135.25,113.5));
#6655 = VECTOR('',#6656,1.);
#6656 = DIRECTION('',(0.,-1.,0.));
#6657 = PCURVE('',#1052,#6658);
#6658 = DEFINITIONAL_REPRESENTATION('',(#6659),#6662);
#6659 = B_SPLINE_CURVE_WITH_KNOTS('',1,(#6660,#6661),.UNSPECIFIED.,.F.,
  .F.,(2,2),(-11.75,-3.75),.PIECEWISE_BEZIER_KNOTS.);
#6660 = CARTESIAN_POINT('',(1.5,-15.5));
#6661 = CARTESIAN_POINT('',(1.5,-7.5));
#6662 = ( GEOMETRIC_REPRESENTATION_CONTEXT(2) 
PARAMETRIC_REPRESENTATION_CONTEXT() REPRESENTATION_CONTEXT('2D SPACE',''
  ) );
#6663 = PCURVE('',#6664,#6669);
#6664 = PLANE('',#6665);
#6665 = AXIS2_PLACEMENT_3D('',#6666,#6667,#6668);
#6666 = CARTESIAN_POINT('',(-49.,139.,113.5));
#6667 = DIRECTION('',(0.,0.,1.));
#6668 = DIRECTION('',(1.,0.,0.));
#6669 = DEFINITIONAL_REPRESENTATION('',(#6670),#6673);
#6670 = B_SPLINE_CURVE_WITH_KNOTS('',1,(#6671,#6672),.UNSPECIFIED.,.F.,
  .F.,(2,2),(-11.75,-3.75),.PIECEWISE_BEZIER_KNOTS.);
#6671 = CARTESIAN_POINT('',(3.,8.));
#6672 = CARTESIAN_POINT('',(3.,0.));
#6673 = ( GEOMETRIC_REPRESENTATION_CONTEXT(2) 
PARAMETRIC_REPRESENTATION_CONTEXT() REPRESENTATION_CONTEXT('2D SPACE',''
  ) );
#6674 = ORIENTED_EDGE('',*,*,#6675,.F.);
#6675 = EDGE_CURVE('',#5621,#6650,#6676,.T.);
#6676 = SURFACE_CURVE('',#6677,(#6681,#6687),.PCURVE_S1.);
#6677 = LINE('',#6678,#6679);
#6678 = CARTESIAN_POINT('',(-46.,147.,110.5));
#6679 = VECTOR('',#6680,1.);
#6680 = DIRECTION('',(0.,0.,1.));
#6681 = PCURVE('',#1052,#6682);
#6682 = DEFINITIONAL_REPRESENTATION('',(#6683),#6686);
#6683 = B_SPLINE_CURVE_WITH_KNOTS('',1,(#6684,#6685),.UNSPECIFIED.,.F.,
  .F.,(2,2),(2.,3.),.PIECEWISE_BEZIER_KNOTS.);
#6684 = CARTESIAN_POINT('',(0.5,-15.5));
#6685 = CARTESIAN_POINT('',(1.5,-15.5));
#6686 = ( GEOMETRIC_REPRESENTATION_CONTEXT(2) 
PARAMETRIC_REPRESENTATION_CONTEXT() REPRESENTATION_CONTEXT('2D SPACE',''
  ) );
#6687 = PCURVE('',#2341,#6688);
#6688 = DEFINITIONAL_REPRESENTATION('',(#6689),#6692);
#6689 = B_SPLINE_CURVE_WITH_KNOTS('',1,(#6690,#6691),.UNSPECIFIED.,.F.,
  .F.,(2,2),(2.,3.),.PIECEWISE_BEZIER_KNOTS.);
#6690 = CARTESIAN_POINT('',(3.5,3.));
#6691 = CARTESIAN_POINT('',(4.5,3.));
#6692 = ( GEOMETRIC_REPRESENTATION_CONTEXT(2) 
PARAMETRIC_REPRESENTATION_CONTEXT() REPRESENTATION_CONTEXT('2D SPACE',''
  ) );
#6693 = ORIENTED_EDGE('',*,*,#5620,.T.);
#6694 = ORIENTED_EDGE('',*,*,#1036,.T.);
#6695 = ORIENTED_EDGE('',*,*,#6696,.F.);
#6696 = EDGE_CURVE('',#6605,#1037,#6697,.T.);
#6697 = SURFACE_CURVE('',#6698,(#6702,#6709),.PCURVE_S1.);
#6698 = LINE('',#6699,#6700);
#6699 = CARTESIAN_POINT('',(-46.,131.5,125.));
#6700 = VECTOR('',#6701,1.);
#6701 = DIRECTION('',(0.,1.,0.));
#6702 = PCURVE('',#1052,#6703);
#6703 = DEFINITIONAL_REPRESENTATION('',(#6704),#6708);
#6704 = LINE('',#6705,#6706);
#6705 = CARTESIAN_POINT('',(13.,0.));
#6706 = VECTOR('',#6707,1.);
#6707 = DIRECTION('',(0.,-1.));
#6708 = ( GEOMETRIC_REPRESENTATION_CONTEXT(2) 
PARAMETRIC_REPRESENTATION_CONTEXT() REPRESENTATION_CONTEXT('2D SPACE',''
  ) );
#6709 = PCURVE('',#1080,#6710);
#6710 = DEFINITIONAL_REPRESENTATION('',(#6711),#6715);
#6711 = LINE('',#6712,#6713);
#6712 = CARTESIAN_POINT('',(13.,0.));
#6713 = VECTOR('',#6714,1.);
#6714 = DIRECTION('',(0.,1.));
#6715 = ( GEOMETRIC_REPRESENTATION_CONTEXT(2) 
PARAMETRIC_REPRESENTATION_CONTEXT() REPRESENTATION_CONTEXT('2D SPACE',''
  ) );
#6716 = ADVANCED_FACE('',(#6717),#1080,.T.);
#6717 = FACE_BOUND('',#6718,.T.);
#6718 = EDGE_LOOP('',(#6719,#6720,#6741,#6762));
#6719 = ORIENTED_EDGE('',*,*,#1064,.F.);
#6720 = ORIENTED_EDGE('',*,*,#6721,.T.);
#6721 = EDGE_CURVE('',#1065,#6722,#6724,.T.);
#6722 = VERTEX_POINT('',#6723);
#6723 = CARTESIAN_POINT('',(-58.5,131.5,125.));
#6724 = SURFACE_CURVE('',#6725,(#6729,#6735),.PCURVE_S1.);
#6725 = LINE('',#6726,#6727);
#6726 = CARTESIAN_POINT('',(-58.5,141.,125.));
#6727 = VECTOR('',#6728,1.);
#6728 = DIRECTION('',(0.,-1.,0.));
#6729 = PCURVE('',#1080,#6730);
#6730 = DEFINITIONAL_REPRESENTATION('',(#6731),#6734);
#6731 = B_SPLINE_CURVE_WITH_KNOTS('',1,(#6732,#6733),.UNSPECIFIED.,.F.,
  .F.,(2,2),(-8.5,9.5),.PIECEWISE_BEZIER_KNOTS.);
#6732 = CARTESIAN_POINT('',(0.5,18.));
#6733 = CARTESIAN_POINT('',(0.5,0.));
#6734 = ( GEOMETRIC_REPRESENTATION_CONTEXT(2) 
PARAMETRIC_REPRESENTATION_CONTEXT() REPRESENTATION_CONTEXT('2D SPACE',''
  ) );
#6735 = PCURVE('',#1108,#6736);
#6736 = DEFINITIONAL_REPRESENTATION('',(#6737),#6740);
#6737 = B_SPLINE_CURVE_WITH_KNOTS('',1,(#6738,#6739),.UNSPECIFIED.,.F.,
  .F.,(2,2),(-8.5,9.5),.PIECEWISE_BEZIER_KNOTS.);
#6738 = CARTESIAN_POINT('',(1.,-12.5));
#6739 = CARTESIAN_POINT('',(19.,-12.5));
#6740 = ( GEOMETRIC_REPRESENTATION_CONTEXT(2) 
PARAMETRIC_REPRESENTATION_CONTEXT() REPRESENTATION_CONTEXT('2D SPACE',''
  ) );
#6741 = ORIENTED_EDGE('',*,*,#6742,.T.);
#6742 = EDGE_CURVE('',#6722,#6605,#6743,.T.);
#6743 = SURFACE_CURVE('',#6744,(#6748,#6755),.PCURVE_S1.);
#6744 = LINE('',#6745,#6746);
#6745 = CARTESIAN_POINT('',(-59.,131.5,125.));
#6746 = VECTOR('',#6747,1.);
#6747 = DIRECTION('',(1.,0.,0.));
#6748 = PCURVE('',#1080,#6749);
#6749 = DEFINITIONAL_REPRESENTATION('',(#6750),#6754);
#6750 = LINE('',#6751,#6752);
#6751 = CARTESIAN_POINT('',(0.,0.));
#6752 = VECTOR('',#6753,1.);
#6753 = DIRECTION('',(1.,0.));
#6754 = ( GEOMETRIC_REPRESENTATION_CONTEXT(2) 
PARAMETRIC_REPRESENTATION_CONTEXT() REPRESENTATION_CONTEXT('2D SPACE',''
  ) );
#6755 = PCURVE('',#5740,#6756);
#6756 = DEFINITIONAL_REPRESENTATION('',(#6757),#6761);
#6757 = LINE('',#6758,#6759);
#6758 = CARTESIAN_POINT('',(13.,0.));
#6759 = VECTOR('',#6760,1.);
#6760 = DIRECTION('',(0.,1.));
#6761 = ( GEOMETRIC_REPRESENTATION_CONTEXT(2) 
PARAMETRIC_REPRESENTATION_CONTEXT() REPRESENTATION_CONTEXT('2D SPACE',''
  ) );
#6762 = ORIENTED_EDGE('',*,*,#6696,.T.);
#6763 = ADVANCED_FACE('',(#6764,#7287,#7322,#7408,#7443,#7478),#1108,.T.
  );
#6764 = FACE_BOUND('',#6765,.T.);
#6765 = EDGE_LOOP('',(#6766,#6767,#6786,#6787,#6788,#6809,#6830,#6853,
    #7004,#7030,#7058,#7084));
#6766 = ORIENTED_EDGE('',*,*,#5751,.F.);
#6767 = ORIENTED_EDGE('',*,*,#6768,.T.);
#6768 = EDGE_CURVE('',#5726,#6722,#6769,.T.);
#6769 = SURFACE_CURVE('',#6770,(#6774,#6780),.PCURVE_S1.);
#6770 = LINE('',#6771,#6772);
#6771 = CARTESIAN_POINT('',(-58.5,131.5,112.25));
#6772 = VECTOR('',#6773,1.);
#6773 = DIRECTION('',(0.,-0.,1.));
#6774 = PCURVE('',#1108,#6775);
#6775 = DEFINITIONAL_REPRESENTATION('',(#6776),#6779);
#6776 = B_SPLINE_CURVE_WITH_KNOTS('',1,(#6777,#6778),.UNSPECIFIED.,.F.,
  .F.,(2,2),(0.25,12.75),.PIECEWISE_BEZIER_KNOTS.);
#6777 = CARTESIAN_POINT('',(19.,0.));
#6778 = CARTESIAN_POINT('',(19.,-12.5));
#6779 = ( GEOMETRIC_REPRESENTATION_CONTEXT(2) 
PARAMETRIC_REPRESENTATION_CONTEXT() REPRESENTATION_CONTEXT('2D SPACE',''
  ) );
#6780 = PCURVE('',#5740,#6781);
#6781 = DEFINITIONAL_REPRESENTATION('',(#6782),#6785);
#6782 = B_SPLINE_CURVE_WITH_KNOTS('',1,(#6783,#6784),.UNSPECIFIED.,.F.,
  .F.,(2,2),(0.25,12.75),.PIECEWISE_BEZIER_KNOTS.);
#6783 = CARTESIAN_POINT('',(0.5,0.5));
#6784 = CARTESIAN_POINT('',(13.,0.5));
#6785 = ( GEOMETRIC_REPRESENTATION_CONTEXT(2) 
PARAMETRIC_REPRESENTATION_CONTEXT() REPRESENTATION_CONTEXT('2D SPACE',''
  ) );
#6786 = ORIENTED_EDGE('',*,*,#6721,.F.);
#6787 = ORIENTED_EDGE('',*,*,#1092,.T.);
#6788 = ORIENTED_EDGE('',*,*,#6789,.T.);
#6789 = EDGE_CURVE('',#1093,#6790,#6792,.T.);
#6790 = VERTEX_POINT('',#6791);
#6791 = CARTESIAN_POINT('',(-58.5,131.5,181.));
#6792 = SURFACE_CURVE('',#6793,(#6797,#6803),.PCURVE_S1.);
#6793 = LINE('',#6794,#6795);
#6794 = CARTESIAN_POINT('',(-58.5,141.,181.));
#6795 = VECTOR('',#6796,1.);
#6796 = DIRECTION('',(0.,-1.,0.));
#6797 = PCURVE('',#1108,#6798);
#6798 = DEFINITIONAL_REPRESENTATION('',(#6799),#6802);
#6799 = B_SPLINE_CURVE_WITH_KNOTS('',1,(#6800,#6801),.UNSPECIFIED.,.F.,
  .F.,(2,2),(-8.5,9.5),.PIECEWISE_BEZIER_KNOTS.);
#6800 = CARTESIAN_POINT('',(1.,-68.5));
#6801 = CARTESIAN_POINT('',(19.,-68.5));
#6802 = ( GEOMETRIC_REPRESENTATION_CONTEXT(2) 
PARAMETRIC_REPRESENTATION_CONTEXT() REPRESENTATION_CONTEXT('2D SPACE',''
  ) );
#6803 = PCURVE('',#1135,#6804);
#6804 = DEFINITIONAL_REPRESENTATION('',(#6805),#6808);
#6805 = B_SPLINE_CURVE_WITH_KNOTS('',1,(#6806,#6807),.UNSPECIFIED.,.F.,
  .F.,(2,2),(-8.5,9.5),.PIECEWISE_BEZIER_KNOTS.);
#6806 = CARTESIAN_POINT('',(0.5,18.));
#6807 = CARTESIAN_POINT('',(0.5,0.));
#6808 = ( GEOMETRIC_REPRESENTATION_CONTEXT(2) 
PARAMETRIC_REPRESENTATION_CONTEXT() REPRESENTATION_CONTEXT('2D SPACE',''
  ) );
#6809 = ORIENTED_EDGE('',*,*,#6810,.T.);
#6810 = EDGE_CURVE('',#6790,#6811,#6813,.T.);
#6811 = VERTEX_POINT('',#6812);
#6812 = CARTESIAN_POINT('',(-58.5,131.5,190.));
#6813 = SURFACE_CURVE('',#6814,(#6818,#6824),.PCURVE_S1.);
#6814 = LINE('',#6815,#6816);
#6815 = CARTESIAN_POINT('',(-58.5,131.5,146.75));
#6816 = VECTOR('',#6817,1.);
#6817 = DIRECTION('',(0.,-0.,1.));
#6818 = PCURVE('',#1108,#6819);
#6819 = DEFINITIONAL_REPRESENTATION('',(#6820),#6823);
#6820 = B_SPLINE_CURVE_WITH_KNOTS('',1,(#6821,#6822),.UNSPECIFIED.,.F.,
  .F.,(2,2),(34.25,43.25),.PIECEWISE_BEZIER_KNOTS.);
#6821 = CARTESIAN_POINT('',(19.,-68.5));
#6822 = CARTESIAN_POINT('',(19.,-77.5));
#6823 = ( GEOMETRIC_REPRESENTATION_CONTEXT(2) 
PARAMETRIC_REPRESENTATION_CONTEXT() REPRESENTATION_CONTEXT('2D SPACE',''
  ) );
#6824 = PCURVE('',#3347,#6825);
#6825 = DEFINITIONAL_REPRESENTATION('',(#6826),#6829);
#6826 = B_SPLINE_CURVE_WITH_KNOTS('',1,(#6827,#6828),.UNSPECIFIED.,.F.,
  .F.,(2,2),(34.25,43.25),.PIECEWISE_BEZIER_KNOTS.);
#6827 = CARTESIAN_POINT('',(0.,0.5));
#6828 = CARTESIAN_POINT('',(9.,0.5));
#6829 = ( GEOMETRIC_REPRESENTATION_CONTEXT(2) 
PARAMETRIC_REPRESENTATION_CONTEXT() REPRESENTATION_CONTEXT('2D SPACE',''
  ) );
#6830 = ORIENTED_EDGE('',*,*,#6831,.T.);
#6831 = EDGE_CURVE('',#6811,#6832,#6834,.T.);
#6832 = VERTEX_POINT('',#6833);
#6833 = CARTESIAN_POINT('',(-58.5,17.7890625,190.));
#6834 = SURFACE_CURVE('',#6835,(#6839,#6846),.PCURVE_S1.);
#6835 = LINE('',#6836,#6837);
#6836 = CARTESIAN_POINT('',(-58.5,150.5,190.));
#6837 = VECTOR('',#6838,1.);
#6838 = DIRECTION('',(0.,-1.,0.));
#6839 = PCURVE('',#1108,#6840);
#6840 = DEFINITIONAL_REPRESENTATION('',(#6841),#6845);
#6841 = LINE('',#6842,#6843);
#6842 = CARTESIAN_POINT('',(0.,-77.5));
#6843 = VECTOR('',#6844,1.);
#6844 = DIRECTION('',(1.,0.));
#6845 = ( GEOMETRIC_REPRESENTATION_CONTEXT(2) 
PARAMETRIC_REPRESENTATION_CONTEXT() REPRESENTATION_CONTEXT('2D SPACE',''
  ) );
#6846 = PCURVE('',#3374,#6847);
#6847 = DEFINITIONAL_REPRESENTATION('',(#6848),#6852);
#6848 = LINE('',#6849,#6850);
#6849 = CARTESIAN_POINT('',(-0.,0.));
#6850 = VECTOR('',#6851,1.);
#6851 = DIRECTION('',(-0.,1.));
#6852 = ( GEOMETRIC_REPRESENTATION_CONTEXT(2) 
PARAMETRIC_REPRESENTATION_CONTEXT() REPRESENTATION_CONTEXT('2D SPACE',''
  ) );
#6853 = ORIENTED_EDGE('',*,*,#6854,.F.);
#6854 = EDGE_CURVE('',#6855,#6832,#6857,.T.);
#6855 = VERTEX_POINT('',#6856);
#6856 = CARTESIAN_POINT('',(-58.5,9.,181.));
#6857 = SURFACE_CURVE('',#6858,(#6903,#6951),.PCURVE_S1.);
#6858 = B_SPLINE_CURVE_WITH_KNOTS('',7,(#6859,#6860,#6861,#6862,#6863,
    #6864,#6865,#6866,#6867,#6868,#6869,#6870,#6871,#6872,#6873,#6874,
    #6875,#6876,#6877,#6878,#6879,#6880,#6881,#6882,#6883,#6884,#6885,
    #6886,#6887,#6888,#6889,#6890,#6891,#6892,#6893,#6894,#6895,#6896,
    #6897,#6898,#6899,#6900,#6901,#6902),.UNSPECIFIED.,.F.,.F.,(8,6,6,6,
    6,6,6,8),(0.,0.450879468414,0.769437037276,0.88272278026,
    0.940908835391,0.970359784319,0.98516214047,1.),.UNSPECIFIED.);
#6859 = CARTESIAN_POINT('',(-58.5,9.,181.));
#6860 = CARTESIAN_POINT('',(-58.5,9.571606594492,181.58532515276));
#6861 = CARTESIAN_POINT('',(-58.5,10.143105660911,182.17054019677));
#6862 = CARTESIAN_POINT('',(-58.5,10.714499907604,182.75564790538));
#6863 = CARTESIAN_POINT('',(-58.5,11.285756337993,183.3406144901));
#6864 = CARTESIAN_POINT('',(-58.5,11.85679997332,183.92536317267));
#6865 = CARTESIAN_POINT('',(-58.5,12.42751169975,184.50977198054));
#6866 = CARTESIAN_POINT('',(-58.5,13.400549856604,185.50616305316));
#6867 = CARTESIAN_POINT('',(-58.5,13.803062080063,185.91833556998));
#6868 = CARTESIAN_POINT('',(-58.5,14.205242972889,186.33016880423));
#6869 = CARTESIAN_POINT('',(-58.5,14.60698470117,186.74155233399));
#6870 = CARTESIAN_POINT('',(-58.5,15.008046833486,187.15223995748));
#6871 = CARTESIAN_POINT('',(-58.5,15.408046273765,187.56183938433));
#6872 = CARTESIAN_POINT('',(-58.5,15.948033176035,188.11478597226));
#6873 = CARTESIAN_POINT('',(-58.5,16.089466546617,188.25961374373));
#6874 = CARTESIAN_POINT('',(-58.5,16.230648131721,188.40418368688));
#6875 = CARTESIAN_POINT('',(-58.5,16.371536257655,188.54845312783));
#6876 = CARTESIAN_POINT('',(-58.5,16.512076697991,188.69236653874));
#6877 = CARTESIAN_POINT('',(-58.5,16.652201761397,188.83585460367));
#6878 = CARTESIAN_POINT('',(-58.5,16.863545202372,189.05227028722));
#6879 = CARTESIAN_POINT('',(-58.5,16.935128865438,189.1255719582));
#6880 = CARTESIAN_POINT('',(-58.5,17.006568955798,189.19872661073));
#6881 = CARTESIAN_POINT('',(-58.5,17.07785215361,189.27172060529));
#6882 = CARTESIAN_POINT('',(-58.5,17.148963232038,189.3445383496));
#6883 = CARTESIAN_POINT('',(-58.5,17.219885057262,189.41716229863));
#6884 = CARTESIAN_POINT('',(-58.5,17.326390336021,189.52622370408));
#6885 = CARTESIAN_POINT('',(-58.5,17.362128653831,189.56281974152));
#6886 = CARTESIAN_POINT('',(-58.5,17.397811035895,189.59935850075));
#6887 = CARTESIAN_POINT('',(-58.5,17.433434798394,189.63583723355));
#6888 = CARTESIAN_POINT('',(-58.5,17.468997079688,189.6722530096));
#6889 = CARTESIAN_POINT('',(-58.5,17.504494840328,189.70860271649));
#6890 = CARTESIAN_POINT('',(-58.5,17.557732364459,189.7631179412));
#6891 = CARTESIAN_POINT('',(-58.5,17.575539604749,189.78135255526));
#6892 = CARTESIAN_POINT('',(-58.5,17.593346581351,189.7995868993));
#6893 = CARTESIAN_POINT('',(-58.5,17.611153291614,189.81782097061));
#6894 = CARTESIAN_POINT('',(-58.5,17.628959732808,189.83605476639));
#6895 = CARTESIAN_POINT('',(-58.5,17.646765902118,189.85428828376));
#6896 = CARTESIAN_POINT('',(-58.5,17.68242039853,189.89079848809));
#6897 = CARTESIAN_POINT('',(-58.5,17.700167227469,189.90897124092));
#6898 = CARTESIAN_POINT('',(-58.5,17.717936502705,189.92716697877));
#6899 = CARTESIAN_POINT('',(-58.5,17.735776416928,189.94543505093));
#6900 = CARTESIAN_POINT('',(-58.5,17.753658698787,189.96374650755));
#6901 = CARTESIAN_POINT('',(-58.5,17.77147962756,189.98199513862));
#6902 = CARTESIAN_POINT('',(-58.5,17.7890625,190.));
#6903 = PCURVE('',#1108,#6904);
#6904 = DEFINITIONAL_REPRESENTATION('',(#6905),#6950);
#6905 = B_SPLINE_CURVE_WITH_KNOTS('',7,(#6906,#6907,#6908,#6909,#6910,
    #6911,#6912,#6913,#6914,#6915,#6916,#6917,#6918,#6919,#6920,#6921,
    #6922,#6923,#6924,#6925,#6926,#6927,#6928,#6929,#6930,#6931,#6932,
    #6933,#6934,#6935,#6936,#6937,#6938,#6939,#6940,#6941,#6942,#6943,
    #6944,#6945,#6946,#6947,#6948,#6949),.UNSPECIFIED.,.F.,.F.,(8,6,6,6,
    6,6,6,8),(0.,0.450879468414,0.769437037276,0.88272278026,
    0.940908835391,0.970359784319,0.98516214047,1.),.UNSPECIFIED.);
#6906 = CARTESIAN_POINT('',(141.5,-68.5));
#6907 = CARTESIAN_POINT('',(140.9283934055,-69.08532515276));
#6908 = CARTESIAN_POINT('',(140.35689433908,-69.67054019677));
#6909 = CARTESIAN_POINT('',(139.78550009239,-70.25564790538));
#6910 = CARTESIAN_POINT('',(139.214243662,-70.8406144901));
#6911 = CARTESIAN_POINT('',(138.64320002668,-71.42536317267));
#6912 = CARTESIAN_POINT('',(138.07248830025,-72.00977198054));
#6913 = CARTESIAN_POINT('',(137.09945014339,-73.00616305316));
#6914 = CARTESIAN_POINT('',(136.69693791993,-73.41833556998));
#6915 = CARTESIAN_POINT('',(136.29475702711,-73.83016880423));
#6916 = CARTESIAN_POINT('',(135.89301529883,-74.24155233399));
#6917 = CARTESIAN_POINT('',(135.49195316651,-74.65223995748));
#6918 = CARTESIAN_POINT('',(135.09195372623,-75.06183938433));
#6919 = CARTESIAN_POINT('',(134.55196682396,-75.61478597226));
#6920 = CARTESIAN_POINT('',(134.41053345338,-75.75961374373));
#6921 = CARTESIAN_POINT('',(134.26935186827,-75.90418368688));
#6922 = CARTESIAN_POINT('',(134.12846374234,-76.04845312783));
#6923 = CARTESIAN_POINT('',(133.987923302,-76.19236653874));
#6924 = CARTESIAN_POINT('',(133.8477982386,-76.33585460367));
#6925 = CARTESIAN_POINT('',(133.63645479762,-76.55227028722));
#6926 = CARTESIAN_POINT('',(133.56487113456,-76.6255719582));
#6927 = CARTESIAN_POINT('',(133.4934310442,-76.69872661073));
#6928 = CARTESIAN_POINT('',(133.42214784639,-76.77172060529));
#6929 = CARTESIAN_POINT('',(133.35103676796,-76.8445383496));
#6930 = CARTESIAN_POINT('',(133.28011494273,-76.91716229863));
#6931 = CARTESIAN_POINT('',(133.17360966397,-77.02622370408));
#6932 = CARTESIAN_POINT('',(133.13787134616,-77.06281974152));
#6933 = CARTESIAN_POINT('',(133.1021889641,-77.09935850075));
#6934 = CARTESIAN_POINT('',(133.0665652016,-77.13583723355));
#6935 = CARTESIAN_POINT('',(133.03100292031,-77.1722530096));
#6936 = CARTESIAN_POINT('',(132.99550515967,-77.20860271649));
#6937 = CARTESIAN_POINT('',(132.94226763554,-77.2631179412));
#6938 = CARTESIAN_POINT('',(132.92446039525,-77.28135255526));
#6939 = CARTESIAN_POINT('',(132.90665341864,-77.2995868993));
#6940 = CARTESIAN_POINT('',(132.88884670838,-77.31782097061));
#6941 = CARTESIAN_POINT('',(132.87104026719,-77.33605476639));
#6942 = CARTESIAN_POINT('',(132.85323409788,-77.35428828376));
#6943 = CARTESIAN_POINT('',(132.81757960147,-77.39079848809));
#6944 = CARTESIAN_POINT('',(132.79983277253,-77.40897124092));
#6945 = CARTESIAN_POINT('',(132.78206349729,-77.42716697877));
#6946 = CARTESIAN_POINT('',(132.76422358307,-77.44543505093));
#6947 = CARTESIAN_POINT('',(132.74634130121,-77.46374650755));
#6948 = CARTESIAN_POINT('',(132.72852037244,-77.48199513862));
#6949 = CARTESIAN_POINT('',(132.7109375,-77.5));
#6950 = ( GEOMETRIC_REPRESENTATION_CONTEXT(2) 
PARAMETRIC_REPRESENTATION_CONTEXT() REPRESENTATION_CONTEXT('2D SPACE',''
  ) );
#6951 = PCURVE('',#6952,#6957);
#6952 = B_SPLINE_SURFACE_WITH_KNOTS('',1,1,(
    (#6953,#6954)
    ,(#6955,#6956
    )),.UNSPECIFIED.,.F.,.F.,.F.,(2,2),(2,2),(0.,13.),(0.,1.),
  .PIECEWISE_BEZIER_KNOTS.);
#6953 = CARTESIAN_POINT('',(-59.,9.,181.));
#6954 = CARTESIAN_POINT('',(-59.2,21.5,193.8));
#6955 = CARTESIAN_POINT('',(-46.,9.,181.));
#6956 = CARTESIAN_POINT('',(-58.8,21.5,193.8));
#6957 = DEFINITIONAL_REPRESENTATION('',(#6958),#7003);
#6958 = B_SPLINE_CURVE_WITH_KNOTS('',7,(#6959,#6960,#6961,#6962,#6963,
    #6964,#6965,#6966,#6967,#6968,#6969,#6970,#6971,#6972,#6973,#6974,
    #6975,#6976,#6977,#6978,#6979,#6980,#6981,#6982,#6983,#6984,#6985,
    #6986,#6987,#6988,#6989,#6990,#6991,#6992,#6993,#6994,#6995,#6996,
    #6997,#6998,#6999,#7000,#7001,#7002),.UNSPECIFIED.,.F.,.F.,(8,6,6,6,
    6,6,6,8),(0.,0.450879468414,0.769437037276,0.88272278026,
    0.940908835391,0.970359784319,0.98516214047,1.),.UNSPECIFIED.);
#6959 = CARTESIAN_POINT('',(0.5,0.));
#6960 = CARTESIAN_POINT('',(0.531306453483,4.572852755939E-02));
#6961 = CARTESIAN_POINT('',(0.565844204804,9.144845287282E-02));
#6962 = CARTESIAN_POINT('',(0.604216958298,0.137159992608));
#6963 = CARTESIAN_POINT('',(0.647198817706,0.182860507039));
#6964 = CARTESIAN_POINT('',(0.695877299015,0.228543997866));
#6965 = CARTESIAN_POINT('',(0.751720747255,0.27420093598));
#6966 = CARTESIAN_POINT('',(0.863648391781,0.352043988528));
#6967 = CARTESIAN_POINT('',(0.914843240882,0.384244966405));
#6968 = CARTESIAN_POINT('',(0.971813253132,0.416419437831));
#6969 = CARTESIAN_POINT('',(1.035738970527,0.448558776094));
#6970 = CARTESIAN_POINT('',(1.108249398041,0.480643746679));
#6971 = CARTESIAN_POINT('',(1.191555622159,0.512643701901));
#6972 = CARTESIAN_POINT('',(1.324168934288,0.555842654083));
#6973 = CARTESIAN_POINT('',(1.360790838469,0.567157323729));
#6974 = CARTESIAN_POINT('',(1.399413085478,0.578451850538));
#6975 = CARTESIAN_POINT('',(1.440223626789,0.589722900612));
#6976 = CARTESIAN_POINT('',(1.483437668292,0.600966135839));
#6977 = CARTESIAN_POINT('',(1.529303950176,0.612176140912));
#6978 = CARTESIAN_POINT('',(1.6031794174,0.62908361619));
#6979 = CARTESIAN_POINT('',(1.629023434644,0.634810309235));
#6980 = CARTESIAN_POINT('',(1.655681867867,0.640525516464));
#6981 = CARTESIAN_POINT('',(1.683196350223,0.646228172289));
#6982 = CARTESIAN_POINT('',(1.711611358699,0.651917058563));
#6983 = CARTESIAN_POINT('',(1.740974214117,0.657590804581));
#6984 = CARTESIAN_POINT('',(1.786702274219,0.666111226882));
#6985 = CARTESIAN_POINT('',(1.80232514535,0.668970292306));
#6986 = CARTESIAN_POINT('',(1.818210213147,0.671824882872));
#6987 = CARTESIAN_POINT('',(1.834364180232,0.674674783871));
#6988 = CARTESIAN_POINT('',(1.850793933233,0.677519766375));
#6989 = CARTESIAN_POINT('',(1.867506542785,0.680359587226));
#6990 = CARTESIAN_POINT('',(1.893055009494,0.684618589157));
#6991 = CARTESIAN_POINT('',(1.901682130131,0.68604316838));
#6992 = CARTESIAN_POINT('',(1.910392016515,0.687467726508));
#6993 = CARTESIAN_POINT('',(1.91918610243,0.688892263329));
#6994 = CARTESIAN_POINT('',(1.928065864369,0.690316778625));
#6995 = CARTESIAN_POINT('',(1.937032821531,0.691741272169));
#6996 = CARTESIAN_POINT('',(1.955165970204,0.694593631882));
#6997 = CARTESIAN_POINT('',(1.964280704564,0.696013378198));
#6998 = CARTESIAN_POINT('',(1.9734968385,0.697434920216));
#6999 = CARTESIAN_POINT('',(1.982840548676,0.698862113354));
#7000 = CARTESIAN_POINT('',(1.992301414376,0.700292695903));
#7001 = CARTESIAN_POINT('',(2.00182847054,0.701718370205));
#7002 = CARTESIAN_POINT('',(2.011320988275,0.703125));
#7003 = ( GEOMETRIC_REPRESENTATION_CONTEXT(2) 
PARAMETRIC_REPRESENTATION_CONTEXT() REPRESENTATION_CONTEXT('2D SPACE',''
  ) );
#7004 = ORIENTED_EDGE('',*,*,#7005,.T.);
#7005 = EDGE_CURVE('',#6855,#7006,#7008,.T.);
#7006 = VERTEX_POINT('',#7007);
#7007 = CARTESIAN_POINT('',(-58.5,-6.,181.));
#7008 = SURFACE_CURVE('',#7009,(#7013,#7019),.PCURVE_S1.);
#7009 = LINE('',#7010,#7011);
#7010 = CARTESIAN_POINT('',(-58.5,70.75,181.));
#7011 = VECTOR('',#7012,1.);
#7012 = DIRECTION('',(0.,-1.,0.));
#7013 = PCURVE('',#1108,#7014);
#7014 = DEFINITIONAL_REPRESENTATION('',(#7015),#7018);
#7015 = B_SPLINE_CURVE_WITH_KNOTS('',1,(#7016,#7017),.UNSPECIFIED.,.F.,
  .F.,(2,2),(61.75,76.75),.PIECEWISE_BEZIER_KNOTS.);
#7016 = CARTESIAN_POINT('',(141.5,-68.5));
#7017 = CARTESIAN_POINT('',(156.5,-68.5));
#7018 = ( GEOMETRIC_REPRESENTATION_CONTEXT(2) 
PARAMETRIC_REPRESENTATION_CONTEXT() REPRESENTATION_CONTEXT('2D SPACE',''
  ) );
#7019 = PCURVE('',#7020,#7025);
#7020 = PLANE('',#7021);
#7021 = AXIS2_PLACEMENT_3D('',#7022,#7023,#7024);
#7022 = CARTESIAN_POINT('',(-59.,-9.,181.));
#7023 = DIRECTION('',(0.,0.,1.));
#7024 = DIRECTION('',(1.,0.,0.));
#7025 = DEFINITIONAL_REPRESENTATION('',(#7026),#7029);
#7026 = B_SPLINE_CURVE_WITH_KNOTS('',1,(#7027,#7028),.UNSPECIFIED.,.F.,
  .F.,(2,2),(61.75,76.75),.PIECEWISE_BEZIER_KNOTS.);
#7027 = CARTESIAN_POINT('',(0.5,18.));
#7028 = CARTESIAN_POINT('',(0.5,3.));
#7029 = ( GEOMETRIC_REPRESENTATION_CONTEXT(2) 
PARAMETRIC_REPRESENTATION_CONTEXT() REPRESENTATION_CONTEXT('2D SPACE',''
  ) );
#7030 = ORIENTED_EDGE('',*,*,#7031,.F.);
#7031 = EDGE_CURVE('',#7032,#7006,#7034,.T.);
#7032 = VERTEX_POINT('',#7033);
#7033 = CARTESIAN_POINT('',(-58.5,-6.,125.));
#7034 = SURFACE_CURVE('',#7035,(#7039,#7046),.PCURVE_S1.);
#7035 = LINE('',#7036,#7037);
#7036 = CARTESIAN_POINT('',(-58.5,-6.,112.5));
#7037 = VECTOR('',#7038,1.);
#7038 = DIRECTION('',(0.,0.,1.));
#7039 = PCURVE('',#1108,#7040);
#7040 = DEFINITIONAL_REPRESENTATION('',(#7041),#7045);
#7041 = LINE('',#7042,#7043);
#7042 = CARTESIAN_POINT('',(156.5,0.));
#7043 = VECTOR('',#7044,1.);
#7044 = DIRECTION('',(0.,-1.));
#7045 = ( GEOMETRIC_REPRESENTATION_CONTEXT(2) 
PARAMETRIC_REPRESENTATION_CONTEXT() REPRESENTATION_CONTEXT('2D SPACE',''
  ) );
#7046 = PCURVE('',#7047,#7052);
#7047 = PLANE('',#7048);
#7048 = AXIS2_PLACEMENT_3D('',#7049,#7050,#7051);
#7049 = CARTESIAN_POINT('',(-58.5,-6.,112.5));
#7050 = DIRECTION('',(0.,1.,0.));
#7051 = DIRECTION('',(1.,0.,0.));
#7052 = DEFINITIONAL_REPRESENTATION('',(#7053),#7057);
#7053 = LINE('',#7054,#7055);
#7054 = CARTESIAN_POINT('',(0.,0.));
#7055 = VECTOR('',#7056,1.);
#7056 = DIRECTION('',(0.,-1.));
#7057 = ( GEOMETRIC_REPRESENTATION_CONTEXT(2) 
PARAMETRIC_REPRESENTATION_CONTEXT() REPRESENTATION_CONTEXT('2D SPACE',''
  ) );
#7058 = ORIENTED_EDGE('',*,*,#7059,.F.);
#7059 = EDGE_CURVE('',#7060,#7032,#7062,.T.);
#7060 = VERTEX_POINT('',#7061);
#7061 = CARTESIAN_POINT('',(-58.5,9.,125.));
#7062 = SURFACE_CURVE('',#7063,(#7067,#7073),.PCURVE_S1.);
#7063 = LINE('',#7064,#7065);
#7064 = CARTESIAN_POINT('',(-58.5,70.75,125.));
#7065 = VECTOR('',#7066,1.);
#7066 = DIRECTION('',(0.,-1.,0.));
#7067 = PCURVE('',#1108,#7068);
#7068 = DEFINITIONAL_REPRESENTATION('',(#7069),#7072);
#7069 = B_SPLINE_CURVE_WITH_KNOTS('',1,(#7070,#7071),.UNSPECIFIED.,.F.,
  .F.,(2,2),(61.75,76.75),.PIECEWISE_BEZIER_KNOTS.);
#7070 = CARTESIAN_POINT('',(141.5,-12.5));
#7071 = CARTESIAN_POINT('',(156.5,-12.5));
#7072 = ( GEOMETRIC_REPRESENTATION_CONTEXT(2) 
PARAMETRIC_REPRESENTATION_CONTEXT() REPRESENTATION_CONTEXT('2D SPACE',''
  ) );
#7073 = PCURVE('',#7074,#7079);
#7074 = PLANE('',#7075);
#7075 = AXIS2_PLACEMENT_3D('',#7076,#7077,#7078);
#7076 = CARTESIAN_POINT('',(-59.,-9.,125.));
#7077 = DIRECTION('',(0.,0.,1.));
#7078 = DIRECTION('',(1.,0.,0.));
#7079 = DEFINITIONAL_REPRESENTATION('',(#7080),#7083);
#7080 = B_SPLINE_CURVE_WITH_KNOTS('',1,(#7081,#7082),.UNSPECIFIED.,.F.,
  .F.,(2,2),(61.75,76.75),.PIECEWISE_BEZIER_KNOTS.);
#7081 = CARTESIAN_POINT('',(0.5,18.));
#7082 = CARTESIAN_POINT('',(0.5,3.));
#7083 = ( GEOMETRIC_REPRESENTATION_CONTEXT(2) 
PARAMETRIC_REPRESENTATION_CONTEXT() REPRESENTATION_CONTEXT('2D SPACE',''
  ) );
#7084 = ORIENTED_EDGE('',*,*,#7085,.T.);
#7085 = EDGE_CURVE('',#7060,#5752,#7086,.T.);
#7086 = SURFACE_CURVE('',#7087,(#7150,#7216),.PCURVE_S1.);
#7087 = B_SPLINE_CURVE_WITH_KNOTS('',7,(#7088,#7089,#7090,#7091,#7092,
    #7093,#7094,#7095,#7096,#7097,#7098,#7099,#7100,#7101,#7102,#7103,
    #7104,#7105,#7106,#7107,#7108,#7109,#7110,#7111,#7112,#7113,#7114,
    #7115,#7116,#7117,#7118,#7119,#7120,#7121,#7122,#7123,#7124,#7125,
    #7126,#7127,#7128,#7129,#7130,#7131,#7132,#7133,#7134,#7135,#7136,
    #7137,#7138,#7139,#7140,#7141,#7142,#7143,#7144,#7145,#7146,#7147,
    #7148,#7149),.UNSPECIFIED.,.F.,.F.,(8,6,6,6,6,6,6,6,6,6,8),(0.,
    0.224598495405,0.38328292368,0.506496704206,0.544451937228,
    0.60321344493,0.66720690839,0.710163217121,0.834513883729,
    0.984557596201,1.),.UNSPECIFIED.);
#7088 = CARTESIAN_POINT('',(-58.5,9.,125.));
#7089 = CARTESIAN_POINT('',(-58.5,9.571606594493,124.41467484723));
#7090 = CARTESIAN_POINT('',(-58.5,10.143105660906,123.82945980323));
#7091 = CARTESIAN_POINT('',(-58.5,10.714499907613,123.2443520946));
#7092 = CARTESIAN_POINT('',(-58.5,11.285756337983,122.6593855099));
#7093 = CARTESIAN_POINT('',(-58.5,11.856799973325,122.07463682731));
#7094 = CARTESIAN_POINT('',(-58.5,12.427511699749,121.49022801945));
#7095 = CARTESIAN_POINT('',(-58.5,13.400549856605,120.49383694683));
#7096 = CARTESIAN_POINT('',(-58.5,13.80306208006,120.08166443001));
#7097 = CARTESIAN_POINT('',(-58.5,14.205242972894,119.66983119575));
#7098 = CARTESIAN_POINT('',(-58.5,14.606984701166,119.258447666));
#7099 = CARTESIAN_POINT('',(-58.5,15.008046833487,118.84776004251));
#7100 = CARTESIAN_POINT('',(-58.5,15.408046273765,118.43816061566));
#7101 = CARTESIAN_POINT('',(-58.5,16.115670936913,117.7135529606));
#7102 = CARTESIAN_POINT('',(-58.5,16.423678256207,117.39815346564));
#7103 = CARTESIAN_POINT('',(-58.5,16.730410459541,117.08405968943));
#7104 = CARTESIAN_POINT('',(-58.5,17.035368551671,116.77178260308));
#7105 = CARTESIAN_POINT('',(-58.5,17.337529902744,116.46236937959));
#7106 = CARTESIAN_POINT('',(-58.5,17.635254123664,116.15749977736));
#7107 = CARTESIAN_POINT('',(-58.5,18.015944465724,115.76767286709));
#7108 = CARTESIAN_POINT('',(-58.5,18.104935633998,115.67654591078));
#7109 = CARTESIAN_POINT('',(-58.5,18.19318697359,115.58617653904));
#7110 = CARTESIAN_POINT('',(-58.5,18.280604750609,115.49666073537));
#7111 = CARTESIAN_POINT('',(-58.5,18.367082245886,115.40810778021));
#7112 = CARTESIAN_POINT('',(-58.5,18.452501917613,115.32063803636));
#7113 = CARTESIAN_POINT('',(-58.5,18.667149451605,115.10083896155));
#7114 = CARTESIAN_POINT('',(-58.5,18.794754408935,114.97017148525));
#7115 = CARTESIAN_POINT('',(-58.5,18.919031863186,114.84291137209));
#7116 = CARTESIAN_POINT('',(-58.5,19.039436337734,114.71961719016));
#7117 = CARTESIAN_POINT('',(-58.5,19.155446687152,114.60082259235));
#7118 = CARTESIAN_POINT('',(-58.5,19.266609886627,114.48699147609));
#7119 = CARTESIAN_POINT('',(-58.5,19.487984083676,114.26030429831));
#7120 = CARTESIAN_POINT('',(-58.5,19.597274618652,114.1483907905));
#7121 = CARTESIAN_POINT('',(-58.5,19.699982709903,114.04321770505));
#7122 = CARTESIAN_POINT('',(-58.5,19.79599100647,113.94490520937));
#7123 = CARTESIAN_POINT('',(-58.5,19.885441128022,113.8533082849));
#7124 = CARTESIAN_POINT('',(-58.5,19.968641103572,113.76811150994));
#7125 = CARTESIAN_POINT('',(-58.5,20.097881536838,113.63576930627));
#7126 = CARTESIAN_POINT('',(-58.5,20.147157120265,113.58531110884));
#7127 = CARTESIAN_POINT('',(-58.5,20.193925609615,113.53742017575));
#7128 = CARTESIAN_POINT('',(-58.5,20.238328154283,113.49195197001));
#7129 = CARTESIAN_POINT('',(-58.5,20.280509921527,113.44875784035));
#7130 = CARTESIAN_POINT('',(-58.5,20.32061370528,113.40769156579));
#7131 = CARTESIAN_POINT('',(-58.5,20.469255158326,113.25548271787));
#7132 = CARTESIAN_POINT('',(-58.5,20.563382233681,113.1590965927));
#7133 = CARTESIAN_POINT('',(-58.5,20.64470353206,113.07582358317));
#7134 = CARTESIAN_POINT('',(-58.5,20.715837045734,113.00298286516));
#7135 = CARTESIAN_POINT('',(-58.5,20.778681902658,112.93862973167));
#7136 = CARTESIAN_POINT('',(-58.5,20.834712920245,112.88125396966));
#7137 = CARTESIAN_POINT('',(-58.5,20.945845547122,112.76745415974));
#7138 = CARTESIAN_POINT('',(-58.5,20.998306745419,112.71373389269));
#7139 = CARTESIAN_POINT('',(-58.5,21.044430461327,112.6665032076));
#7140 = CARTESIAN_POINT('',(-58.5,21.085442937552,112.62450643194));
#7141 = CARTESIAN_POINT('',(-58.5,21.122256518118,112.58680932544));
#7142 = CARTESIAN_POINT('',(-58.5,21.155547591395,112.55271926641));
#7143 = CARTESIAN_POINT('',(-58.5,21.188966669402,112.51849813053));
#7144 = CARTESIAN_POINT('',(-58.5,21.192053468624,112.51533724812));
#7145 = CARTESIAN_POINT('',(-58.5,21.195109125853,112.51220825512));
#7146 = CARTESIAN_POINT('',(-58.5,21.198134198759,112.50911058047));
#7147 = CARTESIAN_POINT('',(-58.5,21.201129229129,112.50604366937));
#7148 = CARTESIAN_POINT('',(-58.5,21.204094742868,112.5030069833));
#7149 = CARTESIAN_POINT('',(-58.5,21.20703125,112.5));
#7150 = PCURVE('',#1108,#7151);
#7151 = DEFINITIONAL_REPRESENTATION('',(#7152),#7215);
#7152 = B_SPLINE_CURVE_WITH_KNOTS('',7,(#7153,#7154,#7155,#7156,#7157,
    #7158,#7159,#7160,#7161,#7162,#7163,#7164,#7165,#7166,#7167,#7168,
    #7169,#7170,#7171,#7172,#7173,#7174,#7175,#7176,#7177,#7178,#7179,
    #7180,#7181,#7182,#7183,#7184,#7185,#7186,#7187,#7188,#7189,#7190,
    #7191,#7192,#7193,#7194,#7195,#7196,#7197,#7198,#7199,#7200,#7201,
    #7202,#7203,#7204,#7205,#7206,#7207,#7208,#7209,#7210,#7211,#7212,
    #7213,#7214),.UNSPECIFIED.,.F.,.F.,(8,6,6,6,6,6,6,6,6,6,8),(0.,
    0.224598495405,0.38328292368,0.506496704206,0.544451937228,
    0.60321344493,0.66720690839,0.710163217121,0.834513883729,
    0.984557596201,1.),.UNSPECIFIED.);
#7153 = CARTESIAN_POINT('',(141.5,-12.5));
#7154 = CARTESIAN_POINT('',(140.9283934055,-11.91467484723));
#7155 = CARTESIAN_POINT('',(140.35689433909,-11.32945980323));
#7156 = CARTESIAN_POINT('',(139.78550009238,-10.7443520946));
#7157 = CARTESIAN_POINT('',(139.21424366201,-10.1593855099));
#7158 = CARTESIAN_POINT('',(138.64320002667,-9.574636827315));
#7159 = CARTESIAN_POINT('',(138.07248830025,-8.990228019457));
#7160 = CARTESIAN_POINT('',(137.09945014339,-7.993836946836));
#7161 = CARTESIAN_POINT('',(136.69693791994,-7.581664430019));
#7162 = CARTESIAN_POINT('',(136.2947570271,-7.169831195758));
#7163 = CARTESIAN_POINT('',(135.89301529883,-6.758447666005));
#7164 = CARTESIAN_POINT('',(135.49195316651,-6.34776004251));
#7165 = CARTESIAN_POINT('',(135.09195372623,-5.938160615665));
#7166 = CARTESIAN_POINT('',(134.38432906308,-5.213552960601));
#7167 = CARTESIAN_POINT('',(134.07632174379,-4.898153465644));
#7168 = CARTESIAN_POINT('',(133.76958954045,-4.58405968943));
#7169 = CARTESIAN_POINT('',(133.46463144832,-4.271782603089));
#7170 = CARTESIAN_POINT('',(133.16247009725,-3.96236937959));
#7171 = CARTESIAN_POINT('',(132.86474587633,-3.657499777368));
#7172 = CARTESIAN_POINT('',(132.48405553427,-3.267672867099));
#7173 = CARTESIAN_POINT('',(132.395064366,-3.176545910786));
#7174 = CARTESIAN_POINT('',(132.30681302641,-3.086176539044));
#7175 = CARTESIAN_POINT('',(132.21939524939,-2.996660735376));
#7176 = CARTESIAN_POINT('',(132.13291775411,-2.908107780212));
#7177 = CARTESIAN_POINT('',(132.04749808238,-2.820638036364));
#7178 = CARTESIAN_POINT('',(131.83285054839,-2.600838961557));
#7179 = CARTESIAN_POINT('',(131.70524559106,-2.470171485251));
#7180 = CARTESIAN_POINT('',(131.58096813681,-2.342911372097));
#7181 = CARTESIAN_POINT('',(131.46056366226,-2.21961719016));
#7182 = CARTESIAN_POINT('',(131.34455331284,-2.100822592357));
#7183 = CARTESIAN_POINT('',(131.23339011337,-1.986991476094));
#7184 = CARTESIAN_POINT('',(131.01201591632,-1.760304298316));
#7185 = CARTESIAN_POINT('',(130.90272538134,-1.648390790501));
#7186 = CARTESIAN_POINT('',(130.80001729009,-1.543217705059));
#7187 = CARTESIAN_POINT('',(130.70400899353,-1.444905209375));
#7188 = CARTESIAN_POINT('',(130.61455887197,-1.353308284905));
#7189 = CARTESIAN_POINT('',(130.53135889642,-1.268111509942));
#7190 = CARTESIAN_POINT('',(130.40211846316,-1.135769306278));
#7191 = CARTESIAN_POINT('',(130.35284287973,-1.085311108849));
#7192 = CARTESIAN_POINT('',(130.30607439038,-1.037420175754));
#7193 = CARTESIAN_POINT('',(130.26167184571,-0.991951970014));
#7194 = CARTESIAN_POINT('',(130.21949007847,-0.948757840356));
#7195 = CARTESIAN_POINT('',(130.17938629472,-0.907691565794));
#7196 = CARTESIAN_POINT('',(130.03074484167,-0.755482717874));
#7197 = CARTESIAN_POINT('',(129.93661776631,-0.659096592709));
#7198 = CARTESIAN_POINT('',(129.85529646794,-0.575823583173));
#7199 = CARTESIAN_POINT('',(129.78416295426,-0.502982865167));
#7200 = CARTESIAN_POINT('',(129.72131809734,-0.438629731679));
#7201 = CARTESIAN_POINT('',(129.66528707975,-0.381253969669));
#7202 = CARTESIAN_POINT('',(129.55415445287,-0.267454159747));
#7203 = CARTESIAN_POINT('',(129.50169325458,-0.213733892691));
#7204 = CARTESIAN_POINT('',(129.45556953867,-0.166503207601));
#7205 = CARTESIAN_POINT('',(129.41455706244,-0.124506431946));
#7206 = CARTESIAN_POINT('',(129.37774348188,-8.680932544751E-02));
#7207 = CARTESIAN_POINT('',(129.3444524086,-5.271926641191E-02));
#7208 = CARTESIAN_POINT('',(129.31103333059,-1.849813053211E-02));
#7209 = CARTESIAN_POINT('',(129.30794653137,-1.533724812922E-02));
#7210 = CARTESIAN_POINT('',(129.30489087414,-1.220825512681E-02));
#7211 = CARTESIAN_POINT('',(129.30186580124,-9.110580471238E-03));
#7212 = CARTESIAN_POINT('',(129.29887077087,-6.043669372243E-03));
#7213 = CARTESIAN_POINT('',(129.29590525713,-3.006983302978E-03));
#7214 = CARTESIAN_POINT('',(129.29296875,0.));
#7215 = ( GEOMETRIC_REPRESENTATION_CONTEXT(2) 
PARAMETRIC_REPRESENTATION_CONTEXT() REPRESENTATION_CONTEXT('2D SPACE',''
  ) );
#7216 = PCURVE('',#7217,#7222);
#7217 = B_SPLINE_SURFACE_WITH_KNOTS('',1,1,(
    (#7218,#7219)
    ,(#7220,#7221
    )),.UNSPECIFIED.,.F.,.F.,.F.,(2,2),(2,2),(0.,13.),(0.,1.),
  .PIECEWISE_BEZIER_KNOTS.);
#7218 = CARTESIAN_POINT('',(-46.,9.,125.));
#7219 = CARTESIAN_POINT('',(-58.8,21.5,112.2));
#7220 = CARTESIAN_POINT('',(-59.,9.,125.));
#7221 = CARTESIAN_POINT('',(-59.2,21.5,112.2));
#7222 = DEFINITIONAL_REPRESENTATION('',(#7223),#7286);
#7223 = B_SPLINE_CURVE_WITH_KNOTS('',7,(#7224,#7225,#7226,#7227,#7228,
    #7229,#7230,#7231,#7232,#7233,#7234,#7235,#7236,#7237,#7238,#7239,
    #7240,#7241,#7242,#7243,#7244,#7245,#7246,#7247,#7248,#7249,#7250,
    #7251,#7252,#7253,#7254,#7255,#7256,#7257,#7258,#7259,#7260,#7261,
    #7262,#7263,#7264,#7265,#7266,#7267,#7268,#7269,#7270,#7271,#7272,
    #7273,#7274,#7275,#7276,#7277,#7278,#7279,#7280,#7281,#7282,#7283,
    #7284,#7285),.UNSPECIFIED.,.F.,.F.,(8,6,6,6,6,6,6,6,6,6,8),(0.,
    0.224598495405,0.38328292368,0.506496704206,0.544451937228,
    0.60321344493,0.66720690839,0.710163217121,0.834513883729,
    0.984557596201,1.),.UNSPECIFIED.);
#7224 = CARTESIAN_POINT('',(12.5,0.));
#7225 = CARTESIAN_POINT('',(12.468693546517,4.572852755946E-02));
#7226 = CARTESIAN_POINT('',(12.434155795196,9.144845287248E-02));
#7227 = CARTESIAN_POINT('',(12.395783041701,0.137159992609));
#7228 = CARTESIAN_POINT('',(12.352801182296,0.182860507039));
#7229 = CARTESIAN_POINT('',(12.304122700984,0.228543997866));
#7230 = CARTESIAN_POINT('',(12.248279252745,0.27420093598));
#7231 = CARTESIAN_POINT('',(12.136351608219,0.352043988528));
#7232 = CARTESIAN_POINT('',(12.085156759118,0.384244966405));
#7233 = CARTESIAN_POINT('',(12.028186746869,0.416419437832));
#7234 = CARTESIAN_POINT('',(11.964261029472,0.448558776093));
#7235 = CARTESIAN_POINT('',(11.891750601959,0.480643746679));
#7236 = CARTESIAN_POINT('',(11.808444377841,0.512643701901));
#7237 = CARTESIAN_POINT('',(11.634661551017,0.569253674953));
#7238 = CARTESIAN_POINT('',(11.550017853842,0.593894260497));
#7239 = CARTESIAN_POINT('',(11.454906342407,0.618432836763));
#7240 = CARTESIAN_POINT('',(11.347032541164,0.642829484134));
#7241 = CARTESIAN_POINT('',(11.223476178319,0.66700239222));
#7242 = CARTESIAN_POINT('',(11.080204337179,0.690820329893));
#7243 = CARTESIAN_POINT('',(10.860227756943,0.721275557258));
#7244 = CARTESIAN_POINT('',(10.806075850455,0.72839485072));
#7245 = CARTESIAN_POINT('',(10.7494365056,0.735454957887));
#7246 = CARTESIAN_POINT('',(10.690166176317,0.742448380049));
#7247 = CARTESIAN_POINT('',(10.628123957771,0.749366579671));
#7248 = CARTESIAN_POINT('',(10.563177852201,0.756200153409));
#7249 = CARTESIAN_POINT('',(10.389986212044,0.773371956128));
#7250 = CARTESIAN_POINT('',(10.27749629087,0.783580352715));
#7251 = CARTESIAN_POINT('',(10.15734949029,0.793522549055));
#7252 = CARTESIAN_POINT('',(10.029247349178,0.803154907019));
#7253 = CARTESIAN_POINT('',(9.893075195666,0.812435734972));
#7254 = CARTESIAN_POINT('',(9.74898698372,0.82132879093));
#7255 = CARTESIAN_POINT('',(9.432492663965,0.839038726694));
#7256 = CARTESIAN_POINT('',(9.258642825344,0.847781969492));
#7257 = CARTESIAN_POINT('',(9.076574173117,0.855998616792));
#7258 = CARTESIAN_POINT('',(8.88713992449,0.863679280518));
#7259 = CARTESIAN_POINT('',(8.691318877919,0.870835290242));
#7260 = CARTESIAN_POINT('',(8.490119606442,0.877491288286));
#7261 = CARTESIAN_POINT('',(8.146437644186,0.887830522947));
#7262 = CARTESIAN_POINT('',(8.006368297702,0.891772569621));
#7263 = CARTESIAN_POINT('',(7.864518572673,0.895514048769));
#7264 = CARTESIAN_POINT('',(7.721117743062,0.899066252343));
#7265 = CARTESIAN_POINT('',(7.576368199726,0.902440793722));
#7266 = CARTESIAN_POINT('',(7.430441278911,0.905649096422));
#7267 = CARTESIAN_POINT('',(6.858037400249,0.917540412666));
#7268 = CARTESIAN_POINT('',(6.424256509366,0.925070578695));
#7269 = CARTESIAN_POINT('',(5.984976478432,0.931576282565));
#7270 = CARTESIAN_POINT('',(5.542220504425,0.937266963659));
#7271 = CARTESIAN_POINT('',(5.097250156266,0.942294552213));
#7272 = CARTESIAN_POINT('',(4.65067381707,0.94677703362));
#7273 = CARTESIAN_POINT('',(3.661669532174,0.95566764377));
#7274 = CARTESIAN_POINT('',(3.11900989527,0.959864539634));
#7275 = CARTESIAN_POINT('',(2.575127040011,0.963554436906));
#7276 = CARTESIAN_POINT('',(2.030432940539,0.966835435005));
#7277 = CARTESIAN_POINT('',(1.485192562386,0.969780521449));
#7278 = CARTESIAN_POINT('',(0.939535948439,0.972443807312));
#7279 = CARTESIAN_POINT('',(0.337274108347,0.975117333552));
#7280 = CARTESIAN_POINT('',(0.281070185077,0.97536427749));
#7281 = CARTESIAN_POINT('',(0.224862755003,0.975608730068));
#7282 = CARTESIAN_POINT('',(0.168651923165,0.975850735901));
#7283 = CARTESIAN_POINT('',(0.112437790105,0.97609033833));
#7284 = CARTESIAN_POINT('',(5.622045186691E-02,0.976327579429));
#7285 = CARTESIAN_POINT('',(0.,0.9765625));
#7286 = ( GEOMETRIC_REPRESENTATION_CONTEXT(2) 
PARAMETRIC_REPRESENTATION_CONTEXT() REPRESENTATION_CONTEXT('2D SPACE',''
  ) );
#7287 = FACE_BOUND('',#7288,.T.);
#7288 = EDGE_LOOP('',(#7289));
#7289 = ORIENTED_EDGE('',*,*,#7290,.T.);
#7290 = EDGE_CURVE('',#7291,#7291,#7293,.T.);
#7291 = VERTEX_POINT('',#7292);
#7292 = CARTESIAN_POINT('',(-58.5,89.85,164.75));
#7293 = SURFACE_CURVE('',#7294,(#7299,#7310),.PCURVE_S1.);
#7294 = CIRCLE('',#7295,3.25);
#7295 = AXIS2_PLACEMENT_3D('',#7296,#7297,#7298);
#7296 = CARTESIAN_POINT('',(-58.5,86.6,164.75));
#7297 = DIRECTION('',(-1.,0.,0.));
#7298 = DIRECTION('',(0.,1.,0.));
#7299 = PCURVE('',#1108,#7300);
#7300 = DEFINITIONAL_REPRESENTATION('',(#7301),#7309);
#7301 = ( BOUNDED_CURVE() B_SPLINE_CURVE(2,(#7302,#7303,#7304,#7305,
#7306,#7307,#7308),.UNSPECIFIED.,.T.,.F.) B_SPLINE_CURVE_WITH_KNOTS((1,2
    ,2,2,2,1),(-2.094395102393,0.,2.094395102393,4.188790204786,
6.28318530718,8.377580409573),.UNSPECIFIED.) CURVE() 
GEOMETRIC_REPRESENTATION_ITEM() RATIONAL_B_SPLINE_CURVE((1.,0.5,1.,0.5,
1.,0.5,1.)) REPRESENTATION_ITEM('') );
#7302 = CARTESIAN_POINT('',(60.65,-52.25));
#7303 = CARTESIAN_POINT('',(60.65,-46.6208348754));
#7304 = CARTESIAN_POINT('',(65.525,-49.4354174377));
#7305 = CARTESIAN_POINT('',(70.4,-52.25));
#7306 = CARTESIAN_POINT('',(65.525,-55.06458256229));
#7307 = CARTESIAN_POINT('',(60.65,-57.87916512459));
#7308 = CARTESIAN_POINT('',(60.65,-52.25));
#7309 = ( GEOMETRIC_REPRESENTATION_CONTEXT(2) 
PARAMETRIC_REPRESENTATION_CONTEXT() REPRESENTATION_CONTEXT('2D SPACE',''
  ) );
#7310 = PCURVE('',#7311,#7316);
#7311 = CYLINDRICAL_SURFACE('',#7312,3.25);
#7312 = AXIS2_PLACEMENT_3D('',#7313,#7314,#7315);
#7313 = CARTESIAN_POINT('',(-59.,86.6,164.75));
#7314 = DIRECTION('',(-1.,-0.,-0.));
#7315 = DIRECTION('',(0.,1.,0.));
#7316 = DEFINITIONAL_REPRESENTATION('',(#7317),#7321);
#7317 = LINE('',#7318,#7319);
#7318 = CARTESIAN_POINT('',(-6.28318530718,-0.5));
#7319 = VECTOR('',#7320,1.);
#7320 = DIRECTION('',(1.,-0.));
#7321 = ( GEOMETRIC_REPRESENTATION_CONTEXT(2) 
PARAMETRIC_REPRESENTATION_CONTEXT() REPRESENTATION_CONTEXT('2D SPACE',''
  ) );
#7322 = FACE_BOUND('',#7323,.T.);
#7323 = EDGE_LOOP('',(#7324,#7347,#7368,#7389));
#7324 = ORIENTED_EDGE('',*,*,#7325,.T.);
#7325 = EDGE_CURVE('',#7326,#7328,#7330,.T.);
#7326 = VERTEX_POINT('',#7327);
#7327 = CARTESIAN_POINT('',(-58.5,81.3,143.65));
#7328 = VERTEX_POINT('',#7329);
#7329 = CARTESIAN_POINT('',(-58.5,57.8,143.65));
#7330 = SURFACE_CURVE('',#7331,(#7335,#7341),.PCURVE_S1.);
#7331 = LINE('',#7332,#7333);
#7332 = CARTESIAN_POINT('',(-58.5,104.15,143.65));
#7333 = VECTOR('',#7334,1.);
#7334 = DIRECTION('',(0.,-1.,0.));
#7335 = PCURVE('',#1108,#7336);
#7336 = DEFINITIONAL_REPRESENTATION('',(#7337),#7340);
#7337 = B_SPLINE_CURVE_WITH_KNOTS('',1,(#7338,#7339),.UNSPECIFIED.,.F.,
  .F.,(2,2),(22.85,46.35),.PIECEWISE_BEZIER_KNOTS.);
#7338 = CARTESIAN_POINT('',(69.2,-31.15));
#7339 = CARTESIAN_POINT('',(92.7,-31.15));
#7340 = ( GEOMETRIC_REPRESENTATION_CONTEXT(2) 
PARAMETRIC_REPRESENTATION_CONTEXT() REPRESENTATION_CONTEXT('2D SPACE',''
  ) );
#7341 = PCURVE('',#1532,#7342);
#7342 = DEFINITIONAL_REPRESENTATION('',(#7343),#7346);
#7343 = B_SPLINE_CURVE_WITH_KNOTS('',1,(#7344,#7345),.UNSPECIFIED.,.F.,
  .F.,(2,2),(22.85,46.35),.PIECEWISE_BEZIER_KNOTS.);
#7344 = CARTESIAN_POINT('',(3.5,23.5));
#7345 = CARTESIAN_POINT('',(3.5,0.));
#7346 = ( GEOMETRIC_REPRESENTATION_CONTEXT(2) 
PARAMETRIC_REPRESENTATION_CONTEXT() REPRESENTATION_CONTEXT('2D SPACE',''
  ) );
#7347 = ORIENTED_EDGE('',*,*,#7348,.T.);
#7348 = EDGE_CURVE('',#7328,#7349,#7351,.T.);
#7349 = VERTEX_POINT('',#7350);
#7350 = CARTESIAN_POINT('',(-58.5,57.8,161.85));
#7351 = SURFACE_CURVE('',#7352,(#7356,#7362),.PCURVE_S1.);
#7352 = LINE('',#7353,#7354);
#7353 = CARTESIAN_POINT('',(-58.5,57.8,128.075));
#7354 = VECTOR('',#7355,1.);
#7355 = DIRECTION('',(0.,-0.,1.));
#7356 = PCURVE('',#1108,#7357);
#7357 = DEFINITIONAL_REPRESENTATION('',(#7358),#7361);
#7358 = B_SPLINE_CURVE_WITH_KNOTS('',1,(#7359,#7360),.UNSPECIFIED.,.F.,
  .F.,(2,2),(15.575,33.775),.PIECEWISE_BEZIER_KNOTS.);
#7359 = CARTESIAN_POINT('',(92.7,-31.15));
#7360 = CARTESIAN_POINT('',(92.7,-49.35));
#7361 = ( GEOMETRIC_REPRESENTATION_CONTEXT(2) 
PARAMETRIC_REPRESENTATION_CONTEXT() REPRESENTATION_CONTEXT('2D SPACE',''
  ) );
#7362 = PCURVE('',#1558,#7363);
#7363 = DEFINITIONAL_REPRESENTATION('',(#7364),#7367);
#7364 = B_SPLINE_CURVE_WITH_KNOTS('',1,(#7365,#7366),.UNSPECIFIED.,.F.,
  .F.,(2,2),(15.575,33.775),.PIECEWISE_BEZIER_KNOTS.);
#7365 = CARTESIAN_POINT('',(0.,3.5));
#7366 = CARTESIAN_POINT('',(18.2,3.5));
#7367 = ( GEOMETRIC_REPRESENTATION_CONTEXT(2) 
PARAMETRIC_REPRESENTATION_CONTEXT() REPRESENTATION_CONTEXT('2D SPACE',''
  ) );
#7368 = ORIENTED_EDGE('',*,*,#7369,.F.);
#7369 = EDGE_CURVE('',#7370,#7349,#7372,.T.);
#7370 = VERTEX_POINT('',#7371);
#7371 = CARTESIAN_POINT('',(-58.5,81.3,161.85));
#7372 = SURFACE_CURVE('',#7373,(#7377,#7383),.PCURVE_S1.);
#7373 = LINE('',#7374,#7375);
#7374 = CARTESIAN_POINT('',(-58.5,104.15,161.85));
#7375 = VECTOR('',#7376,1.);
#7376 = DIRECTION('',(0.,-1.,0.));
#7377 = PCURVE('',#1108,#7378);
#7378 = DEFINITIONAL_REPRESENTATION('',(#7379),#7382);
#7379 = B_SPLINE_CURVE_WITH_KNOTS('',1,(#7380,#7381),.UNSPECIFIED.,.F.,
  .F.,(2,2),(22.85,46.35),.PIECEWISE_BEZIER_KNOTS.);
#7380 = CARTESIAN_POINT('',(69.2,-49.35));
#7381 = CARTESIAN_POINT('',(92.7,-49.35));
#7382 = ( GEOMETRIC_REPRESENTATION_CONTEXT(2) 
PARAMETRIC_REPRESENTATION_CONTEXT() REPRESENTATION_CONTEXT('2D SPACE',''
  ) );
#7383 = PCURVE('',#1584,#7384);
#7384 = DEFINITIONAL_REPRESENTATION('',(#7385),#7388);
#7385 = B_SPLINE_CURVE_WITH_KNOTS('',1,(#7386,#7387),.UNSPECIFIED.,.F.,
  .F.,(2,2),(22.85,46.35),.PIECEWISE_BEZIER_KNOTS.);
#7386 = CARTESIAN_POINT('',(3.5,23.5));
#7387 = CARTESIAN_POINT('',(3.5,0.));
#7388 = ( GEOMETRIC_REPRESENTATION_CONTEXT(2) 
PARAMETRIC_REPRESENTATION_CONTEXT() REPRESENTATION_CONTEXT('2D SPACE',''
  ) );
#7389 = ORIENTED_EDGE('',*,*,#7390,.F.);
#7390 = EDGE_CURVE('',#7326,#7370,#7391,.T.);
#7391 = SURFACE_CURVE('',#7392,(#7396,#7402),.PCURVE_S1.);
#7392 = LINE('',#7393,#7394);
#7393 = CARTESIAN_POINT('',(-58.5,81.3,128.075));
#7394 = VECTOR('',#7395,1.);
#7395 = DIRECTION('',(0.,-0.,1.));
#7396 = PCURVE('',#1108,#7397);
#7397 = DEFINITIONAL_REPRESENTATION('',(#7398),#7401);
#7398 = B_SPLINE_CURVE_WITH_KNOTS('',1,(#7399,#7400),.UNSPECIFIED.,.F.,
  .F.,(2,2),(15.575,33.775),.PIECEWISE_BEZIER_KNOTS.);
#7399 = CARTESIAN_POINT('',(69.2,-31.15));
#7400 = CARTESIAN_POINT('',(69.2,-49.35));
#7401 = ( GEOMETRIC_REPRESENTATION_CONTEXT(2) 
PARAMETRIC_REPRESENTATION_CONTEXT() REPRESENTATION_CONTEXT('2D SPACE',''
  ) );
#7402 = PCURVE('',#1608,#7403);
#7403 = DEFINITIONAL_REPRESENTATION('',(#7404),#7407);
#7404 = B_SPLINE_CURVE_WITH_KNOTS('',1,(#7405,#7406),.UNSPECIFIED.,.F.,
  .F.,(2,2),(15.575,33.775),.PIECEWISE_BEZIER_KNOTS.);
#7405 = CARTESIAN_POINT('',(0.,3.5));
#7406 = CARTESIAN_POINT('',(18.2,3.5));
#7407 = ( GEOMETRIC_REPRESENTATION_CONTEXT(2) 
PARAMETRIC_REPRESENTATION_CONTEXT() REPRESENTATION_CONTEXT('2D SPACE',''
  ) );
#7408 = FACE_BOUND('',#7409,.T.);
#7409 = EDGE_LOOP('',(#7410));
#7410 = ORIENTED_EDGE('',*,*,#7411,.T.);
#7411 = EDGE_CURVE('',#7412,#7412,#7414,.T.);
#7412 = VERTEX_POINT('',#7413);
#7413 = CARTESIAN_POINT('',(-58.5,36.35,164.75));
#7414 = SURFACE_CURVE('',#7415,(#7420,#7431),.PCURVE_S1.);
#7415 = CIRCLE('',#7416,3.25);
#7416 = AXIS2_PLACEMENT_3D('',#7417,#7418,#7419);
#7417 = CARTESIAN_POINT('',(-58.5,33.1,164.75));
#7418 = DIRECTION('',(-1.,0.,0.));
#7419 = DIRECTION('',(0.,1.,0.));
#7420 = PCURVE('',#1108,#7421);
#7421 = DEFINITIONAL_REPRESENTATION('',(#7422),#7430);
#7422 = ( BOUNDED_CURVE() B_SPLINE_CURVE(2,(#7423,#7424,#7425,#7426,
#7427,#7428,#7429),.UNSPECIFIED.,.T.,.F.) B_SPLINE_CURVE_WITH_KNOTS((1,2
    ,2,2,2,1),(-2.094395102393,0.,2.094395102393,4.188790204786,
6.28318530718,8.377580409573),.UNSPECIFIED.) CURVE() 
GEOMETRIC_REPRESENTATION_ITEM() RATIONAL_B_SPLINE_CURVE((1.,0.5,1.,0.5,
1.,0.5,1.)) REPRESENTATION_ITEM('') );
#7423 = CARTESIAN_POINT('',(114.15,-52.25));
#7424 = CARTESIAN_POINT('',(114.15,-46.6208348754));
#7425 = CARTESIAN_POINT('',(119.025,-49.4354174377));
#7426 = CARTESIAN_POINT('',(123.9,-52.25));
#7427 = CARTESIAN_POINT('',(119.025,-55.06458256229));
#7428 = CARTESIAN_POINT('',(114.15,-57.87916512459));
#7429 = CARTESIAN_POINT('',(114.15,-52.25));
#7430 = ( GEOMETRIC_REPRESENTATION_CONTEXT(2) 
PARAMETRIC_REPRESENTATION_CONTEXT() REPRESENTATION_CONTEXT('2D SPACE',''
  ) );
#7431 = PCURVE('',#7432,#7437);
#7432 = CYLINDRICAL_SURFACE('',#7433,3.25);
#7433 = AXIS2_PLACEMENT_3D('',#7434,#7435,#7436);
#7434 = CARTESIAN_POINT('',(-59.,33.1,164.75));
#7435 = DIRECTION('',(-1.,-0.,-0.));
#7436 = DIRECTION('',(0.,1.,0.));
#7437 = DEFINITIONAL_REPRESENTATION('',(#7438),#7442);
#7438 = LINE('',#7439,#7440);
#7439 = CARTESIAN_POINT('',(-6.28318530718,-0.5));
#7440 = VECTOR('',#7441,1.);
#7441 = DIRECTION('',(1.,-0.));
#7442 = ( GEOMETRIC_REPRESENTATION_CONTEXT(2) 
PARAMETRIC_REPRESENTATION_CONTEXT() REPRESENTATION_CONTEXT('2D SPACE',''
  ) );
#7443 = FACE_BOUND('',#7444,.T.);
#7444 = EDGE_LOOP('',(#7445));
#7445 = ORIENTED_EDGE('',*,*,#7446,.T.);
#7446 = EDGE_CURVE('',#7447,#7447,#7449,.T.);
#7447 = VERTEX_POINT('',#7448);
#7448 = CARTESIAN_POINT('',(-58.5,89.85,138.25));
#7449 = SURFACE_CURVE('',#7450,(#7455,#7466),.PCURVE_S1.);
#7450 = CIRCLE('',#7451,3.25);
#7451 = AXIS2_PLACEMENT_3D('',#7452,#7453,#7454);
#7452 = CARTESIAN_POINT('',(-58.5,86.6,138.25));
#7453 = DIRECTION('',(-1.,0.,0.));
#7454 = DIRECTION('',(0.,1.,0.));
#7455 = PCURVE('',#1108,#7456);
#7456 = DEFINITIONAL_REPRESENTATION('',(#7457),#7465);
#7457 = ( BOUNDED_CURVE() B_SPLINE_CURVE(2,(#7458,#7459,#7460,#7461,
#7462,#7463,#7464),.UNSPECIFIED.,.T.,.F.) B_SPLINE_CURVE_WITH_KNOTS((1,2
    ,2,2,2,1),(-2.094395102393,0.,2.094395102393,4.188790204786,
6.28318530718,8.377580409573),.UNSPECIFIED.) CURVE() 
GEOMETRIC_REPRESENTATION_ITEM() RATIONAL_B_SPLINE_CURVE((1.,0.5,1.,0.5,
1.,0.5,1.)) REPRESENTATION_ITEM('') );
#7458 = CARTESIAN_POINT('',(60.65,-25.75));
#7459 = CARTESIAN_POINT('',(60.65,-20.1208348754));
#7460 = CARTESIAN_POINT('',(65.525,-22.9354174377));
#7461 = CARTESIAN_POINT('',(70.4,-25.75));
#7462 = CARTESIAN_POINT('',(65.525,-28.56458256229));
#7463 = CARTESIAN_POINT('',(60.65,-31.37916512459));
#7464 = CARTESIAN_POINT('',(60.65,-25.75));
#7465 = ( GEOMETRIC_REPRESENTATION_CONTEXT(2) 
PARAMETRIC_REPRESENTATION_CONTEXT() REPRESENTATION_CONTEXT('2D SPACE',''
  ) );
#7466 = PCURVE('',#7467,#7472);
#7467 = CYLINDRICAL_SURFACE('',#7468,3.25);
#7468 = AXIS2_PLACEMENT_3D('',#7469,#7470,#7471);
#7469 = CARTESIAN_POINT('',(-59.,86.6,138.25));
#7470 = DIRECTION('',(-1.,-0.,-0.));
#7471 = DIRECTION('',(0.,1.,0.));
#7472 = DEFINITIONAL_REPRESENTATION('',(#7473),#7477);
#7473 = LINE('',#7474,#7475);
#7474 = CARTESIAN_POINT('',(-6.28318530718,-0.5));
#7475 = VECTOR('',#7476,1.);
#7476 = DIRECTION('',(1.,-0.));
#7477 = ( GEOMETRIC_REPRESENTATION_CONTEXT(2) 
PARAMETRIC_REPRESENTATION_CONTEXT() REPRESENTATION_CONTEXT('2D SPACE',''
  ) );
#7478 = FACE_BOUND('',#7479,.T.);
#7479 = EDGE_LOOP('',(#7480));
#7480 = ORIENTED_EDGE('',*,*,#7481,.T.);
#7481 = EDGE_CURVE('',#7482,#7482,#7484,.T.);
#7482 = VERTEX_POINT('',#7483);
#7483 = CARTESIAN_POINT('',(-58.5,36.35,138.25));
#7484 = SURFACE_CURVE('',#7485,(#7490,#7501),.PCURVE_S1.);
#7485 = CIRCLE('',#7486,3.25);
#7486 = AXIS2_PLACEMENT_3D('',#7487,#7488,#7489);
#7487 = CARTESIAN_POINT('',(-58.5,33.1,138.25));
#7488 = DIRECTION('',(-1.,0.,0.));
#7489 = DIRECTION('',(0.,1.,0.));
#7490 = PCURVE('',#1108,#7491);
#7491 = DEFINITIONAL_REPRESENTATION('',(#7492),#7500);
#7492 = ( BOUNDED_CURVE() B_SPLINE_CURVE(2,(#7493,#7494,#7495,#7496,
#7497,#7498,#7499),.UNSPECIFIED.,.T.,.F.) B_SPLINE_CURVE_WITH_KNOTS((1,2
    ,2,2,2,1),(-2.094395102393,0.,2.094395102393,4.188790204786,
6.28318530718,8.377580409573),.UNSPECIFIED.) CURVE() 
GEOMETRIC_REPRESENTATION_ITEM() RATIONAL_B_SPLINE_CURVE((1.,0.5,1.,0.5,
1.,0.5,1.)) REPRESENTATION_ITEM('') );
#7493 = CARTESIAN_POINT('',(114.15,-25.75));
#7494 = CARTESIAN_POINT('',(114.15,-20.1208348754));
#7495 = CARTESIAN_POINT('',(119.025,-22.9354174377));
#7496 = CARTESIAN_POINT('',(123.9,-25.75));
#7497 = CARTESIAN_POINT('',(119.025,-28.56458256229));
#7498 = CARTESIAN_POINT('',(114.15,-31.37916512459));
#7499 = CARTESIAN_POINT('',(114.15,-25.75));
#7500 = ( GEOMETRIC_REPRESENTATION_CONTEXT(2) 
PARAMETRIC_REPRESENTATION_CONTEXT() REPRESENTATION_CONTEXT('2D SPACE',''
  ) );
#7501 = PCURVE('',#7502,#7507);
#7502 = CYLINDRICAL_SURFACE('',#7503,3.25);
#7503 = AXIS2_PLACEMENT_3D('',#7504,#7505,#7506);
#7504 = CARTESIAN_POINT('',(-59.,33.1,138.25));
#7505 = DIRECTION('',(-1.,-0.,-0.));
#7506 = DIRECTION('',(0.,1.,0.));
#7507 = DEFINITIONAL_REPRESENTATION('',(#7508),#7512);
#7508 = LINE('',#7509,#7510);
#7509 = CARTESIAN_POINT('',(-6.28318530718,-0.5));
#7510 = VECTOR('',#7511,1.);
#7511 = DIRECTION('',(1.,-0.));
#7512 = ( GEOMETRIC_REPRESENTATION_CONTEXT(2) 
PARAMETRIC_REPRESENTATION_CONTEXT() REPRESENTATION_CONTEXT('2D SPACE',''
  ) );
#7513 = ADVANCED_FACE('',(#7514),#1135,.F.);
#7514 = FACE_BOUND('',#7515,.F.);
#7515 = EDGE_LOOP('',(#7516,#7517,#7518,#7541));
#7516 = ORIENTED_EDGE('',*,*,#1119,.F.);
#7517 = ORIENTED_EDGE('',*,*,#6789,.T.);
#7518 = ORIENTED_EDGE('',*,*,#7519,.T.);
#7519 = EDGE_CURVE('',#6790,#7520,#7522,.T.);
#7520 = VERTEX_POINT('',#7521);
#7521 = CARTESIAN_POINT('',(-46.,131.5,181.));
#7522 = SURFACE_CURVE('',#7523,(#7527,#7534),.PCURVE_S1.);
#7523 = LINE('',#7524,#7525);
#7524 = CARTESIAN_POINT('',(-59.,131.5,181.));
#7525 = VECTOR('',#7526,1.);
#7526 = DIRECTION('',(1.,0.,0.));
#7527 = PCURVE('',#1135,#7528);
#7528 = DEFINITIONAL_REPRESENTATION('',(#7529),#7533);
#7529 = LINE('',#7530,#7531);
#7530 = CARTESIAN_POINT('',(0.,0.));
#7531 = VECTOR('',#7532,1.);
#7532 = DIRECTION('',(1.,0.));
#7533 = ( GEOMETRIC_REPRESENTATION_CONTEXT(2) 
PARAMETRIC_REPRESENTATION_CONTEXT() REPRESENTATION_CONTEXT('2D SPACE',''
  ) );
#7534 = PCURVE('',#3347,#7535);
#7535 = DEFINITIONAL_REPRESENTATION('',(#7536),#7540);
#7536 = LINE('',#7537,#7538);
#7537 = CARTESIAN_POINT('',(0.,0.));
#7538 = VECTOR('',#7539,1.);
#7539 = DIRECTION('',(0.,1.));
#7540 = ( GEOMETRIC_REPRESENTATION_CONTEXT(2) 
PARAMETRIC_REPRESENTATION_CONTEXT() REPRESENTATION_CONTEXT('2D SPACE',''
  ) );
#7541 = ORIENTED_EDGE('',*,*,#7542,.T.);
#7542 = EDGE_CURVE('',#7520,#1120,#7543,.T.);
#7543 = SURFACE_CURVE('',#7544,(#7548,#7555),.PCURVE_S1.);
#7544 = LINE('',#7545,#7546);
#7545 = CARTESIAN_POINT('',(-46.,131.5,181.));
#7546 = VECTOR('',#7547,1.);
#7547 = DIRECTION('',(0.,1.,0.));
#7548 = PCURVE('',#1135,#7549);
#7549 = DEFINITIONAL_REPRESENTATION('',(#7550),#7554);
#7550 = LINE('',#7551,#7552);
#7551 = CARTESIAN_POINT('',(13.,0.));
#7552 = VECTOR('',#7553,1.);
#7553 = DIRECTION('',(0.,1.));
#7554 = ( GEOMETRIC_REPRESENTATION_CONTEXT(2) 
PARAMETRIC_REPRESENTATION_CONTEXT() REPRESENTATION_CONTEXT('2D SPACE',''
  ) );
#7555 = PCURVE('',#1161,#7556);
#7556 = DEFINITIONAL_REPRESENTATION('',(#7557),#7561);
#7557 = LINE('',#7558,#7559);
#7558 = CARTESIAN_POINT('',(0.,0.));
#7559 = VECTOR('',#7560,1.);
#7560 = DIRECTION('',(0.,-1.));
#7561 = ( GEOMETRIC_REPRESENTATION_CONTEXT(2) 
PARAMETRIC_REPRESENTATION_CONTEXT() REPRESENTATION_CONTEXT('2D SPACE',''
  ) );
#7562 = ADVANCED_FACE('',(#7563),#1161,.T.);
#7563 = FACE_BOUND('',#7564,.T.);
#7564 = EDGE_LOOP('',(#7565,#7586,#7587,#7588));
#7565 = ORIENTED_EDGE('',*,*,#7566,.F.);
#7566 = EDGE_CURVE('',#7520,#3312,#7567,.T.);
#7567 = SURFACE_CURVE('',#7568,(#7572,#7579),.PCURVE_S1.);
#7568 = LINE('',#7569,#7570);
#7569 = CARTESIAN_POINT('',(-46.,131.5,181.));
#7570 = VECTOR('',#7571,1.);
#7571 = DIRECTION('',(0.,0.,1.));
#7572 = PCURVE('',#1161,#7573);
#7573 = DEFINITIONAL_REPRESENTATION('',(#7574),#7578);
#7574 = LINE('',#7575,#7576);
#7575 = CARTESIAN_POINT('',(0.,0.));
#7576 = VECTOR('',#7577,1.);
#7577 = DIRECTION('',(1.,0.));
#7578 = ( GEOMETRIC_REPRESENTATION_CONTEXT(2) 
PARAMETRIC_REPRESENTATION_CONTEXT() REPRESENTATION_CONTEXT('2D SPACE',''
  ) );
#7579 = PCURVE('',#3347,#7580);
#7580 = DEFINITIONAL_REPRESENTATION('',(#7581),#7585);
#7581 = LINE('',#7582,#7583);
#7582 = CARTESIAN_POINT('',(0.,13.));
#7583 = VECTOR('',#7584,1.);
#7584 = DIRECTION('',(1.,0.));
#7585 = ( GEOMETRIC_REPRESENTATION_CONTEXT(2) 
PARAMETRIC_REPRESENTATION_CONTEXT() REPRESENTATION_CONTEXT('2D SPACE',''
  ) );
#7586 = ORIENTED_EDGE('',*,*,#7542,.T.);
#7587 = ORIENTED_EDGE('',*,*,#1147,.T.);
#7588 = ORIENTED_EDGE('',*,*,#3311,.F.);
#7589 = ADVANCED_FACE('',(#7590),#1192,.F.);
#7590 = FACE_BOUND('',#7591,.F.);
#7591 = EDGE_LOOP('',(#7592,#7621,#7642,#7643));
#7592 = ORIENTED_EDGE('',*,*,#7593,.F.);
#7593 = EDGE_CURVE('',#7594,#7594,#7596,.T.);
#7594 = VERTEX_POINT('',#7595);
#7595 = CARTESIAN_POINT('',(-48.45,135.5,183.7));
#7596 = SURFACE_CURVE('',#7597,(#7602,#7609),.PCURVE_S1.);
#7597 = CIRCLE('',#7598,1.25);
#7598 = AXIS2_PLACEMENT_3D('',#7599,#7600,#7601);
#7599 = CARTESIAN_POINT('',(-49.7,135.5,183.7));
#7600 = DIRECTION('',(0.,-1.,0.));
#7601 = DIRECTION('',(1.,0.,0.));
#7602 = PCURVE('',#1192,#7603);
#7603 = DEFINITIONAL_REPRESENTATION('',(#7604),#7608);
#7604 = LINE('',#7605,#7606);
#7605 = CARTESIAN_POINT('',(0.,0.));
#7606 = VECTOR('',#7607,1.);
#7607 = DIRECTION('',(1.,0.));
#7608 = ( GEOMETRIC_REPRESENTATION_CONTEXT(2) 
PARAMETRIC_REPRESENTATION_CONTEXT() REPRESENTATION_CONTEXT('2D SPACE',''
  ) );
#7609 = PCURVE('',#7610,#7615);
#7610 = PLANE('',#7611);
#7611 = AXIS2_PLACEMENT_3D('',#7612,#7613,#7614);
#7612 = CARTESIAN_POINT('',(-49.7,135.5,183.7));
#7613 = DIRECTION('',(-0.,-1.,-0.));
#7614 = DIRECTION('',(0.,0.,-1.));
#7615 = DEFINITIONAL_REPRESENTATION('',(#7616),#7620);
#7616 = CIRCLE('',#7617,1.25);
#7617 = AXIS2_PLACEMENT_2D('',#7618,#7619);
#7618 = CARTESIAN_POINT('',(0.,0.));
#7619 = DIRECTION('',(0.,1.));
#7620 = ( GEOMETRIC_REPRESENTATION_CONTEXT(2) 
PARAMETRIC_REPRESENTATION_CONTEXT() REPRESENTATION_CONTEXT('2D SPACE',''
  ) );
#7621 = ORIENTED_EDGE('',*,*,#7622,.T.);
#7622 = EDGE_CURVE('',#7594,#1176,#7623,.T.);
#7623 = SEAM_CURVE('',#7624,(#7628,#7635),.PCURVE_S1.);
#7624 = LINE('',#7625,#7626);
#7625 = CARTESIAN_POINT('',(-48.45,135.5,183.7));
#7626 = VECTOR('',#7627,1.);
#7627 = DIRECTION('',(-0.,1.,-0.));
#7628 = PCURVE('',#1192,#7629);
#7629 = DEFINITIONAL_REPRESENTATION('',(#7630),#7634);
#7630 = LINE('',#7631,#7632);
#7631 = CARTESIAN_POINT('',(6.28318530718,0.));
#7632 = VECTOR('',#7633,1.);
#7633 = DIRECTION('',(0.,-1.));
#7634 = ( GEOMETRIC_REPRESENTATION_CONTEXT(2) 
PARAMETRIC_REPRESENTATION_CONTEXT() REPRESENTATION_CONTEXT('2D SPACE',''
  ) );
#7635 = PCURVE('',#1192,#7636);
#7636 = DEFINITIONAL_REPRESENTATION('',(#7637),#7641);
#7637 = LINE('',#7638,#7639);
#7638 = CARTESIAN_POINT('',(0.,0.));
#7639 = VECTOR('',#7640,1.);
#7640 = DIRECTION('',(0.,-1.));
#7641 = ( GEOMETRIC_REPRESENTATION_CONTEXT(2) 
PARAMETRIC_REPRESENTATION_CONTEXT() REPRESENTATION_CONTEXT('2D SPACE',''
  ) );
#7642 = ORIENTED_EDGE('',*,*,#1175,.T.);
#7643 = ORIENTED_EDGE('',*,*,#7622,.F.);
#7644 = ADVANCED_FACE('',(#7645),#1247,.T.);
#7645 = FACE_BOUND('',#7646,.T.);
#7646 = EDGE_LOOP('',(#7647,#7648,#7672,#7700));
#7647 = ORIENTED_EDGE('',*,*,#1231,.F.);
#7648 = ORIENTED_EDGE('',*,*,#7649,.T.);
#7649 = EDGE_CURVE('',#1232,#7650,#7652,.T.);
#7650 = VERTEX_POINT('',#7651);
#7651 = CARTESIAN_POINT('',(-55.,-12.,190.));
#7652 = SURFACE_CURVE('',#7653,(#7658,#7665),.PCURVE_S1.);
#7653 = CIRCLE('',#7654,6.);
#7654 = AXIS2_PLACEMENT_3D('',#7655,#7656,#7657);
#7655 = CARTESIAN_POINT('',(-55.,-6.,190.));
#7656 = DIRECTION('',(1.,0.,0.));
#7657 = DIRECTION('',(0.,-1.480297366167E-16,1.));
#7658 = PCURVE('',#1247,#7659);
#7659 = DEFINITIONAL_REPRESENTATION('',(#7660),#7664);
#7660 = LINE('',#7661,#7662);
#7661 = CARTESIAN_POINT('',(0.,6.));
#7662 = VECTOR('',#7663,1.);
#7663 = DIRECTION('',(1.,0.));
#7664 = ( GEOMETRIC_REPRESENTATION_CONTEXT(2) 
PARAMETRIC_REPRESENTATION_CONTEXT() REPRESENTATION_CONTEXT('2D SPACE',''
  ) );
#7665 = PCURVE('',#1321,#7666);
#7666 = DEFINITIONAL_REPRESENTATION('',(#7667),#7671);
#7667 = LINE('',#7668,#7669);
#7668 = CARTESIAN_POINT('',(0.,0.));
#7669 = VECTOR('',#7670,1.);
#7670 = DIRECTION('',(1.,0.));
#7671 = ( GEOMETRIC_REPRESENTATION_CONTEXT(2) 
PARAMETRIC_REPRESENTATION_CONTEXT() REPRESENTATION_CONTEXT('2D SPACE',''
  ) );
#7672 = ORIENTED_EDGE('',*,*,#7673,.T.);
#7673 = EDGE_CURVE('',#7650,#7674,#7676,.T.);
#7674 = VERTEX_POINT('',#7675);
#7675 = CARTESIAN_POINT('',(55.,-12.,190.));
#7676 = SURFACE_CURVE('',#7677,(#7681,#7688),.PCURVE_S1.);
#7677 = LINE('',#7678,#7679);
#7678 = CARTESIAN_POINT('',(-61.,-12.,190.));
#7679 = VECTOR('',#7680,1.);
#7680 = DIRECTION('',(1.,0.,0.));
#7681 = PCURVE('',#1247,#7682);
#7682 = DEFINITIONAL_REPRESENTATION('',(#7683),#7687);
#7683 = LINE('',#7684,#7685);
#7684 = CARTESIAN_POINT('',(1.570796326795,0.));
#7685 = VECTOR('',#7686,1.);
#7686 = DIRECTION('',(0.,1.));
#7687 = ( GEOMETRIC_REPRESENTATION_CONTEXT(2) 
PARAMETRIC_REPRESENTATION_CONTEXT() REPRESENTATION_CONTEXT('2D SPACE',''
  ) );
#7688 = PCURVE('',#7689,#7694);
#7689 = PLANE('',#7690);
#7690 = AXIS2_PLACEMENT_3D('',#7691,#7692,#7693);
#7691 = CARTESIAN_POINT('',(-61.,-12.,196.));
#7692 = DIRECTION('',(-0.,1.,0.));
#7693 = DIRECTION('',(0.,0.,-1.));
#7694 = DEFINITIONAL_REPRESENTATION('',(#7695),#7699);
#7695 = LINE('',#7696,#7697);
#7696 = CARTESIAN_POINT('',(6.,0.));
#7697 = VECTOR('',#7698,1.);
#7698 = DIRECTION('',(0.,-1.));
#7699 = ( GEOMETRIC_REPRESENTATION_CONTEXT(2) 
PARAMETRIC_REPRESENTATION_CONTEXT() REPRESENTATION_CONTEXT('2D SPACE',''
  ) );
#7700 = ORIENTED_EDGE('',*,*,#7701,.F.);
#7701 = EDGE_CURVE('',#1209,#7674,#7702,.T.);
#7702 = SURFACE_CURVE('',#7703,(#7708,#7715),.PCURVE_S1.);
#7703 = CIRCLE('',#7704,6.);
#7704 = AXIS2_PLACEMENT_3D('',#7705,#7706,#7707);
#7705 = CARTESIAN_POINT('',(55.,-6.,190.));
#7706 = DIRECTION('',(1.,0.,0.));
#7707 = DIRECTION('',(0.,-1.480297366167E-16,1.));
#7708 = PCURVE('',#1247,#7709);
#7709 = DEFINITIONAL_REPRESENTATION('',(#7710),#7714);
#7710 = LINE('',#7711,#7712);
#7711 = CARTESIAN_POINT('',(0.,116.));
#7712 = VECTOR('',#7713,1.);
#7713 = DIRECTION('',(1.,0.));
#7714 = ( GEOMETRIC_REPRESENTATION_CONTEXT(2) 
PARAMETRIC_REPRESENTATION_CONTEXT() REPRESENTATION_CONTEXT('2D SPACE',''
  ) );
#7715 = PCURVE('',#2824,#7716);
#7716 = DEFINITIONAL_REPRESENTATION('',(#7717),#7721);
#7717 = LINE('',#7718,#7719);
#7718 = CARTESIAN_POINT('',(-0.,0.));
#7719 = VECTOR('',#7720,1.);
#7720 = DIRECTION('',(-1.,0.));
#7721 = ( GEOMETRIC_REPRESENTATION_CONTEXT(2) 
PARAMETRIC_REPRESENTATION_CONTEXT() REPRESENTATION_CONTEXT('2D SPACE',''
  ) );
#7722 = ADVANCED_FACE('',(#7723,#7747),#1321,.T.);
#7723 = FACE_BOUND('',#7724,.T.);
#7724 = EDGE_LOOP('',(#7725,#7726,#7746));
#7725 = ORIENTED_EDGE('',*,*,#1307,.F.);
#7726 = ORIENTED_EDGE('',*,*,#7727,.T.);
#7727 = EDGE_CURVE('',#1285,#7650,#7728,.T.);
#7728 = SURFACE_CURVE('',#7729,(#7734,#7740),.PCURVE_S1.);
#7729 = CIRCLE('',#7730,6.);
#7730 = AXIS2_PLACEMENT_3D('',#7731,#7732,#7733);
#7731 = CARTESIAN_POINT('',(-55.,-6.,190.));
#7732 = DIRECTION('',(0.,-8.679739665932E-17,1.));
#7733 = DIRECTION('',(0.,-1.,-8.679739665932E-17));
#7734 = PCURVE('',#1321,#7735);
#7735 = DEFINITIONAL_REPRESENTATION('',(#7736),#7739);
#7736 = B_SPLINE_CURVE_WITH_KNOTS('',1,(#7737,#7738),.UNSPECIFIED.,.F.,
  .F.,(2,2),(4.712388980385,6.28318530718),.PIECEWISE_BEZIER_KNOTS.);
#7737 = CARTESIAN_POINT('',(1.570796326795,-1.570796326795));
#7738 = CARTESIAN_POINT('',(1.570796326795,0.));
#7739 = ( GEOMETRIC_REPRESENTATION_CONTEXT(2) 
PARAMETRIC_REPRESENTATION_CONTEXT() REPRESENTATION_CONTEXT('2D SPACE',''
  ) );
#7740 = PCURVE('',#1354,#7741);
#7741 = DEFINITIONAL_REPRESENTATION('',(#7742),#7745);
#7742 = B_SPLINE_CURVE_WITH_KNOTS('',1,(#7743,#7744),.UNSPECIFIED.,.F.,
  .F.,(2,2),(4.712388980385,6.28318530718),.PIECEWISE_BEZIER_KNOTS.);
#7743 = CARTESIAN_POINT('',(1.570796326795,6.));
#7744 = CARTESIAN_POINT('',(0.,6.));
#7745 = ( GEOMETRIC_REPRESENTATION_CONTEXT(2) 
PARAMETRIC_REPRESENTATION_CONTEXT() REPRESENTATION_CONTEXT('2D SPACE',''
  ) );
#7746 = ORIENTED_EDGE('',*,*,#7649,.F.);
#7747 = FACE_BOUND('',#7748,.T.);
#7748 = EDGE_LOOP('',(#7749,#7780,#7813));
#7749 = ORIENTED_EDGE('',*,*,#7750,.F.);
#7750 = EDGE_CURVE('',#7751,#7753,#7755,.T.);
#7751 = VERTEX_POINT('',#7752);
#7752 = CARTESIAN_POINT('',(-59.,-8.,194.));
#7753 = VERTEX_POINT('',#7754);
#7754 = CARTESIAN_POINT('',(-59.,-9.,193.31662479035));
#7755 = SURFACE_CURVE('',#7756,(#7761,#7768),.PCURVE_S1.);
#7756 = CIRCLE('',#7757,4.472135955);
#7757 = AXIS2_PLACEMENT_3D('',#7758,#7759,#7760);
#7758 = CARTESIAN_POINT('',(-59.,-6.,190.));
#7759 = DIRECTION('',(1.,0.,0.));
#7760 = DIRECTION('',(0.,-1.480297366167E-16,1.));
#7761 = PCURVE('',#1321,#7762);
#7762 = DEFINITIONAL_REPRESENTATION('',(#7763),#7767);
#7763 = LINE('',#7764,#7765);
#7764 = CARTESIAN_POINT('',(0.,-0.729727656227));
#7765 = VECTOR('',#7766,1.);
#7766 = DIRECTION('',(1.,0.));
#7767 = ( GEOMETRIC_REPRESENTATION_CONTEXT(2) 
PARAMETRIC_REPRESENTATION_CONTEXT() REPRESENTATION_CONTEXT('2D SPACE',''
  ) );
#7768 = PCURVE('',#7769,#7774);
#7769 = PLANE('',#7770);
#7770 = AXIS2_PLACEMENT_3D('',#7771,#7772,#7773);
#7771 = CARTESIAN_POINT('',(-59.,-9.,181.));
#7772 = DIRECTION('',(1.,0.,0.));
#7773 = DIRECTION('',(0.,0.,1.));
#7774 = DEFINITIONAL_REPRESENTATION('',(#7775),#7779);
#7775 = CIRCLE('',#7776,4.472135955);
#7776 = AXIS2_PLACEMENT_2D('',#7777,#7778);
#7777 = CARTESIAN_POINT('',(9.,-3.));
#7778 = DIRECTION('',(1.,1.480297366167E-16));
#7779 = ( GEOMETRIC_REPRESENTATION_CONTEXT(2) 
PARAMETRIC_REPRESENTATION_CONTEXT() REPRESENTATION_CONTEXT('2D SPACE',''
  ) );
#7780 = ORIENTED_EDGE('',*,*,#7781,.T.);
#7781 = EDGE_CURVE('',#7751,#7782,#7784,.T.);
#7782 = VERTEX_POINT('',#7783);
#7783 = CARTESIAN_POINT('',(-58.31662479035,-9.,194.));
#7784 = SURFACE_CURVE('',#7785,(#7790,#7801),.PCURVE_S1.);
#7785 = CIRCLE('',#7786,4.472135955);
#7786 = AXIS2_PLACEMENT_3D('',#7787,#7788,#7789);
#7787 = CARTESIAN_POINT('',(-55.,-6.,194.));
#7788 = DIRECTION('',(0.,0.,1.));
#7789 = DIRECTION('',(0.,-1.,0.));
#7790 = PCURVE('',#1321,#7791);
#7791 = DEFINITIONAL_REPRESENTATION('',(#7792),#7800);
#7792 = B_SPLINE_CURVE_WITH_KNOTS('',6,(#7793,#7794,#7795,#7796,#7797,
    #7798,#7799),.UNSPECIFIED.,.F.,.F.,(7,7),(5.176036589385,
    5.447703433201),.PIECEWISE_BEZIER_KNOTS.);
#7793 = CARTESIAN_POINT('',(0.463647609001,-0.729727656227));
#7794 = CARTESIAN_POINT('',(0.499869854843,-0.709478805227));
#7795 = CARTESIAN_POINT('',(0.533533631593,-0.687469633358));
#7796 = CARTESIAN_POINT('',(0.564622651994,-0.663903524805));
#7797 = CARTESIAN_POINT('',(0.593226862409,-0.638974552306));
#7798 = CARTESIAN_POINT('',(0.619473989089,-0.612852227839));
#7799 = CARTESIAN_POINT('',(0.643501108793,-0.585685543457));
#7800 = ( GEOMETRIC_REPRESENTATION_CONTEXT(2) 
PARAMETRIC_REPRESENTATION_CONTEXT() REPRESENTATION_CONTEXT('2D SPACE',''
  ) );
#7801 = PCURVE('',#7802,#7807);
#7802 = PLANE('',#7803);
#7803 = AXIS2_PLACEMENT_3D('',#7804,#7805,#7806);
#7804 = CARTESIAN_POINT('',(-59.,-9.,194.));
#7805 = DIRECTION('',(0.,0.,1.));
#7806 = DIRECTION('',(1.,0.,0.));
#7807 = DEFINITIONAL_REPRESENTATION('',(#7808),#7812);
#7808 = CIRCLE('',#7809,4.472135955);
#7809 = AXIS2_PLACEMENT_2D('',#7810,#7811);
#7810 = CARTESIAN_POINT('',(4.,3.));
#7811 = DIRECTION('',(0.,-1.));
#7812 = ( GEOMETRIC_REPRESENTATION_CONTEXT(2) 
PARAMETRIC_REPRESENTATION_CONTEXT() REPRESENTATION_CONTEXT('2D SPACE',''
  ) );
#7813 = ORIENTED_EDGE('',*,*,#7814,.F.);
#7814 = EDGE_CURVE('',#7753,#7782,#7815,.T.);
#7815 = SURFACE_CURVE('',#7816,(#7821,#7831),.PCURVE_S1.);
#7816 = CIRCLE('',#7817,5.196152422707);
#7817 = AXIS2_PLACEMENT_3D('',#7818,#7819,#7820);
#7818 = CARTESIAN_POINT('',(-55.,-9.,190.));
#7819 = DIRECTION('',(0.,1.,0.));
#7820 = DIRECTION('',(0.,-0.,1.));
#7821 = PCURVE('',#1321,#7822);
#7822 = DEFINITIONAL_REPRESENTATION('',(#7823),#7830);
#7823 = B_SPLINE_CURVE_WITH_KNOTS('',5,(#7824,#7825,#7826,#7827,#7828,
    #7829),.UNSPECIFIED.,.F.,.F.,(6,6),(5.404656991994,5.59091729557),
  .PIECEWISE_BEZIER_KNOTS.);
#7824 = CARTESIAN_POINT('',(0.735314452817,-0.729727656227));
#7825 = CARTESIAN_POINT('',(0.712963216387,-0.702100788595));
#7826 = CARTESIAN_POINT('',(0.69285582814,-0.673775762109));
#7827 = CARTESIAN_POINT('',(0.67471880778,-0.644874635752));
#7828 = CARTESIAN_POINT('',(0.658327241761,-0.615487192029));
#7829 = CARTESIAN_POINT('',(0.643501108793,-0.585685543457));
#7830 = ( GEOMETRIC_REPRESENTATION_CONTEXT(2) 
PARAMETRIC_REPRESENTATION_CONTEXT() REPRESENTATION_CONTEXT('2D SPACE',''
  ) );
#7831 = PCURVE('',#7832,#7837);
#7832 = PLANE('',#7833);
#7833 = AXIS2_PLACEMENT_3D('',#7834,#7835,#7836);
#7834 = CARTESIAN_POINT('',(-59.,-9.,181.));
#7835 = DIRECTION('',(0.,1.,0.));
#7836 = DIRECTION('',(0.,0.,1.));
#7837 = DEFINITIONAL_REPRESENTATION('',(#7838),#7842);
#7838 = CIRCLE('',#7839,5.196152422707);
#7839 = AXIS2_PLACEMENT_2D('',#7840,#7841);
#7840 = CARTESIAN_POINT('',(9.,4.));
#7841 = DIRECTION('',(1.,0.));
#7842 = ( GEOMETRIC_REPRESENTATION_CONTEXT(2) 
PARAMETRIC_REPRESENTATION_CONTEXT() REPRESENTATION_CONTEXT('2D SPACE',''
  ) );
#7843 = ADVANCED_FACE('',(#7844),#1354,.T.);
#7844 = FACE_BOUND('',#7845,.T.);
#7845 = EDGE_LOOP('',(#7846,#7847,#7848,#7872));
#7846 = ORIENTED_EDGE('',*,*,#7727,.F.);
#7847 = ORIENTED_EDGE('',*,*,#1338,.T.);
#7848 = ORIENTED_EDGE('',*,*,#7849,.F.);
#7849 = EDGE_CURVE('',#7850,#1339,#7852,.T.);
#7850 = VERTEX_POINT('',#7851);
#7851 = CARTESIAN_POINT('',(-55.,-12.,113.));
#7852 = SURFACE_CURVE('',#7853,(#7858,#7865),.PCURVE_S1.);
#7853 = CIRCLE('',#7854,6.);
#7854 = AXIS2_PLACEMENT_3D('',#7855,#7856,#7857);
#7855 = CARTESIAN_POINT('',(-55.,-6.,113.));
#7856 = DIRECTION('',(-0.,0.,-1.));
#7857 = DIRECTION('',(-0.,-1.,0.));
#7858 = PCURVE('',#1354,#7859);
#7859 = DEFINITIONAL_REPRESENTATION('',(#7860),#7864);
#7860 = LINE('',#7861,#7862);
#7861 = CARTESIAN_POINT('',(0.,83.));
#7862 = VECTOR('',#7863,1.);
#7863 = DIRECTION('',(1.,0.));
#7864 = ( GEOMETRIC_REPRESENTATION_CONTEXT(2) 
PARAMETRIC_REPRESENTATION_CONTEXT() REPRESENTATION_CONTEXT('2D SPACE',''
  ) );
#7865 = PCURVE('',#1843,#7866);
#7866 = DEFINITIONAL_REPRESENTATION('',(#7867),#7871);
#7867 = LINE('',#7868,#7869);
#7868 = CARTESIAN_POINT('',(-0.,6.28318530718));
#7869 = VECTOR('',#7870,1.);
#7870 = DIRECTION('',(-1.,0.));
#7871 = ( GEOMETRIC_REPRESENTATION_CONTEXT(2) 
PARAMETRIC_REPRESENTATION_CONTEXT() REPRESENTATION_CONTEXT('2D SPACE',''
  ) );
#7872 = ORIENTED_EDGE('',*,*,#7873,.F.);
#7873 = EDGE_CURVE('',#7650,#7850,#7874,.T.);
#7874 = SURFACE_CURVE('',#7875,(#7879,#7886),.PCURVE_S1.);
#7875 = LINE('',#7876,#7877);
#7876 = CARTESIAN_POINT('',(-55.,-12.,196.));
#7877 = VECTOR('',#7878,1.);
#7878 = DIRECTION('',(0.,0.,-1.));
#7879 = PCURVE('',#1354,#7880);
#7880 = DEFINITIONAL_REPRESENTATION('',(#7881),#7885);
#7881 = LINE('',#7882,#7883);
#7882 = CARTESIAN_POINT('',(0.,0.));
#7883 = VECTOR('',#7884,1.);
#7884 = DIRECTION('',(0.,1.));
#7885 = ( GEOMETRIC_REPRESENTATION_CONTEXT(2) 
PARAMETRIC_REPRESENTATION_CONTEXT() REPRESENTATION_CONTEXT('2D SPACE',''
  ) );
#7886 = PCURVE('',#7689,#7887);
#7887 = DEFINITIONAL_REPRESENTATION('',(#7888),#7892);
#7888 = LINE('',#7889,#7890);
#7889 = CARTESIAN_POINT('',(0.,-6.));
#7890 = VECTOR('',#7891,1.);
#7891 = DIRECTION('',(1.,0.));
#7892 = ( GEOMETRIC_REPRESENTATION_CONTEXT(2) 
PARAMETRIC_REPRESENTATION_CONTEXT() REPRESENTATION_CONTEXT('2D SPACE',''
  ) );
#7893 = ADVANCED_FACE('',(#7894),#1410,.F.);
#7894 = FACE_BOUND('',#7895,.F.);
#7895 = EDGE_LOOP('',(#7896,#7918,#7919,#7920,#7921));
#7896 = ORIENTED_EDGE('',*,*,#7897,.F.);
#7897 = EDGE_CURVE('',#1778,#1367,#7898,.T.);
#7898 = SURFACE_CURVE('',#7899,(#7904,#7911),.PCURVE_S1.);
#7899 = CIRCLE('',#7900,3.);
#7900 = AXIS2_PLACEMENT_3D('',#7901,#7902,#7903);
#7901 = CARTESIAN_POINT('',(-58.,0.,113.));
#7902 = DIRECTION('',(0.,1.,0.));
#7903 = DIRECTION('',(0.,-0.,1.));
#7904 = PCURVE('',#1410,#7905);
#7905 = DEFINITIONAL_REPRESENTATION('',(#7906),#7910);
#7906 = CIRCLE('',#7907,3.);
#7907 = AXIS2_PLACEMENT_2D('',#7908,#7909);
#7908 = CARTESIAN_POINT('',(-3.,-3.));
#7909 = DIRECTION('',(-1.,-0.));
#7910 = ( GEOMETRIC_REPRESENTATION_CONTEXT(2) 
PARAMETRIC_REPRESENTATION_CONTEXT() REPRESENTATION_CONTEXT('2D SPACE',''
  ) );
#7911 = PCURVE('',#1382,#7912);
#7912 = DEFINITIONAL_REPRESENTATION('',(#7913),#7917);
#7913 = LINE('',#7914,#7915);
#7914 = CARTESIAN_POINT('',(-3.14159265359,12.));
#7915 = VECTOR('',#7916,1.);
#7916 = DIRECTION('',(1.,0.));
#7917 = ( GEOMETRIC_REPRESENTATION_CONTEXT(2) 
PARAMETRIC_REPRESENTATION_CONTEXT() REPRESENTATION_CONTEXT('2D SPACE',''
  ) );
#7918 = ORIENTED_EDGE('',*,*,#1777,.F.);
#7919 = ORIENTED_EDGE('',*,*,#1692,.T.);
#7920 = ORIENTED_EDGE('',*,*,#1623,.F.);
#7921 = ORIENTED_EDGE('',*,*,#1394,.T.);
#7922 = ADVANCED_FACE('',(#7923),#1382,.T.);
#7923 = FACE_BOUND('',#7924,.T.);
#7924 = EDGE_LOOP('',(#7925,#7945,#7946,#7947));
#7925 = ORIENTED_EDGE('',*,*,#7926,.T.);
#7926 = EDGE_CURVE('',#1800,#1339,#7927,.T.);
#7927 = SURFACE_CURVE('',#7928,(#7933,#7939),.PCURVE_S1.);
#7928 = CIRCLE('',#7929,3.);
#7929 = AXIS2_PLACEMENT_3D('',#7930,#7931,#7932);
#7930 = CARTESIAN_POINT('',(-58.,-6.,113.));
#7931 = DIRECTION('',(-6.123233995737E-17,1.,0.));
#7932 = DIRECTION('',(-1.,-6.123233995737E-17,0.));
#7933 = PCURVE('',#1382,#7934);
#7934 = DEFINITIONAL_REPRESENTATION('',(#7935),#7938);
#7935 = B_SPLINE_CURVE_WITH_KNOTS('',1,(#7936,#7937),.UNSPECIFIED.,.F.,
  .F.,(2,2),(4.712388980385,6.28318530718),.PIECEWISE_BEZIER_KNOTS.);
#7936 = CARTESIAN_POINT('',(0.,6.));
#7937 = CARTESIAN_POINT('',(1.570796326795,6.));
#7938 = ( GEOMETRIC_REPRESENTATION_CONTEXT(2) 
PARAMETRIC_REPRESENTATION_CONTEXT() REPRESENTATION_CONTEXT('2D SPACE',''
  ) );
#7939 = PCURVE('',#1843,#7940);
#7940 = DEFINITIONAL_REPRESENTATION('',(#7941),#7944);
#7941 = B_SPLINE_CURVE_WITH_KNOTS('',1,(#7942,#7943),.UNSPECIFIED.,.F.,
  .F.,(2,2),(4.712388980385,6.28318530718),.PIECEWISE_BEZIER_KNOTS.);
#7942 = CARTESIAN_POINT('',(-1.570796326795,4.712388980385));
#7943 = CARTESIAN_POINT('',(-1.570796326795,6.28318530718));
#7944 = ( GEOMETRIC_REPRESENTATION_CONTEXT(2) 
PARAMETRIC_REPRESENTATION_CONTEXT() REPRESENTATION_CONTEXT('2D SPACE',''
  ) );
#7945 = ORIENTED_EDGE('',*,*,#1366,.T.);
#7946 = ORIENTED_EDGE('',*,*,#7897,.F.);
#7947 = ORIENTED_EDGE('',*,*,#1799,.F.);
#7948 = ADVANCED_FACE('',(#7949),#1466,.F.);
#7949 = FACE_BOUND('',#7950,.T.);
#7950 = EDGE_LOOP('',(#7951,#7952,#7973,#7974));
#7951 = ORIENTED_EDGE('',*,*,#1445,.T.);
#7952 = ORIENTED_EDGE('',*,*,#7953,.T.);
#7953 = EDGE_CURVE('',#1446,#1716,#7954,.T.);
#7954 = SEAM_CURVE('',#7955,(#7959,#7966),.PCURVE_S1.);
#7955 = LINE('',#7956,#7957);
#7956 = CARTESIAN_POINT('',(-62.,121.2,5.));
#7957 = VECTOR('',#7958,1.);
#7958 = DIRECTION('',(1.,0.,0.));
#7959 = PCURVE('',#1466,#7960);
#7960 = DEFINITIONAL_REPRESENTATION('',(#7961),#7965);
#7961 = LINE('',#7962,#7963);
#7962 = CARTESIAN_POINT('',(-6.28318530718,0.));
#7963 = VECTOR('',#7964,1.);
#7964 = DIRECTION('',(-0.,-1.));
#7965 = ( GEOMETRIC_REPRESENTATION_CONTEXT(2) 
PARAMETRIC_REPRESENTATION_CONTEXT() REPRESENTATION_CONTEXT('2D SPACE',''
  ) );
#7966 = PCURVE('',#1466,#7967);
#7967 = DEFINITIONAL_REPRESENTATION('',(#7968),#7972);
#7968 = LINE('',#7969,#7970);
#7969 = CARTESIAN_POINT('',(-0.,0.));
#7970 = VECTOR('',#7971,1.);
#7971 = DIRECTION('',(-0.,-1.));
#7972 = ( GEOMETRIC_REPRESENTATION_CONTEXT(2) 
PARAMETRIC_REPRESENTATION_CONTEXT() REPRESENTATION_CONTEXT('2D SPACE',''
  ) );
#7973 = ORIENTED_EDGE('',*,*,#1715,.F.);
#7974 = ORIENTED_EDGE('',*,*,#7953,.F.);
#7975 = ADVANCED_FACE('',(#7976),#1501,.F.);
#7976 = FACE_BOUND('',#7977,.T.);
#7977 = EDGE_LOOP('',(#7978,#7979,#8000,#8001));
#7978 = ORIENTED_EDGE('',*,*,#1480,.T.);
#7979 = ORIENTED_EDGE('',*,*,#7980,.T.);
#7980 = EDGE_CURVE('',#1481,#1746,#7981,.T.);
#7981 = SEAM_CURVE('',#7982,(#7986,#7993),.PCURVE_S1.);
#7982 = LINE('',#7983,#7984);
#7983 = CARTESIAN_POINT('',(-62.,26.7,5.));
#7984 = VECTOR('',#7985,1.);
#7985 = DIRECTION('',(1.,0.,0.));
#7986 = PCURVE('',#1501,#7987);
#7987 = DEFINITIONAL_REPRESENTATION('',(#7988),#7992);
#7988 = LINE('',#7989,#7990);
#7989 = CARTESIAN_POINT('',(-6.28318530718,0.));
#7990 = VECTOR('',#7991,1.);
#7991 = DIRECTION('',(-0.,-1.));
#7992 = ( GEOMETRIC_REPRESENTATION_CONTEXT(2) 
PARAMETRIC_REPRESENTATION_CONTEXT() REPRESENTATION_CONTEXT('2D SPACE',''
  ) );
#7993 = PCURVE('',#1501,#7994);
#7994 = DEFINITIONAL_REPRESENTATION('',(#7995),#7999);
#7995 = LINE('',#7996,#7997);
#7996 = CARTESIAN_POINT('',(-0.,0.));
#7997 = VECTOR('',#7998,1.);
#7998 = DIRECTION('',(-0.,-1.));
#7999 = ( GEOMETRIC_REPRESENTATION_CONTEXT(2) 
PARAMETRIC_REPRESENTATION_CONTEXT() REPRESENTATION_CONTEXT('2D SPACE',''
  ) );
#8000 = ORIENTED_EDGE('',*,*,#1745,.F.);
#8001 = ORIENTED_EDGE('',*,*,#7980,.F.);
#8002 = ADVANCED_FACE('',(#8003),#1532,.T.);
#8003 = FACE_BOUND('',#8004,.T.);
#8004 = EDGE_LOOP('',(#8005,#8026,#8027,#8048));
#8005 = ORIENTED_EDGE('',*,*,#8006,.F.);
#8006 = EDGE_CURVE('',#1516,#7326,#8007,.T.);
#8007 = SURFACE_CURVE('',#8008,(#8012,#8019),.PCURVE_S1.);
#8008 = LINE('',#8009,#8010);
#8009 = CARTESIAN_POINT('',(-62.,81.3,143.65));
#8010 = VECTOR('',#8011,1.);
#8011 = DIRECTION('',(1.,0.,0.));
#8012 = PCURVE('',#1532,#8013);
#8013 = DEFINITIONAL_REPRESENTATION('',(#8014),#8018);
#8014 = LINE('',#8015,#8016);
#8015 = CARTESIAN_POINT('',(0.,23.5));
#8016 = VECTOR('',#8017,1.);
#8017 = DIRECTION('',(1.,0.));
#8018 = ( GEOMETRIC_REPRESENTATION_CONTEXT(2) 
PARAMETRIC_REPRESENTATION_CONTEXT() REPRESENTATION_CONTEXT('2D SPACE',''
  ) );
#8019 = PCURVE('',#1608,#8020);
#8020 = DEFINITIONAL_REPRESENTATION('',(#8021),#8025);
#8021 = LINE('',#8022,#8023);
#8022 = CARTESIAN_POINT('',(0.,0.));
#8023 = VECTOR('',#8024,1.);
#8024 = DIRECTION('',(0.,1.));
#8025 = ( GEOMETRIC_REPRESENTATION_CONTEXT(2) 
PARAMETRIC_REPRESENTATION_CONTEXT() REPRESENTATION_CONTEXT('2D SPACE',''
  ) );
#8026 = ORIENTED_EDGE('',*,*,#1515,.T.);
#8027 = ORIENTED_EDGE('',*,*,#8028,.T.);
#8028 = EDGE_CURVE('',#1518,#7328,#8029,.T.);
#8029 = SURFACE_CURVE('',#8030,(#8034,#8041),.PCURVE_S1.);
#8030 = LINE('',#8031,#8032);
#8031 = CARTESIAN_POINT('',(-62.,57.8,143.65));
#8032 = VECTOR('',#8033,1.);
#8033 = DIRECTION('',(1.,0.,0.));
#8034 = PCURVE('',#1532,#8035);
#8035 = DEFINITIONAL_REPRESENTATION('',(#8036),#8040);
#8036 = LINE('',#8037,#8038);
#8037 = CARTESIAN_POINT('',(0.,0.));
#8038 = VECTOR('',#8039,1.);
#8039 = DIRECTION('',(1.,0.));
#8040 = ( GEOMETRIC_REPRESENTATION_CONTEXT(2) 
PARAMETRIC_REPRESENTATION_CONTEXT() REPRESENTATION_CONTEXT('2D SPACE',''
  ) );
#8041 = PCURVE('',#1558,#8042);
#8042 = DEFINITIONAL_REPRESENTATION('',(#8043),#8047);
#8043 = LINE('',#8044,#8045);
#8044 = CARTESIAN_POINT('',(0.,0.));
#8045 = VECTOR('',#8046,1.);
#8046 = DIRECTION('',(0.,1.));
#8047 = ( GEOMETRIC_REPRESENTATION_CONTEXT(2) 
PARAMETRIC_REPRESENTATION_CONTEXT() REPRESENTATION_CONTEXT('2D SPACE',''
  ) );
#8048 = ORIENTED_EDGE('',*,*,#7325,.F.);
#8049 = ADVANCED_FACE('',(#8050),#1608,.F.);
#8050 = FACE_BOUND('',#8051,.F.);
#8051 = EDGE_LOOP('',(#8052,#8053,#8054,#8075));
#8052 = ORIENTED_EDGE('',*,*,#8006,.F.);
#8053 = ORIENTED_EDGE('',*,*,#1595,.T.);
#8054 = ORIENTED_EDGE('',*,*,#8055,.T.);
#8055 = EDGE_CURVE('',#1570,#7370,#8056,.T.);
#8056 = SURFACE_CURVE('',#8057,(#8061,#8068),.PCURVE_S1.);
#8057 = LINE('',#8058,#8059);
#8058 = CARTESIAN_POINT('',(-62.,81.3,161.85));
#8059 = VECTOR('',#8060,1.);
#8060 = DIRECTION('',(1.,0.,0.));
#8061 = PCURVE('',#1608,#8062);
#8062 = DEFINITIONAL_REPRESENTATION('',(#8063),#8067);
#8063 = LINE('',#8064,#8065);
#8064 = CARTESIAN_POINT('',(18.2,0.));
#8065 = VECTOR('',#8066,1.);
#8066 = DIRECTION('',(0.,1.));
#8067 = ( GEOMETRIC_REPRESENTATION_CONTEXT(2) 
PARAMETRIC_REPRESENTATION_CONTEXT() REPRESENTATION_CONTEXT('2D SPACE',''
  ) );
#8068 = PCURVE('',#1584,#8069);
#8069 = DEFINITIONAL_REPRESENTATION('',(#8070),#8074);
#8070 = LINE('',#8071,#8072);
#8071 = CARTESIAN_POINT('',(0.,23.5));
#8072 = VECTOR('',#8073,1.);
#8073 = DIRECTION('',(1.,0.));
#8074 = ( GEOMETRIC_REPRESENTATION_CONTEXT(2) 
PARAMETRIC_REPRESENTATION_CONTEXT() REPRESENTATION_CONTEXT('2D SPACE',''
  ) );
#8075 = ORIENTED_EDGE('',*,*,#7390,.F.);
#8076 = ADVANCED_FACE('',(#8077),#1584,.F.);
#8077 = FACE_BOUND('',#8078,.F.);
#8078 = EDGE_LOOP('',(#8079,#8080,#8081,#8102));
#8079 = ORIENTED_EDGE('',*,*,#8055,.F.);
#8080 = ORIENTED_EDGE('',*,*,#1569,.T.);
#8081 = ORIENTED_EDGE('',*,*,#8082,.T.);
#8082 = EDGE_CURVE('',#1544,#7349,#8083,.T.);
#8083 = SURFACE_CURVE('',#8084,(#8088,#8095),.PCURVE_S1.);
#8084 = LINE('',#8085,#8086);
#8085 = CARTESIAN_POINT('',(-62.,57.8,161.85));
#8086 = VECTOR('',#8087,1.);
#8087 = DIRECTION('',(1.,0.,0.));
#8088 = PCURVE('',#1584,#8089);
#8089 = DEFINITIONAL_REPRESENTATION('',(#8090),#8094);
#8090 = LINE('',#8091,#8092);
#8091 = CARTESIAN_POINT('',(0.,0.));
#8092 = VECTOR('',#8093,1.);
#8093 = DIRECTION('',(1.,0.));
#8094 = ( GEOMETRIC_REPRESENTATION_CONTEXT(2) 
PARAMETRIC_REPRESENTATION_CONTEXT() REPRESENTATION_CONTEXT('2D SPACE',''
  ) );
#8095 = PCURVE('',#1558,#8096);
#8096 = DEFINITIONAL_REPRESENTATION('',(#8097),#8101);
#8097 = LINE('',#8098,#8099);
#8098 = CARTESIAN_POINT('',(18.2,0.));
#8099 = VECTOR('',#8100,1.);
#8100 = DIRECTION('',(0.,1.));
#8101 = ( GEOMETRIC_REPRESENTATION_CONTEXT(2) 
PARAMETRIC_REPRESENTATION_CONTEXT() REPRESENTATION_CONTEXT('2D SPACE',''
  ) );
#8102 = ORIENTED_EDGE('',*,*,#7369,.F.);
#8103 = ADVANCED_FACE('',(#8104),#1558,.T.);
#8104 = FACE_BOUND('',#8105,.T.);
#8105 = EDGE_LOOP('',(#8106,#8107,#8108,#8109));
#8106 = ORIENTED_EDGE('',*,*,#8028,.F.);
#8107 = ORIENTED_EDGE('',*,*,#1543,.T.);
#8108 = ORIENTED_EDGE('',*,*,#8082,.T.);
#8109 = ORIENTED_EDGE('',*,*,#7348,.F.);
#8110 = ADVANCED_FACE('',(#8111),#1843,.T.);
#8111 = FACE_BOUND('',#8112,.F.);
#8112 = EDGE_LOOP('',(#8113,#8133,#8134,#8135));
#8113 = ORIENTED_EDGE('',*,*,#8114,.F.);
#8114 = EDGE_CURVE('',#1823,#7850,#8115,.T.);
#8115 = SURFACE_CURVE('',#8116,(#8121,#8127),.PCURVE_S1.);
#8116 = CIRCLE('',#8117,3.);
#8117 = AXIS2_PLACEMENT_3D('',#8118,#8119,#8120);
#8118 = CARTESIAN_POINT('',(-55.,-9.,113.));
#8119 = DIRECTION('',(-1.,0.,0.));
#8120 = DIRECTION('',(-0.,-1.,0.));
#8121 = PCURVE('',#1843,#8122);
#8122 = DEFINITIONAL_REPRESENTATION('',(#8123),#8126);
#8123 = B_SPLINE_CURVE_WITH_KNOTS('',1,(#8124,#8125),.UNSPECIFIED.,.F.,
  .F.,(2,2),(4.712388980385,6.28318530718),.PIECEWISE_BEZIER_KNOTS.);
#8124 = CARTESIAN_POINT('',(0.,4.712388980385));
#8125 = CARTESIAN_POINT('',(0.,6.28318530718));
#8126 = ( GEOMETRIC_REPRESENTATION_CONTEXT(2) 
PARAMETRIC_REPRESENTATION_CONTEXT() REPRESENTATION_CONTEXT('2D SPACE',''
  ) );
#8127 = PCURVE('',#1871,#8128);
#8128 = DEFINITIONAL_REPRESENTATION('',(#8129),#8132);
#8129 = B_SPLINE_CURVE_WITH_KNOTS('',1,(#8130,#8131),.UNSPECIFIED.,.F.,
  .F.,(2,2),(4.712388980385,6.28318530718),.PIECEWISE_BEZIER_KNOTS.);
#8130 = CARTESIAN_POINT('',(1.570796326795,6.));
#8131 = CARTESIAN_POINT('',(0.,6.));
#8132 = ( GEOMETRIC_REPRESENTATION_CONTEXT(2) 
PARAMETRIC_REPRESENTATION_CONTEXT() REPRESENTATION_CONTEXT('2D SPACE',''
  ) );
#8133 = ORIENTED_EDGE('',*,*,#1822,.T.);
#8134 = ORIENTED_EDGE('',*,*,#7926,.T.);
#8135 = ORIENTED_EDGE('',*,*,#7849,.F.);
#8136 = ADVANCED_FACE('',(#8137),#1956,.F.);
#8137 = FACE_BOUND('',#8138,.F.);
#8138 = EDGE_LOOP('',(#8139,#8140,#8166,#8167,#8168));
#8139 = ORIENTED_EDGE('',*,*,#1940,.F.);
#8140 = ORIENTED_EDGE('',*,*,#8141,.T.);
#8141 = EDGE_CURVE('',#1913,#2701,#8142,.T.);
#8142 = SURFACE_CURVE('',#8143,(#8148,#8159),.PCURVE_S1.);
#8143 = CIRCLE('',#8144,3.);
#8144 = AXIS2_PLACEMENT_3D('',#8145,#8146,#8147);
#8145 = CARTESIAN_POINT('',(58.,0.,113.));
#8146 = DIRECTION('',(-0.,-1.,0.));
#8147 = DIRECTION('',(0.,-0.,1.));
#8148 = PCURVE('',#1956,#8149);
#8149 = DEFINITIONAL_REPRESENTATION('',(#8150),#8158);
#8150 = ( BOUNDED_CURVE() B_SPLINE_CURVE(2,(#8151,#8152,#8153,#8154,
#8155,#8156,#8157),.UNSPECIFIED.,.T.,.F.) B_SPLINE_CURVE_WITH_KNOTS((1,2
    ,2,2,2,1),(-2.094395102393,0.,2.094395102393,4.188790204786,
6.28318530718,8.377580409573),.UNSPECIFIED.) CURVE() 
GEOMETRIC_REPRESENTATION_ITEM() RATIONAL_B_SPLINE_CURVE((1.,0.5,1.,0.5,
1.,0.5,1.)) REPRESENTATION_ITEM('') );
#8151 = CARTESIAN_POINT('',(-6.,-119.));
#8152 = CARTESIAN_POINT('',(-6.,-113.8038475772));
#8153 = CARTESIAN_POINT('',(-1.5,-116.4019237886));
#8154 = CARTESIAN_POINT('',(3.,-119.));
#8155 = CARTESIAN_POINT('',(-1.5,-121.5980762113));
#8156 = CARTESIAN_POINT('',(-6.,-124.1961524227));
#8157 = CARTESIAN_POINT('',(-6.,-119.));
#8158 = ( GEOMETRIC_REPRESENTATION_CONTEXT(2) 
PARAMETRIC_REPRESENTATION_CONTEXT() REPRESENTATION_CONTEXT('2D SPACE',''
  ) );
#8159 = PCURVE('',#1928,#8160);
#8160 = DEFINITIONAL_REPRESENTATION('',(#8161),#8165);
#8161 = LINE('',#8162,#8163);
#8162 = CARTESIAN_POINT('',(3.14159265359,12.));
#8163 = VECTOR('',#8164,1.);
#8164 = DIRECTION('',(-1.,0.));
#8165 = ( GEOMETRIC_REPRESENTATION_CONTEXT(2) 
PARAMETRIC_REPRESENTATION_CONTEXT() REPRESENTATION_CONTEXT('2D SPACE',''
  ) );
#8166 = ORIENTED_EDGE('',*,*,#2723,.T.);
#8167 = ORIENTED_EDGE('',*,*,#2600,.F.);
#8168 = ORIENTED_EDGE('',*,*,#2485,.F.);
#8169 = ADVANCED_FACE('',(#8170),#1871,.T.);
#8170 = FACE_BOUND('',#8171,.T.);
#8171 = EDGE_LOOP('',(#8172,#8173,#8174,#8196));
#8172 = ORIENTED_EDGE('',*,*,#8114,.F.);
#8173 = ORIENTED_EDGE('',*,*,#1855,.T.);
#8174 = ORIENTED_EDGE('',*,*,#8175,.T.);
#8175 = EDGE_CURVE('',#1856,#8176,#8178,.T.);
#8176 = VERTEX_POINT('',#8177);
#8177 = CARTESIAN_POINT('',(55.,-12.,113.));
#8178 = SURFACE_CURVE('',#8179,(#8184,#8190),.PCURVE_S1.);
#8179 = CIRCLE('',#8180,3.);
#8180 = AXIS2_PLACEMENT_3D('',#8181,#8182,#8183);
#8181 = CARTESIAN_POINT('',(55.,-9.,113.));
#8182 = DIRECTION('',(-1.,0.,0.));
#8183 = DIRECTION('',(0.,-1.,0.));
#8184 = PCURVE('',#1871,#8185);
#8185 = DEFINITIONAL_REPRESENTATION('',(#8186),#8189);
#8186 = B_SPLINE_CURVE_WITH_KNOTS('',1,(#8187,#8188),.UNSPECIFIED.,.F.,
  .F.,(2,2),(4.712388980385,6.28318530718),.PIECEWISE_BEZIER_KNOTS.);
#8187 = CARTESIAN_POINT('',(1.570796326795,116.));
#8188 = CARTESIAN_POINT('',(0.,116.));
#8189 = ( GEOMETRIC_REPRESENTATION_CONTEXT(2) 
PARAMETRIC_REPRESENTATION_CONTEXT() REPRESENTATION_CONTEXT('2D SPACE',''
  ) );
#8190 = PCURVE('',#1900,#8191);
#8191 = DEFINITIONAL_REPRESENTATION('',(#8192),#8195);
#8192 = B_SPLINE_CURVE_WITH_KNOTS('',1,(#8193,#8194),.UNSPECIFIED.,.F.,
  .F.,(2,2),(4.712388980385,6.28318530718),.PIECEWISE_BEZIER_KNOTS.);
#8193 = CARTESIAN_POINT('',(0.,4.712388980385));
#8194 = CARTESIAN_POINT('',(0.,6.28318530718));
#8195 = ( GEOMETRIC_REPRESENTATION_CONTEXT(2) 
PARAMETRIC_REPRESENTATION_CONTEXT() REPRESENTATION_CONTEXT('2D SPACE',''
  ) );
#8196 = ORIENTED_EDGE('',*,*,#8197,.F.);
#8197 = EDGE_CURVE('',#7850,#8176,#8198,.T.);
#8198 = SURFACE_CURVE('',#8199,(#8203,#8210),.PCURVE_S1.);
#8199 = LINE('',#8200,#8201);
#8200 = CARTESIAN_POINT('',(-61.,-12.,113.));
#8201 = VECTOR('',#8202,1.);
#8202 = DIRECTION('',(1.,0.,0.));
#8203 = PCURVE('',#1871,#8204);
#8204 = DEFINITIONAL_REPRESENTATION('',(#8205),#8209);
#8205 = LINE('',#8206,#8207);
#8206 = CARTESIAN_POINT('',(0.,0.));
#8207 = VECTOR('',#8208,1.);
#8208 = DIRECTION('',(0.,1.));
#8209 = ( GEOMETRIC_REPRESENTATION_CONTEXT(2) 
PARAMETRIC_REPRESENTATION_CONTEXT() REPRESENTATION_CONTEXT('2D SPACE',''
  ) );
#8210 = PCURVE('',#7689,#8211);
#8211 = DEFINITIONAL_REPRESENTATION('',(#8212),#8216);
#8212 = LINE('',#8213,#8214);
#8213 = CARTESIAN_POINT('',(83.,0.));
#8214 = VECTOR('',#8215,1.);
#8215 = DIRECTION('',(0.,-1.));
#8216 = ( GEOMETRIC_REPRESENTATION_CONTEXT(2) 
PARAMETRIC_REPRESENTATION_CONTEXT() REPRESENTATION_CONTEXT('2D SPACE',''
  ) );
#8217 = ADVANCED_FACE('',(#8218),#1928,.T.);
#8218 = FACE_BOUND('',#8219,.F.);
#8219 = EDGE_LOOP('',(#8220,#8240,#8241,#8242));
#8220 = ORIENTED_EDGE('',*,*,#8221,.T.);
#8221 = EDGE_CURVE('',#1884,#2673,#8222,.T.);
#8222 = SURFACE_CURVE('',#8223,(#8228,#8234),.PCURVE_S1.);
#8223 = CIRCLE('',#8224,3.);
#8224 = AXIS2_PLACEMENT_3D('',#8225,#8226,#8227);
#8225 = CARTESIAN_POINT('',(58.,-6.,113.));
#8226 = DIRECTION('',(-6.123233995737E-17,-1.,0.));
#8227 = DIRECTION('',(1.,-6.123233995737E-17,0.));
#8228 = PCURVE('',#1928,#8229);
#8229 = DEFINITIONAL_REPRESENTATION('',(#8230),#8233);
#8230 = B_SPLINE_CURVE_WITH_KNOTS('',1,(#8231,#8232),.UNSPECIFIED.,.F.,
  .F.,(2,2),(4.712388980385,6.28318530718),.PIECEWISE_BEZIER_KNOTS.);
#8231 = CARTESIAN_POINT('',(0.,6.));
#8232 = CARTESIAN_POINT('',(-1.570796326795,6.));
#8233 = ( GEOMETRIC_REPRESENTATION_CONTEXT(2) 
PARAMETRIC_REPRESENTATION_CONTEXT() REPRESENTATION_CONTEXT('2D SPACE',''
  ) );
#8234 = PCURVE('',#1900,#8235);
#8235 = DEFINITIONAL_REPRESENTATION('',(#8236),#8239);
#8236 = B_SPLINE_CURVE_WITH_KNOTS('',1,(#8237,#8238),.UNSPECIFIED.,.F.,
  .F.,(2,2),(4.712388980385,6.28318530718),.PIECEWISE_BEZIER_KNOTS.);
#8237 = CARTESIAN_POINT('',(1.570796326795,4.712388980385));
#8238 = CARTESIAN_POINT('',(1.570796326795,6.28318530718));
#8239 = ( GEOMETRIC_REPRESENTATION_CONTEXT(2) 
PARAMETRIC_REPRESENTATION_CONTEXT() REPRESENTATION_CONTEXT('2D SPACE',''
  ) );
#8240 = ORIENTED_EDGE('',*,*,#2700,.T.);
#8241 = ORIENTED_EDGE('',*,*,#8141,.F.);
#8242 = ORIENTED_EDGE('',*,*,#1912,.F.);
#8243 = ADVANCED_FACE('',(#8244),#1900,.T.);
#8244 = FACE_BOUND('',#8245,.T.);
#8245 = EDGE_LOOP('',(#8246,#8247,#8248,#8249));
#8246 = ORIENTED_EDGE('',*,*,#8175,.F.);
#8247 = ORIENTED_EDGE('',*,*,#1883,.T.);
#8248 = ORIENTED_EDGE('',*,*,#8221,.T.);
#8249 = ORIENTED_EDGE('',*,*,#8250,.F.);
#8250 = EDGE_CURVE('',#8176,#2673,#8251,.T.);
#8251 = SURFACE_CURVE('',#8252,(#8257,#8264),.PCURVE_S1.);
#8252 = CIRCLE('',#8253,6.);
#8253 = AXIS2_PLACEMENT_3D('',#8254,#8255,#8256);
#8254 = CARTESIAN_POINT('',(55.,-6.,113.));
#8255 = DIRECTION('',(0.,0.,1.));
#8256 = DIRECTION('',(-0.,-1.,0.));
#8257 = PCURVE('',#1900,#8258);
#8258 = DEFINITIONAL_REPRESENTATION('',(#8259),#8263);
#8259 = LINE('',#8260,#8261);
#8260 = CARTESIAN_POINT('',(0.,6.28318530718));
#8261 = VECTOR('',#8262,1.);
#8262 = DIRECTION('',(1.,0.));
#8263 = ( GEOMETRIC_REPRESENTATION_CONTEXT(2) 
PARAMETRIC_REPRESENTATION_CONTEXT() REPRESENTATION_CONTEXT('2D SPACE',''
  ) );
#8264 = PCURVE('',#2688,#8265);
#8265 = DEFINITIONAL_REPRESENTATION('',(#8266),#8270);
#8266 = LINE('',#8267,#8268);
#8267 = CARTESIAN_POINT('',(-0.,83.));
#8268 = VECTOR('',#8269,1.);
#8269 = DIRECTION('',(-1.,0.));
#8270 = ( GEOMETRIC_REPRESENTATION_CONTEXT(2) 
PARAMETRIC_REPRESENTATION_CONTEXT() REPRESENTATION_CONTEXT('2D SPACE',''
  ) );
#8271 = ADVANCED_FACE('',(#8272),#2012,.F.);
#8272 = FACE_BOUND('',#8273,.T.);
#8273 = EDGE_LOOP('',(#8274,#8275,#8296,#8297));
#8274 = ORIENTED_EDGE('',*,*,#1991,.T.);
#8275 = ORIENTED_EDGE('',*,*,#8276,.T.);
#8276 = EDGE_CURVE('',#1992,#5980,#8277,.T.);
#8277 = SEAM_CURVE('',#8278,(#8282,#8289),.PCURVE_S1.);
#8278 = LINE('',#8279,#8280);
#8279 = CARTESIAN_POINT('',(-16.3,46.,109.));
#8280 = VECTOR('',#8281,1.);
#8281 = DIRECTION('',(0.,0.,1.));
#8282 = PCURVE('',#2012,#8283);
#8283 = DEFINITIONAL_REPRESENTATION('',(#8284),#8288);
#8284 = LINE('',#8285,#8286);
#8285 = CARTESIAN_POINT('',(-6.28318530718,0.));
#8286 = VECTOR('',#8287,1.);
#8287 = DIRECTION('',(-0.,-1.));
#8288 = ( GEOMETRIC_REPRESENTATION_CONTEXT(2) 
PARAMETRIC_REPRESENTATION_CONTEXT() REPRESENTATION_CONTEXT('2D SPACE',''
  ) );
#8289 = PCURVE('',#2012,#8290);
#8290 = DEFINITIONAL_REPRESENTATION('',(#8291),#8295);
#8291 = LINE('',#8292,#8293);
#8292 = CARTESIAN_POINT('',(-0.,0.));
#8293 = VECTOR('',#8294,1.);
#8294 = DIRECTION('',(-0.,-1.));
#8295 = ( GEOMETRIC_REPRESENTATION_CONTEXT(2) 
PARAMETRIC_REPRESENTATION_CONTEXT() REPRESENTATION_CONTEXT('2D SPACE',''
  ) );
#8296 = ORIENTED_EDGE('',*,*,#5979,.F.);
#8297 = ORIENTED_EDGE('',*,*,#8276,.F.);
#8298 = ADVANCED_FACE('',(#8299),#2047,.F.);
#8299 = FACE_BOUND('',#8300,.T.);
#8300 = EDGE_LOOP('',(#8301,#8302,#8323,#8324));
#8301 = ORIENTED_EDGE('',*,*,#2026,.T.);
#8302 = ORIENTED_EDGE('',*,*,#8303,.T.);
#8303 = EDGE_CURVE('',#2027,#6010,#8304,.T.);
#8304 = SEAM_CURVE('',#8305,(#8309,#8316),.PCURVE_S1.);
#8305 = LINE('',#8306,#8307);
#8306 = CARTESIAN_POINT('',(40.8,1.,109.));
#8307 = VECTOR('',#8308,1.);
#8308 = DIRECTION('',(0.,0.,1.));
#8309 = PCURVE('',#2047,#8310);
#8310 = DEFINITIONAL_REPRESENTATION('',(#8311),#8315);
#8311 = LINE('',#8312,#8313);
#8312 = CARTESIAN_POINT('',(-6.28318530718,0.));
#8313 = VECTOR('',#8314,1.);
#8314 = DIRECTION('',(-0.,-1.));
#8315 = ( GEOMETRIC_REPRESENTATION_CONTEXT(2) 
PARAMETRIC_REPRESENTATION_CONTEXT() REPRESENTATION_CONTEXT('2D SPACE',''
  ) );
#8316 = PCURVE('',#2047,#8317);
#8317 = DEFINITIONAL_REPRESENTATION('',(#8318),#8322);
#8318 = LINE('',#8319,#8320);
#8319 = CARTESIAN_POINT('',(-0.,0.));
#8320 = VECTOR('',#8321,1.);
#8321 = DIRECTION('',(-0.,-1.));
#8322 = ( GEOMETRIC_REPRESENTATION_CONTEXT(2) 
PARAMETRIC_REPRESENTATION_CONTEXT() REPRESENTATION_CONTEXT('2D SPACE',''
  ) );
#8323 = ORIENTED_EDGE('',*,*,#6009,.F.);
#8324 = ORIENTED_EDGE('',*,*,#8303,.F.);
#8325 = ADVANCED_FACE('',(#8326),#2082,.F.);
#8326 = FACE_BOUND('',#8327,.T.);
#8327 = EDGE_LOOP('',(#8328,#8329,#8350,#8351));
#8328 = ORIENTED_EDGE('',*,*,#2061,.T.);
#8329 = ORIENTED_EDGE('',*,*,#8330,.T.);
#8330 = EDGE_CURVE('',#2062,#6040,#8331,.T.);
#8331 = SEAM_CURVE('',#8332,(#8336,#8343),.PCURVE_S1.);
#8332 = LINE('',#8333,#8334);
#8333 = CARTESIAN_POINT('',(40.8,7.8,109.));
#8334 = VECTOR('',#8335,1.);
#8335 = DIRECTION('',(0.,0.,1.));
#8336 = PCURVE('',#2082,#8337);
#8337 = DEFINITIONAL_REPRESENTATION('',(#8338),#8342);
#8338 = LINE('',#8339,#8340);
#8339 = CARTESIAN_POINT('',(-6.28318530718,0.));
#8340 = VECTOR('',#8341,1.);
#8341 = DIRECTION('',(-0.,-1.));
#8342 = ( GEOMETRIC_REPRESENTATION_CONTEXT(2) 
PARAMETRIC_REPRESENTATION_CONTEXT() REPRESENTATION_CONTEXT('2D SPACE',''
  ) );
#8343 = PCURVE('',#2082,#8344);
#8344 = DEFINITIONAL_REPRESENTATION('',(#8345),#8349);
#8345 = LINE('',#8346,#8347);
#8346 = CARTESIAN_POINT('',(-0.,0.));
#8347 = VECTOR('',#8348,1.);
#8348 = DIRECTION('',(-0.,-1.));
#8349 = ( GEOMETRIC_REPRESENTATION_CONTEXT(2) 
PARAMETRIC_REPRESENTATION_CONTEXT() REPRESENTATION_CONTEXT('2D SPACE',''
  ) );
#8350 = ORIENTED_EDGE('',*,*,#6039,.F.);
#8351 = ORIENTED_EDGE('',*,*,#8330,.F.);
#8352 = ADVANCED_FACE('',(#8353),#2117,.F.);
#8353 = FACE_BOUND('',#8354,.T.);
#8354 = EDGE_LOOP('',(#8355,#8356,#8377,#8378));
#8355 = ORIENTED_EDGE('',*,*,#2096,.T.);
#8356 = ORIENTED_EDGE('',*,*,#8357,.T.);
#8357 = EDGE_CURVE('',#2097,#6070,#8358,.T.);
#8358 = SEAM_CURVE('',#8359,(#8363,#8370),.PCURVE_S1.);
#8359 = LINE('',#8360,#8361);
#8360 = CARTESIAN_POINT('',(19.7,46.,109.));
#8361 = VECTOR('',#8362,1.);
#8362 = DIRECTION('',(0.,0.,1.));
#8363 = PCURVE('',#2117,#8364);
#8364 = DEFINITIONAL_REPRESENTATION('',(#8365),#8369);
#8365 = LINE('',#8366,#8367);
#8366 = CARTESIAN_POINT('',(-6.28318530718,0.));
#8367 = VECTOR('',#8368,1.);
#8368 = DIRECTION('',(-0.,-1.));
#8369 = ( GEOMETRIC_REPRESENTATION_CONTEXT(2) 
PARAMETRIC_REPRESENTATION_CONTEXT() REPRESENTATION_CONTEXT('2D SPACE',''
  ) );
#8370 = PCURVE('',#2117,#8371);
#8371 = DEFINITIONAL_REPRESENTATION('',(#8372),#8376);
#8372 = LINE('',#8373,#8374);
#8373 = CARTESIAN_POINT('',(-0.,0.));
#8374 = VECTOR('',#8375,1.);
#8375 = DIRECTION('',(-0.,-1.));
#8376 = ( GEOMETRIC_REPRESENTATION_CONTEXT(2) 
PARAMETRIC_REPRESENTATION_CONTEXT() REPRESENTATION_CONTEXT('2D SPACE',''
  ) );
#8377 = ORIENTED_EDGE('',*,*,#6069,.F.);
#8378 = ORIENTED_EDGE('',*,*,#8357,.F.);
#8379 = ADVANCED_FACE('',(#8380),#2148,.T.);
#8380 = FACE_BOUND('',#8381,.T.);
#8381 = EDGE_LOOP('',(#8382,#8403,#8404,#8425));
#8382 = ORIENTED_EDGE('',*,*,#8383,.F.);
#8383 = EDGE_CURVE('',#2132,#6130,#8384,.T.);
#8384 = SURFACE_CURVE('',#8385,(#8389,#8396),.PCURVE_S1.);
#8385 = LINE('',#8386,#8387);
#8386 = CARTESIAN_POINT('',(15.,49.,109.));
#8387 = VECTOR('',#8388,1.);
#8388 = DIRECTION('',(0.,0.,1.));
#8389 = PCURVE('',#2148,#8390);
#8390 = DEFINITIONAL_REPRESENTATION('',(#8391),#8395);
#8391 = LINE('',#8392,#8393);
#8392 = CARTESIAN_POINT('',(0.,30.));
#8393 = VECTOR('',#8394,1.);
#8394 = DIRECTION('',(1.,0.));
#8395 = ( GEOMETRIC_REPRESENTATION_CONTEXT(2) 
PARAMETRIC_REPRESENTATION_CONTEXT() REPRESENTATION_CONTEXT('2D SPACE',''
  ) );
#8396 = PCURVE('',#2224,#8397);
#8397 = DEFINITIONAL_REPRESENTATION('',(#8398),#8402);
#8398 = LINE('',#8399,#8400);
#8399 = CARTESIAN_POINT('',(0.,0.));
#8400 = VECTOR('',#8401,1.);
#8401 = DIRECTION('',(1.,0.));
#8402 = ( GEOMETRIC_REPRESENTATION_CONTEXT(2) 
PARAMETRIC_REPRESENTATION_CONTEXT() REPRESENTATION_CONTEXT('2D SPACE',''
  ) );
#8403 = ORIENTED_EDGE('',*,*,#2131,.T.);
#8404 = ORIENTED_EDGE('',*,*,#8405,.T.);
#8405 = EDGE_CURVE('',#2134,#6132,#8406,.T.);
#8406 = SURFACE_CURVE('',#8407,(#8411,#8418),.PCURVE_S1.);
#8407 = LINE('',#8408,#8409);
#8408 = CARTESIAN_POINT('',(-15.,49.,109.));
#8409 = VECTOR('',#8410,1.);
#8410 = DIRECTION('',(0.,0.,1.));
#8411 = PCURVE('',#2148,#8412);
#8412 = DEFINITIONAL_REPRESENTATION('',(#8413),#8417);
#8413 = LINE('',#8414,#8415);
#8414 = CARTESIAN_POINT('',(0.,0.));
#8415 = VECTOR('',#8416,1.);
#8416 = DIRECTION('',(1.,0.));
#8417 = ( GEOMETRIC_REPRESENTATION_CONTEXT(2) 
PARAMETRIC_REPRESENTATION_CONTEXT() REPRESENTATION_CONTEXT('2D SPACE',''
  ) );
#8418 = PCURVE('',#2174,#8419);
#8419 = DEFINITIONAL_REPRESENTATION('',(#8420),#8424);
#8420 = LINE('',#8421,#8422);
#8421 = CARTESIAN_POINT('',(0.,0.));
#8422 = VECTOR('',#8423,1.);
#8423 = DIRECTION('',(1.,0.));
#8424 = ( GEOMETRIC_REPRESENTATION_CONTEXT(2) 
PARAMETRIC_REPRESENTATION_CONTEXT() REPRESENTATION_CONTEXT('2D SPACE',''
  ) );
#8425 = ORIENTED_EDGE('',*,*,#6129,.F.);
#8426 = ADVANCED_FACE('',(#8427),#2224,.F.);
#8427 = FACE_BOUND('',#8428,.F.);
#8428 = EDGE_LOOP('',(#8429,#8430,#8431,#8452));
#8429 = ORIENTED_EDGE('',*,*,#8383,.F.);
#8430 = ORIENTED_EDGE('',*,*,#2211,.T.);
#8431 = ORIENTED_EDGE('',*,*,#8432,.T.);
#8432 = EDGE_CURVE('',#2186,#6174,#8433,.T.);
#8433 = SURFACE_CURVE('',#8434,(#8438,#8445),.PCURVE_S1.);
#8434 = LINE('',#8435,#8436);
#8435 = CARTESIAN_POINT('',(15.,79.,109.));
#8436 = VECTOR('',#8437,1.);
#8437 = DIRECTION('',(0.,0.,1.));
#8438 = PCURVE('',#2224,#8439);
#8439 = DEFINITIONAL_REPRESENTATION('',(#8440),#8444);
#8440 = LINE('',#8441,#8442);
#8441 = CARTESIAN_POINT('',(0.,-30.));
#8442 = VECTOR('',#8443,1.);
#8443 = DIRECTION('',(1.,0.));
#8444 = ( GEOMETRIC_REPRESENTATION_CONTEXT(2) 
PARAMETRIC_REPRESENTATION_CONTEXT() REPRESENTATION_CONTEXT('2D SPACE',''
  ) );
#8445 = PCURVE('',#2200,#8446);
#8446 = DEFINITIONAL_REPRESENTATION('',(#8447),#8451);
#8447 = LINE('',#8448,#8449);
#8448 = CARTESIAN_POINT('',(0.,30.));
#8449 = VECTOR('',#8450,1.);
#8450 = DIRECTION('',(1.,0.));
#8451 = ( GEOMETRIC_REPRESENTATION_CONTEXT(2) 
PARAMETRIC_REPRESENTATION_CONTEXT() REPRESENTATION_CONTEXT('2D SPACE',''
  ) );
#8452 = ORIENTED_EDGE('',*,*,#6194,.F.);
#8453 = ADVANCED_FACE('',(#8454),#2174,.T.);
#8454 = FACE_BOUND('',#8455,.T.);
#8455 = EDGE_LOOP('',(#8456,#8457,#8458,#8479));
#8456 = ORIENTED_EDGE('',*,*,#8405,.F.);
#8457 = ORIENTED_EDGE('',*,*,#2159,.T.);
#8458 = ORIENTED_EDGE('',*,*,#8459,.T.);
#8459 = EDGE_CURVE('',#2160,#6153,#8460,.T.);
#8460 = SURFACE_CURVE('',#8461,(#8465,#8472),.PCURVE_S1.);
#8461 = LINE('',#8462,#8463);
#8462 = CARTESIAN_POINT('',(-15.,79.,109.));
#8463 = VECTOR('',#8464,1.);
#8464 = DIRECTION('',(0.,0.,1.));
#8465 = PCURVE('',#2174,#8466);
#8466 = DEFINITIONAL_REPRESENTATION('',(#8467),#8471);
#8467 = LINE('',#8468,#8469);
#8468 = CARTESIAN_POINT('',(0.,-30.));
#8469 = VECTOR('',#8470,1.);
#8470 = DIRECTION('',(1.,0.));
#8471 = ( GEOMETRIC_REPRESENTATION_CONTEXT(2) 
PARAMETRIC_REPRESENTATION_CONTEXT() REPRESENTATION_CONTEXT('2D SPACE',''
  ) );
#8472 = PCURVE('',#2200,#8473);
#8473 = DEFINITIONAL_REPRESENTATION('',(#8474),#8478);
#8474 = LINE('',#8475,#8476);
#8475 = CARTESIAN_POINT('',(0.,0.));
#8476 = VECTOR('',#8477,1.);
#8477 = DIRECTION('',(1.,0.));
#8478 = ( GEOMETRIC_REPRESENTATION_CONTEXT(2) 
PARAMETRIC_REPRESENTATION_CONTEXT() REPRESENTATION_CONTEXT('2D SPACE',''
  ) );
#8479 = ORIENTED_EDGE('',*,*,#6152,.F.);
#8480 = ADVANCED_FACE('',(#8481),#2200,.F.);
#8481 = FACE_BOUND('',#8482,.F.);
#8482 = EDGE_LOOP('',(#8483,#8484,#8485,#8486));
#8483 = ORIENTED_EDGE('',*,*,#8432,.F.);
#8484 = ORIENTED_EDGE('',*,*,#2185,.T.);
#8485 = ORIENTED_EDGE('',*,*,#8459,.T.);
#8486 = ORIENTED_EDGE('',*,*,#6173,.F.);
#8487 = ADVANCED_FACE('',(#8488),#2258,.F.);
#8488 = FACE_BOUND('',#8489,.T.);
#8489 = EDGE_LOOP('',(#8490,#8491,#8512,#8513));
#8490 = ORIENTED_EDGE('',*,*,#2237,.T.);
#8491 = ORIENTED_EDGE('',*,*,#8492,.T.);
#8492 = EDGE_CURVE('',#2238,#6100,#8493,.T.);
#8493 = SEAM_CURVE('',#8494,(#8498,#8505),.PCURVE_S1.);
#8494 = LINE('',#8495,#8496);
#8495 = CARTESIAN_POINT('',(-16.3,82.,109.));
#8496 = VECTOR('',#8497,1.);
#8497 = DIRECTION('',(0.,0.,1.));
#8498 = PCURVE('',#2258,#8499);
#8499 = DEFINITIONAL_REPRESENTATION('',(#8500),#8504);
#8500 = LINE('',#8501,#8502);
#8501 = CARTESIAN_POINT('',(-6.28318530718,0.));
#8502 = VECTOR('',#8503,1.);
#8503 = DIRECTION('',(-0.,-1.));
#8504 = ( GEOMETRIC_REPRESENTATION_CONTEXT(2) 
PARAMETRIC_REPRESENTATION_CONTEXT() REPRESENTATION_CONTEXT('2D SPACE',''
  ) );
#8505 = PCURVE('',#2258,#8506);
#8506 = DEFINITIONAL_REPRESENTATION('',(#8507),#8511);
#8507 = LINE('',#8508,#8509);
#8508 = CARTESIAN_POINT('',(-0.,0.));
#8509 = VECTOR('',#8510,1.);
#8510 = DIRECTION('',(-0.,-1.));
#8511 = ( GEOMETRIC_REPRESENTATION_CONTEXT(2) 
PARAMETRIC_REPRESENTATION_CONTEXT() REPRESENTATION_CONTEXT('2D SPACE',''
  ) );
#8512 = ORIENTED_EDGE('',*,*,#6099,.F.);
#8513 = ORIENTED_EDGE('',*,*,#8492,.F.);
#8514 = ADVANCED_FACE('',(#8515),#2289,.T.);
#8515 = FACE_BOUND('',#8516,.T.);
#8516 = EDGE_LOOP('',(#8517,#8538,#8539,#8562,#8583,#8584));
#8517 = ORIENTED_EDGE('',*,*,#8518,.F.);
#8518 = EDGE_CURVE('',#2273,#5663,#8519,.T.);
#8519 = SURFACE_CURVE('',#8520,(#8524,#8531),.PCURVE_S1.);
#8520 = LINE('',#8521,#8522);
#8521 = CARTESIAN_POINT('',(-31.,139.,109.));
#8522 = VECTOR('',#8523,1.);
#8523 = DIRECTION('',(0.,0.,1.));
#8524 = PCURVE('',#2289,#8525);
#8525 = DEFINITIONAL_REPRESENTATION('',(#8526),#8530);
#8526 = LINE('',#8527,#8528);
#8527 = CARTESIAN_POINT('',(0.,18.));
#8528 = VECTOR('',#8529,1.);
#8529 = DIRECTION('',(1.,0.));
#8530 = ( GEOMETRIC_REPRESENTATION_CONTEXT(2) 
PARAMETRIC_REPRESENTATION_CONTEXT() REPRESENTATION_CONTEXT('2D SPACE',''
  ) );
#8531 = PCURVE('',#2365,#8532);
#8532 = DEFINITIONAL_REPRESENTATION('',(#8533),#8537);
#8533 = LINE('',#8534,#8535);
#8534 = CARTESIAN_POINT('',(0.,0.));
#8535 = VECTOR('',#8536,1.);
#8536 = DIRECTION('',(1.,0.));
#8537 = ( GEOMETRIC_REPRESENTATION_CONTEXT(2) 
PARAMETRIC_REPRESENTATION_CONTEXT() REPRESENTATION_CONTEXT('2D SPACE',''
  ) );
#8538 = ORIENTED_EDGE('',*,*,#2272,.T.);
#8539 = ORIENTED_EDGE('',*,*,#8540,.T.);
#8540 = EDGE_CURVE('',#2275,#8541,#8543,.T.);
#8541 = VERTEX_POINT('',#8542);
#8542 = CARTESIAN_POINT('',(-49.,139.,113.5));
#8543 = SURFACE_CURVE('',#8544,(#8548,#8555),.PCURVE_S1.);
#8544 = LINE('',#8545,#8546);
#8545 = CARTESIAN_POINT('',(-49.,139.,109.));
#8546 = VECTOR('',#8547,1.);
#8547 = DIRECTION('',(0.,0.,1.));
#8548 = PCURVE('',#2289,#8549);
#8549 = DEFINITIONAL_REPRESENTATION('',(#8550),#8554);
#8550 = LINE('',#8551,#8552);
#8551 = CARTESIAN_POINT('',(0.,0.));
#8552 = VECTOR('',#8553,1.);
#8553 = DIRECTION('',(1.,0.));
#8554 = ( GEOMETRIC_REPRESENTATION_CONTEXT(2) 
PARAMETRIC_REPRESENTATION_CONTEXT() REPRESENTATION_CONTEXT('2D SPACE',''
  ) );
#8555 = PCURVE('',#2315,#8556);
#8556 = DEFINITIONAL_REPRESENTATION('',(#8557),#8561);
#8557 = LINE('',#8558,#8559);
#8558 = CARTESIAN_POINT('',(0.,0.));
#8559 = VECTOR('',#8560,1.);
#8560 = DIRECTION('',(1.,0.));
#8561 = ( GEOMETRIC_REPRESENTATION_CONTEXT(2) 
PARAMETRIC_REPRESENTATION_CONTEXT() REPRESENTATION_CONTEXT('2D SPACE',''
  ) );
#8562 = ORIENTED_EDGE('',*,*,#8563,.T.);
#8563 = EDGE_CURVE('',#8541,#6629,#8564,.T.);
#8564 = SURFACE_CURVE('',#8565,(#8569,#8576),.PCURVE_S1.);
#8565 = LINE('',#8566,#8567);
#8566 = CARTESIAN_POINT('',(-49.,139.,113.5));
#8567 = VECTOR('',#8568,1.);
#8568 = DIRECTION('',(1.,0.,0.));
#8569 = PCURVE('',#2289,#8570);
#8570 = DEFINITIONAL_REPRESENTATION('',(#8571),#8575);
#8571 = LINE('',#8572,#8573);
#8572 = CARTESIAN_POINT('',(4.5,0.));
#8573 = VECTOR('',#8574,1.);
#8574 = DIRECTION('',(0.,1.));
#8575 = ( GEOMETRIC_REPRESENTATION_CONTEXT(2) 
PARAMETRIC_REPRESENTATION_CONTEXT() REPRESENTATION_CONTEXT('2D SPACE',''
  ) );
#8576 = PCURVE('',#6664,#8577);
#8577 = DEFINITIONAL_REPRESENTATION('',(#8578),#8582);
#8578 = LINE('',#8579,#8580);
#8579 = CARTESIAN_POINT('',(0.,0.));
#8580 = VECTOR('',#8581,1.);
#8581 = DIRECTION('',(1.,0.));
#8582 = ( GEOMETRIC_REPRESENTATION_CONTEXT(2) 
PARAMETRIC_REPRESENTATION_CONTEXT() REPRESENTATION_CONTEXT('2D SPACE',''
  ) );
#8583 = ORIENTED_EDGE('',*,*,#6628,.F.);
#8584 = ORIENTED_EDGE('',*,*,#5683,.F.);
#8585 = ADVANCED_FACE('',(#8586),#2365,.F.);
#8586 = FACE_BOUND('',#8587,.F.);
#8587 = EDGE_LOOP('',(#8588,#8589,#8590,#8611));
#8588 = ORIENTED_EDGE('',*,*,#8518,.F.);
#8589 = ORIENTED_EDGE('',*,*,#2352,.T.);
#8590 = ORIENTED_EDGE('',*,*,#8591,.T.);
#8591 = EDGE_CURVE('',#2327,#5642,#8592,.T.);
#8592 = SURFACE_CURVE('',#8593,(#8597,#8604),.PCURVE_S1.);
#8593 = LINE('',#8594,#8595);
#8594 = CARTESIAN_POINT('',(-31.,147.,109.));
#8595 = VECTOR('',#8596,1.);
#8596 = DIRECTION('',(0.,0.,1.));
#8597 = PCURVE('',#2365,#8598);
#8598 = DEFINITIONAL_REPRESENTATION('',(#8599),#8603);
#8599 = LINE('',#8600,#8601);
#8600 = CARTESIAN_POINT('',(0.,-8.));
#8601 = VECTOR('',#8602,1.);
#8602 = DIRECTION('',(1.,0.));
#8603 = ( GEOMETRIC_REPRESENTATION_CONTEXT(2) 
PARAMETRIC_REPRESENTATION_CONTEXT() REPRESENTATION_CONTEXT('2D SPACE',''
  ) );
#8604 = PCURVE('',#2341,#8605);
#8605 = DEFINITIONAL_REPRESENTATION('',(#8606),#8610);
#8606 = LINE('',#8607,#8608);
#8607 = CARTESIAN_POINT('',(0.,18.));
#8608 = VECTOR('',#8609,1.);
#8609 = DIRECTION('',(1.,0.));
#8610 = ( GEOMETRIC_REPRESENTATION_CONTEXT(2) 
PARAMETRIC_REPRESENTATION_CONTEXT() REPRESENTATION_CONTEXT('2D SPACE',''
  ) );
#8611 = ORIENTED_EDGE('',*,*,#5662,.F.);
#8612 = ADVANCED_FACE('',(#8613),#2341,.F.);
#8613 = FACE_BOUND('',#8614,.F.);
#8614 = EDGE_LOOP('',(#8615,#8616,#8617,#8640,#8661,#8662));
#8615 = ORIENTED_EDGE('',*,*,#8591,.F.);
#8616 = ORIENTED_EDGE('',*,*,#2326,.T.);
#8617 = ORIENTED_EDGE('',*,*,#8618,.T.);
#8618 = EDGE_CURVE('',#2301,#8619,#8621,.T.);
#8619 = VERTEX_POINT('',#8620);
#8620 = CARTESIAN_POINT('',(-49.,147.,113.5));
#8621 = SURFACE_CURVE('',#8622,(#8626,#8633),.PCURVE_S1.);
#8622 = LINE('',#8623,#8624);
#8623 = CARTESIAN_POINT('',(-49.,147.,109.));
#8624 = VECTOR('',#8625,1.);
#8625 = DIRECTION('',(0.,0.,1.));
#8626 = PCURVE('',#2341,#8627);
#8627 = DEFINITIONAL_REPRESENTATION('',(#8628),#8632);
#8628 = LINE('',#8629,#8630);
#8629 = CARTESIAN_POINT('',(0.,0.));
#8630 = VECTOR('',#8631,1.);
#8631 = DIRECTION('',(1.,0.));
#8632 = ( GEOMETRIC_REPRESENTATION_CONTEXT(2) 
PARAMETRIC_REPRESENTATION_CONTEXT() REPRESENTATION_CONTEXT('2D SPACE',''
  ) );
#8633 = PCURVE('',#2315,#8634);
#8634 = DEFINITIONAL_REPRESENTATION('',(#8635),#8639);
#8635 = LINE('',#8636,#8637);
#8636 = CARTESIAN_POINT('',(0.,-8.));
#8637 = VECTOR('',#8638,1.);
#8638 = DIRECTION('',(1.,0.));
#8639 = ( GEOMETRIC_REPRESENTATION_CONTEXT(2) 
PARAMETRIC_REPRESENTATION_CONTEXT() REPRESENTATION_CONTEXT('2D SPACE',''
  ) );
#8640 = ORIENTED_EDGE('',*,*,#8641,.T.);
#8641 = EDGE_CURVE('',#8619,#6650,#8642,.T.);
#8642 = SURFACE_CURVE('',#8643,(#8647,#8654),.PCURVE_S1.);
#8643 = LINE('',#8644,#8645);
#8644 = CARTESIAN_POINT('',(-49.,147.,113.5));
#8645 = VECTOR('',#8646,1.);
#8646 = DIRECTION('',(1.,0.,0.));
#8647 = PCURVE('',#2341,#8648);
#8648 = DEFINITIONAL_REPRESENTATION('',(#8649),#8653);
#8649 = LINE('',#8650,#8651);
#8650 = CARTESIAN_POINT('',(4.5,0.));
#8651 = VECTOR('',#8652,1.);
#8652 = DIRECTION('',(0.,1.));
#8653 = ( GEOMETRIC_REPRESENTATION_CONTEXT(2) 
PARAMETRIC_REPRESENTATION_CONTEXT() REPRESENTATION_CONTEXT('2D SPACE',''
  ) );
#8654 = PCURVE('',#6664,#8655);
#8655 = DEFINITIONAL_REPRESENTATION('',(#8656),#8660);
#8656 = LINE('',#8657,#8658);
#8657 = CARTESIAN_POINT('',(0.,8.));
#8658 = VECTOR('',#8659,1.);
#8659 = DIRECTION('',(1.,0.));
#8660 = ( GEOMETRIC_REPRESENTATION_CONTEXT(2) 
PARAMETRIC_REPRESENTATION_CONTEXT() REPRESENTATION_CONTEXT('2D SPACE',''
  ) );
#8661 = ORIENTED_EDGE('',*,*,#6675,.F.);
#8662 = ORIENTED_EDGE('',*,*,#5641,.F.);
#8663 = ADVANCED_FACE('',(#8664),#2315,.T.);
#8664 = FACE_BOUND('',#8665,.T.);
#8665 = EDGE_LOOP('',(#8666,#8667,#8668,#8669));
#8666 = ORIENTED_EDGE('',*,*,#8540,.F.);
#8667 = ORIENTED_EDGE('',*,*,#2300,.T.);
#8668 = ORIENTED_EDGE('',*,*,#8618,.T.);
#8669 = ORIENTED_EDGE('',*,*,#8670,.F.);
#8670 = EDGE_CURVE('',#8541,#8619,#8671,.T.);
#8671 = SURFACE_CURVE('',#8672,(#8676,#8683),.PCURVE_S1.);
#8672 = LINE('',#8673,#8674);
#8673 = CARTESIAN_POINT('',(-49.,139.,113.5));
#8674 = VECTOR('',#8675,1.);
#8675 = DIRECTION('',(0.,1.,0.));
#8676 = PCURVE('',#2315,#8677);
#8677 = DEFINITIONAL_REPRESENTATION('',(#8678),#8682);
#8678 = LINE('',#8679,#8680);
#8679 = CARTESIAN_POINT('',(4.5,0.));
#8680 = VECTOR('',#8681,1.);
#8681 = DIRECTION('',(0.,-1.));
#8682 = ( GEOMETRIC_REPRESENTATION_CONTEXT(2) 
PARAMETRIC_REPRESENTATION_CONTEXT() REPRESENTATION_CONTEXT('2D SPACE',''
  ) );
#8683 = PCURVE('',#6664,#8684);
#8684 = DEFINITIONAL_REPRESENTATION('',(#8685),#8689);
#8685 = LINE('',#8686,#8687);
#8686 = CARTESIAN_POINT('',(0.,0.));
#8687 = VECTOR('',#8688,1.);
#8688 = DIRECTION('',(0.,1.));
#8689 = ( GEOMETRIC_REPRESENTATION_CONTEXT(2) 
PARAMETRIC_REPRESENTATION_CONTEXT() REPRESENTATION_CONTEXT('2D SPACE',''
  ) );
#8690 = ADVANCED_FACE('',(#8691),#2399,.F.);
#8691 = FACE_BOUND('',#8692,.T.);
#8692 = EDGE_LOOP('',(#8693,#8714,#8715,#8716,#8717,#8748));
#8693 = ORIENTED_EDGE('',*,*,#8694,.F.);
#8694 = EDGE_CURVE('',#2379,#6302,#8695,.T.);
#8695 = SEAM_CURVE('',#8696,(#8700,#8707),.PCURVE_S1.);
#8696 = LINE('',#8697,#8698);
#8697 = CARTESIAN_POINT('',(-1.5,110.,109.));
#8698 = VECTOR('',#8699,1.);
#8699 = DIRECTION('',(0.,0.,1.));
#8700 = PCURVE('',#2399,#8701);
#8701 = DEFINITIONAL_REPRESENTATION('',(#8702),#8706);
#8702 = LINE('',#8703,#8704);
#8703 = CARTESIAN_POINT('',(-6.28318530718,0.));
#8704 = VECTOR('',#8705,1.);
#8705 = DIRECTION('',(-0.,-1.));
#8706 = ( GEOMETRIC_REPRESENTATION_CONTEXT(2) 
PARAMETRIC_REPRESENTATION_CONTEXT() REPRESENTATION_CONTEXT('2D SPACE',''
  ) );
#8707 = PCURVE('',#2399,#8708);
#8708 = DEFINITIONAL_REPRESENTATION('',(#8709),#8713);
#8709 = LINE('',#8710,#8711);
#8710 = CARTESIAN_POINT('',(-0.,0.));
#8711 = VECTOR('',#8712,1.);
#8712 = DIRECTION('',(-0.,-1.));
#8713 = ( GEOMETRIC_REPRESENTATION_CONTEXT(2) 
PARAMETRIC_REPRESENTATION_CONTEXT() REPRESENTATION_CONTEXT('2D SPACE',''
  ) );
#8714 = ORIENTED_EDGE('',*,*,#2378,.T.);
#8715 = ORIENTED_EDGE('',*,*,#8694,.T.);
#8716 = ORIENTED_EDGE('',*,*,#6301,.F.);
#8717 = ORIENTED_EDGE('',*,*,#8718,.F.);
#8718 = EDGE_CURVE('',#6330,#6274,#8719,.T.);
#8719 = SURFACE_CURVE('',#8720,(#8725,#8732),.PCURVE_S1.);
#8720 = CIRCLE('',#8721,10.);
#8721 = AXIS2_PLACEMENT_3D('',#8722,#8723,#8724);
#8722 = CARTESIAN_POINT('',(-11.5,110.,112.5));
#8723 = DIRECTION('',(0.,0.,-1.));
#8724 = DIRECTION('',(1.,0.,0.));
#8725 = PCURVE('',#2399,#8726);
#8726 = DEFINITIONAL_REPRESENTATION('',(#8727),#8731);
#8727 = LINE('',#8728,#8729);
#8728 = CARTESIAN_POINT('',(-6.28318530718,-3.5));
#8729 = VECTOR('',#8730,1.);
#8730 = DIRECTION('',(1.,-0.));
#8731 = ( GEOMETRIC_REPRESENTATION_CONTEXT(2) 
PARAMETRIC_REPRESENTATION_CONTEXT() REPRESENTATION_CONTEXT('2D SPACE',''
  ) );
#8732 = PCURVE('',#8733,#8738);
#8733 = PLANE('',#8734);
#8734 = AXIS2_PLACEMENT_3D('',#8735,#8736,#8737);
#8735 = CARTESIAN_POINT('',(-23.2,99.4,112.5));
#8736 = DIRECTION('',(0.,0.,1.));
#8737 = DIRECTION('',(1.,0.,0.));
#8738 = DEFINITIONAL_REPRESENTATION('',(#8739),#8747);
#8739 = ( BOUNDED_CURVE() B_SPLINE_CURVE(2,(#8740,#8741,#8742,#8743,
#8744,#8745,#8746),.UNSPECIFIED.,.T.,.F.) B_SPLINE_CURVE_WITH_KNOTS((1,2
    ,2,2,2,1),(-2.094395102393,0.,2.094395102393,4.188790204786,
6.28318530718,8.377580409573),.UNSPECIFIED.) CURVE() 
GEOMETRIC_REPRESENTATION_ITEM() RATIONAL_B_SPLINE_CURVE((1.,0.5,1.,0.5,
1.,0.5,1.)) REPRESENTATION_ITEM('') );
#8740 = CARTESIAN_POINT('',(21.7,10.6));
#8741 = CARTESIAN_POINT('',(21.7,-6.720508075689));
#8742 = CARTESIAN_POINT('',(6.7,1.939745962156));
#8743 = CARTESIAN_POINT('',(-8.3,10.6));
#8744 = CARTESIAN_POINT('',(6.7,19.260254037844));
#8745 = CARTESIAN_POINT('',(21.7,27.920508075689));
#8746 = CARTESIAN_POINT('',(21.7,10.6));
#8747 = ( GEOMETRIC_REPRESENTATION_CONTEXT(2) 
PARAMETRIC_REPRESENTATION_CONTEXT() REPRESENTATION_CONTEXT('2D SPACE',''
  ) );
#8748 = ORIENTED_EDGE('',*,*,#6329,.F.);
#8749 = ADVANCED_FACE('',(#8750),#2434,.F.);
#8750 = FACE_BOUND('',#8751,.T.);
#8751 = EDGE_LOOP('',(#8752,#8753,#8774,#8775));
#8752 = ORIENTED_EDGE('',*,*,#2413,.T.);
#8753 = ORIENTED_EDGE('',*,*,#8754,.T.);
#8754 = EDGE_CURVE('',#2414,#6409,#8755,.T.);
#8755 = SEAM_CURVE('',#8756,(#8760,#8767),.PCURVE_S1.);
#8756 = LINE('',#8757,#8758);
#8757 = CARTESIAN_POINT('',(19.7,82.,109.));
#8758 = VECTOR('',#8759,1.);
#8759 = DIRECTION('',(0.,0.,1.));
#8760 = PCURVE('',#2434,#8761);
#8761 = DEFINITIONAL_REPRESENTATION('',(#8762),#8766);
#8762 = LINE('',#8763,#8764);
#8763 = CARTESIAN_POINT('',(-6.28318530718,0.));
#8764 = VECTOR('',#8765,1.);
#8765 = DIRECTION('',(-0.,-1.));
#8766 = ( GEOMETRIC_REPRESENTATION_CONTEXT(2) 
PARAMETRIC_REPRESENTATION_CONTEXT() REPRESENTATION_CONTEXT('2D SPACE',''
  ) );
#8767 = PCURVE('',#2434,#8768);
#8768 = DEFINITIONAL_REPRESENTATION('',(#8769),#8773);
#8769 = LINE('',#8770,#8771);
#8770 = CARTESIAN_POINT('',(-0.,0.));
#8771 = VECTOR('',#8772,1.);
#8772 = DIRECTION('',(-0.,-1.));
#8773 = ( GEOMETRIC_REPRESENTATION_CONTEXT(2) 
PARAMETRIC_REPRESENTATION_CONTEXT() REPRESENTATION_CONTEXT('2D SPACE',''
  ) );
#8774 = ORIENTED_EDGE('',*,*,#6408,.F.);
#8775 = ORIENTED_EDGE('',*,*,#8754,.F.);
#8776 = ADVANCED_FACE('',(#8777),#2469,.F.);
#8777 = FACE_BOUND('',#8778,.T.);
#8778 = EDGE_LOOP('',(#8779,#8802,#8803,#8804,#8835,#8836));
#8779 = ORIENTED_EDGE('',*,*,#8780,.F.);
#8780 = EDGE_CURVE('',#2449,#8781,#8783,.T.);
#8781 = VERTEX_POINT('',#8782);
#8782 = CARTESIAN_POINT('',(21.5,110.,112.5));
#8783 = SEAM_CURVE('',#8784,(#8788,#8795),.PCURVE_S1.);
#8784 = LINE('',#8785,#8786);
#8785 = CARTESIAN_POINT('',(21.5,110.,109.));
#8786 = VECTOR('',#8787,1.);
#8787 = DIRECTION('',(0.,0.,1.));
#8788 = PCURVE('',#2469,#8789);
#8789 = DEFINITIONAL_REPRESENTATION('',(#8790),#8794);
#8790 = LINE('',#8791,#8792);
#8791 = CARTESIAN_POINT('',(-6.28318530718,0.));
#8792 = VECTOR('',#8793,1.);
#8793 = DIRECTION('',(-0.,-1.));
#8794 = ( GEOMETRIC_REPRESENTATION_CONTEXT(2) 
PARAMETRIC_REPRESENTATION_CONTEXT() REPRESENTATION_CONTEXT('2D SPACE',''
  ) );
#8795 = PCURVE('',#2469,#8796);
#8796 = DEFINITIONAL_REPRESENTATION('',(#8797),#8801);
#8797 = LINE('',#8798,#8799);
#8798 = CARTESIAN_POINT('',(-0.,0.));
#8799 = VECTOR('',#8800,1.);
#8800 = DIRECTION('',(-0.,-1.));
#8801 = ( GEOMETRIC_REPRESENTATION_CONTEXT(2) 
PARAMETRIC_REPRESENTATION_CONTEXT() REPRESENTATION_CONTEXT('2D SPACE',''
  ) );
#8802 = ORIENTED_EDGE('',*,*,#2448,.T.);
#8803 = ORIENTED_EDGE('',*,*,#8780,.T.);
#8804 = ORIENTED_EDGE('',*,*,#8805,.F.);
#8805 = EDGE_CURVE('',#6469,#8781,#8806,.T.);
#8806 = SURFACE_CURVE('',#8807,(#8812,#8819),.PCURVE_S1.);
#8807 = CIRCLE('',#8808,10.);
#8808 = AXIS2_PLACEMENT_3D('',#8809,#8810,#8811);
#8809 = CARTESIAN_POINT('',(11.5,110.,112.5));
#8810 = DIRECTION('',(0.,0.,-1.));
#8811 = DIRECTION('',(1.,0.,0.));
#8812 = PCURVE('',#2469,#8813);
#8813 = DEFINITIONAL_REPRESENTATION('',(#8814),#8818);
#8814 = LINE('',#8815,#8816);
#8815 = CARTESIAN_POINT('',(-6.28318530718,-3.5));
#8816 = VECTOR('',#8817,1.);
#8817 = DIRECTION('',(1.,-0.));
#8818 = ( GEOMETRIC_REPRESENTATION_CONTEXT(2) 
PARAMETRIC_REPRESENTATION_CONTEXT() REPRESENTATION_CONTEXT('2D SPACE',''
  ) );
#8819 = PCURVE('',#8820,#8825);
#8820 = PLANE('',#8821);
#8821 = AXIS2_PLACEMENT_3D('',#8822,#8823,#8824);
#8822 = CARTESIAN_POINT('',(21.4,99.4,112.5));
#8823 = DIRECTION('',(0.,0.,1.));
#8824 = DIRECTION('',(1.,0.,0.));
#8825 = DEFINITIONAL_REPRESENTATION('',(#8826),#8834);
#8826 = ( BOUNDED_CURVE() B_SPLINE_CURVE(2,(#8827,#8828,#8829,#8830,
#8831,#8832,#8833),.UNSPECIFIED.,.T.,.F.) B_SPLINE_CURVE_WITH_KNOTS((1,2
    ,2,2,2,1),(-2.094395102393,0.,2.094395102393,4.188790204786,
6.28318530718,8.377580409573),.UNSPECIFIED.) CURVE() 
GEOMETRIC_REPRESENTATION_ITEM() RATIONAL_B_SPLINE_CURVE((1.,0.5,1.,0.5,
1.,0.5,1.)) REPRESENTATION_ITEM('') );
#8827 = CARTESIAN_POINT('',(0.1,10.6));
#8828 = CARTESIAN_POINT('',(0.1,-6.720508075689));
#8829 = CARTESIAN_POINT('',(-14.9,1.939745962156));
#8830 = CARTESIAN_POINT('',(-29.9,10.6));
#8831 = CARTESIAN_POINT('',(-14.9,19.260254037844));
#8832 = CARTESIAN_POINT('',(9.999999999999E-02,27.920508075689));
#8833 = CARTESIAN_POINT('',(0.1,10.6));
#8834 = ( GEOMETRIC_REPRESENTATION_CONTEXT(2) 
PARAMETRIC_REPRESENTATION_CONTEXT() REPRESENTATION_CONTEXT('2D SPACE',''
  ) );
#8835 = ORIENTED_EDGE('',*,*,#6468,.F.);
#8836 = ORIENTED_EDGE('',*,*,#8837,.F.);
#8837 = EDGE_CURVE('',#8781,#6441,#8838,.T.);
#8838 = SURFACE_CURVE('',#8839,(#8844,#8851),.PCURVE_S1.);
#8839 = CIRCLE('',#8840,10.);
#8840 = AXIS2_PLACEMENT_3D('',#8841,#8842,#8843);
#8841 = CARTESIAN_POINT('',(11.5,110.,112.5));
#8842 = DIRECTION('',(0.,0.,-1.));
#8843 = DIRECTION('',(1.,0.,0.));
#8844 = PCURVE('',#2469,#8845);
#8845 = DEFINITIONAL_REPRESENTATION('',(#8846),#8850);
#8846 = LINE('',#8847,#8848);
#8847 = CARTESIAN_POINT('',(-6.28318530718,-3.5));
#8848 = VECTOR('',#8849,1.);
#8849 = DIRECTION('',(1.,-0.));
#8850 = ( GEOMETRIC_REPRESENTATION_CONTEXT(2) 
PARAMETRIC_REPRESENTATION_CONTEXT() REPRESENTATION_CONTEXT('2D SPACE',''
  ) );
#8851 = PCURVE('',#8820,#8852);
#8852 = DEFINITIONAL_REPRESENTATION('',(#8853),#8861);
#8853 = ( BOUNDED_CURVE() B_SPLINE_CURVE(2,(#8854,#8855,#8856,#8857,
#8858,#8859,#8860),.UNSPECIFIED.,.T.,.F.) B_SPLINE_CURVE_WITH_KNOTS((1,2
    ,2,2,2,1),(-2.094395102393,0.,2.094395102393,4.188790204786,
6.28318530718,8.377580409573),.UNSPECIFIED.) CURVE() 
GEOMETRIC_REPRESENTATION_ITEM() RATIONAL_B_SPLINE_CURVE((1.,0.5,1.,0.5,
1.,0.5,1.)) REPRESENTATION_ITEM('') );
#8854 = CARTESIAN_POINT('',(0.1,10.6));
#8855 = CARTESIAN_POINT('',(0.1,-6.720508075689));
#8856 = CARTESIAN_POINT('',(-14.9,1.939745962156));
#8857 = CARTESIAN_POINT('',(-29.9,10.6));
#8858 = CARTESIAN_POINT('',(-14.9,19.260254037844));
#8859 = CARTESIAN_POINT('',(9.999999999999E-02,27.920508075689));
#8860 = CARTESIAN_POINT('',(0.1,10.6));
#8861 = ( GEOMETRIC_REPRESENTATION_CONTEXT(2) 
PARAMETRIC_REPRESENTATION_CONTEXT() REPRESENTATION_CONTEXT('2D SPACE',''
  ) );
#8862 = ADVANCED_FACE('',(#8863),#2549,.F.);
#8863 = FACE_BOUND('',#8864,.T.);
#8864 = EDGE_LOOP('',(#8865,#8866,#8887,#8888));
#8865 = ORIENTED_EDGE('',*,*,#2528,.T.);
#8866 = ORIENTED_EDGE('',*,*,#8867,.T.);
#8867 = EDGE_CURVE('',#2529,#2748,#8868,.T.);
#8868 = SEAM_CURVE('',#8869,(#8873,#8880),.PCURVE_S1.);
#8869 = LINE('',#8870,#8871);
#8870 = CARTESIAN_POINT('',(56.,121.2,5.));
#8871 = VECTOR('',#8872,1.);
#8872 = DIRECTION('',(1.,0.,0.));
#8873 = PCURVE('',#2549,#8874);
#8874 = DEFINITIONAL_REPRESENTATION('',(#8875),#8879);
#8875 = LINE('',#8876,#8877);
#8876 = CARTESIAN_POINT('',(-6.28318530718,0.));
#8877 = VECTOR('',#8878,1.);
#8878 = DIRECTION('',(-0.,-1.));
#8879 = ( GEOMETRIC_REPRESENTATION_CONTEXT(2) 
PARAMETRIC_REPRESENTATION_CONTEXT() REPRESENTATION_CONTEXT('2D SPACE',''
  ) );
#8880 = PCURVE('',#2549,#8881);
#8881 = DEFINITIONAL_REPRESENTATION('',(#8882),#8886);
#8882 = LINE('',#8883,#8884);
#8883 = CARTESIAN_POINT('',(-0.,0.));
#8884 = VECTOR('',#8885,1.);
#8885 = DIRECTION('',(-0.,-1.));
#8886 = ( GEOMETRIC_REPRESENTATION_CONTEXT(2) 
PARAMETRIC_REPRESENTATION_CONTEXT() REPRESENTATION_CONTEXT('2D SPACE',''
  ) );
#8887 = ORIENTED_EDGE('',*,*,#2747,.F.);
#8888 = ORIENTED_EDGE('',*,*,#8867,.F.);
#8889 = ADVANCED_FACE('',(#8890),#2584,.F.);
#8890 = FACE_BOUND('',#8891,.T.);
#8891 = EDGE_LOOP('',(#8892,#8893,#8914,#8915));
#8892 = ORIENTED_EDGE('',*,*,#2563,.T.);
#8893 = ORIENTED_EDGE('',*,*,#8894,.T.);
#8894 = EDGE_CURVE('',#2564,#2778,#8895,.T.);
#8895 = SEAM_CURVE('',#8896,(#8900,#8907),.PCURVE_S1.);
#8896 = LINE('',#8897,#8898);
#8897 = CARTESIAN_POINT('',(56.,26.7,5.));
#8898 = VECTOR('',#8899,1.);
#8899 = DIRECTION('',(1.,0.,0.));
#8900 = PCURVE('',#2584,#8901);
#8901 = DEFINITIONAL_REPRESENTATION('',(#8902),#8906);
#8902 = LINE('',#8903,#8904);
#8903 = CARTESIAN_POINT('',(-6.28318530718,0.));
#8904 = VECTOR('',#8905,1.);
#8905 = DIRECTION('',(-0.,-1.));
#8906 = ( GEOMETRIC_REPRESENTATION_CONTEXT(2) 
PARAMETRIC_REPRESENTATION_CONTEXT() REPRESENTATION_CONTEXT('2D SPACE',''
  ) );
#8907 = PCURVE('',#2584,#8908);
#8908 = DEFINITIONAL_REPRESENTATION('',(#8909),#8913);
#8909 = LINE('',#8910,#8911);
#8910 = CARTESIAN_POINT('',(-0.,0.));
#8911 = VECTOR('',#8912,1.);
#8912 = DIRECTION('',(-0.,-1.));
#8913 = ( GEOMETRIC_REPRESENTATION_CONTEXT(2) 
PARAMETRIC_REPRESENTATION_CONTEXT() REPRESENTATION_CONTEXT('2D SPACE',''
  ) );
#8914 = ORIENTED_EDGE('',*,*,#2777,.F.);
#8915 = ORIENTED_EDGE('',*,*,#8894,.F.);
#8916 = ADVANCED_FACE('',(#8917),#2688,.T.);
#8917 = FACE_BOUND('',#8918,.F.);
#8918 = EDGE_LOOP('',(#8919,#8939,#8940,#8941));
#8919 = ORIENTED_EDGE('',*,*,#8920,.F.);
#8920 = EDGE_CURVE('',#2650,#7674,#8921,.T.);
#8921 = SURFACE_CURVE('',#8922,(#8927,#8933),.PCURVE_S1.);
#8922 = CIRCLE('',#8923,6.);
#8923 = AXIS2_PLACEMENT_3D('',#8924,#8925,#8926);
#8924 = CARTESIAN_POINT('',(55.,-6.,190.));
#8925 = DIRECTION('',(0.,8.679739665932E-17,-1.));
#8926 = DIRECTION('',(0.,-1.,-8.679739665932E-17));
#8927 = PCURVE('',#2688,#8928);
#8928 = DEFINITIONAL_REPRESENTATION('',(#8929),#8932);
#8929 = B_SPLINE_CURVE_WITH_KNOTS('',1,(#8930,#8931),.UNSPECIFIED.,.F.,
  .F.,(2,2),(4.712388980385,6.28318530718),.PIECEWISE_BEZIER_KNOTS.);
#8930 = CARTESIAN_POINT('',(-1.570796326795,6.));
#8931 = CARTESIAN_POINT('',(0.,6.));
#8932 = ( GEOMETRIC_REPRESENTATION_CONTEXT(2) 
PARAMETRIC_REPRESENTATION_CONTEXT() REPRESENTATION_CONTEXT('2D SPACE',''
  ) );
#8933 = PCURVE('',#2824,#8934);
#8934 = DEFINITIONAL_REPRESENTATION('',(#8935),#8938);
#8935 = B_SPLINE_CURVE_WITH_KNOTS('',1,(#8936,#8937),.UNSPECIFIED.,.F.,
  .F.,(2,2),(4.712388980385,6.28318530718),.PIECEWISE_BEZIER_KNOTS.);
#8936 = CARTESIAN_POINT('',(-1.570796326795,-1.570796326795));
#8937 = CARTESIAN_POINT('',(-1.570796326795,0.));
#8938 = ( GEOMETRIC_REPRESENTATION_CONTEXT(2) 
PARAMETRIC_REPRESENTATION_CONTEXT() REPRESENTATION_CONTEXT('2D SPACE',''
  ) );
#8939 = ORIENTED_EDGE('',*,*,#2672,.T.);
#8940 = ORIENTED_EDGE('',*,*,#8250,.F.);
#8941 = ORIENTED_EDGE('',*,*,#8942,.F.);
#8942 = EDGE_CURVE('',#7674,#8176,#8943,.T.);
#8943 = SURFACE_CURVE('',#8944,(#8948,#8955),.PCURVE_S1.);
#8944 = LINE('',#8945,#8946);
#8945 = CARTESIAN_POINT('',(55.,-12.,196.));
#8946 = VECTOR('',#8947,1.);
#8947 = DIRECTION('',(0.,0.,-1.));
#8948 = PCURVE('',#2688,#8949);
#8949 = DEFINITIONAL_REPRESENTATION('',(#8950),#8954);
#8950 = LINE('',#8951,#8952);
#8951 = CARTESIAN_POINT('',(-0.,0.));
#8952 = VECTOR('',#8953,1.);
#8953 = DIRECTION('',(-0.,1.));
#8954 = ( GEOMETRIC_REPRESENTATION_CONTEXT(2) 
PARAMETRIC_REPRESENTATION_CONTEXT() REPRESENTATION_CONTEXT('2D SPACE',''
  ) );
#8955 = PCURVE('',#7689,#8956);
#8956 = DEFINITIONAL_REPRESENTATION('',(#8957),#8961);
#8957 = LINE('',#8958,#8959);
#8958 = CARTESIAN_POINT('',(0.,-116.));
#8959 = VECTOR('',#8960,1.);
#8960 = DIRECTION('',(1.,0.));
#8961 = ( GEOMETRIC_REPRESENTATION_CONTEXT(2) 
PARAMETRIC_REPRESENTATION_CONTEXT() REPRESENTATION_CONTEXT('2D SPACE',''
  ) );
#8962 = ADVANCED_FACE('',(#8963,#8968),#2824,.T.);
#8963 = FACE_BOUND('',#8964,.F.);
#8964 = EDGE_LOOP('',(#8965,#8966,#8967));
#8965 = ORIENTED_EDGE('',*,*,#2810,.F.);
#8966 = ORIENTED_EDGE('',*,*,#8920,.T.);
#8967 = ORIENTED_EDGE('',*,*,#7701,.F.);
#8968 = FACE_BOUND('',#8969,.F.);
#8969 = EDGE_LOOP('',(#8970,#9004,#9037));
#8970 = ORIENTED_EDGE('',*,*,#8971,.T.);
#8971 = EDGE_CURVE('',#8972,#8974,#8976,.T.);
#8972 = VERTEX_POINT('',#8973);
#8973 = CARTESIAN_POINT('',(58.316624790355,-9.,194.));
#8974 = VERTEX_POINT('',#8975);
#8975 = CARTESIAN_POINT('',(59.,-9.,193.31662479035));
#8976 = SURFACE_CURVE('',#8977,(#8982,#8992),.PCURVE_S1.);
#8977 = CIRCLE('',#8978,5.196152422707);
#8978 = AXIS2_PLACEMENT_3D('',#8979,#8980,#8981);
#8979 = CARTESIAN_POINT('',(55.,-9.,190.));
#8980 = DIRECTION('',(0.,1.,0.));
#8981 = DIRECTION('',(0.,-0.,1.));
#8982 = PCURVE('',#2824,#8983);
#8983 = DEFINITIONAL_REPRESENTATION('',(#8984),#8991);
#8984 = B_SPLINE_CURVE_WITH_KNOTS('',5,(#8985,#8986,#8987,#8988,#8989,
    #8990),.UNSPECIFIED.,.F.,.F.,(6,6),(0.692268011609,0.878528315186),
  .PIECEWISE_BEZIER_KNOTS.);
#8985 = CARTESIAN_POINT('',(-0.643501108793,-0.585685543457));
#8986 = CARTESIAN_POINT('',(-0.658327241761,-0.615487192029));
#8987 = CARTESIAN_POINT('',(-0.67471880778,-0.644874635752));
#8988 = CARTESIAN_POINT('',(-0.69285582814,-0.673775762109));
#8989 = CARTESIAN_POINT('',(-0.712963216387,-0.702100788595));
#8990 = CARTESIAN_POINT('',(-0.735314452817,-0.729727656227));
#8991 = ( GEOMETRIC_REPRESENTATION_CONTEXT(2) 
PARAMETRIC_REPRESENTATION_CONTEXT() REPRESENTATION_CONTEXT('2D SPACE',''
  ) );
#8992 = PCURVE('',#8993,#8998);
#8993 = PLANE('',#8994);
#8994 = AXIS2_PLACEMENT_3D('',#8995,#8996,#8997);
#8995 = CARTESIAN_POINT('',(46.,-9.,181.));
#8996 = DIRECTION('',(0.,1.,0.));
#8997 = DIRECTION('',(0.,0.,1.));
#8998 = DEFINITIONAL_REPRESENTATION('',(#8999),#9003);
#8999 = CIRCLE('',#9000,5.196152422707);
#9000 = AXIS2_PLACEMENT_2D('',#9001,#9002);
#9001 = CARTESIAN_POINT('',(9.,9.));
#9002 = DIRECTION('',(1.,0.));
#9003 = ( GEOMETRIC_REPRESENTATION_CONTEXT(2) 
PARAMETRIC_REPRESENTATION_CONTEXT() REPRESENTATION_CONTEXT('2D SPACE',''
  ) );
#9004 = ORIENTED_EDGE('',*,*,#9005,.T.);
#9005 = EDGE_CURVE('',#8974,#9006,#9008,.T.);
#9006 = VERTEX_POINT('',#9007);
#9007 = CARTESIAN_POINT('',(59.,-8.,194.));
#9008 = SURFACE_CURVE('',#9009,(#9014,#9021),.PCURVE_S1.);
#9009 = CIRCLE('',#9010,4.472135955);
#9010 = AXIS2_PLACEMENT_3D('',#9011,#9012,#9013);
#9011 = CARTESIAN_POINT('',(59.,-6.,190.));
#9012 = DIRECTION('',(-1.,-0.,0.));
#9013 = DIRECTION('',(0.,-1.480297366167E-16,1.));
#9014 = PCURVE('',#2824,#9015);
#9015 = DEFINITIONAL_REPRESENTATION('',(#9016),#9020);
#9016 = LINE('',#9017,#9018);
#9017 = CARTESIAN_POINT('',(-6.28318530718,-0.729727656227));
#9018 = VECTOR('',#9019,1.);
#9019 = DIRECTION('',(1.,-0.));
#9020 = ( GEOMETRIC_REPRESENTATION_CONTEXT(2) 
PARAMETRIC_REPRESENTATION_CONTEXT() REPRESENTATION_CONTEXT('2D SPACE',''
  ) );
#9021 = PCURVE('',#9022,#9027);
#9022 = PLANE('',#9023);
#9023 = AXIS2_PLACEMENT_3D('',#9024,#9025,#9026);
#9024 = CARTESIAN_POINT('',(59.,-9.,181.));
#9025 = DIRECTION('',(1.,0.,0.));
#9026 = DIRECTION('',(0.,0.,1.));
#9027 = DEFINITIONAL_REPRESENTATION('',(#9028),#9036);
#9028 = ( BOUNDED_CURVE() B_SPLINE_CURVE(2,(#9029,#9030,#9031,#9032,
#9033,#9034,#9035),.UNSPECIFIED.,.T.,.F.) B_SPLINE_CURVE_WITH_KNOTS((1,2
    ,2,2,2,1),(-2.094395102393,0.,2.094395102393,4.188790204786,
6.28318530718,8.377580409573),.UNSPECIFIED.) CURVE() 
GEOMETRIC_REPRESENTATION_ITEM() RATIONAL_B_SPLINE_CURVE((1.,0.5,1.,0.5,
1.,0.5,1.)) REPRESENTATION_ITEM('') );
#9029 = CARTESIAN_POINT('',(13.472135955,-3.));
#9030 = CARTESIAN_POINT('',(13.472135955,-10.74596669241));
#9031 = CARTESIAN_POINT('',(6.7639320225,-6.872983346207));
#9032 = CARTESIAN_POINT('',(5.572809000084E-02,-3.));
#9033 = CARTESIAN_POINT('',(6.7639320225,0.872983346207));
#9034 = CARTESIAN_POINT('',(13.472135955,4.745966692415));
#9035 = CARTESIAN_POINT('',(13.472135955,-3.));
#9036 = ( GEOMETRIC_REPRESENTATION_CONTEXT(2) 
PARAMETRIC_REPRESENTATION_CONTEXT() REPRESENTATION_CONTEXT('2D SPACE',''
  ) );
#9037 = ORIENTED_EDGE('',*,*,#9038,.F.);
#9038 = EDGE_CURVE('',#8972,#9006,#9039,.T.);
#9039 = SURFACE_CURVE('',#9040,(#9045,#9056),.PCURVE_S1.);
#9040 = CIRCLE('',#9041,4.472135955);
#9041 = AXIS2_PLACEMENT_3D('',#9042,#9043,#9044);
#9042 = CARTESIAN_POINT('',(55.,-6.,194.));
#9043 = DIRECTION('',(0.,0.,1.));
#9044 = DIRECTION('',(0.,-1.,0.));
#9045 = PCURVE('',#2824,#9046);
#9046 = DEFINITIONAL_REPRESENTATION('',(#9047),#9055);
#9047 = B_SPLINE_CURVE_WITH_KNOTS('',6,(#9048,#9049,#9050,#9051,#9052,
    #9053,#9054),.UNSPECIFIED.,.F.,.F.,(7,7),(0.835481873978,
    1.107148717794),.PIECEWISE_BEZIER_KNOTS.);
#9048 = CARTESIAN_POINT('',(-0.643501108793,-0.585685543457));
#9049 = CARTESIAN_POINT('',(-0.619473989089,-0.612852227839));
#9050 = CARTESIAN_POINT('',(-0.593226862409,-0.638974552306));
#9051 = CARTESIAN_POINT('',(-0.564622651994,-0.663903524805));
#9052 = CARTESIAN_POINT('',(-0.533533631593,-0.687469633358));
#9053 = CARTESIAN_POINT('',(-0.499869854843,-0.709478805227));
#9054 = CARTESIAN_POINT('',(-0.463647609001,-0.729727656227));
#9055 = ( GEOMETRIC_REPRESENTATION_CONTEXT(2) 
PARAMETRIC_REPRESENTATION_CONTEXT() REPRESENTATION_CONTEXT('2D SPACE',''
  ) );
#9056 = PCURVE('',#9057,#9062);
#9057 = PLANE('',#9058);
#9058 = AXIS2_PLACEMENT_3D('',#9059,#9060,#9061);
#9059 = CARTESIAN_POINT('',(46.,-9.,194.));
#9060 = DIRECTION('',(0.,0.,1.));
#9061 = DIRECTION('',(1.,0.,0.));
#9062 = DEFINITIONAL_REPRESENTATION('',(#9063),#9067);
#9063 = CIRCLE('',#9064,4.472135955);
#9064 = AXIS2_PLACEMENT_2D('',#9065,#9066);
#9065 = CARTESIAN_POINT('',(9.,3.));
#9066 = DIRECTION('',(0.,-1.));
#9067 = ( GEOMETRIC_REPRESENTATION_CONTEXT(2) 
PARAMETRIC_REPRESENTATION_CONTEXT() REPRESENTATION_CONTEXT('2D SPACE',''
  ) );
#9068 = ADVANCED_FACE('',(#9069),#2856,.F.);
#9069 = FACE_BOUND('',#9070,.F.);
#9070 = EDGE_LOOP('',(#9071));
#9071 = ORIENTED_EDGE('',*,*,#2839,.T.);
#9072 = ADVANCED_FACE('',(#9073),#2911,.F.);
#9073 = FACE_BOUND('',#9074,.F.);
#9074 = EDGE_LOOP('',(#9075));
#9075 = ORIENTED_EDGE('',*,*,#2894,.T.);
#9076 = ADVANCED_FACE('',(#9077),#2966,.F.);
#9077 = FACE_BOUND('',#9078,.F.);
#9078 = EDGE_LOOP('',(#9079));
#9079 = ORIENTED_EDGE('',*,*,#2949,.T.);
#9080 = ADVANCED_FACE('',(#9081),#3021,.T.);
#9081 = FACE_BOUND('',#9082,.T.);
#9082 = EDGE_LOOP('',(#9083,#9113,#9136,#9156,#9157,#9178));
#9083 = ORIENTED_EDGE('',*,*,#9084,.F.);
#9084 = EDGE_CURVE('',#9085,#9087,#9089,.T.);
#9085 = VERTEX_POINT('',#9086);
#9086 = CARTESIAN_POINT('',(-46.,-9.,181.));
#9087 = VERTEX_POINT('',#9088);
#9088 = CARTESIAN_POINT('',(-46.,-9.,188.51));
#9089 = SURFACE_CURVE('',#9090,(#9094,#9101),.PCURVE_S1.);
#9090 = LINE('',#9091,#9092);
#9091 = CARTESIAN_POINT('',(-46.,-9.,181.));
#9092 = VECTOR('',#9093,1.);
#9093 = DIRECTION('',(0.,0.,1.));
#9094 = PCURVE('',#3021,#9095);
#9095 = DEFINITIONAL_REPRESENTATION('',(#9096),#9100);
#9096 = LINE('',#9097,#9098);
#9097 = CARTESIAN_POINT('',(0.,0.));
#9098 = VECTOR('',#9099,1.);
#9099 = DIRECTION('',(1.,0.));
#9100 = ( GEOMETRIC_REPRESENTATION_CONTEXT(2) 
PARAMETRIC_REPRESENTATION_CONTEXT() REPRESENTATION_CONTEXT('2D SPACE',''
  ) );
#9101 = PCURVE('',#9102,#9107);
#9102 = PLANE('',#9103);
#9103 = AXIS2_PLACEMENT_3D('',#9104,#9105,#9106);
#9104 = CARTESIAN_POINT('',(-59.,-9.,181.));
#9105 = DIRECTION('',(0.,1.,0.));
#9106 = DIRECTION('',(0.,0.,1.));
#9107 = DEFINITIONAL_REPRESENTATION('',(#9108),#9112);
#9108 = LINE('',#9109,#9110);
#9109 = CARTESIAN_POINT('',(0.,13.));
#9110 = VECTOR('',#9111,1.);
#9111 = DIRECTION('',(1.,0.));
#9112 = ( GEOMETRIC_REPRESENTATION_CONTEXT(2) 
PARAMETRIC_REPRESENTATION_CONTEXT() REPRESENTATION_CONTEXT('2D SPACE',''
  ) );
#9113 = ORIENTED_EDGE('',*,*,#9114,.T.);
#9114 = EDGE_CURVE('',#9085,#9115,#9117,.T.);
#9115 = VERTEX_POINT('',#9116);
#9116 = CARTESIAN_POINT('',(-46.,9.,181.));
#9117 = SURFACE_CURVE('',#9118,(#9122,#9129),.PCURVE_S1.);
#9118 = LINE('',#9119,#9120);
#9119 = CARTESIAN_POINT('',(-46.,-9.,181.));
#9120 = VECTOR('',#9121,1.);
#9121 = DIRECTION('',(0.,1.,0.));
#9122 = PCURVE('',#3021,#9123);
#9123 = DEFINITIONAL_REPRESENTATION('',(#9124),#9128);
#9124 = LINE('',#9125,#9126);
#9125 = CARTESIAN_POINT('',(0.,0.));
#9126 = VECTOR('',#9127,1.);
#9127 = DIRECTION('',(0.,-1.));
#9128 = ( GEOMETRIC_REPRESENTATION_CONTEXT(2) 
PARAMETRIC_REPRESENTATION_CONTEXT() REPRESENTATION_CONTEXT('2D SPACE',''
  ) );
#9129 = PCURVE('',#7020,#9130);
#9130 = DEFINITIONAL_REPRESENTATION('',(#9131),#9135);
#9131 = LINE('',#9132,#9133);
#9132 = CARTESIAN_POINT('',(13.,0.));
#9133 = VECTOR('',#9134,1.);
#9134 = DIRECTION('',(0.,1.));
#9135 = ( GEOMETRIC_REPRESENTATION_CONTEXT(2) 
PARAMETRIC_REPRESENTATION_CONTEXT() REPRESENTATION_CONTEXT('2D SPACE',''
  ) );
#9136 = ORIENTED_EDGE('',*,*,#9137,.T.);
#9137 = EDGE_CURVE('',#9115,#3007,#9138,.T.);
#9138 = SURFACE_CURVE('',#9139,(#9143,#9150),.PCURVE_S1.);
#9139 = LINE('',#9140,#9141);
#9140 = CARTESIAN_POINT('',(-46.,9.,181.));
#9141 = VECTOR('',#9142,1.);
#9142 = DIRECTION('',(0.,0.,1.));
#9143 = PCURVE('',#3021,#9144);
#9144 = DEFINITIONAL_REPRESENTATION('',(#9145),#9149);
#9145 = LINE('',#9146,#9147);
#9146 = CARTESIAN_POINT('',(0.,-18.));
#9147 = VECTOR('',#9148,1.);
#9148 = DIRECTION('',(1.,0.));
#9149 = ( GEOMETRIC_REPRESENTATION_CONTEXT(2) 
PARAMETRIC_REPRESENTATION_CONTEXT() REPRESENTATION_CONTEXT('2D SPACE',''
  ) );
#9150 = PCURVE('',#3482,#9151);
#9151 = DEFINITIONAL_REPRESENTATION('',(#9152),#9155);
#9152 = B_SPLINE_CURVE_WITH_KNOTS('',1,(#9153,#9154),.UNSPECIFIED.,.F.,
  .F.,(2,2),(0.,12.5),.PIECEWISE_BEZIER_KNOTS.);
#9153 = CARTESIAN_POINT('',(0.,0.));
#9154 = CARTESIAN_POINT('',(12.5,0.));
#9155 = ( GEOMETRIC_REPRESENTATION_CONTEXT(2) 
PARAMETRIC_REPRESENTATION_CONTEXT() REPRESENTATION_CONTEXT('2D SPACE',''
  ) );
#9156 = ORIENTED_EDGE('',*,*,#3004,.F.);
#9157 = ORIENTED_EDGE('',*,*,#9158,.T.);
#9158 = EDGE_CURVE('',#3005,#9159,#9161,.T.);
#9159 = VERTEX_POINT('',#9160);
#9160 = CARTESIAN_POINT('',(-46.,-6.,191.51));
#9161 = SURFACE_CURVE('',#9162,(#9166,#9172),.PCURVE_S1.);
#9162 = LINE('',#9163,#9164);
#9163 = CARTESIAN_POINT('',(-46.,-6.,146.75));
#9164 = VECTOR('',#9165,1.);
#9165 = DIRECTION('',(0.,0.,-1.));
#9166 = PCURVE('',#3021,#9167);
#9167 = DEFINITIONAL_REPRESENTATION('',(#9168),#9171);
#9168 = B_SPLINE_CURVE_WITH_KNOTS('',1,(#9169,#9170),.UNSPECIFIED.,.F.,
  .F.,(2,2),(-46.75,-34.25),.PIECEWISE_BEZIER_KNOTS.);
#9169 = CARTESIAN_POINT('',(12.5,-3.));
#9170 = CARTESIAN_POINT('',(0.,-3.));
#9171 = ( GEOMETRIC_REPRESENTATION_CONTEXT(2) 
PARAMETRIC_REPRESENTATION_CONTEXT() REPRESENTATION_CONTEXT('2D SPACE',''
  ) );
#9172 = PCURVE('',#3048,#9173);
#9173 = DEFINITIONAL_REPRESENTATION('',(#9174),#9177);
#9174 = B_SPLINE_CURVE_WITH_KNOTS('',1,(#9175,#9176),.UNSPECIFIED.,.F.,
  .F.,(2,2),(-46.75,-34.25),.PIECEWISE_BEZIER_KNOTS.);
#9175 = CARTESIAN_POINT('',(12.5,-81.));
#9176 = CARTESIAN_POINT('',(12.5,-68.5));
#9177 = ( GEOMETRIC_REPRESENTATION_CONTEXT(2) 
PARAMETRIC_REPRESENTATION_CONTEXT() REPRESENTATION_CONTEXT('2D SPACE',''
  ) );
#9178 = ORIENTED_EDGE('',*,*,#9179,.F.);
#9179 = EDGE_CURVE('',#9087,#9159,#9180,.T.);
#9180 = SURFACE_CURVE('',#9181,(#9196,#9214),.PCURVE_S1.);
#9181 = B_SPLINE_CURVE_WITH_KNOTS('',4,(#9182,#9183,#9184,#9185,#9186,
    #9187,#9188,#9189,#9190,#9191,#9192,#9193,#9194,#9195),
  .UNSPECIFIED.,.F.,.F.,(5,3,3,3,5),(0.,0.253445831129,0.504179381463,
    0.753010867187,1.),.UNSPECIFIED.);
#9182 = CARTESIAN_POINT('',(-46.,-9.,188.51));
#9183 = CARTESIAN_POINT('',(-46.,-8.812888399172,188.69711160082));
#9184 = CARTESIAN_POINT('',(-46.,-8.625249648954,188.88475035104));
#9185 = CARTESIAN_POINT('',(-46.,-8.437093205474,189.07290679452));
#9186 = CARTESIAN_POINT('',(-46.,-8.061782986175,189.44821701382));
#9187 = CARTESIAN_POINT('',(-46.,-7.874640011518,189.63535998848));
#9188 = CARTESIAN_POINT('',(-46.,-7.687008822292,189.8229911777));
#9189 = CARTESIAN_POINT('',(-46.,-7.312215148973,190.19778485102));
#9190 = CARTESIAN_POINT('',(-46.,-7.125059905983,190.38494009401));
#9191 = CARTESIAN_POINT('',(-46.,-6.937441613721,190.57255838627));
#9192 = CARTESIAN_POINT('',(-46.,-6.562688906044,190.94731109395));
#9193 = CARTESIAN_POINT('',(-46.,-6.375561192307,191.13443880769));
#9194 = CARTESIAN_POINT('',(-46.,-6.187994420273,191.32200557972));
#9195 = CARTESIAN_POINT('',(-46.,-5.999997,191.510003));
#9196 = PCURVE('',#3021,#9197);
#9197 = DEFINITIONAL_REPRESENTATION('',(#9198),#9213);
#9198 = B_SPLINE_CURVE_WITH_KNOTS('',4,(#9199,#9200,#9201,#9202,#9203,
    #9204,#9205,#9206,#9207,#9208,#9209,#9210,#9211,#9212),
  .UNSPECIFIED.,.F.,.F.,(5,3,3,3,5),(0.,0.253445831129,0.504179381463,
    0.753010867187,1.),.UNSPECIFIED.);
#9199 = CARTESIAN_POINT('',(7.51,0.));
#9200 = CARTESIAN_POINT('',(7.697111600828,-0.187111600828));
#9201 = CARTESIAN_POINT('',(7.884750351046,-0.374750351046));
#9202 = CARTESIAN_POINT('',(8.072906794526,-0.562906794526));
#9203 = CARTESIAN_POINT('',(8.448217013825,-0.938217013825));
#9204 = CARTESIAN_POINT('',(8.635359988482,-1.125359988482));
#9205 = CARTESIAN_POINT('',(8.822991177708,-1.312991177708));
#9206 = CARTESIAN_POINT('',(9.197784851027,-1.687784851027));
#9207 = CARTESIAN_POINT('',(9.384940094017,-1.874940094017));
#9208 = CARTESIAN_POINT('',(9.572558386279,-2.062558386279));
#9209 = CARTESIAN_POINT('',(9.947311093956,-2.437311093956));
#9210 = CARTESIAN_POINT('',(10.134438807693,-2.624438807693));
#9211 = CARTESIAN_POINT('',(10.322005579727,-2.812005579727));
#9212 = CARTESIAN_POINT('',(10.510003,-3.000003));
#9213 = ( GEOMETRIC_REPRESENTATION_CONTEXT(2) 
PARAMETRIC_REPRESENTATION_CONTEXT() REPRESENTATION_CONTEXT('2D SPACE',''
  ) );
#9214 = PCURVE('',#9215,#9220);
#9215 = B_SPLINE_SURFACE_WITH_KNOTS('',1,1,(
    (#9216,#9217)
    ,(#9218,#9219
    )),.UNSPECIFIED.,.F.,.F.,.F.,(2,2),(2,2),(0.,117.),(0.,1.),
  .PIECEWISE_BEZIER_KNOTS.);
#9216 = CARTESIAN_POINT('',(53.5,-9.01,188.5));
#9217 = CARTESIAN_POINT('',(58.5,-4.01,193.5));
#9218 = CARTESIAN_POINT('',(-53.5,-9.01,188.5));
#9219 = CARTESIAN_POINT('',(-58.5,-4.01,193.5));
#9220 = DEFINITIONAL_REPRESENTATION('',(#9221),#9236);
#9221 = B_SPLINE_CURVE_WITH_KNOTS('',4,(#9222,#9223,#9224,#9225,#9226,
    #9227,#9228,#9229,#9230,#9231,#9232,#9233,#9234,#9235),
  .UNSPECIFIED.,.F.,.F.,(5,3,3,3,5),(0.,0.253445831129,0.504179381463,
    0.753010867187,1.),.UNSPECIFIED.);
#9222 = CARTESIAN_POINT('',(108.78966551783,2.E-03));
#9223 = CARTESIAN_POINT('',(108.61381465219,3.942232016557E-02));
#9224 = CARTESIAN_POINT('',(108.43910804052,7.695007020925E-02));
#9225 = CARTESIAN_POINT('',(108.26554114783,0.114581358905));
#9226 = CARTESIAN_POINT('',(107.92252121764,0.189643402765));
#9227 = CARTESIAN_POINT('',(107.75304406179,0.227071997696));
#9228 = CARTESIAN_POINT('',(107.58467189446,0.264598235542));
#9229 = CARTESIAN_POINT('',(107.25139495328,0.339556970205));
#9230 = CARTESIAN_POINT('',(107.08647356666,0.376988018803));
#9231 = CARTESIAN_POINT('',(106.92262916974,0.414511677256));
#9232 = CARTESIAN_POINT('',(106.5982872238,0.489462218791));
#9233 = CARTESIAN_POINT('',(106.437773878,0.526887761539));
#9234 = CARTESIAN_POINT('',(106.27830955082,0.564401115945));
#9235 = CARTESIAN_POINT('',(106.11988775686,0.6020006));
#9236 = ( GEOMETRIC_REPRESENTATION_CONTEXT(2) 
PARAMETRIC_REPRESENTATION_CONTEXT() REPRESENTATION_CONTEXT('2D SPACE',''
  ) );
#9237 = ADVANCED_FACE('',(#9238),#3482,.F.);
#9238 = FACE_BOUND('',#9239,.F.);
#9239 = EDGE_LOOP('',(#9240,#9262,#9263,#9264));
#9240 = ORIENTED_EDGE('',*,*,#9241,.F.);
#9241 = EDGE_CURVE('',#9115,#9242,#9244,.T.);
#9242 = VERTEX_POINT('',#9243);
#9243 = CARTESIAN_POINT('',(-57.47487373415,20.205931381009,
    192.47487373415));
#9244 = SURFACE_CURVE('',#9245,(#9248,#9255),.PCURVE_S1.);
#9245 = B_SPLINE_CURVE_WITH_KNOTS('',1,(#9246,#9247),.UNSPECIFIED.,.F.,
  .F.,(2,2),(0.,1.),.PIECEWISE_BEZIER_KNOTS.);
#9246 = CARTESIAN_POINT('',(-46.,9.,181.));
#9247 = CARTESIAN_POINT('',(-58.8,21.5,193.8));
#9248 = PCURVE('',#3482,#9249);
#9249 = DEFINITIONAL_REPRESENTATION('',(#9250),#9254);
#9250 = LINE('',#9251,#9252);
#9251 = CARTESIAN_POINT('',(0.,0.));
#9252 = VECTOR('',#9253,1.);
#9253 = DIRECTION('',(0.,1.));
#9254 = ( GEOMETRIC_REPRESENTATION_CONTEXT(2) 
PARAMETRIC_REPRESENTATION_CONTEXT() REPRESENTATION_CONTEXT('2D SPACE',''
  ) );
#9255 = PCURVE('',#6952,#9256);
#9256 = DEFINITIONAL_REPRESENTATION('',(#9257),#9261);
#9257 = LINE('',#9258,#9259);
#9258 = CARTESIAN_POINT('',(13.,0.));
#9259 = VECTOR('',#9260,1.);
#9260 = DIRECTION('',(0.,1.));
#9261 = ( GEOMETRIC_REPRESENTATION_CONTEXT(2) 
PARAMETRIC_REPRESENTATION_CONTEXT() REPRESENTATION_CONTEXT('2D SPACE',''
  ) );
#9262 = ORIENTED_EDGE('',*,*,#9137,.T.);
#9263 = ORIENTED_EDGE('',*,*,#3386,.T.);
#9264 = ORIENTED_EDGE('',*,*,#9265,.F.);
#9265 = EDGE_CURVE('',#9242,#3359,#9266,.T.);
#9266 = SURFACE_CURVE('',#9267,(#9298,#9332),.PCURVE_S1.);
#9267 = B_SPLINE_CURVE_WITH_KNOTS('',8,(#9268,#9269,#9270,#9271,#9272,
    #9273,#9274,#9275,#9276,#9277,#9278,#9279,#9280,#9281,#9282,#9283,
    #9284,#9285,#9286,#9287,#9288,#9289,#9290,#9291,#9292,#9293,#9294,
    #9295,#9296,#9297),.UNSPECIFIED.,.F.,.F.,(9,7,7,7,9),(0.,
    0.434782637893,0.706923296368,0.850590715473,1.),.UNSPECIFIED.);
#9268 = CARTESIAN_POINT('',(-57.47487373415,20.205931381009,
    192.47487373415));
#9269 = CARTESIAN_POINT('',(-57.43119761284,20.163278918791,
    192.51854985546));
#9270 = CARTESIAN_POINT('',(-57.38418298645,20.117366197713,
    192.5638024489));
#9271 = CARTESIAN_POINT('',(-57.33332682911,20.067701981555,
    192.61078937788));
#9272 = CARTESIAN_POINT('',(-57.27799707911,20.013669022574,
    192.6596835316));
#9273 = CARTESIAN_POINT('',(-57.21741063229,19.954502570593,
    192.71067962149));
#9274 = CARTESIAN_POINT('',(-57.15048894409,19.889149359472,
    192.76399029389));
#9275 = CARTESIAN_POINT('',(-57.07581672733,19.816227272783,
    192.81986284158));
#9276 = CARTESIAN_POINT('',(-56.93787139572,19.681515034887,
    192.91527418858));
#9277 = CARTESIAN_POINT('',(-56.88083267823,19.62581316234,
    192.95307016694));
#9278 = CARTESIAN_POINT('',(-56.8192406395,19.565664687018,
    192.9920168108));
#9279 = CARTESIAN_POINT('',(-56.75234300948,19.500334970205,
    193.03217167858));
#9280 = CARTESIAN_POINT('',(-56.67923126173,19.42893677904,
    193.07356231199));
#9281 = CARTESIAN_POINT('',(-56.59870573666,19.350298570965,
    193.11614551132));
#9282 = CARTESIAN_POINT('',(-56.50923597845,19.262925760205,
    193.1598021347));
#9283 = CARTESIAN_POINT('',(-56.35510064895,19.112402977499,
    193.22755114048));
#9284 = CARTESIAN_POINT('',(-56.29871448362,19.057338362916,
    193.25112828648));
#9285 = CARTESIAN_POINT('',(-56.23883115324,18.99885854809,
    193.2748221496));
#9286 = CARTESIAN_POINT('',(-56.17505969587,18.936581734251,
    193.29853844525));
#9287 = CARTESIAN_POINT('',(-56.10697857685,18.87009626646,
    193.32213071443));
#9288 = CARTESIAN_POINT('',(-56.03413740675,18.798962311286,
    193.34538497892));
#9289 = CARTESIAN_POINT('',(-55.95606686749,18.722721550287,
    193.36799915555));
#9290 = CARTESIAN_POINT('',(-55.78517884203,18.555838712923,
    193.41197690121));
#9291 = CARTESIAN_POINT('',(-55.69175868778,18.464608093536,
    193.43329005224));
#9292 = CARTESIAN_POINT('',(-55.59175054435,18.366943890974,
    193.45295116394));
#9293 = CARTESIAN_POINT('',(-55.48502960233,18.262724221032,
    193.47028327579));
#9294 = CARTESIAN_POINT('',(-55.37171221044,18.152062705516,
    193.48448350755));
#9295 = CARTESIAN_POINT('',(-55.25229357266,18.035442942054,
    193.49466602913));
#9296 = CARTESIAN_POINT('',(-55.12781091215,17.9138778439,193.5));
#9297 = CARTESIAN_POINT('',(-55.,17.7890625,193.5));
#9298 = PCURVE('',#3482,#9299);
#9299 = DEFINITIONAL_REPRESENTATION('',(#9300),#9331);
#9300 = B_SPLINE_CURVE_WITH_KNOTS('',8,(#9301,#9302,#9303,#9304,#9305,
    #9306,#9307,#9308,#9309,#9310,#9311,#9312,#9313,#9314,#9315,#9316,
    #9317,#9318,#9319,#9320,#9321,#9322,#9323,#9324,#9325,#9326,#9327,
    #9328,#9329,#9330),.UNSPECIFIED.,.F.,.F.,(9,7,7,7,9),(0.,
    0.434782637893,0.706923296368,0.850590715473,1.),.UNSPECIFIED.);
#9301 = CARTESIAN_POINT('',(0.,0.896474510481));
#9302 = CARTESIAN_POINT('',(0.666255016923,0.893062313503));
#9303 = CARTESIAN_POINT('',(1.331582176936,0.889389295817));
#9304 = CARTESIAN_POINT('',(1.995988662843,0.885416158525));
#9305 = CARTESIAN_POINT('',(2.659304907042,0.881093521806));
#9306 = CARTESIAN_POINT('',(3.321179547222,0.876360205648));
#9307 = CARTESIAN_POINT('',(3.981034900693,0.871131948758));
#9308 = CARTESIAN_POINT('',(4.638056183971,0.865298181823));
#9309 = CARTESIAN_POINT('',(5.69969245459,0.854521202791));
#9310 = CARTESIAN_POINT('',(6.106404852336,0.850065052987));
#9311 = CARTESIAN_POINT('',(6.511142100652,0.845253174962));
#9312 = CARTESIAN_POINT('',(6.913517062711,0.840026797616));
#9313 = CARTESIAN_POINT('',(7.312741319629,0.834314942323));
#9314 = CARTESIAN_POINT('',(7.707545813645,0.828023885677));
#9315 = CARTESIAN_POINT('',(8.096163836346,0.821034060816));
#9316 = CARTESIAN_POINT('',(8.676519595611,0.8089922382));
#9317 = CARTESIAN_POINT('',(8.874406975477,0.804587069033));
#9318 = CARTESIAN_POINT('',(9.06933439286,0.799908683847));
#9319 = CARTESIAN_POINT('',(9.260731370941,0.79492653874));
#9320 = CARTESIAN_POINT('',(9.447776993551,0.789607701317));
#9321 = CARTESIAN_POINT('',(9.629403845674,0.783916984903));
#9322 = CARTESIAN_POINT('',(9.804312289329,0.777817724023));
#9323 = CARTESIAN_POINT('',(10.144339566467,0.764467097034));
#9324 = CARTESIAN_POINT('',(10.309063688569,0.757168647483));
#9325 = CARTESIAN_POINT('',(10.462873755813,0.749355511278));
#9326 = CARTESIAN_POINT('',(10.603273401815,0.741017937683));
#9327 = CARTESIAN_POINT('',(10.727772544565,0.732165016441));
#9328 = CARTESIAN_POINT('',(10.834238292568,0.722835435364));
#9329 = CARTESIAN_POINT('',(10.921294820768,0.713110227512));
#9330 = CARTESIAN_POINT('',(10.988679245283,0.703125));
#9331 = ( GEOMETRIC_REPRESENTATION_CONTEXT(2) 
PARAMETRIC_REPRESENTATION_CONTEXT() REPRESENTATION_CONTEXT('2D SPACE',''
  ) );
#9332 = PCURVE('',#3374,#9333);
#9333 = DEFINITIONAL_REPRESENTATION('',(#9334),#9365);
#9334 = B_SPLINE_CURVE_WITH_KNOTS('',8,(#9335,#9336,#9337,#9338,#9339,
    #9340,#9341,#9342,#9343,#9344,#9345,#9346,#9347,#9348,#9349,#9350,
    #9351,#9352,#9353,#9354,#9355,#9356,#9357,#9358,#9359,#9360,#9361,
    #9362,#9363,#9364),.UNSPECIFIED.,.F.,.F.,(9,7,7,7,9),(0.,
    0.434782637893,0.706923296368,0.850590715473,1.),.UNSPECIFIED.);
#9335 = CARTESIAN_POINT('',(-0.785398163397,130.29406861899));
#9336 = CARTESIAN_POINT('',(-0.803045981429,130.3367210812));
#9337 = CARTESIAN_POINT('',(-0.821686794606,130.38263380228));
#9338 = CARTESIAN_POINT('',(-0.841462345939,130.43229801844));
#9339 = CARTESIAN_POINT('',(-0.862548156072,130.48633097742));
#9340 = CARTESIAN_POINT('',(-0.885159090368,130.5454974294));
#9341 = CARTESIAN_POINT('',(-0.909587971052,130.61085064052));
#9342 = CARTESIAN_POINT('',(-0.936215592916,130.68377272721));
#9343 = CARTESIAN_POINT('',(-0.984137501883,130.81848496511));
#9344 = CARTESIAN_POINT('',(-1.003683591081,130.87418683766));
#9345 = CARTESIAN_POINT('',(-1.024496076813,130.93433531298));
#9346 = CARTESIAN_POINT('',(-1.04677603442,130.99966502979));
#9347 = CARTESIAN_POINT('',(-1.070762183179,131.07106322095));
#9348 = CARTESIAN_POINT('',(-1.096767786168,131.14970142903));
#9349 = CARTESIAN_POINT('',(-1.125188865487,131.23707423979));
#9350 = CARTESIAN_POINT('',(-1.173293876114,131.3875970225));
#9351 = CARTESIAN_POINT('',(-1.190753030798,131.44266163708));
#9352 = CARTESIAN_POINT('',(-1.209147245538,131.50114145191));
#9353 = CARTESIAN_POINT('',(-1.228578080472,131.56341826574));
#9354 = CARTESIAN_POINT('',(-1.249153298469,131.62990373354));
#9355 = CARTESIAN_POINT('',(-1.270987156938,131.70103768871));
#9356 = CARTESIAN_POINT('',(-1.294199499583,131.77727844971));
#9357 = CARTESIAN_POINT('',(-1.3446155315,131.94416128707));
#9358 = CARTESIAN_POINT('',(-1.371982453407,132.03539190646));
#9359 = CARTESIAN_POINT('',(-1.401080304161,132.13305610902));
#9360 = CARTESIAN_POINT('',(-1.431936007242,132.23727577896));
#9361 = CARTESIAN_POINT('',(-1.464518504677,132.34793729448));
#9362 = CARTESIAN_POINT('',(-1.498712491294,132.46455705794));
#9363 = CARTESIAN_POINT('',(-1.534278923322,132.5861221561));
#9364 = CARTESIAN_POINT('',(-1.570796326795,132.7109375));
#9365 = ( GEOMETRIC_REPRESENTATION_CONTEXT(2) 
PARAMETRIC_REPRESENTATION_CONTEXT() REPRESENTATION_CONTEXT('2D SPACE',''
  ) );
#9366 = ADVANCED_FACE('',(#9367),#3374,.F.);
#9367 = FACE_BOUND('',#9368,.T.);
#9368 = EDGE_LOOP('',(#9369,#9370,#9396,#9397,#9398));
#9369 = ORIENTED_EDGE('',*,*,#6831,.F.);
#9370 = ORIENTED_EDGE('',*,*,#9371,.F.);
#9371 = EDGE_CURVE('',#3333,#6811,#9372,.T.);
#9372 = SURFACE_CURVE('',#9373,(#9378,#9385),.PCURVE_S1.);
#9373 = CIRCLE('',#9374,3.5);
#9374 = AXIS2_PLACEMENT_3D('',#9375,#9376,#9377);
#9375 = CARTESIAN_POINT('',(-55.,131.5,190.));
#9376 = DIRECTION('',(0.,-1.,0.));
#9377 = DIRECTION('',(-1.,0.,0.));
#9378 = PCURVE('',#3374,#9379);
#9379 = DEFINITIONAL_REPRESENTATION('',(#9380),#9384);
#9380 = LINE('',#9381,#9382);
#9381 = CARTESIAN_POINT('',(-6.28318530718,19.));
#9382 = VECTOR('',#9383,1.);
#9383 = DIRECTION('',(1.,-0.));
#9384 = ( GEOMETRIC_REPRESENTATION_CONTEXT(2) 
PARAMETRIC_REPRESENTATION_CONTEXT() REPRESENTATION_CONTEXT('2D SPACE',''
  ) );
#9385 = PCURVE('',#3347,#9386);
#9386 = DEFINITIONAL_REPRESENTATION('',(#9387),#9395);
#9387 = ( BOUNDED_CURVE() B_SPLINE_CURVE(2,(#9388,#9389,#9390,#9391,
#9392,#9393,#9394),.UNSPECIFIED.,.T.,.F.) B_SPLINE_CURVE_WITH_KNOTS((1,2
    ,2,2,2,1),(-2.094395102393,0.,2.094395102393,4.188790204786,
6.28318530718,8.377580409573),.UNSPECIFIED.) CURVE() 
GEOMETRIC_REPRESENTATION_ITEM() RATIONAL_B_SPLINE_CURVE((1.,0.5,1.,0.5,
1.,0.5,1.)) REPRESENTATION_ITEM('') );
#9388 = CARTESIAN_POINT('',(9.,0.5));
#9389 = CARTESIAN_POINT('',(2.937822173509,0.5));
#9390 = CARTESIAN_POINT('',(5.968911086754,5.75));
#9391 = CARTESIAN_POINT('',(9.,11.));
#9392 = CARTESIAN_POINT('',(12.031088913246,5.75));
#9393 = CARTESIAN_POINT('',(15.062177826491,0.5));
#9394 = CARTESIAN_POINT('',(9.,0.5));
#9395 = ( GEOMETRIC_REPRESENTATION_CONTEXT(2) 
PARAMETRIC_REPRESENTATION_CONTEXT() REPRESENTATION_CONTEXT('2D SPACE',''
  ) );
#9396 = ORIENTED_EDGE('',*,*,#3358,.T.);
#9397 = ORIENTED_EDGE('',*,*,#9265,.F.);
#9398 = ORIENTED_EDGE('',*,*,#9399,.F.);
#9399 = EDGE_CURVE('',#6832,#9242,#9400,.T.);
#9400 = SURFACE_CURVE('',#9401,(#9439,#9480),.PCURVE_S1.);
#9401 = B_SPLINE_CURVE_WITH_KNOTS('',8,(#9402,#9403,#9404,#9405,#9406,
    #9407,#9408,#9409,#9410,#9411,#9412,#9413,#9414,#9415,#9416,#9417,
    #9418,#9419,#9420,#9421,#9422,#9423,#9424,#9425,#9426,#9427,#9428,
    #9429,#9430,#9431,#9432,#9433,#9434,#9435,#9436,#9437,#9438),
  .UNSPECIFIED.,.F.,.F.,(9,7,7,7,7,9),(0.,0.119531883736,0.194196178026,
    0.421526301184,0.765475409125,1.),.UNSPECIFIED.);
#9402 = CARTESIAN_POINT('',(-58.5,17.7890625,190.));
#9403 = CARTESIAN_POINT('',(-58.5,17.888839119203,190.10217125806));
#9404 = CARTESIAN_POINT('',(-58.49659139012,17.986537362244,
    190.20221425893));
#9405 = CARTESIAN_POINT('',(-58.49002247631,18.081320783133,
    190.29927248192));
#9406 = CARTESIAN_POINT('',(-58.48067654932,18.172599887154,
    190.39274228444));
#9407 = CARTESIAN_POINT('',(-58.46898777729,18.259997980325,
    190.48223793185));
#9408 = CARTESIAN_POINT('',(-58.45538746245,18.343308902722,
    190.56754831638));
#9409 = CARTESIAN_POINT('',(-58.44027449995,18.422455257887,
    190.64859418407));
#9410 = CARTESIAN_POINT('',(-58.41384060797,18.54430399457,
    190.77336729044));
#9411 = CARTESIAN_POINT('',(-58.40321860063,18.589567005893,
    190.81971661403));
#9412 = CARTESIAN_POINT('',(-58.3922172142,18.633273555521,
    190.86447212085));
#9413 = CARTESIAN_POINT('',(-58.3809068047,18.675466289496,
    190.90767748044));
#9414 = CARTESIAN_POINT('',(-58.36934851925,18.71619736275,
    190.94938609945));
#9415 = CARTESIAN_POINT('',(-58.35759446622,18.755525124914,
    190.98965772791));
#9416 = CARTESIAN_POINT('',(-58.34568826077,18.793511858069,
    191.02855614266));
#9417 = CARTESIAN_POINT('',(-58.29706164423,18.94199553556,
    191.18060342841));
#9418 = CARTESIAN_POINT('',(-58.25944753916,19.041738173064,
    191.28273988921));
#9419 = CARTESIAN_POINT('',(-58.22175722121,19.131615512272,
    191.37477428456));
#9420 = CARTESIAN_POINT('',(-58.18446568539,19.213181031208,
    191.45829737595));
#9421 = CARTESIAN_POINT('',(-58.14783199777,19.287675594684,
    191.53457980895));
#9422 = CARTESIAN_POINT('',(-58.11198642284,19.356134413166,
    191.60468163908));
#9423 = CARTESIAN_POINT('',(-58.07695223064,19.419416119323,
    191.66948210618));
#9424 = CARTESIAN_POINT('',(-57.99085748922,19.567310699812,
    191.8209261566));
#9425 = CARTESIAN_POINT('',(-57.94092643334,19.645985444366,
    191.90148909503));
#9426 = CARTESIAN_POINT('',(-57.8929086961,19.716681614034,
    191.97388197277));
#9427 = CARTESIAN_POINT('',(-57.84670513104,19.78082056311,
    192.03956025662));
#9428 = CARTESIAN_POINT('',(-57.80220891481,19.839496116712,
    192.09964402351));
#9429 = CARTESIAN_POINT('',(-57.75929643642,19.893512999441,
    192.15495731142));
#9430 = CARTESIAN_POINT('',(-57.71784622637,19.943526642627,
    192.20617128205));
#9431 = CARTESIAN_POINT('',(-57.65038589611,20.021796728676,
    192.28631985016));
#9432 = CARTESIAN_POINT('',(-57.62366698418,20.051903837882,
    192.31714952999));
#9433 = CARTESIAN_POINT('',(-57.59754510158,20.080548456703,
    192.34648161966));
#9434 = CARTESIAN_POINT('',(-57.57198900509,20.107865574294,
    192.37445434807));
#9435 = CARTESIAN_POINT('',(-57.54696976697,20.133969517021,
    192.40118478543));
#9436 = CARTESIAN_POINT('',(-57.52246053863,20.158959112951,
    192.42677413166));
#9437 = CARTESIAN_POINT('',(-57.49843631994,20.182921043326,
    192.45131114836));
#9438 = CARTESIAN_POINT('',(-57.47487373415,20.205931381009,
    192.47487373415));
#9439 = PCURVE('',#3374,#9440);
#9440 = DEFINITIONAL_REPRESENTATION('',(#9441),#9479);
#9441 = B_SPLINE_CURVE_WITH_KNOTS('',8,(#9442,#9443,#9444,#9445,#9446,
    #9447,#9448,#9449,#9450,#9451,#9452,#9453,#9454,#9455,#9456,#9457,
    #9458,#9459,#9460,#9461,#9462,#9463,#9464,#9465,#9466,#9467,#9468,
    #9469,#9470,#9471,#9472,#9473,#9474,#9475,#9476,#9477,#9478),
  .UNSPECIFIED.,.F.,.F.,(9,7,7,7,7,9),(0.,0.119531883736,0.194196178026,
    0.421526301184,0.765475409125,1.),.UNSPECIFIED.);
#9442 = CARTESIAN_POINT('',(0.,132.7109375));
#9443 = CARTESIAN_POINT('',(-2.919178801821E-02,132.61116088079));
#9444 = CARTESIAN_POINT('',(-5.777549845811E-02,132.51346263775));
#9445 = CARTESIAN_POINT('',(-8.554434159632E-02,132.41867921686));
#9446 = CARTESIAN_POINT('',(-0.112357063248,132.32740011284));
#9447 = CARTESIAN_POINT('',(-0.138123018332,132.24000201967));
#9448 = CARTESIAN_POINT('',(-0.162790703468,132.15669109727));
#9449 = CARTESIAN_POINT('',(-0.186338807099,132.07754474211));
#9450 = CARTESIAN_POINT('',(-0.222779509524,131.95569600543));
#9451 = CARTESIAN_POINT('',(-0.236363623932,131.9104329941));
#9452 = CARTESIAN_POINT('',(-0.249528909055,131.86672644447));
#9453 = CARTESIAN_POINT('',(-0.262286516426,131.8245337105));
#9454 = CARTESIAN_POINT('',(-0.274649995557,131.78380263725));
#9455 = CARTESIAN_POINT('',(-0.286634526947,131.74447487508));
#9456 = CARTESIAN_POINT('',(-0.298256411431,131.70648814193));
#9457 = CARTESIAN_POINT('',(-0.343866046056,131.55800446444));
#9458 = CARTESIAN_POINT('',(-0.374934794634,131.45826182693));
#9459 = CARTESIAN_POINT('',(-0.403322198393,131.36838448772));
#9460 = CARTESIAN_POINT('',(-0.429434098967,131.28681896879));
#9461 = CARTESIAN_POINT('',(-0.453595318513,131.21232440531));
#9462 = CARTESIAN_POINT('',(-0.476081166084,131.14386558683));
#9463 = CARTESIAN_POINT('',(-0.497123371354,131.08058388067));
#9464 = CARTESIAN_POINT('',(-0.546896411273,130.93268930018));
#9465 = CARTESIAN_POINT('',(-0.573957352914,130.85401455563));
#9466 = CARTESIAN_POINT('',(-0.5987596907,130.78331838596));
#9467 = CARTESIAN_POINT('',(-0.621687224468,130.71917943689));
#9468 = CARTESIAN_POINT('',(-0.643037891951,130.66050388328));
#9469 = CARTESIAN_POINT('',(-0.663032620948,130.60648700055));
#9470 = CARTESIAN_POINT('',(-0.681853787095,130.55647335737));
#9471 = CARTESIAN_POINT('',(-0.711785258662,130.47820327132));
#9472 = CARTESIAN_POINT('',(-0.723440241684,130.44809616211));
#9473 = CARTESIAN_POINT('',(-0.734660734196,130.41945154329));
#9474 = CARTESIAN_POINT('',(-0.745484540297,130.3921344257));
#9475 = CARTESIAN_POINT('',(-0.755943838139,130.36603048297));
#9476 = CARTESIAN_POINT('',(-0.766066587291,130.34104088704));
#9477 = CARTESIAN_POINT('',(-0.775877441002,130.31707895667));
#9478 = CARTESIAN_POINT('',(-0.785398163397,130.29406861899));
#9479 = ( GEOMETRIC_REPRESENTATION_CONTEXT(2) 
PARAMETRIC_REPRESENTATION_CONTEXT() REPRESENTATION_CONTEXT('2D SPACE',''
  ) );
#9480 = PCURVE('',#6952,#9481);
#9481 = DEFINITIONAL_REPRESENTATION('',(#9482),#9520);
#9482 = B_SPLINE_CURVE_WITH_KNOTS('',8,(#9483,#9484,#9485,#9486,#9487,
    #9488,#9489,#9490,#9491,#9492,#9493,#9494,#9495,#9496,#9497,#9498,
    #9499,#9500,#9501,#9502,#9503,#9504,#9505,#9506,#9507,#9508,#9509,
    #9510,#9511,#9512,#9513,#9514,#9515,#9516,#9517,#9518,#9519),
  .UNSPECIFIED.,.F.,.F.,(9,7,7,7,7,9),(0.,0.119531883736,0.194196178026,
    0.421526301184,0.765475409125,1.),.UNSPECIFIED.);
#9483 = CARTESIAN_POINT('',(2.011320754717,0.703125));
#9484 = CARTESIAN_POINT('',(2.065187449748,0.711107129536));
#9485 = CARTESIAN_POINT('',(2.131624602098,0.718922988979));
#9486 = CARTESIAN_POINT('',(2.210512605977,0.726505662651));
#9487 = CARTESIAN_POINT('',(2.301284393809,0.733807990972));
#9488 = CARTESIAN_POINT('',(2.403015097436,0.740799838426));
#9489 = CARTESIAN_POINT('',(2.514538572672,0.747464712218));
#9490 = CARTESIAN_POINT('',(2.63456588081,0.753796420631));
#9491 = CARTESIAN_POINT('',(2.841244252604,0.763544319566));
#9492 = CARTESIAN_POINT('',(2.923567073069,0.767165360471));
#9493 = CARTESIAN_POINT('',(3.008482806645,0.770661884442));
#9494 = CARTESIAN_POINT('',(3.095736871481,0.77403730316));
#9495 = CARTESIAN_POINT('',(3.18509313775,0.77729578902));
#9496 = CARTESIAN_POINT('',(3.276338934144,0.780442009993));
#9497 = CARTESIAN_POINT('',(3.369288502408,0.783480948646));
#9498 = CARTESIAN_POINT('',(3.75149776034,0.795359642845));
#9499 = CARTESIAN_POINT('',(4.053029578047,0.803339053845));
#9500 = CARTESIAN_POINT('',(4.364541283927,0.810529240982));
#9501 = CARTESIAN_POINT('',(4.683204218866,0.817054482497));
#9502 = CARTESIAN_POINT('',(5.00696899262,0.823014047575));
#9503 = CARTESIAN_POINT('',(5.334489658482,0.828490753053));
#9504 = CARTESIAN_POINT('',(5.665106082838,0.833553289546));
#9505 = CARTESIAN_POINT('',(6.503645195842,0.845384855985));
#9506 = CARTESIAN_POINT('',(7.014234738988,0.851678835549));
#9507 = CARTESIAN_POINT('',(7.528827041389,0.857334529123));
#9508 = CARTESIAN_POINT('',(8.046277837338,0.862465645049));
#9509 = CARTESIAN_POINT('',(8.565771668021,0.867159689337));
#9510 = CARTESIAN_POINT('',(9.086808842471,0.871481039955));
#9511 = CARTESIAN_POINT('',(9.609145636249,0.87548213141));
#9512 = CARTESIAN_POINT('',(10.489837731311,0.881743738294));
#9513 = CARTESIAN_POINT('',(10.847390348664,0.884152307031));
#9514 = CARTESIAN_POINT('',(11.205373457156,0.886443876536));
#9515 = CARTESIAN_POINT('',(11.56372716773,0.888629245944));
#9516 = CARTESIAN_POINT('',(11.92240225426,0.890717561362));
#9517 = CARTESIAN_POINT('',(12.281358887455,0.892716729036));
#9518 = CARTESIAN_POINT('',(12.640565816724,0.894633683466));
#9519 = CARTESIAN_POINT('',(13.,0.896474510481));
#9520 = ( GEOMETRIC_REPRESENTATION_CONTEXT(2) 
PARAMETRIC_REPRESENTATION_CONTEXT() REPRESENTATION_CONTEXT('2D SPACE',''
  ) );
#9521 = ADVANCED_FACE('',(#9522),#3347,.F.);
#9522 = FACE_BOUND('',#9523,.F.);
#9523 = EDGE_LOOP('',(#9524,#9525,#9526,#9527,#9528));
#9524 = ORIENTED_EDGE('',*,*,#7519,.F.);
#9525 = ORIENTED_EDGE('',*,*,#6810,.T.);
#9526 = ORIENTED_EDGE('',*,*,#9371,.F.);
#9527 = ORIENTED_EDGE('',*,*,#3332,.F.);
#9528 = ORIENTED_EDGE('',*,*,#7566,.F.);
#9529 = ADVANCED_FACE('',(#9530),#3280,.F.);
#9530 = FACE_BOUND('',#9531,.F.);
#9531 = EDGE_LOOP('',(#9532,#9533,#9534,#9535,#9557));
#9532 = ORIENTED_EDGE('',*,*,#3589,.F.);
#9533 = ORIENTED_EDGE('',*,*,#3538,.T.);
#9534 = ORIENTED_EDGE('',*,*,#3265,.F.);
#9535 = ORIENTED_EDGE('',*,*,#9536,.T.);
#9536 = EDGE_CURVE('',#3238,#4096,#9537,.T.);
#9537 = SURFACE_CURVE('',#9538,(#9543,#9550),.PCURVE_S1.);
#9538 = CIRCLE('',#9539,3.5);
#9539 = AXIS2_PLACEMENT_3D('',#9540,#9541,#9542);
#9540 = CARTESIAN_POINT('',(55.,131.5,190.));
#9541 = DIRECTION('',(0.,1.,0.));
#9542 = DIRECTION('',(1.,0.,-0.));
#9543 = PCURVE('',#3280,#9544);
#9544 = DEFINITIONAL_REPRESENTATION('',(#9545),#9549);
#9545 = CIRCLE('',#9546,3.5);
#9546 = AXIS2_PLACEMENT_2D('',#9547,#9548);
#9547 = CARTESIAN_POINT('',(9.,9.));
#9548 = DIRECTION('',(0.,1.));
#9549 = ( GEOMETRIC_REPRESENTATION_CONTEXT(2) 
PARAMETRIC_REPRESENTATION_CONTEXT() REPRESENTATION_CONTEXT('2D SPACE',''
  ) );
#9550 = PCURVE('',#3253,#9551);
#9551 = DEFINITIONAL_REPRESENTATION('',(#9552),#9556);
#9552 = LINE('',#9553,#9554);
#9553 = CARTESIAN_POINT('',(-6.28318530718,137.5));
#9554 = VECTOR('',#9555,1.);
#9555 = DIRECTION('',(1.,-0.));
#9556 = ( GEOMETRIC_REPRESENTATION_CONTEXT(2) 
PARAMETRIC_REPRESENTATION_CONTEXT() REPRESENTATION_CONTEXT('2D SPACE',''
  ) );
#9557 = ORIENTED_EDGE('',*,*,#4118,.T.);
#9558 = ADVANCED_FACE('',(#9559),#3253,.F.);
#9559 = FACE_BOUND('',#9560,.T.);
#9560 = EDGE_LOOP('',(#9561,#9562,#9666,#9789,#9790));
#9561 = ORIENTED_EDGE('',*,*,#4095,.F.);
#9562 = ORIENTED_EDGE('',*,*,#9563,.F.);
#9563 = EDGE_CURVE('',#9564,#3945,#9566,.T.);
#9564 = VERTEX_POINT('',#9565);
#9565 = CARTESIAN_POINT('',(57.474873734153,20.205931381009,
    192.47487373415));
#9566 = SURFACE_CURVE('',#9567,(#9598,#9632),.PCURVE_S1.);
#9567 = B_SPLINE_CURVE_WITH_KNOTS('',8,(#9568,#9569,#9570,#9571,#9572,
    #9573,#9574,#9575,#9576,#9577,#9578,#9579,#9580,#9581,#9582,#9583,
    #9584,#9585,#9586,#9587,#9588,#9589,#9590,#9591,#9592,#9593,#9594,
    #9595,#9596,#9597),.UNSPECIFIED.,.F.,.F.,(9,7,7,7,9),(0.,
    0.434782637893,0.706923296367,0.850590715472,1.),.UNSPECIFIED.);
#9568 = CARTESIAN_POINT('',(57.474873734153,20.205931381009,
    192.47487373415));
#9569 = CARTESIAN_POINT('',(57.518549855464,20.163278918791,
    192.43119761284));
#9570 = CARTESIAN_POINT('',(57.563802448908,20.117366197713,
    192.38418298645));
#9571 = CARTESIAN_POINT('',(57.610789377885,20.067701981556,
    192.33332682911));
#9572 = CARTESIAN_POINT('',(57.659683531605,20.013669022574,
    192.27799707911));
#9573 = CARTESIAN_POINT('',(57.710679621494,19.954502570594,
    192.21741063228));
#9574 = CARTESIAN_POINT('',(57.763990293895,19.889149359472,
    192.15048894409));
#9575 = CARTESIAN_POINT('',(57.819862841585,19.816227272783,
    192.07581672733));
#9576 = CARTESIAN_POINT('',(57.915274188585,19.681515034887,
    191.93787139572));
#9577 = CARTESIAN_POINT('',(57.953070166945,19.625813162339,
    191.88083267823));
#9578 = CARTESIAN_POINT('',(57.992016810804,19.565664687019,
    191.8192406395));
#9579 = CARTESIAN_POINT('',(58.032171678587,19.500334970205,
    191.75234300949));
#9580 = CARTESIAN_POINT('',(58.073562311995,19.428936779039,
    191.67923126173));
#9581 = CARTESIAN_POINT('',(58.116145511323,19.350298570966,
    191.59870573666));
#9582 = CARTESIAN_POINT('',(58.159802134703,19.262925760205,
    191.50923597844));
#9583 = CARTESIAN_POINT('',(58.227551140484,19.112402977499,
    191.35510064895));
#9584 = CARTESIAN_POINT('',(58.25112828648,19.057338362916,
    191.29871448362));
#9585 = CARTESIAN_POINT('',(58.274822149605,18.99885854809,
    191.23883115324));
#9586 = CARTESIAN_POINT('',(58.298538445256,18.93658173425,
    191.17505969587));
#9587 = CARTESIAN_POINT('',(58.322130714432,18.87009626646,
    191.10697857685));
#9588 = CARTESIAN_POINT('',(58.345384978928,18.798962311287,
    191.03413740675));
#9589 = CARTESIAN_POINT('',(58.367999155555,18.722721550287,
    190.95606686749));
#9590 = CARTESIAN_POINT('',(58.411976901217,18.555838712923,
    190.78517884203));
#9591 = CARTESIAN_POINT('',(58.433290052246,18.464608093536,
    190.69175868778));
#9592 = CARTESIAN_POINT('',(58.452951163948,18.366943890974,
    190.59175054435));
#9593 = CARTESIAN_POINT('',(58.470283275798,18.262724221032,
    190.48502960233));
#9594 = CARTESIAN_POINT('',(58.484483507554,18.152062705516,
    190.37171221044));
#9595 = CARTESIAN_POINT('',(58.494666029134,18.035442942053,
    190.25229357266));
#9596 = CARTESIAN_POINT('',(58.5,17.9138778439,190.12781091215));
#9597 = CARTESIAN_POINT('',(58.5,17.7890625,190.));
#9598 = PCURVE('',#3253,#9599);
#9599 = DEFINITIONAL_REPRESENTATION('',(#9600),#9631);
#9600 = B_SPLINE_CURVE_WITH_KNOTS('',8,(#9601,#9602,#9603,#9604,#9605,
    #9606,#9607,#9608,#9609,#9610,#9611,#9612,#9613,#9614,#9615,#9616,
    #9617,#9618,#9619,#9620,#9621,#9622,#9623,#9624,#9625,#9626,#9627,
    #9628,#9629,#9630),.UNSPECIFIED.,.F.,.F.,(9,7,7,7,9),(0.,
    0.434782637893,0.706923296367,0.850590715472,1.),.UNSPECIFIED.);
#9601 = CARTESIAN_POINT('',(-0.785398163397,26.205931381009));
#9602 = CARTESIAN_POINT('',(-0.767750345366,26.163278918791));
#9603 = CARTESIAN_POINT('',(-0.749109532189,26.117366197713));
#9604 = CARTESIAN_POINT('',(-0.729333980855,26.067701981556));
#9605 = CARTESIAN_POINT('',(-0.708248170724,26.013669022574));
#9606 = CARTESIAN_POINT('',(-0.685637236426,25.954502570594));
#9607 = CARTESIAN_POINT('',(-0.661208355743,25.889149359472));
#9608 = CARTESIAN_POINT('',(-0.634580733879,25.816227272783));
#9609 = CARTESIAN_POINT('',(-0.586658824912,25.681515034887));
#9610 = CARTESIAN_POINT('',(-0.567112735714,25.625813162339));
#9611 = CARTESIAN_POINT('',(-0.546300249982,25.565664687019));
#9612 = CARTESIAN_POINT('',(-0.524020292376,25.500334970205));
#9613 = CARTESIAN_POINT('',(-0.500034143616,25.428936779039));
#9614 = CARTESIAN_POINT('',(-0.474028540627,25.350298570966));
#9615 = CARTESIAN_POINT('',(-0.445607461308,25.262925760205));
#9616 = CARTESIAN_POINT('',(-0.397502450681,25.112402977499));
#9617 = CARTESIAN_POINT('',(-0.380043295997,25.057338362916));
#9618 = CARTESIAN_POINT('',(-0.361649081257,24.99885854809));
#9619 = CARTESIAN_POINT('',(-0.342218246323,24.93658173425));
#9620 = CARTESIAN_POINT('',(-0.321643028326,24.87009626646));
#9621 = CARTESIAN_POINT('',(-0.299809169857,24.798962311287));
#9622 = CARTESIAN_POINT('',(-0.276596827212,24.722721550287));
#9623 = CARTESIAN_POINT('',(-0.226180795295,24.555838712923));
#9624 = CARTESIAN_POINT('',(-0.198813873388,24.464608093536));
#9625 = CARTESIAN_POINT('',(-0.169716022634,24.366943890974));
#9626 = CARTESIAN_POINT('',(-0.138860319553,24.262724221032));
#9627 = CARTESIAN_POINT('',(-0.106277822118,24.152062705516));
#9628 = CARTESIAN_POINT('',(-7.208383550036E-02,24.035442942053));
#9629 = CARTESIAN_POINT('',(-3.65174034726E-02,23.9138778439));
#9630 = CARTESIAN_POINT('',(0.,23.7890625));
#9631 = ( GEOMETRIC_REPRESENTATION_CONTEXT(2) 
PARAMETRIC_REPRESENTATION_CONTEXT() REPRESENTATION_CONTEXT('2D SPACE',''
  ) );
#9632 = PCURVE('',#4042,#9633);
#9633 = DEFINITIONAL_REPRESENTATION('',(#9634),#9665);
#9634 = B_SPLINE_CURVE_WITH_KNOTS('',8,(#9635,#9636,#9637,#9638,#9639,
    #9640,#9641,#9642,#9643,#9644,#9645,#9646,#9647,#9648,#9649,#9650,
    #9651,#9652,#9653,#9654,#9655,#9656,#9657,#9658,#9659,#9660,#9661,
    #9662,#9663,#9664),.UNSPECIFIED.,.F.,.F.,(9,7,7,7,9),(0.,
    0.434782637893,0.706923296367,0.850590715472,1.),.UNSPECIFIED.);
#9635 = CARTESIAN_POINT('',(0.,0.896474510481));
#9636 = CARTESIAN_POINT('',(0.666255016926,0.893062313503));
#9637 = CARTESIAN_POINT('',(1.331582176926,0.889389295817));
#9638 = CARTESIAN_POINT('',(1.99598866286,0.885416158524));
#9639 = CARTESIAN_POINT('',(2.659304907025,0.881093521806));
#9640 = CARTESIAN_POINT('',(3.321179547232,0.876360205648));
#9641 = CARTESIAN_POINT('',(3.981034900689,0.871131948758));
#9642 = CARTESIAN_POINT('',(4.638056183971,0.865298181823));
#9643 = CARTESIAN_POINT('',(5.699692454589,0.854521202791));
#9644 = CARTESIAN_POINT('',(6.106404852337,0.850065052987));
#9645 = CARTESIAN_POINT('',(6.511142100655,0.845253174962));
#9646 = CARTESIAN_POINT('',(6.913517062703,0.840026797616));
#9647 = CARTESIAN_POINT('',(7.312741319637,0.834314942323));
#9648 = CARTESIAN_POINT('',(7.707545813641,0.828023885677));
#9649 = CARTESIAN_POINT('',(8.096163836347,0.821034060816));
#9650 = CARTESIAN_POINT('',(8.676519595612,0.8089922382));
#9651 = CARTESIAN_POINT('',(8.874406975476,0.804587069033));
#9652 = CARTESIAN_POINT('',(9.06933439286,0.799908683847));
#9653 = CARTESIAN_POINT('',(9.260731370941,0.79492653874));
#9654 = CARTESIAN_POINT('',(9.447776993552,0.789607701317));
#9655 = CARTESIAN_POINT('',(9.629403845674,0.783916984903));
#9656 = CARTESIAN_POINT('',(9.804312289329,0.777817724023));
#9657 = CARTESIAN_POINT('',(10.144339566467,0.764467097034));
#9658 = CARTESIAN_POINT('',(10.309063688568,0.757168647483));
#9659 = CARTESIAN_POINT('',(10.462873755814,0.749355511278));
#9660 = CARTESIAN_POINT('',(10.603273401815,0.741017937683));
#9661 = CARTESIAN_POINT('',(10.727772544563,0.732165016441));
#9662 = CARTESIAN_POINT('',(10.834238292569,0.722835435364));
#9663 = CARTESIAN_POINT('',(10.921294820768,0.713110227512));
#9664 = CARTESIAN_POINT('',(10.988679245283,0.703125));
#9665 = ( GEOMETRIC_REPRESENTATION_CONTEXT(2) 
PARAMETRIC_REPRESENTATION_CONTEXT() REPRESENTATION_CONTEXT('2D SPACE',''
  ) );
#9666 = ORIENTED_EDGE('',*,*,#9667,.F.);
#9667 = EDGE_CURVE('',#3087,#9564,#9668,.T.);
#9668 = SURFACE_CURVE('',#9669,(#9707,#9748),.PCURVE_S1.);
#9669 = B_SPLINE_CURVE_WITH_KNOTS('',8,(#9670,#9671,#9672,#9673,#9674,
    #9675,#9676,#9677,#9678,#9679,#9680,#9681,#9682,#9683,#9684,#9685,
    #9686,#9687,#9688,#9689,#9690,#9691,#9692,#9693,#9694,#9695,#9696,
    #9697,#9698,#9699,#9700,#9701,#9702,#9703,#9704,#9705,#9706),
  .UNSPECIFIED.,.F.,.F.,(9,7,7,7,7,9),(0.,0.119531883614,0.194196177925,
    0.421526301101,0.765475409043,1.),.UNSPECIFIED.);
#9670 = CARTESIAN_POINT('',(55.,17.7890625,193.5));
#9671 = CARTESIAN_POINT('',(55.102171257958,17.888839119099,193.5));
#9672 = CARTESIAN_POINT('',(55.20221425873,17.986537362041,
    193.49659139012));
#9673 = CARTESIAN_POINT('',(55.299272481627,18.081320782839,
    193.49002247633));
#9674 = CARTESIAN_POINT('',(55.392742284058,18.172599886775,
    193.48067654936));
#9675 = CARTESIAN_POINT('',(55.482237931389,18.259997979872,
    193.46898777735));
#9676 = CARTESIAN_POINT('',(55.567548315858,18.343308902205,
    193.45538746254));
#9677 = CARTESIAN_POINT('',(55.648594183489,18.422455257313,
    193.44027450006));
#9678 = CARTESIAN_POINT('',(55.773367289834,18.544303993979,
    193.4138406081));
#9679 = CARTESIAN_POINT('',(55.819716613459,18.589567005331,
    193.40321860077));
#9680 = CARTESIAN_POINT('',(55.864472120308,18.633273554988,
    193.39221721434));
#9681 = CARTESIAN_POINT('',(55.907677479925,18.67546628899,
    193.38090680484));
#9682 = CARTESIAN_POINT('',(55.949386098964,18.71619736227,
    193.36934851939));
#9683 = CARTESIAN_POINT('',(55.989657727445,18.755525124458,
    193.35759446636));
#9684 = CARTESIAN_POINT('',(56.02855614222,18.793511857637,
    193.3456882609));
#9685 = CARTESIAN_POINT('',(56.180603428039,18.941995535194,
    193.29706164436));
#9686 = CARTESIAN_POINT('',(56.282739888884,19.041738172739,
    193.2594475393));
#9687 = CARTESIAN_POINT('',(56.374774284265,19.131615511977,
    193.22175722134));
#9688 = CARTESIAN_POINT('',(56.458297375685,19.213181030942,
    193.18446568551));
#9689 = CARTESIAN_POINT('',(56.534579808709,19.287675594443,
    193.14783199789));
#9690 = CARTESIAN_POINT('',(56.604681638856,19.356134412945,
    193.11198642296));
#9691 = CARTESIAN_POINT('',(56.66948210598,19.419416119121,
    193.07695223076));
#9692 = CARTESIAN_POINT('',(56.820926156436,19.567310699644,
    192.99085748932));
#9693 = CARTESIAN_POINT('',(56.901489094883,19.645985444222,
    192.94092643343));
#9694 = CARTESIAN_POINT('',(56.973881972619,19.716681613883,
    192.89290869621));
#9695 = CARTESIAN_POINT('',(57.039560256509,19.780820563,192.84670513112
    ));
#9696 = CARTESIAN_POINT('',(57.099644023384,19.839496116584,
    192.80220891491));
#9697 = CARTESIAN_POINT('',(57.154957311321,19.893512999338,
    192.75929643651));
#9698 = CARTESIAN_POINT('',(57.206171281946,19.943526642525,
    192.71784622646));
#9699 = CARTESIAN_POINT('',(57.286319850084,20.021796728598,
    192.65038589618));
#9700 = CARTESIAN_POINT('',(57.317149529926,20.051903837818,
    192.62366698424));
#9701 = CARTESIAN_POINT('',(57.346481619612,20.080548456653,
    192.59754510163));
#9702 = CARTESIAN_POINT('',(57.374454348038,20.107865574256,
    192.57198900513));
#9703 = CARTESIAN_POINT('',(57.401184785401,20.133969516993,
    192.546969767));
#9704 = CARTESIAN_POINT('',(57.426774131644,20.158959112934,
    192.52246053865));
#9705 = CARTESIAN_POINT('',(57.451311148357,20.182921043318,
    192.49843631994));
#9706 = CARTESIAN_POINT('',(57.474873734153,20.205931381009,
    192.47487373415));
#9707 = PCURVE('',#3253,#9708);
#9708 = DEFINITIONAL_REPRESENTATION('',(#9709),#9747);
#9709 = B_SPLINE_CURVE_WITH_KNOTS('',8,(#9710,#9711,#9712,#9713,#9714,
    #9715,#9716,#9717,#9718,#9719,#9720,#9721,#9722,#9723,#9724,#9725,
    #9726,#9727,#9728,#9729,#9730,#9731,#9732,#9733,#9734,#9735,#9736,
    #9737,#9738,#9739,#9740,#9741,#9742,#9743,#9744,#9745,#9746),
  .UNSPECIFIED.,.F.,.F.,(9,7,7,7,7,9),(0.,0.119531883614,0.194196177925,
    0.421526301101,0.765475409043,1.),.UNSPECIFIED.);
#9710 = CARTESIAN_POINT('',(-1.570796326795,23.7890625));
#9711 = CARTESIAN_POINT('',(-1.541604538807,23.888839119099));
#9712 = CARTESIAN_POINT('',(-1.513020828396,23.986537362041));
#9713 = CARTESIAN_POINT('',(-1.485251985285,24.081320782839));
#9714 = CARTESIAN_POINT('',(-1.458439263658,24.172599886775));
#9715 = CARTESIAN_POINT('',(-1.432673308597,24.259997979872));
#9716 = CARTESIAN_POINT('',(-1.40800562348,24.343308902205));
#9717 = CARTESIAN_POINT('',(-1.384457519867,24.422455257313));
#9718 = CARTESIAN_POINT('',(-1.348016817448,24.544303993979));
#9719 = CARTESIAN_POINT('',(-1.334432703032,24.589567005331));
#9720 = CARTESIAN_POINT('',(-1.321267417901,24.633273554988));
#9721 = CARTESIAN_POINT('',(-1.308509810522,24.67546628899));
#9722 = CARTESIAN_POINT('',(-1.296146331384,24.71619736227));
#9723 = CARTESIAN_POINT('',(-1.284161799987,24.755525124458));
#9724 = CARTESIAN_POINT('',(-1.272539915497,24.793511857637));
#9725 = CARTESIAN_POINT('',(-1.226930280853,24.941995535194));
#9726 = CARTESIAN_POINT('',(-1.195861532263,25.041738172739));
#9727 = CARTESIAN_POINT('',(-1.167474128495,25.131615511977));
#9728 = CARTESIAN_POINT('',(-1.141362227914,25.213181030942));
#9729 = CARTESIAN_POINT('',(-1.117201008361,25.287675594443));
#9730 = CARTESIAN_POINT('',(-1.094715160784,25.356134412945));
#9731 = CARTESIAN_POINT('',(-1.073672955508,25.419416119121));
#9732 = CARTESIAN_POINT('',(-1.02389991558,25.567310699644));
#9733 = CARTESIAN_POINT('',(-0.996838973931,25.645985444222));
#9734 = CARTESIAN_POINT('',(-0.972036636147,25.716681613883));
#9735 = CARTESIAN_POINT('',(-0.949109102368,25.780820563));
#9736 = CARTESIAN_POINT('',(-0.92775843489,25.839496116584));
#9737 = CARTESIAN_POINT('',(-0.907763705885,25.893512999338));
#9738 = CARTESIAN_POINT('',(-0.888942539738,25.943526642525));
#9739 = CARTESIAN_POINT('',(-0.859011068163,26.021796728598));
#9740 = CARTESIAN_POINT('',(-0.847356085135,26.051903837818));
#9741 = CARTESIAN_POINT('',(-0.836135592619,26.080548456653));
#9742 = CARTESIAN_POINT('',(-0.825311786514,26.107865574256));
#9743 = CARTESIAN_POINT('',(-0.814852488667,26.133969516993));
#9744 = CARTESIAN_POINT('',(-0.804729739512,26.158959112934));
#9745 = CARTESIAN_POINT('',(-0.794918885796,26.182921043318));
#9746 = CARTESIAN_POINT('',(-0.785398163397,26.205931381009));
#9747 = ( GEOMETRIC_REPRESENTATION_CONTEXT(2) 
PARAMETRIC_REPRESENTATION_CONTEXT() REPRESENTATION_CONTEXT('2D SPACE',''
  ) );
#9748 = PCURVE('',#3184,#9749);
#9749 = DEFINITIONAL_REPRESENTATION('',(#9750),#9788);
#9750 = B_SPLINE_CURVE_WITH_KNOTS('',8,(#9751,#9752,#9753,#9754,#9755,
    #9756,#9757,#9758,#9759,#9760,#9761,#9762,#9763,#9764,#9765,#9766,
    #9767,#9768,#9769,#9770,#9771,#9772,#9773,#9774,#9775,#9776,#9777,
    #9778,#9779,#9780,#9781,#9782,#9783,#9784,#9785,#9786,#9787),
  .UNSPECIFIED.,.F.,.F.,(9,7,7,7,7,9),(0.,0.119531883614,0.194196177925,
    0.421526301101,0.765475409043,1.),.UNSPECIFIED.);
#9751 = CARTESIAN_POINT('',(2.011320754717,0.703125));
#9752 = CARTESIAN_POINT('',(2.065187449692,0.711107129528));
#9753 = CARTESIAN_POINT('',(2.13162460196,0.718922988963));
#9754 = CARTESIAN_POINT('',(2.210512605732,0.726505662627));
#9755 = CARTESIAN_POINT('',(2.301284393433,0.733807990942));
#9756 = CARTESIAN_POINT('',(2.403015096909,0.74079983839));
#9757 = CARTESIAN_POINT('',(2.514538571978,0.747464712176));
#9758 = CARTESIAN_POINT('',(2.634565879939,0.753796420585));
#9759 = CARTESIAN_POINT('',(2.841244251536,0.763544319518));
#9760 = CARTESIAN_POINT('',(2.923567071993,0.767165360427));
#9761 = CARTESIAN_POINT('',(3.008482805565,0.770661884399));
#9762 = CARTESIAN_POINT('',(3.0957368704,0.774037303119));
#9763 = CARTESIAN_POINT('',(3.185093136671,0.777295788982));
#9764 = CARTESIAN_POINT('',(3.27633893307,0.780442009957));
#9765 = CARTESIAN_POINT('',(3.369288501343,0.783480948611));
#9766 = CARTESIAN_POINT('',(3.751497759256,0.795359642816));
#9767 = CARTESIAN_POINT('',(4.053029576953,0.803339053819));
#9768 = CARTESIAN_POINT('',(4.364541282824,0.810529240958));
#9769 = CARTESIAN_POINT('',(4.683204217768,0.817054482475));
#9770 = CARTESIAN_POINT('',(5.006968991532,0.823014047555));
#9771 = CARTESIAN_POINT('',(5.334489657399,0.828490753036));
#9772 = CARTESIAN_POINT('',(5.665106081769,0.83355328953));
#9773 = CARTESIAN_POINT('',(6.503645194771,0.845384855972));
#9774 = CARTESIAN_POINT('',(7.014234737968,0.851678835538));
#9775 = CARTESIAN_POINT('',(7.528827040221,0.857334529111));
#9776 = CARTESIAN_POINT('',(8.046277836413,0.86246564504));
#9777 = CARTESIAN_POINT('',(8.565771666845,0.867159689327));
#9778 = CARTESIAN_POINT('',(9.086808841463,0.871481039947));
#9779 = CARTESIAN_POINT('',(9.60914563518,0.875482131402));
#9780 = CARTESIAN_POINT('',(10.489837730387,0.881743738288));
#9781 = CARTESIAN_POINT('',(10.84739034787,0.884152307025));
#9782 = CARTESIAN_POINT('',(11.205373456493,0.886443876532));
#9783 = CARTESIAN_POINT('',(11.563727167201,0.88862924594));
#9784 = CARTESIAN_POINT('',(11.922402253862,0.890717561359));
#9785 = CARTESIAN_POINT('',(12.281358887189,0.892716729035));
#9786 = CARTESIAN_POINT('',(12.640565816591,0.894633683465));
#9787 = CARTESIAN_POINT('',(13.,0.896474510481));
#9788 = ( GEOMETRIC_REPRESENTATION_CONTEXT(2) 
PARAMETRIC_REPRESENTATION_CONTEXT() REPRESENTATION_CONTEXT('2D SPACE',''
  ) );
#9789 = ORIENTED_EDGE('',*,*,#3237,.T.);
#9790 = ORIENTED_EDGE('',*,*,#9536,.T.);
#9791 = ADVANCED_FACE('',(#9792),#3184,.F.);
#9792 = FACE_BOUND('',#9793,.F.);
#9793 = EDGE_LOOP('',(#9794,#9795,#9817,#9837));
#9794 = ORIENTED_EDGE('',*,*,#3086,.F.);
#9795 = ORIENTED_EDGE('',*,*,#9796,.F.);
#9796 = EDGE_CURVE('',#9797,#3061,#9799,.T.);
#9797 = VERTEX_POINT('',#9798);
#9798 = CARTESIAN_POINT('',(46.,9.,181.));
#9799 = SURFACE_CURVE('',#9800,(#9804,#9810),.PCURVE_S1.);
#9800 = LINE('',#9801,#9802);
#9801 = CARTESIAN_POINT('',(46.,9.,181.));
#9802 = VECTOR('',#9803,1.);
#9803 = DIRECTION('',(0.,0.,1.));
#9804 = PCURVE('',#3184,#9805);
#9805 = DEFINITIONAL_REPRESENTATION('',(#9806),#9809);
#9806 = B_SPLINE_CURVE_WITH_KNOTS('',1,(#9807,#9808),.UNSPECIFIED.,.F.,
  .F.,(2,2),(0.,12.5),.PIECEWISE_BEZIER_KNOTS.);
#9807 = CARTESIAN_POINT('',(13.,0.));
#9808 = CARTESIAN_POINT('',(0.5,0.));
#9809 = ( GEOMETRIC_REPRESENTATION_CONTEXT(2) 
PARAMETRIC_REPRESENTATION_CONTEXT() REPRESENTATION_CONTEXT('2D SPACE',''
  ) );
#9810 = PCURVE('',#3075,#9811);
#9811 = DEFINITIONAL_REPRESENTATION('',(#9812),#9816);
#9812 = LINE('',#9813,#9814);
#9813 = CARTESIAN_POINT('',(0.,-18.));
#9814 = VECTOR('',#9815,1.);
#9815 = DIRECTION('',(1.,0.));
#9816 = ( GEOMETRIC_REPRESENTATION_CONTEXT(2) 
PARAMETRIC_REPRESENTATION_CONTEXT() REPRESENTATION_CONTEXT('2D SPACE',''
  ) );
#9817 = ORIENTED_EDGE('',*,*,#9818,.T.);
#9818 = EDGE_CURVE('',#9797,#9564,#9819,.T.);
#9819 = SURFACE_CURVE('',#9820,(#9823,#9830),.PCURVE_S1.);
#9820 = B_SPLINE_CURVE_WITH_KNOTS('',1,(#9821,#9822),.UNSPECIFIED.,.F.,
  .F.,(2,2),(0.,1.),.PIECEWISE_BEZIER_KNOTS.);
#9821 = CARTESIAN_POINT('',(46.,9.,181.));
#9822 = CARTESIAN_POINT('',(58.8,21.5,193.8));
#9823 = PCURVE('',#3184,#9824);
#9824 = DEFINITIONAL_REPRESENTATION('',(#9825),#9829);
#9825 = LINE('',#9826,#9827);
#9826 = CARTESIAN_POINT('',(13.,0.));
#9827 = VECTOR('',#9828,1.);
#9828 = DIRECTION('',(0.,1.));
#9829 = ( GEOMETRIC_REPRESENTATION_CONTEXT(2) 
PARAMETRIC_REPRESENTATION_CONTEXT() REPRESENTATION_CONTEXT('2D SPACE',''
  ) );
#9830 = PCURVE('',#4042,#9831);
#9831 = DEFINITIONAL_REPRESENTATION('',(#9832),#9836);
#9832 = LINE('',#9833,#9834);
#9833 = CARTESIAN_POINT('',(0.,0.));
#9834 = VECTOR('',#9835,1.);
#9835 = DIRECTION('',(0.,1.));
#9836 = ( GEOMETRIC_REPRESENTATION_CONTEXT(2) 
PARAMETRIC_REPRESENTATION_CONTEXT() REPRESENTATION_CONTEXT('2D SPACE',''
  ) );
#9837 = ORIENTED_EDGE('',*,*,#9667,.F.);
#9838 = ADVANCED_FACE('',(#9839),#3075,.F.);
#9839 = FACE_BOUND('',#9840,.F.);
#9840 = EDGE_LOOP('',(#9841,#9871,#9892,#9893,#9894,#9915));
#9841 = ORIENTED_EDGE('',*,*,#9842,.F.);
#9842 = EDGE_CURVE('',#9843,#9845,#9847,.T.);
#9843 = VERTEX_POINT('',#9844);
#9844 = CARTESIAN_POINT('',(46.,-9.,181.));
#9845 = VERTEX_POINT('',#9846);
#9846 = CARTESIAN_POINT('',(46.,-9.,188.51));
#9847 = SURFACE_CURVE('',#9848,(#9852,#9859),.PCURVE_S1.);
#9848 = LINE('',#9849,#9850);
#9849 = CARTESIAN_POINT('',(46.,-9.,181.));
#9850 = VECTOR('',#9851,1.);
#9851 = DIRECTION('',(0.,0.,1.));
#9852 = PCURVE('',#3075,#9853);
#9853 = DEFINITIONAL_REPRESENTATION('',(#9854),#9858);
#9854 = LINE('',#9855,#9856);
#9855 = CARTESIAN_POINT('',(0.,0.));
#9856 = VECTOR('',#9857,1.);
#9857 = DIRECTION('',(1.,0.));
#9858 = ( GEOMETRIC_REPRESENTATION_CONTEXT(2) 
PARAMETRIC_REPRESENTATION_CONTEXT() REPRESENTATION_CONTEXT('2D SPACE',''
  ) );
#9859 = PCURVE('',#9860,#9865);
#9860 = PLANE('',#9861);
#9861 = AXIS2_PLACEMENT_3D('',#9862,#9863,#9864);
#9862 = CARTESIAN_POINT('',(46.,-9.,181.));
#9863 = DIRECTION('',(0.,1.,0.));
#9864 = DIRECTION('',(0.,0.,1.));
#9865 = DEFINITIONAL_REPRESENTATION('',(#9866),#9870);
#9866 = LINE('',#9867,#9868);
#9867 = CARTESIAN_POINT('',(0.,0.));
#9868 = VECTOR('',#9869,1.);
#9869 = DIRECTION('',(1.,0.));
#9870 = ( GEOMETRIC_REPRESENTATION_CONTEXT(2) 
PARAMETRIC_REPRESENTATION_CONTEXT() REPRESENTATION_CONTEXT('2D SPACE',''
  ) );
#9871 = ORIENTED_EDGE('',*,*,#9872,.T.);
#9872 = EDGE_CURVE('',#9843,#9797,#9873,.T.);
#9873 = SURFACE_CURVE('',#9874,(#9878,#9885),.PCURVE_S1.);
#9874 = LINE('',#9875,#9876);
#9875 = CARTESIAN_POINT('',(46.,-9.,181.));
#9876 = VECTOR('',#9877,1.);
#9877 = DIRECTION('',(0.,1.,0.));
#9878 = PCURVE('',#3075,#9879);
#9879 = DEFINITIONAL_REPRESENTATION('',(#9880),#9884);
#9880 = LINE('',#9881,#9882);
#9881 = CARTESIAN_POINT('',(0.,0.));
#9882 = VECTOR('',#9883,1.);
#9883 = DIRECTION('',(0.,-1.));
#9884 = ( GEOMETRIC_REPRESENTATION_CONTEXT(2) 
PARAMETRIC_REPRESENTATION_CONTEXT() REPRESENTATION_CONTEXT('2D SPACE',''
  ) );
#9885 = PCURVE('',#3933,#9886);
#9886 = DEFINITIONAL_REPRESENTATION('',(#9887),#9891);
#9887 = LINE('',#9888,#9889);
#9888 = CARTESIAN_POINT('',(0.,0.));
#9889 = VECTOR('',#9890,1.);
#9890 = DIRECTION('',(0.,1.));
#9891 = ( GEOMETRIC_REPRESENTATION_CONTEXT(2) 
PARAMETRIC_REPRESENTATION_CONTEXT() REPRESENTATION_CONTEXT('2D SPACE',''
  ) );
#9892 = ORIENTED_EDGE('',*,*,#9796,.T.);
#9893 = ORIENTED_EDGE('',*,*,#3060,.F.);
#9894 = ORIENTED_EDGE('',*,*,#9895,.T.);
#9895 = EDGE_CURVE('',#3033,#9896,#9898,.T.);
#9896 = VERTEX_POINT('',#9897);
#9897 = CARTESIAN_POINT('',(46.,-6.,191.51));
#9898 = SURFACE_CURVE('',#9899,(#9903,#9909),.PCURVE_S1.);
#9899 = LINE('',#9900,#9901);
#9900 = CARTESIAN_POINT('',(46.,-6.,146.75));
#9901 = VECTOR('',#9902,1.);
#9902 = DIRECTION('',(0.,0.,-1.));
#9903 = PCURVE('',#3075,#9904);
#9904 = DEFINITIONAL_REPRESENTATION('',(#9905),#9908);
#9905 = B_SPLINE_CURVE_WITH_KNOTS('',1,(#9906,#9907),.UNSPECIFIED.,.F.,
  .F.,(2,2),(-46.75,-34.25),.PIECEWISE_BEZIER_KNOTS.);
#9906 = CARTESIAN_POINT('',(12.5,-3.));
#9907 = CARTESIAN_POINT('',(0.,-3.));
#9908 = ( GEOMETRIC_REPRESENTATION_CONTEXT(2) 
PARAMETRIC_REPRESENTATION_CONTEXT() REPRESENTATION_CONTEXT('2D SPACE',''
  ) );
#9909 = PCURVE('',#3048,#9910);
#9910 = DEFINITIONAL_REPRESENTATION('',(#9911),#9914);
#9911 = B_SPLINE_CURVE_WITH_KNOTS('',1,(#9912,#9913),.UNSPECIFIED.,.F.,
  .F.,(2,2),(-46.75,-34.25),.PIECEWISE_BEZIER_KNOTS.);
#9912 = CARTESIAN_POINT('',(104.5,-81.));
#9913 = CARTESIAN_POINT('',(104.5,-68.5));
#9914 = ( GEOMETRIC_REPRESENTATION_CONTEXT(2) 
PARAMETRIC_REPRESENTATION_CONTEXT() REPRESENTATION_CONTEXT('2D SPACE',''
  ) );
#9915 = ORIENTED_EDGE('',*,*,#9916,.F.);
#9916 = EDGE_CURVE('',#9845,#9896,#9917,.T.);
#9917 = SURFACE_CURVE('',#9918,(#9933,#9951),.PCURVE_S1.);
#9918 = B_SPLINE_CURVE_WITH_KNOTS('',4,(#9919,#9920,#9921,#9922,#9923,
    #9924,#9925,#9926,#9927,#9928,#9929,#9930,#9931,#9932),
  .UNSPECIFIED.,.F.,.F.,(5,3,3,3,5),(0.,0.253445836329,0.504179386565,
    0.753010870505,1.),.UNSPECIFIED.);
#9919 = CARTESIAN_POINT('',(46.,-9.,188.51));
#9920 = CARTESIAN_POINT('',(46.,-8.812888210964,188.69711178903));
#9921 = CARTESIAN_POINT('',(46.,-8.625249271477,188.88475072852));
#9922 = CARTESIAN_POINT('',(46.,-8.437092637697,189.0729073623));
#9923 = CARTESIAN_POINT('',(46.,-8.06178204174,189.44821795826));
#9924 = CARTESIAN_POINT('',(46.,-7.874638880767,189.63536111923));
#9925 = CARTESIAN_POINT('',(46.,-7.687007504291,189.8229924957));
#9926 = CARTESIAN_POINT('',(46.,-7.312213457352,190.19778654264));
#9927 = CARTESIAN_POINT('',(46.,-7.12505802801,190.38494197199));
#9928 = CARTESIAN_POINT('',(46.,-6.937439548536,190.57256045146));
#9929 = CARTESIAN_POINT('',(46.,-6.562686467322,190.94731353267));
#9930 = CARTESIAN_POINT('',(46.,-6.375558567278,191.13444143272));
#9931 = CARTESIAN_POINT('',(46.,-6.187991608144,191.32200839185));
#9932 = CARTESIAN_POINT('',(46.,-5.999994,191.510006));
#9933 = PCURVE('',#3075,#9934);
#9934 = DEFINITIONAL_REPRESENTATION('',(#9935),#9950);
#9935 = B_SPLINE_CURVE_WITH_KNOTS('',4,(#9936,#9937,#9938,#9939,#9940,
    #9941,#9942,#9943,#9944,#9945,#9946,#9947,#9948,#9949),
  .UNSPECIFIED.,.F.,.F.,(5,3,3,3,5),(0.,0.253445836329,0.504179386565,
    0.753010870505,1.),.UNSPECIFIED.);
#9936 = CARTESIAN_POINT('',(7.51,0.));
#9937 = CARTESIAN_POINT('',(7.697111789036,-0.187111789036));
#9938 = CARTESIAN_POINT('',(7.884750728523,-0.374750728523));
#9939 = CARTESIAN_POINT('',(8.072907362303,-0.562907362303));
#9940 = CARTESIAN_POINT('',(8.44821795826,-0.93821795826));
#9941 = CARTESIAN_POINT('',(8.635361119233,-1.125361119233));
#9942 = CARTESIAN_POINT('',(8.822992495709,-1.312992495709));
#9943 = CARTESIAN_POINT('',(9.197786542648,-1.687786542648));
#9944 = CARTESIAN_POINT('',(9.38494197199,-1.87494197199));
#9945 = CARTESIAN_POINT('',(9.572560451464,-2.062560451464));
#9946 = CARTESIAN_POINT('',(9.947313532678,-2.437313532678));
#9947 = CARTESIAN_POINT('',(10.134441432722,-2.624441432722));
#9948 = CARTESIAN_POINT('',(10.322008391856,-2.812008391856));
#9949 = CARTESIAN_POINT('',(10.510006,-3.000006));
#9950 = ( GEOMETRIC_REPRESENTATION_CONTEXT(2) 
PARAMETRIC_REPRESENTATION_CONTEXT() REPRESENTATION_CONTEXT('2D SPACE',''
  ) );
#9951 = PCURVE('',#9215,#9952);
#9952 = DEFINITIONAL_REPRESENTATION('',(#9953),#9968);
#9953 = B_SPLINE_CURVE_WITH_KNOTS('',4,(#9954,#9955,#9956,#9957,#9958,
    #9959,#9960,#9961,#9962,#9963,#9964,#9965,#9966,#9967),
  .UNSPECIFIED.,.F.,.F.,(5,3,3,3,5),(0.,0.253445836329,0.504179386565,
    0.753010870505,1.),.UNSPECIFIED.);
#9954 = CARTESIAN_POINT('',(8.210334482166,2.E-03));
#9955 = CARTESIAN_POINT('',(8.386185524682,3.942235780719E-02));
#9956 = CARTESIAN_POINT('',(8.560892310934,7.69501457046E-02));
#9957 = CARTESIAN_POINT('',(8.734459375922,0.114581472461));
#9958 = CARTESIAN_POINT('',(9.07747964076,0.189643591652));
#9959 = CARTESIAN_POINT('',(9.246956959068,0.227072223847));
#9960 = CARTESIAN_POINT('',(9.415329286694,0.264598499142));
#9961 = CARTESIAN_POINT('',(9.74860654186,0.33955730853));
#9962 = CARTESIAN_POINT('',(9.913528082217,0.376988394398));
#9963 = CARTESIAN_POINT('',(10.07737263079,0.414512090293));
#9964 = CARTESIAN_POINT('',(10.401714873807,0.489462706536));
#9965 = CARTESIAN_POINT('',(10.562228365069,0.526888286544));
#9966 = CARTESIAN_POINT('',(10.721692835723,0.564401678371));
#9967 = CARTESIAN_POINT('',(10.880114771179,0.6020012));
#9968 = ( GEOMETRIC_REPRESENTATION_CONTEXT(2) 
PARAMETRIC_REPRESENTATION_CONTEXT() REPRESENTATION_CONTEXT('2D SPACE',''
  ) );
#9969 = ADVANCED_FACE('',(#9970),#3048,.T.);
#9970 = FACE_BOUND('',#9971,.T.);
#9971 = EDGE_LOOP('',(#9972,#9990,#9991,#9992));
#9972 = ORIENTED_EDGE('',*,*,#9973,.F.);
#9973 = EDGE_CURVE('',#9159,#9896,#9974,.T.);
#9974 = SURFACE_CURVE('',#9975,(#9978,#9984),.PCURVE_S1.);
#9975 = B_SPLINE_CURVE_WITH_KNOTS('',1,(#9976,#9977),.UNSPECIFIED.,.F.,
  .F.,(2,2),(0.,1.),.PIECEWISE_BEZIER_KNOTS.);
#9976 = CARTESIAN_POINT('',(-56.51,-6.,191.51));
#9977 = CARTESIAN_POINT('',(56.51,-6.,191.51));
#9978 = PCURVE('',#3048,#9979);
#9979 = DEFINITIONAL_REPRESENTATION('',(#9980),#9983);
#9980 = B_SPLINE_CURVE_WITH_KNOTS('',1,(#9981,#9982),.UNSPECIFIED.,.F.,
  .F.,(2,2),(0.,1.),.PIECEWISE_BEZIER_KNOTS.);
#9981 = CARTESIAN_POINT('',(1.99,-79.01));
#9982 = CARTESIAN_POINT('',(115.01,-79.01));
#9983 = ( GEOMETRIC_REPRESENTATION_CONTEXT(2) 
PARAMETRIC_REPRESENTATION_CONTEXT() REPRESENTATION_CONTEXT('2D SPACE',''
  ) );
#9984 = PCURVE('',#9215,#9985);
#9985 = DEFINITIONAL_REPRESENTATION('',(#9986),#9989);
#9986 = B_SPLINE_CURVE_WITH_KNOTS('',1,(#9987,#9988),.UNSPECIFIED.,.F.,
  .F.,(2,2),(0.,1.),.PIECEWISE_BEZIER_KNOTS.);
#9987 = CARTESIAN_POINT('',(117.,0.602));
#9988 = CARTESIAN_POINT('',(0.,0.602));
#9989 = ( GEOMETRIC_REPRESENTATION_CONTEXT(2) 
PARAMETRIC_REPRESENTATION_CONTEXT() REPRESENTATION_CONTEXT('2D SPACE',''
  ) );
#9990 = ORIENTED_EDGE('',*,*,#9158,.F.);
#9991 = ORIENTED_EDGE('',*,*,#3032,.T.);
#9992 = ORIENTED_EDGE('',*,*,#9895,.T.);
#9993 = ADVANCED_FACE('',(#9994),#3793,.F.);
#9994 = FACE_BOUND('',#9995,.F.);
#9995 = EDGE_LOOP('',(#9996,#9997,#10019,#10048));
#9996 = ORIENTED_EDGE('',*,*,#3659,.F.);
#9997 = ORIENTED_EDGE('',*,*,#9998,.F.);
#9998 = EDGE_CURVE('',#9999,#3660,#10001,.T.);
#9999 = VERTEX_POINT('',#10000);
#10000 = CARTESIAN_POINT('',(46.8,9.,125.));
#10001 = SURFACE_CURVE('',#10002,(#10006,#10012),.PCURVE_S1.);
#10002 = LINE('',#10003,#10004);
#10003 = CARTESIAN_POINT('',(46.,9.,125.));
#10004 = VECTOR('',#10005,1.);
#10005 = DIRECTION('',(1.,0.,0.));
#10006 = PCURVE('',#3793,#10007);
#10007 = DEFINITIONAL_REPRESENTATION('',(#10008),#10011);
#10008 = B_SPLINE_CURVE_WITH_KNOTS('',1,(#10009,#10010),.UNSPECIFIED.,
  .F.,.F.,(2,2),(0.,12.5),.PIECEWISE_BEZIER_KNOTS.);
#10009 = CARTESIAN_POINT('',(13.,0.));
#10010 = CARTESIAN_POINT('',(0.5,0.));
#10011 = ( GEOMETRIC_REPRESENTATION_CONTEXT(2) 
PARAMETRIC_REPRESENTATION_CONTEXT() REPRESENTATION_CONTEXT('2D SPACE',''
  ) );
#10012 = PCURVE('',#3879,#10013);
#10013 = DEFINITIONAL_REPRESENTATION('',(#10014),#10018);
#10014 = LINE('',#10015,#10016);
#10015 = CARTESIAN_POINT('',(0.,18.));
#10016 = VECTOR('',#10017,1.);
#10017 = DIRECTION('',(1.,0.));
#10018 = ( GEOMETRIC_REPRESENTATION_CONTEXT(2) 
PARAMETRIC_REPRESENTATION_CONTEXT() REPRESENTATION_CONTEXT('2D SPACE',''
  ) );
#10019 = ORIENTED_EDGE('',*,*,#10020,.T.);
#10020 = EDGE_CURVE('',#9999,#10021,#10023,.T.);
#10021 = VERTEX_POINT('',#10022);
#10022 = CARTESIAN_POINT('',(46.8,9.78125,124.2));
#10023 = SURFACE_CURVE('',#10024,(#10030,#10039),.PCURVE_S1.);
#10024 = B_SPLINE_CURVE_WITH_KNOTS('',4,(#10025,#10026,#10027,#10028,
    #10029),.UNSPECIFIED.,.F.,.F.,(5,5),(0.,1.),
  .PIECEWISE_BEZIER_KNOTS.);
#10025 = CARTESIAN_POINT('',(46.8,9.,125.));
#10026 = CARTESIAN_POINT('',(46.8,9.199337151829,124.79587875652));
#10027 = CARTESIAN_POINT('',(46.8,9.396123658515,124.59436937368));
#10028 = CARTESIAN_POINT('',(46.8,9.590159242919,124.39567693525));
#10029 = CARTESIAN_POINT('',(46.8,9.78125,124.2));
#10030 = PCURVE('',#3793,#10031);
#10031 = DEFINITIONAL_REPRESENTATION('',(#10032),#10038);
#10032 = B_SPLINE_CURVE_WITH_KNOTS('',4,(#10033,#10034,#10035,#10036,
    #10037),.UNSPECIFIED.,.F.,.F.,(5,5),(0.,1.),
  .PIECEWISE_BEZIER_KNOTS.);
#10033 = CARTESIAN_POINT('',(12.2,0.));
#10034 = CARTESIAN_POINT('',(12.391756206609,1.594697214633E-02));
#10035 = CARTESIAN_POINT('',(12.588961806634,3.168989268116E-02));
#10036 = CARTESIAN_POINT('',(12.791705207103,4.721273943356E-02));
#10037 = CARTESIAN_POINT('',(13.,6.25E-02));
#10038 = ( GEOMETRIC_REPRESENTATION_CONTEXT(2) 
PARAMETRIC_REPRESENTATION_CONTEXT() REPRESENTATION_CONTEXT('2D SPACE',''
  ) );
#10039 = PCURVE('',#5383,#10040);
#10040 = DEFINITIONAL_REPRESENTATION('',(#10041),#10047);
#10041 = B_SPLINE_CURVE_WITH_KNOTS('',4,(#10042,#10043,#10044,#10045,
    #10046),.UNSPECIFIED.,.F.,.F.,(5,5),(0.,1.),
  .PIECEWISE_BEZIER_KNOTS.);
#10042 = CARTESIAN_POINT('',(-1.334092900876,8.198632739477));
#10043 = CARTESIAN_POINT('',(-1.538214144349,7.999295587647));
#10044 = CARTESIAN_POINT('',(-1.739723527195,7.802509080962));
#10045 = CARTESIAN_POINT('',(-1.938415965625,7.608473496557));
#10046 = CARTESIAN_POINT('',(-2.134092900876,7.417382739477));
#10047 = ( GEOMETRIC_REPRESENTATION_CONTEXT(2) 
PARAMETRIC_REPRESENTATION_CONTEXT() REPRESENTATION_CONTEXT('2D SPACE',''
  ) );
#10048 = ORIENTED_EDGE('',*,*,#10049,.T.);
#10049 = EDGE_CURVE('',#10021,#3635,#10050,.T.);
#10050 = SURFACE_CURVE('',#10051,(#10054,#10061),.PCURVE_S1.);
#10051 = B_SPLINE_CURVE_WITH_KNOTS('',1,(#10052,#10053),.UNSPECIFIED.,
  .F.,.F.,(2,2),(0.,1.),.PIECEWISE_BEZIER_KNOTS.);
#10052 = CARTESIAN_POINT('',(46.,9.,125.));
#10053 = CARTESIAN_POINT('',(58.8,21.5,112.2));
#10054 = PCURVE('',#3793,#10055);
#10055 = DEFINITIONAL_REPRESENTATION('',(#10056),#10060);
#10056 = LINE('',#10057,#10058);
#10057 = CARTESIAN_POINT('',(13.,0.));
#10058 = VECTOR('',#10059,1.);
#10059 = DIRECTION('',(0.,1.));
#10060 = ( GEOMETRIC_REPRESENTATION_CONTEXT(2) 
PARAMETRIC_REPRESENTATION_CONTEXT() REPRESENTATION_CONTEXT('2D SPACE',''
  ) );
#10061 = PCURVE('',#5527,#10062);
#10062 = DEFINITIONAL_REPRESENTATION('',(#10063),#10067);
#10063 = LINE('',#10064,#10065);
#10064 = CARTESIAN_POINT('',(0.,0.));
#10065 = VECTOR('',#10066,1.);
#10066 = DIRECTION('',(0.,1.));
#10067 = ( GEOMETRIC_REPRESENTATION_CONTEXT(2) 
PARAMETRIC_REPRESENTATION_CONTEXT() REPRESENTATION_CONTEXT('2D SPACE',''
  ) );
#10068 = ADVANCED_FACE('',(#10069),#3879,.T.);
#10069 = FACE_BOUND('',#10070,.T.);
#10070 = EDGE_LOOP('',(#10071,#10072,#10093,#10114,#10137,#10165,#10208,
    #10227));
#10071 = ORIENTED_EDGE('',*,*,#9998,.F.);
#10072 = ORIENTED_EDGE('',*,*,#10073,.F.);
#10073 = EDGE_CURVE('',#10074,#9999,#10076,.T.);
#10074 = VERTEX_POINT('',#10075);
#10075 = CARTESIAN_POINT('',(46.8,-3.1,125.));
#10076 = SURFACE_CURVE('',#10077,(#10081,#10087),.PCURVE_S1.);
#10077 = LINE('',#10078,#10079);
#10078 = CARTESIAN_POINT('',(46.8,4.099316369738,125.));
#10079 = VECTOR('',#10080,1.);
#10080 = DIRECTION('',(0.,1.,0.));
#10081 = PCURVE('',#3879,#10082);
#10082 = DEFINITIONAL_REPRESENTATION('',(#10083),#10086);
#10083 = B_SPLINE_CURVE_WITH_KNOTS('',1,(#10084,#10085),.UNSPECIFIED.,
  .F.,.F.,(2,2),(-7.199316369738,4.900683630262),
  .PIECEWISE_BEZIER_KNOTS.);
#10084 = CARTESIAN_POINT('',(0.8,5.9));
#10085 = CARTESIAN_POINT('',(0.8,18.));
#10086 = ( GEOMETRIC_REPRESENTATION_CONTEXT(2) 
PARAMETRIC_REPRESENTATION_CONTEXT() REPRESENTATION_CONTEXT('2D SPACE',''
  ) );
#10087 = PCURVE('',#5383,#10088);
#10088 = DEFINITIONAL_REPRESENTATION('',(#10089),#10092);
#10089 = B_SPLINE_CURVE_WITH_KNOTS('',1,(#10090,#10091),.UNSPECIFIED.,
  .F.,.F.,(2,2),(-7.199316369738,4.900683630262),
  .PIECEWISE_BEZIER_KNOTS.);
#10090 = CARTESIAN_POINT('',(-1.334092900876,20.298632739477));
#10091 = CARTESIAN_POINT('',(-1.334092900876,8.198632739477));
#10092 = ( GEOMETRIC_REPRESENTATION_CONTEXT(2) 
PARAMETRIC_REPRESENTATION_CONTEXT() REPRESENTATION_CONTEXT('2D SPACE',''
  ) );
#10093 = ORIENTED_EDGE('',*,*,#10094,.T.);
#10094 = EDGE_CURVE('',#10074,#10095,#10097,.T.);
#10095 = VERTEX_POINT('',#10096);
#10096 = CARTESIAN_POINT('',(46.,-3.1,125.));
#10097 = SURFACE_CURVE('',#10098,(#10102,#10108),.PCURVE_S1.);
#10098 = LINE('',#10099,#10100);
#10099 = CARTESIAN_POINT('',(44.9,-3.1,125.));
#10100 = VECTOR('',#10101,1.);
#10101 = DIRECTION('',(-1.,-0.,0.));
#10102 = PCURVE('',#3879,#10103);
#10103 = DEFINITIONAL_REPRESENTATION('',(#10104),#10107);
#10104 = B_SPLINE_CURVE_WITH_KNOTS('',1,(#10105,#10106),.UNSPECIFIED.,
  .F.,.F.,(2,2),(-1.9,-1.1),.PIECEWISE_BEZIER_KNOTS.);
#10105 = CARTESIAN_POINT('',(0.8,5.9));
#10106 = CARTESIAN_POINT('',(0.,5.9));
#10107 = ( GEOMETRIC_REPRESENTATION_CONTEXT(2) 
PARAMETRIC_REPRESENTATION_CONTEXT() REPRESENTATION_CONTEXT('2D SPACE',''
  ) );
#10108 = PCURVE('',#5299,#10109);
#10109 = DEFINITIONAL_REPRESENTATION('',(#10110),#10113);
#10110 = B_SPLINE_CURVE_WITH_KNOTS('',1,(#10111,#10112),.UNSPECIFIED.,
  .F.,.F.,(2,2),(-1.9,-1.1),.PIECEWISE_BEZIER_KNOTS.);
#10111 = CARTESIAN_POINT('',(23.7,-3.));
#10112 = CARTESIAN_POINT('',(23.7,-2.2));
#10113 = ( GEOMETRIC_REPRESENTATION_CONTEXT(2) 
PARAMETRIC_REPRESENTATION_CONTEXT() REPRESENTATION_CONTEXT('2D SPACE',''
  ) );
#10114 = ORIENTED_EDGE('',*,*,#10115,.F.);
#10115 = EDGE_CURVE('',#10116,#10095,#10118,.T.);
#10116 = VERTEX_POINT('',#10117);
#10117 = CARTESIAN_POINT('',(46.,-9.,125.));
#10118 = SURFACE_CURVE('',#10119,(#10123,#10130),.PCURVE_S1.);
#10119 = LINE('',#10120,#10121);
#10120 = CARTESIAN_POINT('',(46.,-9.,125.));
#10121 = VECTOR('',#10122,1.);
#10122 = DIRECTION('',(0.,1.,0.));
#10123 = PCURVE('',#3879,#10124);
#10124 = DEFINITIONAL_REPRESENTATION('',(#10125),#10129);
#10125 = LINE('',#10126,#10127);
#10126 = CARTESIAN_POINT('',(0.,0.));
#10127 = VECTOR('',#10128,1.);
#10128 = DIRECTION('',(0.,1.));
#10129 = ( GEOMETRIC_REPRESENTATION_CONTEXT(2) 
PARAMETRIC_REPRESENTATION_CONTEXT() REPRESENTATION_CONTEXT('2D SPACE',''
  ) );
#10130 = PCURVE('',#5272,#10131);
#10131 = DEFINITIONAL_REPRESENTATION('',(#10132),#10136);
#10132 = LINE('',#10133,#10134);
#10133 = CARTESIAN_POINT('',(13.,0.));
#10134 = VECTOR('',#10135,1.);
#10135 = DIRECTION('',(0.,-1.));
#10136 = ( GEOMETRIC_REPRESENTATION_CONTEXT(2) 
PARAMETRIC_REPRESENTATION_CONTEXT() REPRESENTATION_CONTEXT('2D SPACE',''
  ) );
#10137 = ORIENTED_EDGE('',*,*,#10138,.T.);
#10138 = EDGE_CURVE('',#10116,#10139,#10141,.T.);
#10139 = VERTEX_POINT('',#10140);
#10140 = CARTESIAN_POINT('',(53.51,-9.,125.));
#10141 = SURFACE_CURVE('',#10142,(#10146,#10153),.PCURVE_S1.);
#10142 = LINE('',#10143,#10144);
#10143 = CARTESIAN_POINT('',(46.,-9.,125.));
#10144 = VECTOR('',#10145,1.);
#10145 = DIRECTION('',(1.,0.,0.));
#10146 = PCURVE('',#3879,#10147);
#10147 = DEFINITIONAL_REPRESENTATION('',(#10148),#10152);
#10148 = LINE('',#10149,#10150);
#10149 = CARTESIAN_POINT('',(0.,0.));
#10150 = VECTOR('',#10151,1.);
#10151 = DIRECTION('',(1.,0.));
#10152 = ( GEOMETRIC_REPRESENTATION_CONTEXT(2) 
PARAMETRIC_REPRESENTATION_CONTEXT() REPRESENTATION_CONTEXT('2D SPACE',''
  ) );
#10153 = PCURVE('',#10154,#10159);
#10154 = PLANE('',#10155);
#10155 = AXIS2_PLACEMENT_3D('',#10156,#10157,#10158);
#10156 = CARTESIAN_POINT('',(46.,-9.,112.));
#10157 = DIRECTION('',(0.,1.,0.));
#10158 = DIRECTION('',(0.,0.,1.));
#10159 = DEFINITIONAL_REPRESENTATION('',(#10160),#10164);
#10160 = LINE('',#10161,#10162);
#10161 = CARTESIAN_POINT('',(13.,0.));
#10162 = VECTOR('',#10163,1.);
#10163 = DIRECTION('',(0.,1.));
#10164 = ( GEOMETRIC_REPRESENTATION_CONTEXT(2) 
PARAMETRIC_REPRESENTATION_CONTEXT() REPRESENTATION_CONTEXT('2D SPACE',''
  ) );
#10165 = ORIENTED_EDGE('',*,*,#10166,.T.);
#10166 = EDGE_CURVE('',#10139,#10167,#10169,.T.);
#10167 = VERTEX_POINT('',#10168);
#10168 = CARTESIAN_POINT('',(56.51,-6.,125.));
#10169 = SURFACE_CURVE('',#10170,(#10179,#10191),.PCURVE_S1.);
#10170 = B_SPLINE_CURVE_WITH_KNOTS('',4,(#10171,#10172,#10173,#10174,
    #10175,#10176,#10177,#10178),.UNSPECIFIED.,.F.,.F.,(5,3,5),(0.,
    0.501427181223,1.),.UNSPECIFIED.);
#10171 = CARTESIAN_POINT('',(53.51,-9.,125.));
#10172 = CARTESIAN_POINT('',(53.885949239916,-8.624050760084,125.));
#10173 = CARTESIAN_POINT('',(54.261942636229,-8.248057363771,125.));
#10174 = CARTESIAN_POINT('',(54.637977332946,-7.872022667054,125.));
#10175 = CARTESIAN_POINT('',(55.387983630597,-7.122016369403,125.));
#10176 = CARTESIAN_POINT('',(55.761954788027,-6.748045211973,125.));
#10177 = CARTESIAN_POINT('',(56.135961937324,-6.374038062676,125.));
#10178 = CARTESIAN_POINT('',(56.510003,-5.999997,125.));
#10179 = PCURVE('',#3879,#10180);
#10180 = DEFINITIONAL_REPRESENTATION('',(#10181),#10190);
#10181 = B_SPLINE_CURVE_WITH_KNOTS('',4,(#10182,#10183,#10184,#10185,
    #10186,#10187,#10188,#10189),.UNSPECIFIED.,.F.,.F.,(5,3,5),(0.,
    0.501427181223,1.),.UNSPECIFIED.);
#10182 = CARTESIAN_POINT('',(7.51,0.));
#10183 = CARTESIAN_POINT('',(7.885949239916,0.375949239916));
#10184 = CARTESIAN_POINT('',(8.261942636229,0.751942636229));
#10185 = CARTESIAN_POINT('',(8.637977332946,1.127977332946));
#10186 = CARTESIAN_POINT('',(9.387983630597,1.877983630597));
#10187 = CARTESIAN_POINT('',(9.761954788027,2.251954788027));
#10188 = CARTESIAN_POINT('',(10.135961937324,2.625961937324));
#10189 = CARTESIAN_POINT('',(10.510003,3.000003));
#10190 = ( GEOMETRIC_REPRESENTATION_CONTEXT(2) 
PARAMETRIC_REPRESENTATION_CONTEXT() REPRESENTATION_CONTEXT('2D SPACE',''
  ) );
#10191 = PCURVE('',#10192,#10197);
#10192 = B_SPLINE_SURFACE_WITH_KNOTS('',1,1,(
    (#10193,#10194)
    ,(#10195,#10196
    )),.UNSPECIFIED.,.F.,.F.,.F.,(2,2),(2,2),(0.,81.),(0.,1.),
  .PIECEWISE_BEZIER_KNOTS.);
#10193 = CARTESIAN_POINT('',(53.5,-9.01,114.));
#10194 = CARTESIAN_POINT('',(58.5,-4.01,112.5));
#10195 = CARTESIAN_POINT('',(53.5,-9.01,188.5));
#10196 = CARTESIAN_POINT('',(58.5,-4.01,193.5));
#10197 = DEFINITIONAL_REPRESENTATION('',(#10198),#10207);
#10198 = B_SPLINE_CURVE_WITH_KNOTS('',4,(#10199,#10200,#10201,#10202,
    #10203,#10204,#10205,#10206),.UNSPECIFIED.,.F.,.F.,(5,3,5),(0.,
    0.501427181223,1.),.UNSPECIFIED.);
#10199 = CARTESIAN_POINT('',(11.96090614655,2.E-03));
#10200 = CARTESIAN_POINT('',(12.005057702428,7.718984798324E-02));
#10201 = CARTESIAN_POINT('',(12.048442213773,0.152388527246));
#10202 = CARTESIAN_POINT('',(12.091089268997,0.227595466589));
#10203 = CARTESIAN_POINT('',(12.174723356592,0.377596726119));
#10204 = CARTESIAN_POINT('',(12.215718462168,0.452390957605));
#10205 = CARTESIAN_POINT('',(12.256037326039,0.527192387465));
#10206 = CARTESIAN_POINT('',(12.295703836695,0.6020006));
#10207 = ( GEOMETRIC_REPRESENTATION_CONTEXT(2) 
PARAMETRIC_REPRESENTATION_CONTEXT() REPRESENTATION_CONTEXT('2D SPACE',''
  ) );
#10208 = ORIENTED_EDGE('',*,*,#10209,.T.);
#10209 = EDGE_CURVE('',#10167,#3865,#10210,.T.);
#10210 = SURFACE_CURVE('',#10211,(#10215,#10221),.PCURVE_S1.);
#10211 = LINE('',#10212,#10213);
#10212 = CARTESIAN_POINT('',(-6.25,-6.,125.));
#10213 = VECTOR('',#10214,1.);
#10214 = DIRECTION('',(1.,0.,0.));
#10215 = PCURVE('',#3879,#10216);
#10216 = DEFINITIONAL_REPRESENTATION('',(#10217),#10220);
#10217 = B_SPLINE_CURVE_WITH_KNOTS('',1,(#10218,#10219),.UNSPECIFIED.,
  .F.,.F.,(2,2),(52.25,64.75),.PIECEWISE_BEZIER_KNOTS.);
#10218 = CARTESIAN_POINT('',(0.,3.));
#10219 = CARTESIAN_POINT('',(12.5,3.));
#10220 = ( GEOMETRIC_REPRESENTATION_CONTEXT(2) 
PARAMETRIC_REPRESENTATION_CONTEXT() REPRESENTATION_CONTEXT('2D SPACE',''
  ) );
#10221 = PCURVE('',#3906,#10222);
#10222 = DEFINITIONAL_REPRESENTATION('',(#10223),#10226);
#10223 = B_SPLINE_CURVE_WITH_KNOTS('',1,(#10224,#10225),.UNSPECIFIED.,
  .F.,.F.,(2,2),(52.25,64.75),.PIECEWISE_BEZIER_KNOTS.);
#10224 = CARTESIAN_POINT('',(104.5,-12.5));
#10225 = CARTESIAN_POINT('',(117.,-12.5));
#10226 = ( GEOMETRIC_REPRESENTATION_CONTEXT(2) 
PARAMETRIC_REPRESENTATION_CONTEXT() REPRESENTATION_CONTEXT('2D SPACE',''
  ) );
#10227 = ORIENTED_EDGE('',*,*,#3864,.T.);
#10228 = ADVANCED_FACE('',(#10229),#3906,.T.);
#10229 = FACE_BOUND('',#10230,.T.);
#10230 = EDGE_LOOP('',(#10231,#10251,#10270,#10271));
#10231 = ORIENTED_EDGE('',*,*,#10232,.F.);
#10232 = EDGE_CURVE('',#10233,#10167,#10235,.T.);
#10233 = VERTEX_POINT('',#10234);
#10234 = CARTESIAN_POINT('',(56.51,-6.,181.));
#10235 = SURFACE_CURVE('',#10236,(#10239,#10245),.PCURVE_S1.);
#10236 = B_SPLINE_CURVE_WITH_KNOTS('',1,(#10237,#10238),.UNSPECIFIED.,
  .F.,.F.,(2,2),(0.,1.),.PIECEWISE_BEZIER_KNOTS.);
#10237 = CARTESIAN_POINT('',(56.51,-6.,191.51));
#10238 = CARTESIAN_POINT('',(56.51,-6.,113.097));
#10239 = PCURVE('',#3906,#10240);
#10240 = DEFINITIONAL_REPRESENTATION('',(#10241),#10244);
#10241 = B_SPLINE_CURVE_WITH_KNOTS('',1,(#10242,#10243),.UNSPECIFIED.,
  .F.,.F.,(2,2),(0.,1.),.PIECEWISE_BEZIER_KNOTS.);
#10242 = CARTESIAN_POINT('',(115.01,-79.01));
#10243 = CARTESIAN_POINT('',(115.01,-0.597));
#10244 = ( GEOMETRIC_REPRESENTATION_CONTEXT(2) 
PARAMETRIC_REPRESENTATION_CONTEXT() REPRESENTATION_CONTEXT('2D SPACE',''
  ) );
#10245 = PCURVE('',#10192,#10246);
#10246 = DEFINITIONAL_REPRESENTATION('',(#10247),#10250);
#10247 = B_SPLINE_CURVE_WITH_KNOTS('',1,(#10248,#10249),.UNSPECIFIED.,
  .F.,.F.,(2,2),(0.,1.),.PIECEWISE_BEZIER_KNOTS.);
#10248 = CARTESIAN_POINT('',(81.,0.602));
#10249 = CARTESIAN_POINT('',(0.,0.602));
#10250 = ( GEOMETRIC_REPRESENTATION_CONTEXT(2) 
PARAMETRIC_REPRESENTATION_CONTEXT() REPRESENTATION_CONTEXT('2D SPACE',''
  ) );
#10251 = ORIENTED_EDGE('',*,*,#10252,.T.);
#10252 = EDGE_CURVE('',#10233,#3891,#10253,.T.);
#10253 = SURFACE_CURVE('',#10254,(#10258,#10264),.PCURVE_S1.);
#10254 = LINE('',#10255,#10256);
#10255 = CARTESIAN_POINT('',(-6.25,-6.,181.));
#10256 = VECTOR('',#10257,1.);
#10257 = DIRECTION('',(1.,0.,0.));
#10258 = PCURVE('',#3906,#10259);
#10259 = DEFINITIONAL_REPRESENTATION('',(#10260),#10263);
#10260 = B_SPLINE_CURVE_WITH_KNOTS('',1,(#10261,#10262),.UNSPECIFIED.,
  .F.,.F.,(2,2),(52.25,64.75),.PIECEWISE_BEZIER_KNOTS.);
#10261 = CARTESIAN_POINT('',(104.5,-68.5));
#10262 = CARTESIAN_POINT('',(117.,-68.5));
#10263 = ( GEOMETRIC_REPRESENTATION_CONTEXT(2) 
PARAMETRIC_REPRESENTATION_CONTEXT() REPRESENTATION_CONTEXT('2D SPACE',''
  ) );
#10264 = PCURVE('',#3933,#10265);
#10265 = DEFINITIONAL_REPRESENTATION('',(#10266),#10269);
#10266 = B_SPLINE_CURVE_WITH_KNOTS('',1,(#10267,#10268),.UNSPECIFIED.,
  .F.,.F.,(2,2),(52.25,64.75),.PIECEWISE_BEZIER_KNOTS.);
#10267 = CARTESIAN_POINT('',(0.,3.));
#10268 = CARTESIAN_POINT('',(12.5,3.));
#10269 = ( GEOMETRIC_REPRESENTATION_CONTEXT(2) 
PARAMETRIC_REPRESENTATION_CONTEXT() REPRESENTATION_CONTEXT('2D SPACE',''
  ) );
#10270 = ORIENTED_EDGE('',*,*,#3890,.F.);
#10271 = ORIENTED_EDGE('',*,*,#10209,.F.);
#10272 = ADVANCED_FACE('',(#10273),#3933,.F.);
#10273 = FACE_BOUND('',#10274,.F.);
#10274 = EDGE_LOOP('',(#10275,#10295,#10296,#10319,#10373,#10374));
#10275 = ORIENTED_EDGE('',*,*,#10276,.F.);
#10276 = EDGE_CURVE('',#9797,#3919,#10277,.T.);
#10277 = SURFACE_CURVE('',#10278,(#10282,#10289),.PCURVE_S1.);
#10278 = LINE('',#10279,#10280);
#10279 = CARTESIAN_POINT('',(46.,9.,181.));
#10280 = VECTOR('',#10281,1.);
#10281 = DIRECTION('',(1.,0.,0.));
#10282 = PCURVE('',#3933,#10283);
#10283 = DEFINITIONAL_REPRESENTATION('',(#10284),#10288);
#10284 = LINE('',#10285,#10286);
#10285 = CARTESIAN_POINT('',(0.,18.));
#10286 = VECTOR('',#10287,1.);
#10287 = DIRECTION('',(1.,0.));
#10288 = ( GEOMETRIC_REPRESENTATION_CONTEXT(2) 
PARAMETRIC_REPRESENTATION_CONTEXT() REPRESENTATION_CONTEXT('2D SPACE',''
  ) );
#10289 = PCURVE('',#4042,#10290);
#10290 = DEFINITIONAL_REPRESENTATION('',(#10291),#10294);
#10291 = B_SPLINE_CURVE_WITH_KNOTS('',1,(#10292,#10293),.UNSPECIFIED.,
  .F.,.F.,(2,2),(0.,12.5),.PIECEWISE_BEZIER_KNOTS.);
#10292 = CARTESIAN_POINT('',(0.,0.));
#10293 = CARTESIAN_POINT('',(12.5,0.));
#10294 = ( GEOMETRIC_REPRESENTATION_CONTEXT(2) 
PARAMETRIC_REPRESENTATION_CONTEXT() REPRESENTATION_CONTEXT('2D SPACE',''
  ) );
#10295 = ORIENTED_EDGE('',*,*,#9872,.F.);
#10296 = ORIENTED_EDGE('',*,*,#10297,.T.);
#10297 = EDGE_CURVE('',#9843,#10298,#10300,.T.);
#10298 = VERTEX_POINT('',#10299);
#10299 = CARTESIAN_POINT('',(53.51,-9.,181.));
#10300 = SURFACE_CURVE('',#10301,(#10305,#10312),.PCURVE_S1.);
#10301 = LINE('',#10302,#10303);
#10302 = CARTESIAN_POINT('',(46.,-9.,181.));
#10303 = VECTOR('',#10304,1.);
#10304 = DIRECTION('',(1.,0.,0.));
#10305 = PCURVE('',#3933,#10306);
#10306 = DEFINITIONAL_REPRESENTATION('',(#10307),#10311);
#10307 = LINE('',#10308,#10309);
#10308 = CARTESIAN_POINT('',(0.,0.));
#10309 = VECTOR('',#10310,1.);
#10310 = DIRECTION('',(1.,0.));
#10311 = ( GEOMETRIC_REPRESENTATION_CONTEXT(2) 
PARAMETRIC_REPRESENTATION_CONTEXT() REPRESENTATION_CONTEXT('2D SPACE',''
  ) );
#10312 = PCURVE('',#9860,#10313);
#10313 = DEFINITIONAL_REPRESENTATION('',(#10314),#10318);
#10314 = LINE('',#10315,#10316);
#10315 = CARTESIAN_POINT('',(0.,0.));
#10316 = VECTOR('',#10317,1.);
#10317 = DIRECTION('',(0.,1.));
#10318 = ( GEOMETRIC_REPRESENTATION_CONTEXT(2) 
PARAMETRIC_REPRESENTATION_CONTEXT() REPRESENTATION_CONTEXT('2D SPACE',''
  ) );
#10319 = ORIENTED_EDGE('',*,*,#10320,.T.);
#10320 = EDGE_CURVE('',#10298,#10233,#10321,.T.);
#10321 = SURFACE_CURVE('',#10322,(#10337,#10355),.PCURVE_S1.);
#10322 = B_SPLINE_CURVE_WITH_KNOTS('',4,(#10323,#10324,#10325,#10326,
    #10327,#10328,#10329,#10330,#10331,#10332,#10333,#10334,#10335,
    #10336),.UNSPECIFIED.,.F.,.F.,(5,3,3,3,5),(0.,0.253286150583,
    0.503975360475,0.752863200064,1.),.UNSPECIFIED.);
#10323 = CARTESIAN_POINT('',(53.51,-9.,181.));
#10324 = CARTESIAN_POINT('',(53.69715681683,-8.81284318317,181.));
#10325 = CARTESIAN_POINT('',(53.88480951667,-8.62519048333,181.));
#10326 = CARTESIAN_POINT('',(54.072949853374,-8.437050146626,181.));
#10327 = CARTESIAN_POINT('',(54.448255247635,-8.061744752365,181.));
#10328 = CARTESIAN_POINT('',(54.635410542555,-7.874589457445,181.));
#10329 = CARTESIAN_POINT('',(54.823027381342,-7.686972618658,181.));
#10330 = CARTESIAN_POINT('',(55.197816850466,-7.312183149534,181.));
#10331 = CARTESIAN_POINT('',(55.384982986135,-7.125017013865,181.));
#10332 = CARTESIAN_POINT('',(55.572588457474,-6.937411542526,181.));
#10333 = CARTESIAN_POINT('',(55.947339779333,-6.562660220667,181.));
#10334 = CARTESIAN_POINT('',(56.134479578132,-6.375520421868,181.));
#10335 = CARTESIAN_POINT('',(56.32203745707,-6.18796254293,181.));
#10336 = CARTESIAN_POINT('',(56.510006,-5.999994,181.));
#10337 = PCURVE('',#3933,#10338);
#10338 = DEFINITIONAL_REPRESENTATION('',(#10339),#10354);
#10339 = B_SPLINE_CURVE_WITH_KNOTS('',4,(#10340,#10341,#10342,#10343,
    #10344,#10345,#10346,#10347,#10348,#10349,#10350,#10351,#10352,
    #10353),.UNSPECIFIED.,.F.,.F.,(5,3,3,3,5),(0.,0.253286150583,
    0.503975360475,0.752863200064,1.),.UNSPECIFIED.);
#10340 = CARTESIAN_POINT('',(7.51,0.));
#10341 = CARTESIAN_POINT('',(7.69715681683,0.18715681683));
#10342 = CARTESIAN_POINT('',(7.88480951667,0.37480951667));
#10343 = CARTESIAN_POINT('',(8.072949853374,0.562949853374));
#10344 = CARTESIAN_POINT('',(8.448255247635,0.938255247635));
#10345 = CARTESIAN_POINT('',(8.635410542555,1.125410542555));
#10346 = CARTESIAN_POINT('',(8.823027381342,1.313027381342));
#10347 = CARTESIAN_POINT('',(9.197816850466,1.687816850466));
#10348 = CARTESIAN_POINT('',(9.384982986135,1.874982986135));
#10349 = CARTESIAN_POINT('',(9.572588457474,2.062588457474));
#10350 = CARTESIAN_POINT('',(9.947339779333,2.437339779333));
#10351 = CARTESIAN_POINT('',(10.134479578132,2.624479578132));
#10352 = CARTESIAN_POINT('',(10.32203745707,2.81203745707));
#10353 = CARTESIAN_POINT('',(10.510006,3.000006));
#10354 = ( GEOMETRIC_REPRESENTATION_CONTEXT(2) 
PARAMETRIC_REPRESENTATION_CONTEXT() REPRESENTATION_CONTEXT('2D SPACE',''
  ) );
#10355 = PCURVE('',#10192,#10356);
#10356 = DEFINITIONAL_REPRESENTATION('',(#10357),#10372);
#10357 = B_SPLINE_CURVE_WITH_KNOTS('',4,(#10358,#10359,#10360,#10361,
    #10362,#10363,#10364,#10365,#10366,#10367,#10368,#10369,#10370,
    #10371),.UNSPECIFIED.,.F.,.F.,(5,3,3,3,5),(0.,0.253286150583,
    0.503975360475,0.752863200064,1.),.UNSPECIFIED.);
#10358 = CARTESIAN_POINT('',(72.836189690786,2.E-03));
#10359 = CARTESIAN_POINT('',(72.659396170362,3.943136336592E-02));
#10360 = CARTESIAN_POINT('',(72.483673554841,7.696190333395E-02));
#10361 = CARTESIAN_POINT('',(72.309018010762,0.114589970675));
#10362 = CARTESIAN_POINT('',(71.963611688099,0.189651049527));
#10363 = CARTESIAN_POINT('',(71.792839261317,0.227082108511));
#10364 = CARTESIAN_POINT('',(71.623103271986,0.264605476268));
#10365 = CARTESIAN_POINT('',(71.28690669105,0.339563370093));
#10366 = CARTESIAN_POINT('',(71.120431328764,0.376996597227));
#10367 = CARTESIAN_POINT('',(70.954968005612,0.414517691495));
#10368 = CARTESIAN_POINT('',(70.627212053436,0.489467955867));
#10369 = CARTESIAN_POINT('',(70.464905308296,0.526895915626));
#10370 = CARTESIAN_POINT('',(70.303586184552,0.564407491414));
#10371 = CARTESIAN_POINT('',(70.143249189326,0.6020012));
#10372 = ( GEOMETRIC_REPRESENTATION_CONTEXT(2) 
PARAMETRIC_REPRESENTATION_CONTEXT() REPRESENTATION_CONTEXT('2D SPACE',''
  ) );
#10373 = ORIENTED_EDGE('',*,*,#10252,.T.);
#10374 = ORIENTED_EDGE('',*,*,#3918,.T.);
#10375 = ADVANCED_FACE('',(#10376),#4042,.F.);
#10376 = FACE_BOUND('',#10377,.F.);
#10377 = EDGE_LOOP('',(#10378,#10379,#10380,#10381));
#10378 = ORIENTED_EDGE('',*,*,#9818,.F.);
#10379 = ORIENTED_EDGE('',*,*,#10276,.T.);
#10380 = ORIENTED_EDGE('',*,*,#3944,.T.);
#10381 = ORIENTED_EDGE('',*,*,#9563,.F.);
#10382 = ADVANCED_FACE('',(#10383),#4177,.F.);
#10383 = FACE_BOUND('',#10384,.F.);
#10384 = EDGE_LOOP('',(#10385,#10386,#10387,#10388));
#10385 = ORIENTED_EDGE('',*,*,#5080,.F.);
#10386 = ORIENTED_EDGE('',*,*,#4383,.T.);
#10387 = ORIENTED_EDGE('',*,*,#4282,.T.);
#10388 = ORIENTED_EDGE('',*,*,#4162,.T.);
#10389 = ADVANCED_FACE('',(#10390),#4244,.F.);
#10390 = FACE_BOUND('',#10391,.F.);
#10391 = EDGE_LOOP('',(#10392,#10393,#10394,#10395));
#10392 = ORIENTED_EDGE('',*,*,#5599,.T.);
#10393 = ORIENTED_EDGE('',*,*,#5154,.T.);
#10394 = ORIENTED_EDGE('',*,*,#5129,.T.);
#10395 = ORIENTED_EDGE('',*,*,#4231,.T.);
#10396 = ADVANCED_FACE('',(#10397),#4348,.F.);
#10397 = FACE_BOUND('',#10398,.F.);
#10398 = EDGE_LOOP('',(#10399,#10400,#10401,#10402));
#10399 = ORIENTED_EDGE('',*,*,#4580,.F.);
#10400 = ORIENTED_EDGE('',*,*,#4532,.F.);
#10401 = ORIENTED_EDGE('',*,*,#4332,.T.);
#10402 = ORIENTED_EDGE('',*,*,#4674,.T.);
#10403 = ADVANCED_FACE('',(#10404),#4467,.F.);
#10404 = FACE_BOUND('',#10405,.F.);
#10405 = EDGE_LOOP('',(#10406,#10407,#10408,#10409));
#10406 = ORIENTED_EDGE('',*,*,#5002,.F.);
#10407 = ORIENTED_EDGE('',*,*,#4980,.F.);
#10408 = ORIENTED_EDGE('',*,*,#4451,.T.);
#10409 = ORIENTED_EDGE('',*,*,#5052,.T.);
#10410 = ADVANCED_FACE('',(#10411),#4516,.T.);
#10411 = FACE_BOUND('',#10412,.T.);
#10412 = EDGE_LOOP('',(#10413,#10414,#10415,#10416,#10417,#10418,#10419,
    #10420));
#10413 = ORIENTED_EDGE('',*,*,#4813,.T.);
#10414 = ORIENTED_EDGE('',*,*,#4861,.F.);
#10415 = ORIENTED_EDGE('',*,*,#4886,.F.);
#10416 = ORIENTED_EDGE('',*,*,#4936,.F.);
#10417 = ORIENTED_EDGE('',*,*,#4502,.T.);
#10418 = ORIENTED_EDGE('',*,*,#4628,.T.);
#10419 = ORIENTED_EDGE('',*,*,#4696,.F.);
#10420 = ORIENTED_EDGE('',*,*,#4747,.T.);
#10421 = ADVANCED_FACE('',(#10422),#5218,.T.);
#10422 = FACE_BOUND('',#10423,.T.);
#10423 = EDGE_LOOP('',(#10424,#10454,#10515,#10534,#10535,#10557));
#10424 = ORIENTED_EDGE('',*,*,#10425,.F.);
#10425 = EDGE_CURVE('',#10426,#10428,#10430,.T.);
#10426 = VERTEX_POINT('',#10427);
#10427 = CARTESIAN_POINT('',(-46.,-9.,113.997));
#10428 = VERTEX_POINT('',#10429);
#10429 = CARTESIAN_POINT('',(-46.,-9.,125.));
#10430 = SURFACE_CURVE('',#10431,(#10435,#10442),.PCURVE_S1.);
#10431 = LINE('',#10432,#10433);
#10432 = CARTESIAN_POINT('',(-46.,-9.,112.));
#10433 = VECTOR('',#10434,1.);
#10434 = DIRECTION('',(0.,0.,1.));
#10435 = PCURVE('',#5218,#10436);
#10436 = DEFINITIONAL_REPRESENTATION('',(#10437),#10441);
#10437 = LINE('',#10438,#10439);
#10438 = CARTESIAN_POINT('',(0.,0.));
#10439 = VECTOR('',#10440,1.);
#10440 = DIRECTION('',(1.,0.));
#10441 = ( GEOMETRIC_REPRESENTATION_CONTEXT(2) 
PARAMETRIC_REPRESENTATION_CONTEXT() REPRESENTATION_CONTEXT('2D SPACE',''
  ) );
#10442 = PCURVE('',#10443,#10448);
#10443 = PLANE('',#10444);
#10444 = AXIS2_PLACEMENT_3D('',#10445,#10446,#10447);
#10445 = CARTESIAN_POINT('',(-59.,-9.,112.));
#10446 = DIRECTION('',(0.,1.,0.));
#10447 = DIRECTION('',(0.,0.,1.));
#10448 = DEFINITIONAL_REPRESENTATION('',(#10449),#10453);
#10449 = LINE('',#10450,#10451);
#10450 = CARTESIAN_POINT('',(0.,13.));
#10451 = VECTOR('',#10452,1.);
#10452 = DIRECTION('',(1.,0.));
#10453 = ( GEOMETRIC_REPRESENTATION_CONTEXT(2) 
PARAMETRIC_REPRESENTATION_CONTEXT() REPRESENTATION_CONTEXT('2D SPACE',''
  ) );
#10454 = ORIENTED_EDGE('',*,*,#10455,.T.);
#10455 = EDGE_CURVE('',#10426,#10456,#10458,.T.);
#10456 = VERTEX_POINT('',#10457);
#10457 = CARTESIAN_POINT('',(-46.,-6.,113.097));
#10458 = SURFACE_CURVE('',#10459,(#10474,#10492),.PCURVE_S1.);
#10459 = B_SPLINE_CURVE_WITH_KNOTS('',4,(#10460,#10461,#10462,#10463,
    #10464,#10465,#10466,#10467,#10468,#10469,#10470,#10471,#10472,
    #10473),.UNSPECIFIED.,.F.,.F.,(5,3,3,3,5),(0.,0.254823770255,
    0.505984047242,0.754341673243,1.),.UNSPECIFIED.);
#10460 = CARTESIAN_POINT('',(-46.,-9.,113.997));
#10461 = CARTESIAN_POINT('',(-46.,-8.813242955287,113.94097288658));
#10462 = CARTESIAN_POINT('',(-46.,-8.625723385306,113.88471701559));
#10463 = CARTESIAN_POINT('',(-46.,-8.437449127234,113.82823473817));
#10464 = CARTESIAN_POINT('',(-46.,-8.062125515633,113.71563765469));
#10465 = CARTESIAN_POINT('',(-46.,-7.875097441524,113.65952923245));
#10466 = CARTESIAN_POINT('',(-46.,-7.68735233359,113.60320570007));
#10467 = CARTESIAN_POINT('',(-46.,-7.312547554312,113.49076426629));
#10468 = CARTESIAN_POINT('',(-46.,-7.125503610454,113.43465108313));
#10469 = CARTESIAN_POINT('',(-46.,-6.9377746683,113.37833240049));
#10470 = CARTESIAN_POINT('',(-46.,-6.563011063822,113.26590331914));
#10471 = CARTESIAN_POINT('',(-46.,-6.375991029774,113.20979730893));
#10472 = CARTESIAN_POINT('',(-46.,-6.188316929391,113.15349507881));
#10473 = CARTESIAN_POINT('',(-46.,-5.999997,113.0969991));
#10474 = PCURVE('',#5218,#10475);
#10475 = DEFINITIONAL_REPRESENTATION('',(#10476),#10491);
#10476 = B_SPLINE_CURVE_WITH_KNOTS('',4,(#10477,#10478,#10479,#10480,
    #10481,#10482,#10483,#10484,#10485,#10486,#10487,#10488,#10489,
    #10490),.UNSPECIFIED.,.F.,.F.,(5,3,3,3,5),(0.,0.254823770255,
    0.505984047242,0.754341673243,1.),.UNSPECIFIED.);
#10477 = CARTESIAN_POINT('',(1.997,0.));
#10478 = CARTESIAN_POINT('',(1.940972886586,-0.186757044713));
#10479 = CARTESIAN_POINT('',(1.884717015592,-0.374276614694));
#10480 = CARTESIAN_POINT('',(1.82823473817,-0.562550872766));
#10481 = CARTESIAN_POINT('',(1.71563765469,-0.937874484367));
#10482 = CARTESIAN_POINT('',(1.659529232457,-1.124902558476));
#10483 = CARTESIAN_POINT('',(1.603205700077,-1.31264766641));
#10484 = CARTESIAN_POINT('',(1.490764266294,-1.687452445688));
#10485 = CARTESIAN_POINT('',(1.434651083136,-1.874496389546));
#10486 = CARTESIAN_POINT('',(1.37833240049,-2.0622253317));
#10487 = CARTESIAN_POINT('',(1.265903319147,-2.436988936178));
#10488 = CARTESIAN_POINT('',(1.209797308932,-2.624008970226));
#10489 = CARTESIAN_POINT('',(1.153495078817,-2.811683070609));
#10490 = CARTESIAN_POINT('',(1.0969991,-3.000003));
#10491 = ( GEOMETRIC_REPRESENTATION_CONTEXT(2) 
PARAMETRIC_REPRESENTATION_CONTEXT() REPRESENTATION_CONTEXT('2D SPACE',''
  ) );
#10492 = PCURVE('',#10493,#10498);
#10493 = B_SPLINE_SURFACE_WITH_KNOTS('',1,1,(
    (#10494,#10495)
    ,(#10496,#10497
    )),.UNSPECIFIED.,.F.,.F.,.F.,(2,2),(2,2),(0.,117.),(0.,1.),
  .PIECEWISE_BEZIER_KNOTS.);
#10494 = CARTESIAN_POINT('',(-53.5,-9.01,114.));
#10495 = CARTESIAN_POINT('',(-58.5,-4.01,112.5));
#10496 = CARTESIAN_POINT('',(53.5,-9.01,114.));
#10497 = CARTESIAN_POINT('',(58.5,-4.01,112.5));
#10498 = DEFINITIONAL_REPRESENTATION('',(#10499),#10514);
#10499 = B_SPLINE_CURVE_WITH_KNOTS('',4,(#10500,#10501,#10502,#10503,
    #10504,#10505,#10506,#10507,#10508,#10509,#10510,#10511,#10512,
    #10513),.UNSPECIFIED.,.F.,.F.,(5,3,3,3,5),(0.,0.254823770255,
    0.505984047242,0.754341673243,1.),.UNSPECIFIED.);
#10500 = CARTESIAN_POINT('',(8.210334482165,2.E-03));
#10501 = CARTESIAN_POINT('',(8.385852129553,3.93514089426E-02));
#10502 = CARTESIAN_POINT('',(8.560452942759,7.685532293879E-02));
#10503 = CARTESIAN_POINT('',(8.734133552589,0.114510174553));
#10504 = CARTESIAN_POINT('',(9.07716572285,0.189574896873));
#10505 = CARTESIAN_POINT('',(9.246543602278,0.226980511695));
#10506 = CARTESIAN_POINT('',(9.415022645748,0.264529533282));
#10507 = CARTESIAN_POINT('',(9.748309462655,0.339490489138));
#10508 = CARTESIAN_POINT('',(9.913137224504,0.376899277909));
#10509 = CARTESIAN_POINT('',(10.077082577312,0.41444506634));
#10510 = CARTESIAN_POINT('',(10.401433954243,0.489397787236));
#10511 = CARTESIAN_POINT('',(10.561859079711,0.526801794045));
#10512 = CARTESIAN_POINT('',(10.721418676974,0.564336614122));
#10513 = CARTESIAN_POINT('',(10.880112243137,0.6020006));
#10514 = ( GEOMETRIC_REPRESENTATION_CONTEXT(2) 
PARAMETRIC_REPRESENTATION_CONTEXT() REPRESENTATION_CONTEXT('2D SPACE',''
  ) );
#10515 = ORIENTED_EDGE('',*,*,#10516,.T.);
#10516 = EDGE_CURVE('',#10456,#5202,#10517,.T.);
#10517 = SURFACE_CURVE('',#10518,(#10522,#10528),.PCURVE_S1.);
#10518 = LINE('',#10519,#10520);
#10519 = CARTESIAN_POINT('',(-46.,-6.,112.25));
#10520 = VECTOR('',#10521,1.);
#10521 = DIRECTION('',(0.,0.,-1.));
#10522 = PCURVE('',#5218,#10523);
#10523 = DEFINITIONAL_REPRESENTATION('',(#10524),#10527);
#10524 = B_SPLINE_CURVE_WITH_KNOTS('',1,(#10525,#10526),.UNSPECIFIED.,
  .F.,.F.,(2,2),(-12.75,-0.25),.PIECEWISE_BEZIER_KNOTS.);
#10525 = CARTESIAN_POINT('',(13.,-3.));
#10526 = CARTESIAN_POINT('',(0.5,-3.));
#10527 = ( GEOMETRIC_REPRESENTATION_CONTEXT(2) 
PARAMETRIC_REPRESENTATION_CONTEXT() REPRESENTATION_CONTEXT('2D SPACE',''
  ) );
#10528 = PCURVE('',#5245,#10529);
#10529 = DEFINITIONAL_REPRESENTATION('',(#10530),#10533);
#10530 = B_SPLINE_CURVE_WITH_KNOTS('',1,(#10531,#10532),.UNSPECIFIED.,
  .F.,.F.,(2,2),(-12.75,-0.25),.PIECEWISE_BEZIER_KNOTS.);
#10531 = CARTESIAN_POINT('',(12.5,-12.5));
#10532 = CARTESIAN_POINT('',(12.5,0.));
#10533 = ( GEOMETRIC_REPRESENTATION_CONTEXT(2) 
PARAMETRIC_REPRESENTATION_CONTEXT() REPRESENTATION_CONTEXT('2D SPACE',''
  ) );
#10534 = ORIENTED_EDGE('',*,*,#5201,.T.);
#10535 = ORIENTED_EDGE('',*,*,#10536,.T.);
#10536 = EDGE_CURVE('',#5204,#10537,#10539,.T.);
#10537 = VERTEX_POINT('',#10538);
#10538 = CARTESIAN_POINT('',(-46.,9.,125.));
#10539 = SURFACE_CURVE('',#10540,(#10544,#10551),.PCURVE_S1.);
#10540 = LINE('',#10541,#10542);
#10541 = CARTESIAN_POINT('',(-46.,9.,112.));
#10542 = VECTOR('',#10543,1.);
#10543 = DIRECTION('',(0.,0.,1.));
#10544 = PCURVE('',#5218,#10545);
#10545 = DEFINITIONAL_REPRESENTATION('',(#10546),#10550);
#10546 = LINE('',#10547,#10548);
#10547 = CARTESIAN_POINT('',(0.,-18.));
#10548 = VECTOR('',#10549,1.);
#10549 = DIRECTION('',(1.,0.));
#10550 = ( GEOMETRIC_REPRESENTATION_CONTEXT(2) 
PARAMETRIC_REPRESENTATION_CONTEXT() REPRESENTATION_CONTEXT('2D SPACE',''
  ) );
#10551 = PCURVE('',#5906,#10552);
#10552 = DEFINITIONAL_REPRESENTATION('',(#10553),#10556);
#10553 = B_SPLINE_CURVE_WITH_KNOTS('',1,(#10554,#10555),.UNSPECIFIED.,
  .F.,.F.,(2,2),(0.5,13.),.PIECEWISE_BEZIER_KNOTS.);
#10554 = CARTESIAN_POINT('',(0.5,0.));
#10555 = CARTESIAN_POINT('',(13.,0.));
#10556 = ( GEOMETRIC_REPRESENTATION_CONTEXT(2) 
PARAMETRIC_REPRESENTATION_CONTEXT() REPRESENTATION_CONTEXT('2D SPACE',''
  ) );
#10557 = ORIENTED_EDGE('',*,*,#10558,.F.);
#10558 = EDGE_CURVE('',#10428,#10537,#10559,.T.);
#10559 = SURFACE_CURVE('',#10560,(#10564,#10571),.PCURVE_S1.);
#10560 = LINE('',#10561,#10562);
#10561 = CARTESIAN_POINT('',(-46.,-9.,125.));
#10562 = VECTOR('',#10563,1.);
#10563 = DIRECTION('',(0.,1.,0.));
#10564 = PCURVE('',#5218,#10565);
#10565 = DEFINITIONAL_REPRESENTATION('',(#10566),#10570);
#10566 = LINE('',#10567,#10568);
#10567 = CARTESIAN_POINT('',(13.,0.));
#10568 = VECTOR('',#10569,1.);
#10569 = DIRECTION('',(0.,-1.));
#10570 = ( GEOMETRIC_REPRESENTATION_CONTEXT(2) 
PARAMETRIC_REPRESENTATION_CONTEXT() REPRESENTATION_CONTEXT('2D SPACE',''
  ) );
#10571 = PCURVE('',#7074,#10572);
#10572 = DEFINITIONAL_REPRESENTATION('',(#10573),#10577);
#10573 = LINE('',#10574,#10575);
#10574 = CARTESIAN_POINT('',(13.,0.));
#10575 = VECTOR('',#10576,1.);
#10576 = DIRECTION('',(0.,1.));
#10577 = ( GEOMETRIC_REPRESENTATION_CONTEXT(2) 
PARAMETRIC_REPRESENTATION_CONTEXT() REPRESENTATION_CONTEXT('2D SPACE',''
  ) );
#10578 = ADVANCED_FACE('',(#10579),#5906,.F.);
#10579 = FACE_BOUND('',#10580,.F.);
#10580 = EDGE_LOOP('',(#10581,#10582,#10583));
#10581 = ORIENTED_EDGE('',*,*,#5774,.F.);
#10582 = ORIENTED_EDGE('',*,*,#10536,.T.);
#10583 = ORIENTED_EDGE('',*,*,#10584,.T.);
#10584 = EDGE_CURVE('',#10537,#5752,#10585,.T.);
#10585 = SURFACE_CURVE('',#10586,(#10589,#10596),.PCURVE_S1.);
#10586 = B_SPLINE_CURVE_WITH_KNOTS('',1,(#10587,#10588),.UNSPECIFIED.,
  .F.,.F.,(2,2),(0.,1.),.PIECEWISE_BEZIER_KNOTS.);
#10587 = CARTESIAN_POINT('',(-46.,9.,125.));
#10588 = CARTESIAN_POINT('',(-58.8,21.5,112.2));
#10589 = PCURVE('',#5906,#10590);
#10590 = DEFINITIONAL_REPRESENTATION('',(#10591),#10595);
#10591 = LINE('',#10592,#10593);
#10592 = CARTESIAN_POINT('',(13.,0.));
#10593 = VECTOR('',#10594,1.);
#10594 = DIRECTION('',(0.,1.));
#10595 = ( GEOMETRIC_REPRESENTATION_CONTEXT(2) 
PARAMETRIC_REPRESENTATION_CONTEXT() REPRESENTATION_CONTEXT('2D SPACE',''
  ) );
#10596 = PCURVE('',#7217,#10597);
#10597 = DEFINITIONAL_REPRESENTATION('',(#10598),#10602);
#10598 = LINE('',#10599,#10600);
#10599 = CARTESIAN_POINT('',(0.,0.));
#10600 = VECTOR('',#10601,1.);
#10601 = DIRECTION('',(0.,1.));
#10602 = ( GEOMETRIC_REPRESENTATION_CONTEXT(2) 
PARAMETRIC_REPRESENTATION_CONTEXT() REPRESENTATION_CONTEXT('2D SPACE',''
  ) );
#10603 = ADVANCED_FACE('',(#10604),#5740,.F.);
#10604 = FACE_BOUND('',#10605,.F.);
#10605 = EDGE_LOOP('',(#10606,#10607,#10608,#10609));
#10606 = ORIENTED_EDGE('',*,*,#6604,.F.);
#10607 = ORIENTED_EDGE('',*,*,#5725,.T.);
#10608 = ORIENTED_EDGE('',*,*,#6768,.T.);
#10609 = ORIENTED_EDGE('',*,*,#6742,.T.);
#10610 = ADVANCED_FACE('',(#10611),#5527,.F.);
#10611 = FACE_BOUND('',#10612,.F.);
#10612 = EDGE_LOOP('',(#10613,#10631,#10632));
#10613 = ORIENTED_EDGE('',*,*,#10614,.F.);
#10614 = EDGE_CURVE('',#5368,#10021,#10615,.T.);
#10615 = SURFACE_CURVE('',#10616,(#10619,#10625),.PCURVE_S1.);
#10616 = B_SPLINE_CURVE_WITH_KNOTS('',1,(#10617,#10618),.UNSPECIFIED.,
  .F.,.F.,(2,2),(0.,1.),.PIECEWISE_BEZIER_KNOTS.);
#10617 = CARTESIAN_POINT('',(46.8,9.78125,112.5));
#10618 = CARTESIAN_POINT('',(46.8,9.78125,124.2));
#10619 = PCURVE('',#5527,#10620);
#10620 = DEFINITIONAL_REPRESENTATION('',(#10621),#10624);
#10621 = B_SPLINE_CURVE_WITH_KNOTS('',1,(#10622,#10623),.UNSPECIFIED.,
  .F.,.F.,(2,2),(0.,1.),.PIECEWISE_BEZIER_KNOTS.);
#10622 = CARTESIAN_POINT('',(12.454452405322,6.25E-02));
#10623 = CARTESIAN_POINT('',(0.,6.25E-02));
#10624 = ( GEOMETRIC_REPRESENTATION_CONTEXT(2) 
PARAMETRIC_REPRESENTATION_CONTEXT() REPRESENTATION_CONTEXT('2D SPACE',''
  ) );
#10625 = PCURVE('',#5383,#10626);
#10626 = DEFINITIONAL_REPRESENTATION('',(#10627),#10630);
#10627 = B_SPLINE_CURVE_WITH_KNOTS('',1,(#10628,#10629),.UNSPECIFIED.,
  .F.,.F.,(2,2),(0.,1.),.PIECEWISE_BEZIER_KNOTS.);
#10628 = CARTESIAN_POINT('',(-13.83409290087,7.417382739477));
#10629 = CARTESIAN_POINT('',(-2.134092900876,7.417382739477));
#10630 = ( GEOMETRIC_REPRESENTATION_CONTEXT(2) 
PARAMETRIC_REPRESENTATION_CONTEXT() REPRESENTATION_CONTEXT('2D SPACE',''
  ) );
#10631 = ORIENTED_EDGE('',*,*,#5395,.T.);
#10632 = ORIENTED_EDGE('',*,*,#10049,.F.);
#10633 = ADVANCED_FACE('',(#10634,#10712),#5383,.T.);
#10634 = FACE_BOUND('',#10635,.T.);
#10635 = EDGE_LOOP('',(#10636,#10637,#10638,#10661,#10689,#10710,#10711)
  );
#10636 = ORIENTED_EDGE('',*,*,#10614,.F.);
#10637 = ORIENTED_EDGE('',*,*,#5367,.T.);
#10638 = ORIENTED_EDGE('',*,*,#10639,.T.);
#10639 = EDGE_CURVE('',#5340,#10640,#10642,.T.);
#10640 = VERTEX_POINT('',#10641);
#10641 = CARTESIAN_POINT('',(46.8,11.9,148.7));
#10642 = SURFACE_CURVE('',#10643,(#10647,#10654),.PCURVE_S1.);
#10643 = LINE('',#10644,#10645);
#10644 = CARTESIAN_POINT('',(46.8,48.1,112.5));
#10645 = VECTOR('',#10646,1.);
#10646 = DIRECTION('',(0.,-0.707106781187,0.707106781187));
#10647 = PCURVE('',#5383,#10648);
#10648 = DEFINITIONAL_REPRESENTATION('',(#10649),#10653);
#10649 = LINE('',#10650,#10651);
#10650 = CARTESIAN_POINT('',(-13.83409290087,-30.90136726052));
#10651 = VECTOR('',#10652,1.);
#10652 = DIRECTION('',(0.707106781187,0.707106781187));
#10653 = ( GEOMETRIC_REPRESENTATION_CONTEXT(2) 
PARAMETRIC_REPRESENTATION_CONTEXT() REPRESENTATION_CONTEXT('2D SPACE',''
  ) );
#10654 = PCURVE('',#5355,#10655);
#10655 = DEFINITIONAL_REPRESENTATION('',(#10656),#10660);
#10656 = LINE('',#10657,#10658);
#10657 = CARTESIAN_POINT('',(0.,-3.));
#10658 = VECTOR('',#10659,1.);
#10659 = DIRECTION('',(1.,0.));
#10660 = ( GEOMETRIC_REPRESENTATION_CONTEXT(2) 
PARAMETRIC_REPRESENTATION_CONTEXT() REPRESENTATION_CONTEXT('2D SPACE',''
  ) );
#10661 = ORIENTED_EDGE('',*,*,#10662,.T.);
#10662 = EDGE_CURVE('',#10640,#10663,#10665,.T.);
#10663 = VERTEX_POINT('',#10664);
#10664 = CARTESIAN_POINT('',(46.8,-3.1,148.7));
#10665 = SURFACE_CURVE('',#10666,(#10670,#10677),.PCURVE_S1.);
#10666 = LINE('',#10667,#10668);
#10667 = CARTESIAN_POINT('',(46.8,11.9,148.7));
#10668 = VECTOR('',#10669,1.);
#10669 = DIRECTION('',(0.,-1.,0.));
#10670 = PCURVE('',#5383,#10671);
#10671 = DEFINITIONAL_REPRESENTATION('',(#10672),#10676);
#10672 = LINE('',#10673,#10674);
#10673 = CARTESIAN_POINT('',(22.365907099124,5.298632739477));
#10674 = VECTOR('',#10675,1.);
#10675 = DIRECTION('',(0.,1.));
#10676 = ( GEOMETRIC_REPRESENTATION_CONTEXT(2) 
PARAMETRIC_REPRESENTATION_CONTEXT() REPRESENTATION_CONTEXT('2D SPACE',''
  ) );
#10677 = PCURVE('',#10678,#10683);
#10678 = PLANE('',#10679);
#10679 = AXIS2_PLACEMENT_3D('',#10680,#10681,#10682);
#10680 = CARTESIAN_POINT('',(43.8,11.9,148.7));
#10681 = DIRECTION('',(0.,0.,-1.));
#10682 = DIRECTION('',(0.,-1.,0.));
#10683 = DEFINITIONAL_REPRESENTATION('',(#10684),#10688);
#10684 = LINE('',#10685,#10686);
#10685 = CARTESIAN_POINT('',(0.,-3.));
#10686 = VECTOR('',#10687,1.);
#10687 = DIRECTION('',(1.,0.));
#10688 = ( GEOMETRIC_REPRESENTATION_CONTEXT(2) 
PARAMETRIC_REPRESENTATION_CONTEXT() REPRESENTATION_CONTEXT('2D SPACE',''
  ) );
#10689 = ORIENTED_EDGE('',*,*,#10690,.T.);
#10690 = EDGE_CURVE('',#10663,#10074,#10691,.T.);
#10691 = SURFACE_CURVE('',#10692,(#10696,#10703),.PCURVE_S1.);
#10692 = LINE('',#10693,#10694);
#10693 = CARTESIAN_POINT('',(46.8,-3.1,148.7));
#10694 = VECTOR('',#10695,1.);
#10695 = DIRECTION('',(0.,0.,-1.));
#10696 = PCURVE('',#5383,#10697);
#10697 = DEFINITIONAL_REPRESENTATION('',(#10698),#10702);
#10698 = LINE('',#10699,#10700);
#10699 = CARTESIAN_POINT('',(22.365907099124,20.298632739477));
#10700 = VECTOR('',#10701,1.);
#10701 = DIRECTION('',(-1.,0.));
#10702 = ( GEOMETRIC_REPRESENTATION_CONTEXT(2) 
PARAMETRIC_REPRESENTATION_CONTEXT() REPRESENTATION_CONTEXT('2D SPACE',''
  ) );
#10703 = PCURVE('',#5299,#10704);
#10704 = DEFINITIONAL_REPRESENTATION('',(#10705),#10709);
#10705 = LINE('',#10706,#10707);
#10706 = CARTESIAN_POINT('',(0.,-3.));
#10707 = VECTOR('',#10708,1.);
#10708 = DIRECTION('',(1.,0.));
#10709 = ( GEOMETRIC_REPRESENTATION_CONTEXT(2) 
PARAMETRIC_REPRESENTATION_CONTEXT() REPRESENTATION_CONTEXT('2D SPACE',''
  ) );
#10710 = ORIENTED_EDGE('',*,*,#10073,.T.);
#10711 = ORIENTED_EDGE('',*,*,#10020,.T.);
#10712 = FACE_BOUND('',#10713,.T.);
#10713 = EDGE_LOOP('',(#10714));
#10714 = ORIENTED_EDGE('',*,*,#10715,.T.);
#10715 = EDGE_CURVE('',#10716,#10716,#10718,.T.);
#10716 = VERTEX_POINT('',#10717);
#10717 = CARTESIAN_POINT('',(46.8,6.1,142.7));
#10718 = SURFACE_CURVE('',#10719,(#10724,#10735),.PCURVE_S1.);
#10719 = CIRCLE('',#10720,1.7);
#10720 = AXIS2_PLACEMENT_3D('',#10721,#10722,#10723);
#10721 = CARTESIAN_POINT('',(46.8,4.4,142.7));
#10722 = DIRECTION('',(-1.,0.,0.));
#10723 = DIRECTION('',(0.,1.,0.));
#10724 = PCURVE('',#5383,#10725);
#10725 = DEFINITIONAL_REPRESENTATION('',(#10726),#10734);
#10726 = ( BOUNDED_CURVE() B_SPLINE_CURVE(2,(#10727,#10728,#10729,#10730
    ,#10731,#10732,#10733),.UNSPECIFIED.,.T.,.F.) 
B_SPLINE_CURVE_WITH_KNOTS((1,2,2,2,2,1),(-2.094395102393,0.,
    2.094395102393,4.188790204786,6.28318530718,8.377580409573),
.UNSPECIFIED.) CURVE() GEOMETRIC_REPRESENTATION_ITEM() 
RATIONAL_B_SPLINE_CURVE((1.,0.5,1.,0.5,1.,0.5,1.)) REPRESENTATION_ITEM(
  '') );
#10727 = CARTESIAN_POINT('',(16.365907099124,11.098632739477));
#10728 = CARTESIAN_POINT('',(13.421420726257,11.098632739477));
#10729 = CARTESIAN_POINT('',(14.893663912691,13.648632739477));
#10730 = CARTESIAN_POINT('',(16.365907099124,16.198632739477));
#10731 = CARTESIAN_POINT('',(17.838150285558,13.648632739477));
#10732 = CARTESIAN_POINT('',(19.310393471991,11.098632739477));
#10733 = CARTESIAN_POINT('',(16.365907099124,11.098632739477));
#10734 = ( GEOMETRIC_REPRESENTATION_CONTEXT(2) 
PARAMETRIC_REPRESENTATION_CONTEXT() REPRESENTATION_CONTEXT('2D SPACE',''
  ) );
#10735 = PCURVE('',#10736,#10741);
#10736 = CYLINDRICAL_SURFACE('',#10737,1.7);
#10737 = AXIS2_PLACEMENT_3D('',#10738,#10739,#10740);
#10738 = CARTESIAN_POINT('',(41.8,4.4,142.7));
#10739 = DIRECTION('',(-1.,-0.,-0.));
#10740 = DIRECTION('',(0.,1.,0.));
#10741 = DEFINITIONAL_REPRESENTATION('',(#10742),#10746);
#10742 = LINE('',#10743,#10744);
#10743 = CARTESIAN_POINT('',(-6.28318530718,-5.));
#10744 = VECTOR('',#10745,1.);
#10745 = DIRECTION('',(1.,-0.));
#10746 = ( GEOMETRIC_REPRESENTATION_CONTEXT(2) 
PARAMETRIC_REPRESENTATION_CONTEXT() REPRESENTATION_CONTEXT('2D SPACE',''
  ) );
#10747 = ADVANCED_FACE('',(#10748),#5355,.F.);
#10748 = FACE_BOUND('',#10749,.F.);
#10749 = EDGE_LOOP('',(#10750,#10751,#10752,#10775));
#10750 = ORIENTED_EDGE('',*,*,#5339,.T.);
#10751 = ORIENTED_EDGE('',*,*,#10639,.T.);
#10752 = ORIENTED_EDGE('',*,*,#10753,.F.);
#10753 = EDGE_CURVE('',#10754,#10640,#10756,.T.);
#10754 = VERTEX_POINT('',#10755);
#10755 = CARTESIAN_POINT('',(43.8,11.9,148.7));
#10756 = SURFACE_CURVE('',#10757,(#10761,#10768),.PCURVE_S1.);
#10757 = LINE('',#10758,#10759);
#10758 = CARTESIAN_POINT('',(43.8,11.9,148.7));
#10759 = VECTOR('',#10760,1.);
#10760 = DIRECTION('',(1.,0.,0.));
#10761 = PCURVE('',#5355,#10762);
#10762 = DEFINITIONAL_REPRESENTATION('',(#10763),#10767);
#10763 = LINE('',#10764,#10765);
#10764 = CARTESIAN_POINT('',(51.194530957906,0.));
#10765 = VECTOR('',#10766,1.);
#10766 = DIRECTION('',(0.,-1.));
#10767 = ( GEOMETRIC_REPRESENTATION_CONTEXT(2) 
PARAMETRIC_REPRESENTATION_CONTEXT() REPRESENTATION_CONTEXT('2D SPACE',''
  ) );
#10768 = PCURVE('',#10678,#10769);
#10769 = DEFINITIONAL_REPRESENTATION('',(#10770),#10774);
#10770 = LINE('',#10771,#10772);
#10771 = CARTESIAN_POINT('',(0.,-0.));
#10772 = VECTOR('',#10773,1.);
#10773 = DIRECTION('',(0.,-1.));
#10774 = ( GEOMETRIC_REPRESENTATION_CONTEXT(2) 
PARAMETRIC_REPRESENTATION_CONTEXT() REPRESENTATION_CONTEXT('2D SPACE',''
  ) );
#10775 = ORIENTED_EDGE('',*,*,#10776,.F.);
#10776 = EDGE_CURVE('',#5312,#10754,#10777,.T.);
#10777 = SURFACE_CURVE('',#10778,(#10782,#10789),.PCURVE_S1.);
#10778 = LINE('',#10779,#10780);
#10779 = CARTESIAN_POINT('',(43.8,48.1,112.5));
#10780 = VECTOR('',#10781,1.);
#10781 = DIRECTION('',(0.,-0.707106781187,0.707106781187));
#10782 = PCURVE('',#5355,#10783);
#10783 = DEFINITIONAL_REPRESENTATION('',(#10784),#10788);
#10784 = LINE('',#10785,#10786);
#10785 = CARTESIAN_POINT('',(0.,0.));
#10786 = VECTOR('',#10787,1.);
#10787 = DIRECTION('',(1.,0.));
#10788 = ( GEOMETRIC_REPRESENTATION_CONTEXT(2) 
PARAMETRIC_REPRESENTATION_CONTEXT() REPRESENTATION_CONTEXT('2D SPACE',''
  ) );
#10789 = PCURVE('',#5327,#10790);
#10790 = DEFINITIONAL_REPRESENTATION('',(#10791),#10795);
#10791 = LINE('',#10792,#10793);
#10792 = CARTESIAN_POINT('',(-13.83409290087,-30.90136726052));
#10793 = VECTOR('',#10794,1.);
#10794 = DIRECTION('',(0.707106781187,0.707106781187));
#10795 = ( GEOMETRIC_REPRESENTATION_CONTEXT(2) 
PARAMETRIC_REPRESENTATION_CONTEXT() REPRESENTATION_CONTEXT('2D SPACE',''
  ) );
#10796 = ADVANCED_FACE('',(#10797,#10845),#5327,.F.);
#10797 = FACE_BOUND('',#10798,.F.);
#10798 = EDGE_LOOP('',(#10799,#10800,#10801,#10824));
#10799 = ORIENTED_EDGE('',*,*,#5311,.T.);
#10800 = ORIENTED_EDGE('',*,*,#10776,.T.);
#10801 = ORIENTED_EDGE('',*,*,#10802,.T.);
#10802 = EDGE_CURVE('',#10754,#10803,#10805,.T.);
#10803 = VERTEX_POINT('',#10804);
#10804 = CARTESIAN_POINT('',(43.8,-3.1,148.7));
#10805 = SURFACE_CURVE('',#10806,(#10810,#10817),.PCURVE_S1.);
#10806 = LINE('',#10807,#10808);
#10807 = CARTESIAN_POINT('',(43.8,11.9,148.7));
#10808 = VECTOR('',#10809,1.);
#10809 = DIRECTION('',(0.,-1.,0.));
#10810 = PCURVE('',#5327,#10811);
#10811 = DEFINITIONAL_REPRESENTATION('',(#10812),#10816);
#10812 = LINE('',#10813,#10814);
#10813 = CARTESIAN_POINT('',(22.365907099124,5.298632739477));
#10814 = VECTOR('',#10815,1.);
#10815 = DIRECTION('',(0.,1.));
#10816 = ( GEOMETRIC_REPRESENTATION_CONTEXT(2) 
PARAMETRIC_REPRESENTATION_CONTEXT() REPRESENTATION_CONTEXT('2D SPACE',''
  ) );
#10817 = PCURVE('',#10678,#10818);
#10818 = DEFINITIONAL_REPRESENTATION('',(#10819),#10823);
#10819 = LINE('',#10820,#10821);
#10820 = CARTESIAN_POINT('',(0.,-0.));
#10821 = VECTOR('',#10822,1.);
#10822 = DIRECTION('',(1.,0.));
#10823 = ( GEOMETRIC_REPRESENTATION_CONTEXT(2) 
PARAMETRIC_REPRESENTATION_CONTEXT() REPRESENTATION_CONTEXT('2D SPACE',''
  ) );
#10824 = ORIENTED_EDGE('',*,*,#10825,.T.);
#10825 = EDGE_CURVE('',#10803,#5284,#10826,.T.);
#10826 = SURFACE_CURVE('',#10827,(#10831,#10838),.PCURVE_S1.);
#10827 = LINE('',#10828,#10829);
#10828 = CARTESIAN_POINT('',(43.8,-3.1,148.7));
#10829 = VECTOR('',#10830,1.);
#10830 = DIRECTION('',(0.,0.,-1.));
#10831 = PCURVE('',#5327,#10832);
#10832 = DEFINITIONAL_REPRESENTATION('',(#10833),#10837);
#10833 = LINE('',#10834,#10835);
#10834 = CARTESIAN_POINT('',(22.365907099124,20.298632739477));
#10835 = VECTOR('',#10836,1.);
#10836 = DIRECTION('',(-1.,0.));
#10837 = ( GEOMETRIC_REPRESENTATION_CONTEXT(2) 
PARAMETRIC_REPRESENTATION_CONTEXT() REPRESENTATION_CONTEXT('2D SPACE',''
  ) );
#10838 = PCURVE('',#5299,#10839);
#10839 = DEFINITIONAL_REPRESENTATION('',(#10840),#10844);
#10840 = LINE('',#10841,#10842);
#10841 = CARTESIAN_POINT('',(0.,0.));
#10842 = VECTOR('',#10843,1.);
#10843 = DIRECTION('',(1.,0.));
#10844 = ( GEOMETRIC_REPRESENTATION_CONTEXT(2) 
PARAMETRIC_REPRESENTATION_CONTEXT() REPRESENTATION_CONTEXT('2D SPACE',''
  ) );
#10845 = FACE_BOUND('',#10846,.F.);
#10846 = EDGE_LOOP('',(#10847));
#10847 = ORIENTED_EDGE('',*,*,#10848,.T.);
#10848 = EDGE_CURVE('',#10849,#10849,#10851,.T.);
#10849 = VERTEX_POINT('',#10850);
#10850 = CARTESIAN_POINT('',(43.8,7.4,142.7));
#10851 = SURFACE_CURVE('',#10852,(#10857,#10868),.PCURVE_S1.);
#10852 = CIRCLE('',#10853,3.);
#10853 = AXIS2_PLACEMENT_3D('',#10854,#10855,#10856);
#10854 = CARTESIAN_POINT('',(43.8,4.4,142.7));
#10855 = DIRECTION('',(-1.,0.,0.));
#10856 = DIRECTION('',(0.,1.,0.));
#10857 = PCURVE('',#5327,#10858);
#10858 = DEFINITIONAL_REPRESENTATION('',(#10859),#10867);
#10859 = ( BOUNDED_CURVE() B_SPLINE_CURVE(2,(#10860,#10861,#10862,#10863
    ,#10864,#10865,#10866),.UNSPECIFIED.,.T.,.F.) 
B_SPLINE_CURVE_WITH_KNOTS((1,2,2,2,2,1),(-2.094395102393,0.,
    2.094395102393,4.188790204786,6.28318530718,8.377580409573),
.UNSPECIFIED.) CURVE() GEOMETRIC_REPRESENTATION_ITEM() 
RATIONAL_B_SPLINE_CURVE((1.,0.5,1.,0.5,1.,0.5,1.)) REPRESENTATION_ITEM(
  '') );
#10860 = CARTESIAN_POINT('',(16.365907099124,9.798632739477));
#10861 = CARTESIAN_POINT('',(11.169754676418,9.798632739477));
#10862 = CARTESIAN_POINT('',(13.767830887771,14.298632739477));
#10863 = CARTESIAN_POINT('',(16.365907099124,18.798632739477));
#10864 = CARTESIAN_POINT('',(18.963983310478,14.298632739477));
#10865 = CARTESIAN_POINT('',(21.562059521831,9.798632739477));
#10866 = CARTESIAN_POINT('',(16.365907099124,9.798632739477));
#10867 = ( GEOMETRIC_REPRESENTATION_CONTEXT(2) 
PARAMETRIC_REPRESENTATION_CONTEXT() REPRESENTATION_CONTEXT('2D SPACE',''
  ) );
#10868 = PCURVE('',#10869,#10874);
#10869 = CYLINDRICAL_SURFACE('',#10870,3.);
#10870 = AXIS2_PLACEMENT_3D('',#10871,#10872,#10873);
#10871 = CARTESIAN_POINT('',(42.6,4.4,142.7));
#10872 = DIRECTION('',(-1.,-0.,-0.));
#10873 = DIRECTION('',(0.,1.,0.));
#10874 = DEFINITIONAL_REPRESENTATION('',(#10875),#10879);
#10875 = LINE('',#10876,#10877);
#10876 = CARTESIAN_POINT('',(-6.28318530718,-1.2));
#10877 = VECTOR('',#10878,1.);
#10878 = DIRECTION('',(1.,-0.));
#10879 = ( GEOMETRIC_REPRESENTATION_CONTEXT(2) 
PARAMETRIC_REPRESENTATION_CONTEXT() REPRESENTATION_CONTEXT('2D SPACE',''
  ) );
#10880 = ADVANCED_FACE('',(#10881),#5299,.F.);
#10881 = FACE_BOUND('',#10882,.F.);
#10882 = EDGE_LOOP('',(#10883,#10884,#10905,#10906,#10907,#10926));
#10883 = ORIENTED_EDGE('',*,*,#10825,.F.);
#10884 = ORIENTED_EDGE('',*,*,#10885,.T.);
#10885 = EDGE_CURVE('',#10803,#10663,#10886,.T.);
#10886 = SURFACE_CURVE('',#10887,(#10891,#10898),.PCURVE_S1.);
#10887 = LINE('',#10888,#10889);
#10888 = CARTESIAN_POINT('',(43.8,-3.1,148.7));
#10889 = VECTOR('',#10890,1.);
#10890 = DIRECTION('',(1.,0.,0.));
#10891 = PCURVE('',#5299,#10892);
#10892 = DEFINITIONAL_REPRESENTATION('',(#10893),#10897);
#10893 = LINE('',#10894,#10895);
#10894 = CARTESIAN_POINT('',(0.,0.));
#10895 = VECTOR('',#10896,1.);
#10896 = DIRECTION('',(0.,-1.));
#10897 = ( GEOMETRIC_REPRESENTATION_CONTEXT(2) 
PARAMETRIC_REPRESENTATION_CONTEXT() REPRESENTATION_CONTEXT('2D SPACE',''
  ) );
#10898 = PCURVE('',#10678,#10899);
#10899 = DEFINITIONAL_REPRESENTATION('',(#10900),#10904);
#10900 = LINE('',#10901,#10902);
#10901 = CARTESIAN_POINT('',(15.,0.));
#10902 = VECTOR('',#10903,1.);
#10903 = DIRECTION('',(0.,-1.));
#10904 = ( GEOMETRIC_REPRESENTATION_CONTEXT(2) 
PARAMETRIC_REPRESENTATION_CONTEXT() REPRESENTATION_CONTEXT('2D SPACE',''
  ) );
#10905 = ORIENTED_EDGE('',*,*,#10690,.T.);
#10906 = ORIENTED_EDGE('',*,*,#10094,.T.);
#10907 = ORIENTED_EDGE('',*,*,#10908,.F.);
#10908 = EDGE_CURVE('',#5258,#10095,#10909,.T.);
#10909 = SURFACE_CURVE('',#10910,(#10914,#10920),.PCURVE_S1.);
#10910 = LINE('',#10911,#10912);
#10911 = CARTESIAN_POINT('',(46.,-3.1,130.35));
#10912 = VECTOR('',#10913,1.);
#10913 = DIRECTION('',(0.,-0.,1.));
#10914 = PCURVE('',#5299,#10915);
#10915 = DEFINITIONAL_REPRESENTATION('',(#10916),#10919);
#10916 = B_SPLINE_CURVE_WITH_KNOTS('',1,(#10917,#10918),.UNSPECIFIED.,
  .F.,.F.,(2,2),(-17.85,-5.35),.PIECEWISE_BEZIER_KNOTS.);
#10917 = CARTESIAN_POINT('',(36.2,-2.2));
#10918 = CARTESIAN_POINT('',(23.7,-2.2));
#10919 = ( GEOMETRIC_REPRESENTATION_CONTEXT(2) 
PARAMETRIC_REPRESENTATION_CONTEXT() REPRESENTATION_CONTEXT('2D SPACE',''
  ) );
#10920 = PCURVE('',#5272,#10921);
#10921 = DEFINITIONAL_REPRESENTATION('',(#10922),#10925);
#10922 = B_SPLINE_CURVE_WITH_KNOTS('',1,(#10923,#10924),.UNSPECIFIED.,
  .F.,.F.,(2,2),(-17.85,-5.35),.PIECEWISE_BEZIER_KNOTS.);
#10923 = CARTESIAN_POINT('',(0.5,-5.9));
#10924 = CARTESIAN_POINT('',(13.,-5.9));
#10925 = ( GEOMETRIC_REPRESENTATION_CONTEXT(2) 
PARAMETRIC_REPRESENTATION_CONTEXT() REPRESENTATION_CONTEXT('2D SPACE',''
  ) );
#10926 = ORIENTED_EDGE('',*,*,#5283,.F.);
#10927 = ADVANCED_FACE('',(#10928),#5272,.F.);
#10928 = FACE_BOUND('',#10929,.F.);
#10929 = EDGE_LOOP('',(#10930,#10953,#11009,#11028,#11029,#11030));
#10930 = ORIENTED_EDGE('',*,*,#10931,.F.);
#10931 = EDGE_CURVE('',#10932,#10116,#10934,.T.);
#10932 = VERTEX_POINT('',#10933);
#10933 = CARTESIAN_POINT('',(46.,-9.,113.997));
#10934 = SURFACE_CURVE('',#10935,(#10939,#10946),.PCURVE_S1.);
#10935 = LINE('',#10936,#10937);
#10936 = CARTESIAN_POINT('',(46.,-9.,112.));
#10937 = VECTOR('',#10938,1.);
#10938 = DIRECTION('',(0.,0.,1.));
#10939 = PCURVE('',#5272,#10940);
#10940 = DEFINITIONAL_REPRESENTATION('',(#10941),#10945);
#10941 = LINE('',#10942,#10943);
#10942 = CARTESIAN_POINT('',(0.,0.));
#10943 = VECTOR('',#10944,1.);
#10944 = DIRECTION('',(1.,0.));
#10945 = ( GEOMETRIC_REPRESENTATION_CONTEXT(2) 
PARAMETRIC_REPRESENTATION_CONTEXT() REPRESENTATION_CONTEXT('2D SPACE',''
  ) );
#10946 = PCURVE('',#10154,#10947);
#10947 = DEFINITIONAL_REPRESENTATION('',(#10948),#10952);
#10948 = LINE('',#10949,#10950);
#10949 = CARTESIAN_POINT('',(0.,0.));
#10950 = VECTOR('',#10951,1.);
#10951 = DIRECTION('',(1.,0.));
#10952 = ( GEOMETRIC_REPRESENTATION_CONTEXT(2) 
PARAMETRIC_REPRESENTATION_CONTEXT() REPRESENTATION_CONTEXT('2D SPACE',''
  ) );
#10953 = ORIENTED_EDGE('',*,*,#10954,.T.);
#10954 = EDGE_CURVE('',#10932,#10955,#10957,.T.);
#10955 = VERTEX_POINT('',#10956);
#10956 = CARTESIAN_POINT('',(46.,-6.,113.097));
#10957 = SURFACE_CURVE('',#10958,(#10973,#10991),.PCURVE_S1.);
#10958 = B_SPLINE_CURVE_WITH_KNOTS('',4,(#10959,#10960,#10961,#10962,
    #10963,#10964,#10965,#10966,#10967,#10968,#10969,#10970,#10971,
    #10972),.UNSPECIFIED.,.F.,.F.,(5,3,3,3,5),(0.,0.254823776782,
    0.50598405404,0.754341677787,1.),.UNSPECIFIED.);
#10959 = CARTESIAN_POINT('',(46.,-9.,113.997));
#10960 = CARTESIAN_POINT('',(46.,-8.813242767789,113.94097283033));
#10961 = CARTESIAN_POINT('',(46.,-8.625723008779,113.88471690263));
#10962 = CARTESIAN_POINT('',(46.,-8.437448560171,113.82823456805));
#10963 = CARTESIAN_POINT('',(46.,-8.062124571865,113.71563737155));
#10964 = CARTESIAN_POINT('',(46.,-7.875096311664,113.65952889349));
#10965 = CARTESIAN_POINT('',(46.,-7.687351016258,113.60320530487));
#10966 = CARTESIAN_POINT('',(46.,-7.312545863328,113.49076375899));
#10967 = CARTESIAN_POINT('',(46.,-7.125501733332,113.43465052));
#10968 = CARTESIAN_POINT('',(46.,-6.937772603753,113.37833178112));
#10969 = CARTESIAN_POINT('',(46.,-6.563008625706,113.26590258771));
#10970 = CARTESIAN_POINT('',(46.,-6.375988405554,113.20979652166));
#10971 = CARTESIAN_POINT('',(46.,-6.188314117868,113.15349423536));
#10972 = CARTESIAN_POINT('',(46.,-5.999994,113.0969982));
#10973 = PCURVE('',#5272,#10974);
#10974 = DEFINITIONAL_REPRESENTATION('',(#10975),#10990);
#10975 = B_SPLINE_CURVE_WITH_KNOTS('',4,(#10976,#10977,#10978,#10979,
    #10980,#10981,#10982,#10983,#10984,#10985,#10986,#10987,#10988,
    #10989),.UNSPECIFIED.,.F.,.F.,(5,3,3,3,5),(0.,0.254823776782,
    0.50598405404,0.754341677787,1.),.UNSPECIFIED.);
#10976 = CARTESIAN_POINT('',(1.997,0.));
#10977 = CARTESIAN_POINT('',(1.940972830337,-0.186757232211));
#10978 = CARTESIAN_POINT('',(1.884716902634,-0.374276991221));
#10979 = CARTESIAN_POINT('',(1.828234568051,-0.562551439829));
#10980 = CARTESIAN_POINT('',(1.715637371559,-0.937875428135));
#10981 = CARTESIAN_POINT('',(1.659528893499,-1.124903688336));
#10982 = CARTESIAN_POINT('',(1.603205304877,-1.312648983742));
#10983 = CARTESIAN_POINT('',(1.490763758998,-1.687454136672));
#10984 = CARTESIAN_POINT('',(1.43465052,-1.874498266668));
#10985 = CARTESIAN_POINT('',(1.378331781126,-2.062227396247));
#10986 = CARTESIAN_POINT('',(1.265902587712,-2.436991374294));
#10987 = CARTESIAN_POINT('',(1.209796521666,-2.624011594446));
#10988 = CARTESIAN_POINT('',(1.15349423536,-2.811685882132));
#10989 = CARTESIAN_POINT('',(1.0969982,-3.000006));
#10990 = ( GEOMETRIC_REPRESENTATION_CONTEXT(2) 
PARAMETRIC_REPRESENTATION_CONTEXT() REPRESENTATION_CONTEXT('2D SPACE',''
  ) );
#10991 = PCURVE('',#10493,#10992);
#10992 = DEFINITIONAL_REPRESENTATION('',(#10993),#11008);
#10993 = B_SPLINE_CURVE_WITH_KNOTS('',4,(#10994,#10995,#10996,#10997,
    #10998,#10999,#11000,#11001,#11002,#11003,#11004,#11005,#11006,
    #11007),.UNSPECIFIED.,.F.,.F.,(5,3,3,3,5),(0.,0.254823776782,
    0.50598405404,0.754341677787,1.),.UNSPECIFIED.);
#10994 = CARTESIAN_POINT('',(108.78966551783,2.E-03));
#10995 = CARTESIAN_POINT('',(108.61414769423,3.935144644214E-02));
#10996 = CARTESIAN_POINT('',(108.43954670665,7.685539824414E-02));
#10997 = CARTESIAN_POINT('',(108.2658659243,0.114510287966));
#10998 = CARTESIAN_POINT('',(107.92283341934,0.189575085627));
#10999 = CARTESIAN_POINT('',(107.75345537764,0.226980737667));
#11000 = CARTESIAN_POINT('',(107.58497617366,0.264529796748));
#11001 = CARTESIAN_POINT('',(107.25168904274,0.339490827334));
#11002 = CARTESIAN_POINT('',(107.08686112733,0.376899653334));
#11003 = CARTESIAN_POINT('',(106.92291562268,0.414445479249));
#11004 = CARTESIAN_POINT('',(106.59856394864,0.489398274859));
#11005 = CARTESIAN_POINT('',(106.43813867786,0.526802318889));
#11006 = CARTESIAN_POINT('',(106.27857893696,0.564337176426));
#11007 = CARTESIAN_POINT('',(106.11988522882,0.6020012));
#11008 = ( GEOMETRIC_REPRESENTATION_CONTEXT(2) 
PARAMETRIC_REPRESENTATION_CONTEXT() REPRESENTATION_CONTEXT('2D SPACE',''
  ) );
#11009 = ORIENTED_EDGE('',*,*,#11010,.T.);
#11010 = EDGE_CURVE('',#10955,#5230,#11011,.T.);
#11011 = SURFACE_CURVE('',#11012,(#11016,#11022),.PCURVE_S1.);
#11012 = LINE('',#11013,#11014);
#11013 = CARTESIAN_POINT('',(46.,-6.,112.25));
#11014 = VECTOR('',#11015,1.);
#11015 = DIRECTION('',(0.,0.,-1.));
#11016 = PCURVE('',#5272,#11017);
#11017 = DEFINITIONAL_REPRESENTATION('',(#11018),#11021);
#11018 = B_SPLINE_CURVE_WITH_KNOTS('',1,(#11019,#11020),.UNSPECIFIED.,
  .F.,.F.,(2,2),(-12.75,-0.25),.PIECEWISE_BEZIER_KNOTS.);
#11019 = CARTESIAN_POINT('',(13.,-3.));
#11020 = CARTESIAN_POINT('',(0.5,-3.));
#11021 = ( GEOMETRIC_REPRESENTATION_CONTEXT(2) 
PARAMETRIC_REPRESENTATION_CONTEXT() REPRESENTATION_CONTEXT('2D SPACE',''
  ) );
#11022 = PCURVE('',#5245,#11023);
#11023 = DEFINITIONAL_REPRESENTATION('',(#11024),#11027);
#11024 = B_SPLINE_CURVE_WITH_KNOTS('',1,(#11025,#11026),.UNSPECIFIED.,
  .F.,.F.,(2,2),(-12.75,-0.25),.PIECEWISE_BEZIER_KNOTS.);
#11025 = CARTESIAN_POINT('',(104.5,-12.5));
#11026 = CARTESIAN_POINT('',(104.5,0.));
#11027 = ( GEOMETRIC_REPRESENTATION_CONTEXT(2) 
PARAMETRIC_REPRESENTATION_CONTEXT() REPRESENTATION_CONTEXT('2D SPACE',''
  ) );
#11028 = ORIENTED_EDGE('',*,*,#5257,.T.);
#11029 = ORIENTED_EDGE('',*,*,#10908,.T.);
#11030 = ORIENTED_EDGE('',*,*,#10115,.F.);
#11031 = ADVANCED_FACE('',(#11032),#5245,.T.);
#11032 = FACE_BOUND('',#11033,.T.);
#11033 = EDGE_LOOP('',(#11034,#11052,#11053,#11054));
#11034 = ORIENTED_EDGE('',*,*,#11035,.F.);
#11035 = EDGE_CURVE('',#10955,#10456,#11036,.T.);
#11036 = SURFACE_CURVE('',#11037,(#11040,#11046),.PCURVE_S1.);
#11037 = B_SPLINE_CURVE_WITH_KNOTS('',1,(#11038,#11039),.UNSPECIFIED.,
  .F.,.F.,(2,2),(0.,1.),.PIECEWISE_BEZIER_KNOTS.);
#11038 = CARTESIAN_POINT('',(56.51,-6.,113.097));
#11039 = CARTESIAN_POINT('',(-56.51,-6.,113.097));
#11040 = PCURVE('',#5245,#11041);
#11041 = DEFINITIONAL_REPRESENTATION('',(#11042),#11045);
#11042 = B_SPLINE_CURVE_WITH_KNOTS('',1,(#11043,#11044),.UNSPECIFIED.,
  .F.,.F.,(2,2),(0.,1.),.PIECEWISE_BEZIER_KNOTS.);
#11043 = CARTESIAN_POINT('',(115.01,-0.597));
#11044 = CARTESIAN_POINT('',(1.99,-0.597));
#11045 = ( GEOMETRIC_REPRESENTATION_CONTEXT(2) 
PARAMETRIC_REPRESENTATION_CONTEXT() REPRESENTATION_CONTEXT('2D SPACE',''
  ) );
#11046 = PCURVE('',#10493,#11047);
#11047 = DEFINITIONAL_REPRESENTATION('',(#11048),#11051);
#11048 = B_SPLINE_CURVE_WITH_KNOTS('',1,(#11049,#11050),.UNSPECIFIED.,
  .F.,.F.,(2,2),(0.,1.),.PIECEWISE_BEZIER_KNOTS.);
#11049 = CARTESIAN_POINT('',(117.,0.602));
#11050 = CARTESIAN_POINT('',(0.,0.602));
#11051 = ( GEOMETRIC_REPRESENTATION_CONTEXT(2) 
PARAMETRIC_REPRESENTATION_CONTEXT() REPRESENTATION_CONTEXT('2D SPACE',''
  ) );
#11052 = ORIENTED_EDGE('',*,*,#11010,.T.);
#11053 = ORIENTED_EDGE('',*,*,#5229,.F.);
#11054 = ORIENTED_EDGE('',*,*,#10516,.F.);
#11055 = ADVANCED_FACE('',(#11056),#6233,.F.);
#11056 = FACE_BOUND('',#11057,.F.);
#11057 = EDGE_LOOP('',(#11058,#11081,#11082,#11105));
#11058 = ORIENTED_EDGE('',*,*,#11059,.F.);
#11059 = EDGE_CURVE('',#6216,#11060,#11062,.T.);
#11060 = VERTEX_POINT('',#11061);
#11061 = CARTESIAN_POINT('',(-24.8,99.4,118.5));
#11062 = SURFACE_CURVE('',#11063,(#11067,#11074),.PCURVE_S1.);
#11063 = LINE('',#11064,#11065);
#11064 = CARTESIAN_POINT('',(-24.8,99.4,112.5));
#11065 = VECTOR('',#11066,1.);
#11066 = DIRECTION('',(0.,0.,1.));
#11067 = PCURVE('',#6233,#11068);
#11068 = DEFINITIONAL_REPRESENTATION('',(#11069),#11073);
#11069 = LINE('',#11070,#11071);
#11070 = CARTESIAN_POINT('',(0.,0.));
#11071 = VECTOR('',#11072,1.);
#11072 = DIRECTION('',(1.,0.));
#11073 = ( GEOMETRIC_REPRESENTATION_CONTEXT(2) 
PARAMETRIC_REPRESENTATION_CONTEXT() REPRESENTATION_CONTEXT('2D SPACE',''
  ) );
#11074 = PCURVE('',#6394,#11075);
#11075 = DEFINITIONAL_REPRESENTATION('',(#11076),#11080);
#11076 = LINE('',#11077,#11078);
#11077 = CARTESIAN_POINT('',(0.,0.));
#11078 = VECTOR('',#11079,1.);
#11079 = DIRECTION('',(1.,0.));
#11080 = ( GEOMETRIC_REPRESENTATION_CONTEXT(2) 
PARAMETRIC_REPRESENTATION_CONTEXT() REPRESENTATION_CONTEXT('2D SPACE',''
  ) );
#11081 = ORIENTED_EDGE('',*,*,#6215,.T.);
#11082 = ORIENTED_EDGE('',*,*,#11083,.T.);
#11083 = EDGE_CURVE('',#6218,#11084,#11086,.T.);
#11084 = VERTEX_POINT('',#11085);
#11085 = CARTESIAN_POINT('',(-24.8,120.6,118.5));
#11086 = SURFACE_CURVE('',#11087,(#11091,#11098),.PCURVE_S1.);
#11087 = LINE('',#11088,#11089);
#11088 = CARTESIAN_POINT('',(-24.8,120.6,112.5));
#11089 = VECTOR('',#11090,1.);
#11090 = DIRECTION('',(0.,0.,1.));
#11091 = PCURVE('',#6233,#11092);
#11092 = DEFINITIONAL_REPRESENTATION('',(#11093),#11097);
#11093 = LINE('',#11094,#11095);
#11094 = CARTESIAN_POINT('',(0.,-21.2));
#11095 = VECTOR('',#11096,1.);
#11096 = DIRECTION('',(1.,0.));
#11097 = ( GEOMETRIC_REPRESENTATION_CONTEXT(2) 
PARAMETRIC_REPRESENTATION_CONTEXT() REPRESENTATION_CONTEXT('2D SPACE',''
  ) );
#11098 = PCURVE('',#6261,#11099);
#11099 = DEFINITIONAL_REPRESENTATION('',(#11100),#11104);
#11100 = LINE('',#11101,#11102);
#11101 = CARTESIAN_POINT('',(0.,-1.6));
#11102 = VECTOR('',#11103,1.);
#11103 = DIRECTION('',(1.,0.));
#11104 = ( GEOMETRIC_REPRESENTATION_CONTEXT(2) 
PARAMETRIC_REPRESENTATION_CONTEXT() REPRESENTATION_CONTEXT('2D SPACE',''
  ) );
#11105 = ORIENTED_EDGE('',*,*,#11106,.F.);
#11106 = EDGE_CURVE('',#11060,#11084,#11107,.T.);
#11107 = SURFACE_CURVE('',#11108,(#11112,#11119),.PCURVE_S1.);
#11108 = LINE('',#11109,#11110);
#11109 = CARTESIAN_POINT('',(-24.8,99.4,118.5));
#11110 = VECTOR('',#11111,1.);
#11111 = DIRECTION('',(0.,1.,0.));
#11112 = PCURVE('',#6233,#11113);
#11113 = DEFINITIONAL_REPRESENTATION('',(#11114),#11118);
#11114 = LINE('',#11115,#11116);
#11115 = CARTESIAN_POINT('',(6.,0.));
#11116 = VECTOR('',#11117,1.);
#11117 = DIRECTION('',(0.,-1.));
#11118 = ( GEOMETRIC_REPRESENTATION_CONTEXT(2) 
PARAMETRIC_REPRESENTATION_CONTEXT() REPRESENTATION_CONTEXT('2D SPACE',''
  ) );
#11119 = PCURVE('',#11120,#11125);
#11120 = PLANE('',#11121);
#11121 = AXIS2_PLACEMENT_3D('',#11122,#11123,#11124);
#11122 = CARTESIAN_POINT('',(-24.8,99.4,118.5));
#11123 = DIRECTION('',(0.,0.,1.));
#11124 = DIRECTION('',(1.,0.,0.));
#11125 = DEFINITIONAL_REPRESENTATION('',(#11126),#11130);
#11126 = LINE('',#11127,#11128);
#11127 = CARTESIAN_POINT('',(0.,0.));
#11128 = VECTOR('',#11129,1.);
#11129 = DIRECTION('',(0.,1.));
#11130 = ( GEOMETRIC_REPRESENTATION_CONTEXT(2) 
PARAMETRIC_REPRESENTATION_CONTEXT() REPRESENTATION_CONTEXT('2D SPACE',''
  ) );
#11131 = ADVANCED_FACE('',(#11132),#6261,.T.);
#11132 = FACE_BOUND('',#11133,.T.);
#11133 = EDGE_LOOP('',(#11134,#11135,#11136,#11159,#11187,#11215));
#11134 = ORIENTED_EDGE('',*,*,#6245,.F.);
#11135 = ORIENTED_EDGE('',*,*,#11083,.T.);
#11136 = ORIENTED_EDGE('',*,*,#11137,.T.);
#11137 = EDGE_CURVE('',#11084,#11138,#11140,.T.);
#11138 = VERTEX_POINT('',#11139);
#11139 = CARTESIAN_POINT('',(-23.2,120.6,118.5));
#11140 = SURFACE_CURVE('',#11141,(#11145,#11152),.PCURVE_S1.);
#11141 = LINE('',#11142,#11143);
#11142 = CARTESIAN_POINT('',(-24.8,120.6,118.5));
#11143 = VECTOR('',#11144,1.);
#11144 = DIRECTION('',(1.,0.,0.));
#11145 = PCURVE('',#6261,#11146);
#11146 = DEFINITIONAL_REPRESENTATION('',(#11147),#11151);
#11147 = LINE('',#11148,#11149);
#11148 = CARTESIAN_POINT('',(6.,-1.6));
#11149 = VECTOR('',#11150,1.);
#11150 = DIRECTION('',(0.,1.));
#11151 = ( GEOMETRIC_REPRESENTATION_CONTEXT(2) 
PARAMETRIC_REPRESENTATION_CONTEXT() REPRESENTATION_CONTEXT('2D SPACE',''
  ) );
#11152 = PCURVE('',#11120,#11153);
#11153 = DEFINITIONAL_REPRESENTATION('',(#11154),#11158);
#11154 = LINE('',#11155,#11156);
#11155 = CARTESIAN_POINT('',(0.,21.2));
#11156 = VECTOR('',#11157,1.);
#11157 = DIRECTION('',(1.,0.));
#11158 = ( GEOMETRIC_REPRESENTATION_CONTEXT(2) 
PARAMETRIC_REPRESENTATION_CONTEXT() REPRESENTATION_CONTEXT('2D SPACE',''
  ) );
#11159 = ORIENTED_EDGE('',*,*,#11160,.F.);
#11160 = EDGE_CURVE('',#11161,#11138,#11163,.T.);
#11161 = VERTEX_POINT('',#11162);
#11162 = CARTESIAN_POINT('',(-23.2,120.6,115.));
#11163 = SURFACE_CURVE('',#11164,(#11168,#11175),.PCURVE_S1.);
#11164 = LINE('',#11165,#11166);
#11165 = CARTESIAN_POINT('',(-23.2,120.6,112.5));
#11166 = VECTOR('',#11167,1.);
#11167 = DIRECTION('',(0.,0.,1.));
#11168 = PCURVE('',#6261,#11169);
#11169 = DEFINITIONAL_REPRESENTATION('',(#11170),#11174);
#11170 = LINE('',#11171,#11172);
#11171 = CARTESIAN_POINT('',(0.,0.));
#11172 = VECTOR('',#11173,1.);
#11173 = DIRECTION('',(1.,0.));
#11174 = ( GEOMETRIC_REPRESENTATION_CONTEXT(2) 
PARAMETRIC_REPRESENTATION_CONTEXT() REPRESENTATION_CONTEXT('2D SPACE',''
  ) );
#11175 = PCURVE('',#11176,#11181);
#11176 = PLANE('',#11177);
#11177 = AXIS2_PLACEMENT_3D('',#11178,#11179,#11180);
#11178 = CARTESIAN_POINT('',(-23.2,99.4,112.5));
#11179 = DIRECTION('',(1.,0.,0.));
#11180 = DIRECTION('',(0.,0.,1.));
#11181 = DEFINITIONAL_REPRESENTATION('',(#11182),#11186);
#11182 = LINE('',#11183,#11184);
#11183 = CARTESIAN_POINT('',(0.,-21.2));
#11184 = VECTOR('',#11185,1.);
#11185 = DIRECTION('',(1.,0.));
#11186 = ( GEOMETRIC_REPRESENTATION_CONTEXT(2) 
PARAMETRIC_REPRESENTATION_CONTEXT() REPRESENTATION_CONTEXT('2D SPACE',''
  ) );
#11187 = ORIENTED_EDGE('',*,*,#11188,.T.);
#11188 = EDGE_CURVE('',#11161,#11189,#11191,.T.);
#11189 = VERTEX_POINT('',#11190);
#11190 = CARTESIAN_POINT('',(-21.4,120.6,115.));
#11191 = SURFACE_CURVE('',#11192,(#11196,#11203),.PCURVE_S1.);
#11192 = LINE('',#11193,#11194);
#11193 = CARTESIAN_POINT('',(-23.2,120.6,115.));
#11194 = VECTOR('',#11195,1.);
#11195 = DIRECTION('',(1.,0.,0.));
#11196 = PCURVE('',#6261,#11197);
#11197 = DEFINITIONAL_REPRESENTATION('',(#11198),#11202);
#11198 = LINE('',#11199,#11200);
#11199 = CARTESIAN_POINT('',(2.5,0.));
#11200 = VECTOR('',#11201,1.);
#11201 = DIRECTION('',(0.,1.));
#11202 = ( GEOMETRIC_REPRESENTATION_CONTEXT(2) 
PARAMETRIC_REPRESENTATION_CONTEXT() REPRESENTATION_CONTEXT('2D SPACE',''
  ) );
#11203 = PCURVE('',#11204,#11209);
#11204 = PLANE('',#11205);
#11205 = AXIS2_PLACEMENT_3D('',#11206,#11207,#11208);
#11206 = CARTESIAN_POINT('',(-23.2,99.4,115.));
#11207 = DIRECTION('',(0.,0.,1.));
#11208 = DIRECTION('',(1.,0.,0.));
#11209 = DEFINITIONAL_REPRESENTATION('',(#11210),#11214);
#11210 = LINE('',#11211,#11212);
#11211 = CARTESIAN_POINT('',(0.,21.2));
#11212 = VECTOR('',#11213,1.);
#11213 = DIRECTION('',(1.,0.));
#11214 = ( GEOMETRIC_REPRESENTATION_CONTEXT(2) 
PARAMETRIC_REPRESENTATION_CONTEXT() REPRESENTATION_CONTEXT('2D SPACE',''
  ) );
#11215 = ORIENTED_EDGE('',*,*,#11216,.F.);
#11216 = EDGE_CURVE('',#6246,#11189,#11217,.T.);
#11217 = SURFACE_CURVE('',#11218,(#11222,#11229),.PCURVE_S1.);
#11218 = LINE('',#11219,#11220);
#11219 = CARTESIAN_POINT('',(-21.4,120.6,112.5));
#11220 = VECTOR('',#11221,1.);
#11221 = DIRECTION('',(0.,0.,1.));
#11222 = PCURVE('',#6261,#11223);
#11223 = DEFINITIONAL_REPRESENTATION('',(#11224),#11228);
#11224 = LINE('',#11225,#11226);
#11225 = CARTESIAN_POINT('',(0.,1.8));
#11226 = VECTOR('',#11227,1.);
#11227 = DIRECTION('',(1.,0.));
#11228 = ( GEOMETRIC_REPRESENTATION_CONTEXT(2) 
PARAMETRIC_REPRESENTATION_CONTEXT() REPRESENTATION_CONTEXT('2D SPACE',''
  ) );
#11229 = PCURVE('',#6289,#11230);
#11230 = DEFINITIONAL_REPRESENTATION('',(#11231),#11235);
#11231 = LINE('',#11232,#11233);
#11232 = CARTESIAN_POINT('',(0.,-21.2));
#11233 = VECTOR('',#11234,1.);
#11234 = DIRECTION('',(1.,0.));
#11235 = ( GEOMETRIC_REPRESENTATION_CONTEXT(2) 
PARAMETRIC_REPRESENTATION_CONTEXT() REPRESENTATION_CONTEXT('2D SPACE',''
  ) );
#11236 = ADVANCED_FACE('',(#11237),#6394,.F.);
#11237 = FACE_BOUND('',#11238,.F.);
#11238 = EDGE_LOOP('',(#11239,#11240,#11263,#11286,#11309,#11330));
#11239 = ORIENTED_EDGE('',*,*,#11059,.T.);
#11240 = ORIENTED_EDGE('',*,*,#11241,.T.);
#11241 = EDGE_CURVE('',#11060,#11242,#11244,.T.);
#11242 = VERTEX_POINT('',#11243);
#11243 = CARTESIAN_POINT('',(-23.2,99.4,118.5));
#11244 = SURFACE_CURVE('',#11245,(#11249,#11256),.PCURVE_S1.);
#11245 = LINE('',#11246,#11247);
#11246 = CARTESIAN_POINT('',(-24.8,99.4,118.5));
#11247 = VECTOR('',#11248,1.);
#11248 = DIRECTION('',(1.,0.,0.));
#11249 = PCURVE('',#6394,#11250);
#11250 = DEFINITIONAL_REPRESENTATION('',(#11251),#11255);
#11251 = LINE('',#11252,#11253);
#11252 = CARTESIAN_POINT('',(6.,0.));
#11253 = VECTOR('',#11254,1.);
#11254 = DIRECTION('',(0.,1.));
#11255 = ( GEOMETRIC_REPRESENTATION_CONTEXT(2) 
PARAMETRIC_REPRESENTATION_CONTEXT() REPRESENTATION_CONTEXT('2D SPACE',''
  ) );
#11256 = PCURVE('',#11120,#11257);
#11257 = DEFINITIONAL_REPRESENTATION('',(#11258),#11262);
#11258 = LINE('',#11259,#11260);
#11259 = CARTESIAN_POINT('',(0.,0.));
#11260 = VECTOR('',#11261,1.);
#11261 = DIRECTION('',(1.,0.));
#11262 = ( GEOMETRIC_REPRESENTATION_CONTEXT(2) 
PARAMETRIC_REPRESENTATION_CONTEXT() REPRESENTATION_CONTEXT('2D SPACE',''
  ) );
#11263 = ORIENTED_EDGE('',*,*,#11264,.F.);
#11264 = EDGE_CURVE('',#11265,#11242,#11267,.T.);
#11265 = VERTEX_POINT('',#11266);
#11266 = CARTESIAN_POINT('',(-23.2,99.4,115.));
#11267 = SURFACE_CURVE('',#11268,(#11272,#11279),.PCURVE_S1.);
#11268 = LINE('',#11269,#11270);
#11269 = CARTESIAN_POINT('',(-23.2,99.4,112.5));
#11270 = VECTOR('',#11271,1.);
#11271 = DIRECTION('',(0.,0.,1.));
#11272 = PCURVE('',#6394,#11273);
#11273 = DEFINITIONAL_REPRESENTATION('',(#11274),#11278);
#11274 = LINE('',#11275,#11276);
#11275 = CARTESIAN_POINT('',(0.,1.6));
#11276 = VECTOR('',#11277,1.);
#11277 = DIRECTION('',(1.,0.));
#11278 = ( GEOMETRIC_REPRESENTATION_CONTEXT(2) 
PARAMETRIC_REPRESENTATION_CONTEXT() REPRESENTATION_CONTEXT('2D SPACE',''
  ) );
#11279 = PCURVE('',#11176,#11280);
#11280 = DEFINITIONAL_REPRESENTATION('',(#11281),#11285);
#11281 = LINE('',#11282,#11283);
#11282 = CARTESIAN_POINT('',(0.,0.));
#11283 = VECTOR('',#11284,1.);
#11284 = DIRECTION('',(1.,0.));
#11285 = ( GEOMETRIC_REPRESENTATION_CONTEXT(2) 
PARAMETRIC_REPRESENTATION_CONTEXT() REPRESENTATION_CONTEXT('2D SPACE',''
  ) );
#11286 = ORIENTED_EDGE('',*,*,#11287,.T.);
#11287 = EDGE_CURVE('',#11265,#11288,#11290,.T.);
#11288 = VERTEX_POINT('',#11289);
#11289 = CARTESIAN_POINT('',(-21.4,99.4,115.));
#11290 = SURFACE_CURVE('',#11291,(#11295,#11302),.PCURVE_S1.);
#11291 = LINE('',#11292,#11293);
#11292 = CARTESIAN_POINT('',(-23.2,99.4,115.));
#11293 = VECTOR('',#11294,1.);
#11294 = DIRECTION('',(1.,0.,0.));
#11295 = PCURVE('',#6394,#11296);
#11296 = DEFINITIONAL_REPRESENTATION('',(#11297),#11301);
#11297 = LINE('',#11298,#11299);
#11298 = CARTESIAN_POINT('',(2.5,1.6));
#11299 = VECTOR('',#11300,1.);
#11300 = DIRECTION('',(0.,1.));
#11301 = ( GEOMETRIC_REPRESENTATION_CONTEXT(2) 
PARAMETRIC_REPRESENTATION_CONTEXT() REPRESENTATION_CONTEXT('2D SPACE',''
  ) );
#11302 = PCURVE('',#11204,#11303);
#11303 = DEFINITIONAL_REPRESENTATION('',(#11304),#11308);
#11304 = LINE('',#11305,#11306);
#11305 = CARTESIAN_POINT('',(0.,0.));
#11306 = VECTOR('',#11307,1.);
#11307 = DIRECTION('',(1.,0.));
#11308 = ( GEOMETRIC_REPRESENTATION_CONTEXT(2) 
PARAMETRIC_REPRESENTATION_CONTEXT() REPRESENTATION_CONTEXT('2D SPACE',''
  ) );
#11309 = ORIENTED_EDGE('',*,*,#11310,.F.);
#11310 = EDGE_CURVE('',#6358,#11288,#11311,.T.);
#11311 = SURFACE_CURVE('',#11312,(#11316,#11323),.PCURVE_S1.);
#11312 = LINE('',#11313,#11314);
#11313 = CARTESIAN_POINT('',(-21.4,99.4,112.5));
#11314 = VECTOR('',#11315,1.);
#11315 = DIRECTION('',(0.,0.,1.));
#11316 = PCURVE('',#6394,#11317);
#11317 = DEFINITIONAL_REPRESENTATION('',(#11318),#11322);
#11318 = LINE('',#11319,#11320);
#11319 = CARTESIAN_POINT('',(0.,3.4));
#11320 = VECTOR('',#11321,1.);
#11321 = DIRECTION('',(1.,0.));
#11322 = ( GEOMETRIC_REPRESENTATION_CONTEXT(2) 
PARAMETRIC_REPRESENTATION_CONTEXT() REPRESENTATION_CONTEXT('2D SPACE',''
  ) );
#11323 = PCURVE('',#6289,#11324);
#11324 = DEFINITIONAL_REPRESENTATION('',(#11325),#11329);
#11325 = LINE('',#11326,#11327);
#11326 = CARTESIAN_POINT('',(0.,0.));
#11327 = VECTOR('',#11328,1.);
#11328 = DIRECTION('',(1.,0.));
#11329 = ( GEOMETRIC_REPRESENTATION_CONTEXT(2) 
PARAMETRIC_REPRESENTATION_CONTEXT() REPRESENTATION_CONTEXT('2D SPACE',''
  ) );
#11330 = ORIENTED_EDGE('',*,*,#6380,.T.);
#11331 = ADVANCED_FACE('',(#11332),#6289,.T.);
#11332 = FACE_BOUND('',#11333,.T.);
#11333 = EDGE_LOOP('',(#11334,#11335,#11336,#11357,#11358,#11359));
#11334 = ORIENTED_EDGE('',*,*,#11310,.F.);
#11335 = ORIENTED_EDGE('',*,*,#6357,.T.);
#11336 = ORIENTED_EDGE('',*,*,#11337,.T.);
#11337 = EDGE_CURVE('',#6330,#6274,#11338,.T.);
#11338 = SURFACE_CURVE('',#11339,(#11343,#11350),.PCURVE_S1.);
#11339 = LINE('',#11340,#11341);
#11340 = CARTESIAN_POINT('',(-21.4,99.4,112.5));
#11341 = VECTOR('',#11342,1.);
#11342 = DIRECTION('',(0.,1.,0.));
#11343 = PCURVE('',#6289,#11344);
#11344 = DEFINITIONAL_REPRESENTATION('',(#11345),#11349);
#11345 = LINE('',#11346,#11347);
#11346 = CARTESIAN_POINT('',(0.,0.));
#11347 = VECTOR('',#11348,1.);
#11348 = DIRECTION('',(0.,-1.));
#11349 = ( GEOMETRIC_REPRESENTATION_CONTEXT(2) 
PARAMETRIC_REPRESENTATION_CONTEXT() REPRESENTATION_CONTEXT('2D SPACE',''
  ) );
#11350 = PCURVE('',#8733,#11351);
#11351 = DEFINITIONAL_REPRESENTATION('',(#11352),#11356);
#11352 = LINE('',#11353,#11354);
#11353 = CARTESIAN_POINT('',(1.8,0.));
#11354 = VECTOR('',#11355,1.);
#11355 = DIRECTION('',(0.,1.));
#11356 = ( GEOMETRIC_REPRESENTATION_CONTEXT(2) 
PARAMETRIC_REPRESENTATION_CONTEXT() REPRESENTATION_CONTEXT('2D SPACE',''
  ) );
#11357 = ORIENTED_EDGE('',*,*,#6273,.T.);
#11358 = ORIENTED_EDGE('',*,*,#11216,.T.);
#11359 = ORIENTED_EDGE('',*,*,#11360,.F.);
#11360 = EDGE_CURVE('',#11288,#11189,#11361,.T.);
#11361 = SURFACE_CURVE('',#11362,(#11366,#11373),.PCURVE_S1.);
#11362 = LINE('',#11363,#11364);
#11363 = CARTESIAN_POINT('',(-21.4,99.4,115.));
#11364 = VECTOR('',#11365,1.);
#11365 = DIRECTION('',(0.,1.,0.));
#11366 = PCURVE('',#6289,#11367);
#11367 = DEFINITIONAL_REPRESENTATION('',(#11368),#11372);
#11368 = LINE('',#11369,#11370);
#11369 = CARTESIAN_POINT('',(2.5,0.));
#11370 = VECTOR('',#11371,1.);
#11371 = DIRECTION('',(0.,-1.));
#11372 = ( GEOMETRIC_REPRESENTATION_CONTEXT(2) 
PARAMETRIC_REPRESENTATION_CONTEXT() REPRESENTATION_CONTEXT('2D SPACE',''
  ) );
#11373 = PCURVE('',#11204,#11374);
#11374 = DEFINITIONAL_REPRESENTATION('',(#11375),#11379);
#11375 = LINE('',#11376,#11377);
#11376 = CARTESIAN_POINT('',(1.8,0.));
#11377 = VECTOR('',#11378,1.);
#11378 = DIRECTION('',(0.,1.));
#11379 = ( GEOMETRIC_REPRESENTATION_CONTEXT(2) 
PARAMETRIC_REPRESENTATION_CONTEXT() REPRESENTATION_CONTEXT('2D SPACE',''
  ) );
#11380 = ADVANCED_FACE('',(#11381),#6456,.F.);
#11381 = FACE_BOUND('',#11382,.F.);
#11382 = EDGE_LOOP('',(#11383,#11406,#11407,#11428,#11429,#11452));
#11383 = ORIENTED_EDGE('',*,*,#11384,.F.);
#11384 = EDGE_CURVE('',#6439,#11385,#11387,.T.);
#11385 = VERTEX_POINT('',#11386);
#11386 = CARTESIAN_POINT('',(21.4,99.4,115.));
#11387 = SURFACE_CURVE('',#11388,(#11392,#11399),.PCURVE_S1.);
#11388 = LINE('',#11389,#11390);
#11389 = CARTESIAN_POINT('',(21.4,99.4,112.5));
#11390 = VECTOR('',#11391,1.);
#11391 = DIRECTION('',(0.,0.,1.));
#11392 = PCURVE('',#6456,#11393);
#11393 = DEFINITIONAL_REPRESENTATION('',(#11394),#11398);
#11394 = LINE('',#11395,#11396);
#11395 = CARTESIAN_POINT('',(0.,0.));
#11396 = VECTOR('',#11397,1.);
#11397 = DIRECTION('',(1.,0.));
#11398 = ( GEOMETRIC_REPRESENTATION_CONTEXT(2) 
PARAMETRIC_REPRESENTATION_CONTEXT() REPRESENTATION_CONTEXT('2D SPACE',''
  ) );
#11399 = PCURVE('',#6589,#11400);
#11400 = DEFINITIONAL_REPRESENTATION('',(#11401),#11405);
#11401 = LINE('',#11402,#11403);
#11402 = CARTESIAN_POINT('',(0.,0.));
#11403 = VECTOR('',#11404,1.);
#11404 = DIRECTION('',(1.,0.));
#11405 = ( GEOMETRIC_REPRESENTATION_CONTEXT(2) 
PARAMETRIC_REPRESENTATION_CONTEXT() REPRESENTATION_CONTEXT('2D SPACE',''
  ) );
#11406 = ORIENTED_EDGE('',*,*,#6438,.T.);
#11407 = ORIENTED_EDGE('',*,*,#11408,.T.);
#11408 = EDGE_CURVE('',#6441,#6469,#11409,.T.);
#11409 = SURFACE_CURVE('',#11410,(#11414,#11421),.PCURVE_S1.);
#11410 = LINE('',#11411,#11412);
#11411 = CARTESIAN_POINT('',(21.4,99.4,112.5));
#11412 = VECTOR('',#11413,1.);
#11413 = DIRECTION('',(0.,1.,0.));
#11414 = PCURVE('',#6456,#11415);
#11415 = DEFINITIONAL_REPRESENTATION('',(#11416),#11420);
#11416 = LINE('',#11417,#11418);
#11417 = CARTESIAN_POINT('',(0.,0.));
#11418 = VECTOR('',#11419,1.);
#11419 = DIRECTION('',(0.,-1.));
#11420 = ( GEOMETRIC_REPRESENTATION_CONTEXT(2) 
PARAMETRIC_REPRESENTATION_CONTEXT() REPRESENTATION_CONTEXT('2D SPACE',''
  ) );
#11421 = PCURVE('',#8820,#11422);
#11422 = DEFINITIONAL_REPRESENTATION('',(#11423),#11427);
#11423 = LINE('',#11424,#11425);
#11424 = CARTESIAN_POINT('',(0.,0.));
#11425 = VECTOR('',#11426,1.);
#11426 = DIRECTION('',(0.,1.));
#11427 = ( GEOMETRIC_REPRESENTATION_CONTEXT(2) 
PARAMETRIC_REPRESENTATION_CONTEXT() REPRESENTATION_CONTEXT('2D SPACE',''
  ) );
#11428 = ORIENTED_EDGE('',*,*,#6496,.T.);
#11429 = ORIENTED_EDGE('',*,*,#11430,.T.);
#11430 = EDGE_CURVE('',#6497,#11431,#11433,.T.);
#11431 = VERTEX_POINT('',#11432);
#11432 = CARTESIAN_POINT('',(21.4,120.6,115.));
#11433 = SURFACE_CURVE('',#11434,(#11438,#11445),.PCURVE_S1.);
#11434 = LINE('',#11435,#11436);
#11435 = CARTESIAN_POINT('',(21.4,120.6,112.5));
#11436 = VECTOR('',#11437,1.);
#11437 = DIRECTION('',(0.,0.,1.));
#11438 = PCURVE('',#6456,#11439);
#11439 = DEFINITIONAL_REPRESENTATION('',(#11440),#11444);
#11440 = LINE('',#11441,#11442);
#11441 = CARTESIAN_POINT('',(0.,-21.2));
#11442 = VECTOR('',#11443,1.);
#11443 = DIRECTION('',(1.,0.));
#11444 = ( GEOMETRIC_REPRESENTATION_CONTEXT(2) 
PARAMETRIC_REPRESENTATION_CONTEXT() REPRESENTATION_CONTEXT('2D SPACE',''
  ) );
#11445 = PCURVE('',#6535,#11446);
#11446 = DEFINITIONAL_REPRESENTATION('',(#11447),#11451);
#11447 = LINE('',#11448,#11449);
#11448 = CARTESIAN_POINT('',(0.,-1.8));
#11449 = VECTOR('',#11450,1.);
#11450 = DIRECTION('',(1.,0.));
#11451 = ( GEOMETRIC_REPRESENTATION_CONTEXT(2) 
PARAMETRIC_REPRESENTATION_CONTEXT() REPRESENTATION_CONTEXT('2D SPACE',''
  ) );
#11452 = ORIENTED_EDGE('',*,*,#11453,.F.);
#11453 = EDGE_CURVE('',#11385,#11431,#11454,.T.);
#11454 = SURFACE_CURVE('',#11455,(#11459,#11466),.PCURVE_S1.);
#11455 = LINE('',#11456,#11457);
#11456 = CARTESIAN_POINT('',(21.4,99.4,115.));
#11457 = VECTOR('',#11458,1.);
#11458 = DIRECTION('',(0.,1.,0.));
#11459 = PCURVE('',#6456,#11460);
#11460 = DEFINITIONAL_REPRESENTATION('',(#11461),#11465);
#11461 = LINE('',#11462,#11463);
#11462 = CARTESIAN_POINT('',(2.5,0.));
#11463 = VECTOR('',#11464,1.);
#11464 = DIRECTION('',(0.,-1.));
#11465 = ( GEOMETRIC_REPRESENTATION_CONTEXT(2) 
PARAMETRIC_REPRESENTATION_CONTEXT() REPRESENTATION_CONTEXT('2D SPACE',''
  ) );
#11466 = PCURVE('',#11467,#11472);
#11467 = PLANE('',#11468);
#11468 = AXIS2_PLACEMENT_3D('',#11469,#11470,#11471);
#11469 = CARTESIAN_POINT('',(21.4,99.4,115.));
#11470 = DIRECTION('',(0.,0.,1.));
#11471 = DIRECTION('',(1.,0.,0.));
#11472 = DEFINITIONAL_REPRESENTATION('',(#11473),#11477);
#11473 = LINE('',#11474,#11475);
#11474 = CARTESIAN_POINT('',(0.,0.));
#11475 = VECTOR('',#11476,1.);
#11476 = DIRECTION('',(0.,1.));
#11477 = ( GEOMETRIC_REPRESENTATION_CONTEXT(2) 
PARAMETRIC_REPRESENTATION_CONTEXT() REPRESENTATION_CONTEXT('2D SPACE',''
  ) );
#11478 = ADVANCED_FACE('',(#11479),#6589,.F.);
#11479 = FACE_BOUND('',#11480,.F.);
#11480 = EDGE_LOOP('',(#11481,#11482,#11505,#11533,#11561,#11582));
#11481 = ORIENTED_EDGE('',*,*,#11384,.T.);
#11482 = ORIENTED_EDGE('',*,*,#11483,.T.);
#11483 = EDGE_CURVE('',#11385,#11484,#11486,.T.);
#11484 = VERTEX_POINT('',#11485);
#11485 = CARTESIAN_POINT('',(23.2,99.4,115.));
#11486 = SURFACE_CURVE('',#11487,(#11491,#11498),.PCURVE_S1.);
#11487 = LINE('',#11488,#11489);
#11488 = CARTESIAN_POINT('',(21.4,99.4,115.));
#11489 = VECTOR('',#11490,1.);
#11490 = DIRECTION('',(1.,0.,0.));
#11491 = PCURVE('',#6589,#11492);
#11492 = DEFINITIONAL_REPRESENTATION('',(#11493),#11497);
#11493 = LINE('',#11494,#11495);
#11494 = CARTESIAN_POINT('',(2.5,0.));
#11495 = VECTOR('',#11496,1.);
#11496 = DIRECTION('',(0.,1.));
#11497 = ( GEOMETRIC_REPRESENTATION_CONTEXT(2) 
PARAMETRIC_REPRESENTATION_CONTEXT() REPRESENTATION_CONTEXT('2D SPACE',''
  ) );
#11498 = PCURVE('',#11467,#11499);
#11499 = DEFINITIONAL_REPRESENTATION('',(#11500),#11504);
#11500 = LINE('',#11501,#11502);
#11501 = CARTESIAN_POINT('',(0.,0.));
#11502 = VECTOR('',#11503,1.);
#11503 = DIRECTION('',(1.,0.));
#11504 = ( GEOMETRIC_REPRESENTATION_CONTEXT(2) 
PARAMETRIC_REPRESENTATION_CONTEXT() REPRESENTATION_CONTEXT('2D SPACE',''
  ) );
#11505 = ORIENTED_EDGE('',*,*,#11506,.T.);
#11506 = EDGE_CURVE('',#11484,#11507,#11509,.T.);
#11507 = VERTEX_POINT('',#11508);
#11508 = CARTESIAN_POINT('',(23.2,99.4,118.5));
#11509 = SURFACE_CURVE('',#11510,(#11514,#11521),.PCURVE_S1.);
#11510 = LINE('',#11511,#11512);
#11511 = CARTESIAN_POINT('',(23.2,99.4,112.5));
#11512 = VECTOR('',#11513,1.);
#11513 = DIRECTION('',(0.,0.,1.));
#11514 = PCURVE('',#6589,#11515);
#11515 = DEFINITIONAL_REPRESENTATION('',(#11516),#11520);
#11516 = LINE('',#11517,#11518);
#11517 = CARTESIAN_POINT('',(0.,1.8));
#11518 = VECTOR('',#11519,1.);
#11519 = DIRECTION('',(1.,0.));
#11520 = ( GEOMETRIC_REPRESENTATION_CONTEXT(2) 
PARAMETRIC_REPRESENTATION_CONTEXT() REPRESENTATION_CONTEXT('2D SPACE',''
  ) );
#11521 = PCURVE('',#11522,#11527);
#11522 = PLANE('',#11523);
#11523 = AXIS2_PLACEMENT_3D('',#11524,#11525,#11526);
#11524 = CARTESIAN_POINT('',(23.2,99.4,112.5));
#11525 = DIRECTION('',(1.,0.,0.));
#11526 = DIRECTION('',(0.,0.,1.));
#11527 = DEFINITIONAL_REPRESENTATION('',(#11528),#11532);
#11528 = LINE('',#11529,#11530);
#11529 = CARTESIAN_POINT('',(0.,0.));
#11530 = VECTOR('',#11531,1.);
#11531 = DIRECTION('',(1.,0.));
#11532 = ( GEOMETRIC_REPRESENTATION_CONTEXT(2) 
PARAMETRIC_REPRESENTATION_CONTEXT() REPRESENTATION_CONTEXT('2D SPACE',''
  ) );
#11533 = ORIENTED_EDGE('',*,*,#11534,.T.);
#11534 = EDGE_CURVE('',#11507,#11535,#11537,.T.);
#11535 = VERTEX_POINT('',#11536);
#11536 = CARTESIAN_POINT('',(24.8,99.4,118.5));
#11537 = SURFACE_CURVE('',#11538,(#11542,#11549),.PCURVE_S1.);
#11538 = LINE('',#11539,#11540);
#11539 = CARTESIAN_POINT('',(23.2,99.4,118.5));
#11540 = VECTOR('',#11541,1.);
#11541 = DIRECTION('',(1.,0.,0.));
#11542 = PCURVE('',#6589,#11543);
#11543 = DEFINITIONAL_REPRESENTATION('',(#11544),#11548);
#11544 = LINE('',#11545,#11546);
#11545 = CARTESIAN_POINT('',(6.,1.8));
#11546 = VECTOR('',#11547,1.);
#11547 = DIRECTION('',(0.,1.));
#11548 = ( GEOMETRIC_REPRESENTATION_CONTEXT(2) 
PARAMETRIC_REPRESENTATION_CONTEXT() REPRESENTATION_CONTEXT('2D SPACE',''
  ) );
#11549 = PCURVE('',#11550,#11555);
#11550 = PLANE('',#11551);
#11551 = AXIS2_PLACEMENT_3D('',#11552,#11553,#11554);
#11552 = CARTESIAN_POINT('',(23.2,99.4,118.5));
#11553 = DIRECTION('',(0.,0.,1.));
#11554 = DIRECTION('',(1.,0.,0.));
#11555 = DEFINITIONAL_REPRESENTATION('',(#11556),#11560);
#11556 = LINE('',#11557,#11558);
#11557 = CARTESIAN_POINT('',(0.,0.));
#11558 = VECTOR('',#11559,1.);
#11559 = DIRECTION('',(1.,0.));
#11560 = ( GEOMETRIC_REPRESENTATION_CONTEXT(2) 
PARAMETRIC_REPRESENTATION_CONTEXT() REPRESENTATION_CONTEXT('2D SPACE',''
  ) );
#11561 = ORIENTED_EDGE('',*,*,#11562,.F.);
#11562 = EDGE_CURVE('',#6548,#11535,#11563,.T.);
#11563 = SURFACE_CURVE('',#11564,(#11568,#11575),.PCURVE_S1.);
#11564 = LINE('',#11565,#11566);
#11565 = CARTESIAN_POINT('',(24.8,99.4,112.5));
#11566 = VECTOR('',#11567,1.);
#11567 = DIRECTION('',(0.,0.,1.));
#11568 = PCURVE('',#6589,#11569);
#11569 = DEFINITIONAL_REPRESENTATION('',(#11570),#11574);
#11570 = LINE('',#11571,#11572);
#11571 = CARTESIAN_POINT('',(0.,3.4));
#11572 = VECTOR('',#11573,1.);
#11573 = DIRECTION('',(1.,0.));
#11574 = ( GEOMETRIC_REPRESENTATION_CONTEXT(2) 
PARAMETRIC_REPRESENTATION_CONTEXT() REPRESENTATION_CONTEXT('2D SPACE',''
  ) );
#11575 = PCURVE('',#6563,#11576);
#11576 = DEFINITIONAL_REPRESENTATION('',(#11577),#11581);
#11577 = LINE('',#11578,#11579);
#11578 = CARTESIAN_POINT('',(0.,0.));
#11579 = VECTOR('',#11580,1.);
#11580 = DIRECTION('',(1.,0.));
#11581 = ( GEOMETRIC_REPRESENTATION_CONTEXT(2) 
PARAMETRIC_REPRESENTATION_CONTEXT() REPRESENTATION_CONTEXT('2D SPACE',''
  ) );
#11582 = ORIENTED_EDGE('',*,*,#6575,.T.);
#11583 = ADVANCED_FACE('',(#11584),#6563,.T.);
#11584 = FACE_BOUND('',#11585,.T.);
#11585 = EDGE_LOOP('',(#11586,#11587,#11588,#11611));
#11586 = ORIENTED_EDGE('',*,*,#11562,.F.);
#11587 = ORIENTED_EDGE('',*,*,#6547,.T.);
#11588 = ORIENTED_EDGE('',*,*,#11589,.T.);
#11589 = EDGE_CURVE('',#6520,#11590,#11592,.T.);
#11590 = VERTEX_POINT('',#11591);
#11591 = CARTESIAN_POINT('',(24.8,120.6,118.5));
#11592 = SURFACE_CURVE('',#11593,(#11597,#11604),.PCURVE_S1.);
#11593 = LINE('',#11594,#11595);
#11594 = CARTESIAN_POINT('',(24.8,120.6,112.5));
#11595 = VECTOR('',#11596,1.);
#11596 = DIRECTION('',(0.,0.,1.));
#11597 = PCURVE('',#6563,#11598);
#11598 = DEFINITIONAL_REPRESENTATION('',(#11599),#11603);
#11599 = LINE('',#11600,#11601);
#11600 = CARTESIAN_POINT('',(0.,-21.2));
#11601 = VECTOR('',#11602,1.);
#11602 = DIRECTION('',(1.,0.));
#11603 = ( GEOMETRIC_REPRESENTATION_CONTEXT(2) 
PARAMETRIC_REPRESENTATION_CONTEXT() REPRESENTATION_CONTEXT('2D SPACE',''
  ) );
#11604 = PCURVE('',#6535,#11605);
#11605 = DEFINITIONAL_REPRESENTATION('',(#11606),#11610);
#11606 = LINE('',#11607,#11608);
#11607 = CARTESIAN_POINT('',(0.,1.6));
#11608 = VECTOR('',#11609,1.);
#11609 = DIRECTION('',(1.,0.));
#11610 = ( GEOMETRIC_REPRESENTATION_CONTEXT(2) 
PARAMETRIC_REPRESENTATION_CONTEXT() REPRESENTATION_CONTEXT('2D SPACE',''
  ) );
#11611 = ORIENTED_EDGE('',*,*,#11612,.F.);
#11612 = EDGE_CURVE('',#11535,#11590,#11613,.T.);
#11613 = SURFACE_CURVE('',#11614,(#11618,#11625),.PCURVE_S1.);
#11614 = LINE('',#11615,#11616);
#11615 = CARTESIAN_POINT('',(24.8,99.4,118.5));
#11616 = VECTOR('',#11617,1.);
#11617 = DIRECTION('',(0.,1.,0.));
#11618 = PCURVE('',#6563,#11619);
#11619 = DEFINITIONAL_REPRESENTATION('',(#11620),#11624);
#11620 = LINE('',#11621,#11622);
#11621 = CARTESIAN_POINT('',(6.,0.));
#11622 = VECTOR('',#11623,1.);
#11623 = DIRECTION('',(0.,-1.));
#11624 = ( GEOMETRIC_REPRESENTATION_CONTEXT(2) 
PARAMETRIC_REPRESENTATION_CONTEXT() REPRESENTATION_CONTEXT('2D SPACE',''
  ) );
#11625 = PCURVE('',#11550,#11626);
#11626 = DEFINITIONAL_REPRESENTATION('',(#11627),#11631);
#11627 = LINE('',#11628,#11629);
#11628 = CARTESIAN_POINT('',(1.6,0.));
#11629 = VECTOR('',#11630,1.);
#11630 = DIRECTION('',(0.,1.));
#11631 = ( GEOMETRIC_REPRESENTATION_CONTEXT(2) 
PARAMETRIC_REPRESENTATION_CONTEXT() REPRESENTATION_CONTEXT('2D SPACE',''
  ) );
#11632 = ADVANCED_FACE('',(#11633),#6535,.T.);
#11633 = FACE_BOUND('',#11634,.T.);
#11634 = EDGE_LOOP('',(#11635,#11636,#11637,#11660,#11683,#11704));
#11635 = ORIENTED_EDGE('',*,*,#6519,.F.);
#11636 = ORIENTED_EDGE('',*,*,#11430,.T.);
#11637 = ORIENTED_EDGE('',*,*,#11638,.T.);
#11638 = EDGE_CURVE('',#11431,#11639,#11641,.T.);
#11639 = VERTEX_POINT('',#11640);
#11640 = CARTESIAN_POINT('',(23.2,120.6,115.));
#11641 = SURFACE_CURVE('',#11642,(#11646,#11653),.PCURVE_S1.);
#11642 = LINE('',#11643,#11644);
#11643 = CARTESIAN_POINT('',(21.4,120.6,115.));
#11644 = VECTOR('',#11645,1.);
#11645 = DIRECTION('',(1.,0.,0.));
#11646 = PCURVE('',#6535,#11647);
#11647 = DEFINITIONAL_REPRESENTATION('',(#11648),#11652);
#11648 = LINE('',#11649,#11650);
#11649 = CARTESIAN_POINT('',(2.5,-1.8));
#11650 = VECTOR('',#11651,1.);
#11651 = DIRECTION('',(0.,1.));
#11652 = ( GEOMETRIC_REPRESENTATION_CONTEXT(2) 
PARAMETRIC_REPRESENTATION_CONTEXT() REPRESENTATION_CONTEXT('2D SPACE',''
  ) );
#11653 = PCURVE('',#11467,#11654);
#11654 = DEFINITIONAL_REPRESENTATION('',(#11655),#11659);
#11655 = LINE('',#11656,#11657);
#11656 = CARTESIAN_POINT('',(0.,21.2));
#11657 = VECTOR('',#11658,1.);
#11658 = DIRECTION('',(1.,0.));
#11659 = ( GEOMETRIC_REPRESENTATION_CONTEXT(2) 
PARAMETRIC_REPRESENTATION_CONTEXT() REPRESENTATION_CONTEXT('2D SPACE',''
  ) );
#11660 = ORIENTED_EDGE('',*,*,#11661,.T.);
#11661 = EDGE_CURVE('',#11639,#11662,#11664,.T.);
#11662 = VERTEX_POINT('',#11663);
#11663 = CARTESIAN_POINT('',(23.2,120.6,118.5));
#11664 = SURFACE_CURVE('',#11665,(#11669,#11676),.PCURVE_S1.);
#11665 = LINE('',#11666,#11667);
#11666 = CARTESIAN_POINT('',(23.2,120.6,112.5));
#11667 = VECTOR('',#11668,1.);
#11668 = DIRECTION('',(0.,0.,1.));
#11669 = PCURVE('',#6535,#11670);
#11670 = DEFINITIONAL_REPRESENTATION('',(#11671),#11675);
#11671 = LINE('',#11672,#11673);
#11672 = CARTESIAN_POINT('',(0.,0.));
#11673 = VECTOR('',#11674,1.);
#11674 = DIRECTION('',(1.,0.));
#11675 = ( GEOMETRIC_REPRESENTATION_CONTEXT(2) 
PARAMETRIC_REPRESENTATION_CONTEXT() REPRESENTATION_CONTEXT('2D SPACE',''
  ) );
#11676 = PCURVE('',#11522,#11677);
#11677 = DEFINITIONAL_REPRESENTATION('',(#11678),#11682);
#11678 = LINE('',#11679,#11680);
#11679 = CARTESIAN_POINT('',(0.,-21.2));
#11680 = VECTOR('',#11681,1.);
#11681 = DIRECTION('',(1.,0.));
#11682 = ( GEOMETRIC_REPRESENTATION_CONTEXT(2) 
PARAMETRIC_REPRESENTATION_CONTEXT() REPRESENTATION_CONTEXT('2D SPACE',''
  ) );
#11683 = ORIENTED_EDGE('',*,*,#11684,.T.);
#11684 = EDGE_CURVE('',#11662,#11590,#11685,.T.);
#11685 = SURFACE_CURVE('',#11686,(#11690,#11697),.PCURVE_S1.);
#11686 = LINE('',#11687,#11688);
#11687 = CARTESIAN_POINT('',(23.2,120.6,118.5));
#11688 = VECTOR('',#11689,1.);
#11689 = DIRECTION('',(1.,0.,0.));
#11690 = PCURVE('',#6535,#11691);
#11691 = DEFINITIONAL_REPRESENTATION('',(#11692),#11696);
#11692 = LINE('',#11693,#11694);
#11693 = CARTESIAN_POINT('',(6.,0.));
#11694 = VECTOR('',#11695,1.);
#11695 = DIRECTION('',(0.,1.));
#11696 = ( GEOMETRIC_REPRESENTATION_CONTEXT(2) 
PARAMETRIC_REPRESENTATION_CONTEXT() REPRESENTATION_CONTEXT('2D SPACE',''
  ) );
#11697 = PCURVE('',#11550,#11698);
#11698 = DEFINITIONAL_REPRESENTATION('',(#11699),#11703);
#11699 = LINE('',#11700,#11701);
#11700 = CARTESIAN_POINT('',(0.,21.2));
#11701 = VECTOR('',#11702,1.);
#11702 = DIRECTION('',(1.,0.));
#11703 = ( GEOMETRIC_REPRESENTATION_CONTEXT(2) 
PARAMETRIC_REPRESENTATION_CONTEXT() REPRESENTATION_CONTEXT('2D SPACE',''
  ) );
#11704 = ORIENTED_EDGE('',*,*,#11589,.F.);
#11705 = ADVANCED_FACE('',(#11706),#6664,.F.);
#11706 = FACE_BOUND('',#11707,.F.);
#11707 = EDGE_LOOP('',(#11708,#11709,#11710,#11711));
#11708 = ORIENTED_EDGE('',*,*,#8641,.F.);
#11709 = ORIENTED_EDGE('',*,*,#8670,.F.);
#11710 = ORIENTED_EDGE('',*,*,#8563,.T.);
#11711 = ORIENTED_EDGE('',*,*,#6649,.F.);
#11712 = ADVANCED_FACE('',(#11713),#7217,.F.);
#11713 = FACE_BOUND('',#11714,.F.);
#11714 = EDGE_LOOP('',(#11715,#11735,#11736));
#11715 = ORIENTED_EDGE('',*,*,#11716,.F.);
#11716 = EDGE_CURVE('',#7060,#10537,#11717,.T.);
#11717 = SURFACE_CURVE('',#11718,(#11722,#11728),.PCURVE_S1.);
#11718 = LINE('',#11719,#11720);
#11719 = CARTESIAN_POINT('',(-59.,9.,125.));
#11720 = VECTOR('',#11721,1.);
#11721 = DIRECTION('',(1.,0.,0.));
#11722 = PCURVE('',#7217,#11723);
#11723 = DEFINITIONAL_REPRESENTATION('',(#11724),#11727);
#11724 = B_SPLINE_CURVE_WITH_KNOTS('',1,(#11725,#11726),.UNSPECIFIED.,
  .F.,.F.,(2,2),(0.5,13.),.PIECEWISE_BEZIER_KNOTS.);
#11725 = CARTESIAN_POINT('',(12.5,0.));
#11726 = CARTESIAN_POINT('',(0.,0.));
#11727 = ( GEOMETRIC_REPRESENTATION_CONTEXT(2) 
PARAMETRIC_REPRESENTATION_CONTEXT() REPRESENTATION_CONTEXT('2D SPACE',''
  ) );
#11728 = PCURVE('',#7074,#11729);
#11729 = DEFINITIONAL_REPRESENTATION('',(#11730),#11734);
#11730 = LINE('',#11731,#11732);
#11731 = CARTESIAN_POINT('',(0.,18.));
#11732 = VECTOR('',#11733,1.);
#11733 = DIRECTION('',(1.,0.));
#11734 = ( GEOMETRIC_REPRESENTATION_CONTEXT(2) 
PARAMETRIC_REPRESENTATION_CONTEXT() REPRESENTATION_CONTEXT('2D SPACE',''
  ) );
#11735 = ORIENTED_EDGE('',*,*,#7085,.T.);
#11736 = ORIENTED_EDGE('',*,*,#10584,.F.);
#11737 = ADVANCED_FACE('',(#11738),#7074,.T.);
#11738 = FACE_BOUND('',#11739,.T.);
#11739 = EDGE_LOOP('',(#11740,#11741,#11742,#11763,#11806,#11827));
#11740 = ORIENTED_EDGE('',*,*,#11716,.F.);
#11741 = ORIENTED_EDGE('',*,*,#7059,.T.);
#11742 = ORIENTED_EDGE('',*,*,#11743,.T.);
#11743 = EDGE_CURVE('',#7032,#11744,#11746,.T.);
#11744 = VERTEX_POINT('',#11745);
#11745 = CARTESIAN_POINT('',(-56.51,-6.,125.));
#11746 = SURFACE_CURVE('',#11747,(#11751,#11757),.PCURVE_S1.);
#11747 = LINE('',#11748,#11749);
#11748 = CARTESIAN_POINT('',(-58.75,-6.,125.));
#11749 = VECTOR('',#11750,1.);
#11750 = DIRECTION('',(1.,0.,0.));
#11751 = PCURVE('',#7074,#11752);
#11752 = DEFINITIONAL_REPRESENTATION('',(#11753),#11756);
#11753 = B_SPLINE_CURVE_WITH_KNOTS('',1,(#11754,#11755),.UNSPECIFIED.,
  .F.,.F.,(2,2),(0.25,12.75),.PIECEWISE_BEZIER_KNOTS.);
#11754 = CARTESIAN_POINT('',(0.5,3.));
#11755 = CARTESIAN_POINT('',(13.,3.));
#11756 = ( GEOMETRIC_REPRESENTATION_CONTEXT(2) 
PARAMETRIC_REPRESENTATION_CONTEXT() REPRESENTATION_CONTEXT('2D SPACE',''
  ) );
#11757 = PCURVE('',#7047,#11758);
#11758 = DEFINITIONAL_REPRESENTATION('',(#11759),#11762);
#11759 = B_SPLINE_CURVE_WITH_KNOTS('',1,(#11760,#11761),.UNSPECIFIED.,
  .F.,.F.,(2,2),(0.25,12.75),.PIECEWISE_BEZIER_KNOTS.);
#11760 = CARTESIAN_POINT('',(0.,-12.5));
#11761 = CARTESIAN_POINT('',(12.5,-12.5));
#11762 = ( GEOMETRIC_REPRESENTATION_CONTEXT(2) 
PARAMETRIC_REPRESENTATION_CONTEXT() REPRESENTATION_CONTEXT('2D SPACE',''
  ) );
#11763 = ORIENTED_EDGE('',*,*,#11764,.F.);
#11764 = EDGE_CURVE('',#11765,#11744,#11767,.T.);
#11765 = VERTEX_POINT('',#11766);
#11766 = CARTESIAN_POINT('',(-53.51,-9.,125.));
#11767 = SURFACE_CURVE('',#11768,(#11777,#11789),.PCURVE_S1.);
#11768 = B_SPLINE_CURVE_WITH_KNOTS('',4,(#11769,#11770,#11771,#11772,
    #11773,#11774,#11775,#11776),.UNSPECIFIED.,.F.,.F.,(5,3,5),(0.,
    0.501427181223,1.),.UNSPECIFIED.);
#11769 = CARTESIAN_POINT('',(-53.51,-9.,125.));
#11770 = CARTESIAN_POINT('',(-53.88594923991,-8.624050760084,125.));
#11771 = CARTESIAN_POINT('',(-54.26194263622,-8.248057363771,125.));
#11772 = CARTESIAN_POINT('',(-54.63797733294,-7.872022667054,125.));
#11773 = CARTESIAN_POINT('',(-55.38798363059,-7.122016369403,125.));
#11774 = CARTESIAN_POINT('',(-55.76195478802,-6.748045211974,125.));
#11775 = CARTESIAN_POINT('',(-56.13596193732,-6.374038062676,125.));
#11776 = CARTESIAN_POINT('',(-56.510003,-5.999997,125.));
#11777 = PCURVE('',#7074,#11778);
#11778 = DEFINITIONAL_REPRESENTATION('',(#11779),#11788);
#11779 = B_SPLINE_CURVE_WITH_KNOTS('',4,(#11780,#11781,#11782,#11783,
    #11784,#11785,#11786,#11787),.UNSPECIFIED.,.F.,.F.,(5,3,5),(0.,
    0.501427181223,1.),.UNSPECIFIED.);
#11780 = CARTESIAN_POINT('',(5.49,0.));
#11781 = CARTESIAN_POINT('',(5.114050760084,0.375949239916));
#11782 = CARTESIAN_POINT('',(4.738057363771,0.751942636229));
#11783 = CARTESIAN_POINT('',(4.362022667054,1.127977332946));
#11784 = CARTESIAN_POINT('',(3.612016369403,1.877983630597));
#11785 = CARTESIAN_POINT('',(3.238045211974,2.251954788026));
#11786 = CARTESIAN_POINT('',(2.864038062676,2.625961937324));
#11787 = CARTESIAN_POINT('',(2.489997,3.000003));
#11788 = ( GEOMETRIC_REPRESENTATION_CONTEXT(2) 
PARAMETRIC_REPRESENTATION_CONTEXT() REPRESENTATION_CONTEXT('2D SPACE',''
  ) );
#11789 = PCURVE('',#11790,#11795);
#11790 = B_SPLINE_SURFACE_WITH_KNOTS('',1,1,(
    (#11791,#11792)
    ,(#11793,#11794
    )),.UNSPECIFIED.,.F.,.F.,.F.,(2,2),(2,2),(0.,81.),(0.,1.),
  .PIECEWISE_BEZIER_KNOTS.);
#11791 = CARTESIAN_POINT('',(-53.5,-9.01,188.5));
#11792 = CARTESIAN_POINT('',(-58.5,-4.01,193.5));
#11793 = CARTESIAN_POINT('',(-53.5,-9.01,114.));
#11794 = CARTESIAN_POINT('',(-58.5,-4.01,112.5));
#11795 = DEFINITIONAL_REPRESENTATION('',(#11796),#11805);
#11796 = B_SPLINE_CURVE_WITH_KNOTS('',4,(#11797,#11798,#11799,#11800,
    #11801,#11802,#11803,#11804),.UNSPECIFIED.,.F.,.F.,(5,3,5),(0.,
    0.501427181223,1.),.UNSPECIFIED.);
#11797 = CARTESIAN_POINT('',(69.03909385345,2.E-03));
#11798 = CARTESIAN_POINT('',(68.994942297572,7.718984798322E-02));
#11799 = CARTESIAN_POINT('',(68.951557786227,0.152388527246));
#11800 = CARTESIAN_POINT('',(68.908910731003,0.227595466589));
#11801 = CARTESIAN_POINT('',(68.825276643408,0.377596726119));
#11802 = CARTESIAN_POINT('',(68.784281537832,0.452390957605));
#11803 = CARTESIAN_POINT('',(68.743962673961,0.527192387465));
#11804 = CARTESIAN_POINT('',(68.704296163305,0.6020006));
#11805 = ( GEOMETRIC_REPRESENTATION_CONTEXT(2) 
PARAMETRIC_REPRESENTATION_CONTEXT() REPRESENTATION_CONTEXT('2D SPACE',''
  ) );
#11806 = ORIENTED_EDGE('',*,*,#11807,.T.);
#11807 = EDGE_CURVE('',#11765,#10428,#11808,.T.);
#11808 = SURFACE_CURVE('',#11809,(#11813,#11820),.PCURVE_S1.);
#11809 = LINE('',#11810,#11811);
#11810 = CARTESIAN_POINT('',(-59.,-9.,125.));
#11811 = VECTOR('',#11812,1.);
#11812 = DIRECTION('',(1.,0.,0.));
#11813 = PCURVE('',#7074,#11814);
#11814 = DEFINITIONAL_REPRESENTATION('',(#11815),#11819);
#11815 = LINE('',#11816,#11817);
#11816 = CARTESIAN_POINT('',(0.,0.));
#11817 = VECTOR('',#11818,1.);
#11818 = DIRECTION('',(1.,0.));
#11819 = ( GEOMETRIC_REPRESENTATION_CONTEXT(2) 
PARAMETRIC_REPRESENTATION_CONTEXT() REPRESENTATION_CONTEXT('2D SPACE',''
  ) );
#11820 = PCURVE('',#10443,#11821);
#11821 = DEFINITIONAL_REPRESENTATION('',(#11822),#11826);
#11822 = LINE('',#11823,#11824);
#11823 = CARTESIAN_POINT('',(13.,0.));
#11824 = VECTOR('',#11825,1.);
#11825 = DIRECTION('',(0.,1.));
#11826 = ( GEOMETRIC_REPRESENTATION_CONTEXT(2) 
PARAMETRIC_REPRESENTATION_CONTEXT() REPRESENTATION_CONTEXT('2D SPACE',''
  ) );
#11827 = ORIENTED_EDGE('',*,*,#10558,.T.);
#11828 = ADVANCED_FACE('',(#11829),#7047,.T.);
#11829 = FACE_BOUND('',#11830,.T.);
#11830 = EDGE_LOOP('',(#11831,#11832,#11833,#11854));
#11831 = ORIENTED_EDGE('',*,*,#11743,.F.);
#11832 = ORIENTED_EDGE('',*,*,#7031,.T.);
#11833 = ORIENTED_EDGE('',*,*,#11834,.T.);
#11834 = EDGE_CURVE('',#7006,#11835,#11837,.T.);
#11835 = VERTEX_POINT('',#11836);
#11836 = CARTESIAN_POINT('',(-56.51,-6.,181.));
#11837 = SURFACE_CURVE('',#11838,(#11842,#11848),.PCURVE_S1.);
#11838 = LINE('',#11839,#11840);
#11839 = CARTESIAN_POINT('',(-58.75,-6.,181.));
#11840 = VECTOR('',#11841,1.);
#11841 = DIRECTION('',(1.,0.,0.));
#11842 = PCURVE('',#7047,#11843);
#11843 = DEFINITIONAL_REPRESENTATION('',(#11844),#11847);
#11844 = B_SPLINE_CURVE_WITH_KNOTS('',1,(#11845,#11846),.UNSPECIFIED.,
  .F.,.F.,(2,2),(0.25,12.75),.PIECEWISE_BEZIER_KNOTS.);
#11845 = CARTESIAN_POINT('',(0.,-68.5));
#11846 = CARTESIAN_POINT('',(12.5,-68.5));
#11847 = ( GEOMETRIC_REPRESENTATION_CONTEXT(2) 
PARAMETRIC_REPRESENTATION_CONTEXT() REPRESENTATION_CONTEXT('2D SPACE',''
  ) );
#11848 = PCURVE('',#7020,#11849);
#11849 = DEFINITIONAL_REPRESENTATION('',(#11850),#11853);
#11850 = B_SPLINE_CURVE_WITH_KNOTS('',1,(#11851,#11852),.UNSPECIFIED.,
  .F.,.F.,(2,2),(0.25,12.75),.PIECEWISE_BEZIER_KNOTS.);
#11851 = CARTESIAN_POINT('',(0.5,3.));
#11852 = CARTESIAN_POINT('',(13.,3.));
#11853 = ( GEOMETRIC_REPRESENTATION_CONTEXT(2) 
PARAMETRIC_REPRESENTATION_CONTEXT() REPRESENTATION_CONTEXT('2D SPACE',''
  ) );
#11854 = ORIENTED_EDGE('',*,*,#11855,.F.);
#11855 = EDGE_CURVE('',#11744,#11835,#11856,.T.);
#11856 = SURFACE_CURVE('',#11857,(#11860,#11866),.PCURVE_S1.);
#11857 = B_SPLINE_CURVE_WITH_KNOTS('',1,(#11858,#11859),.UNSPECIFIED.,
  .F.,.F.,(2,2),(0.,1.),.PIECEWISE_BEZIER_KNOTS.);
#11858 = CARTESIAN_POINT('',(-56.51,-6.,113.097));
#11859 = CARTESIAN_POINT('',(-56.51,-6.,191.51));
#11860 = PCURVE('',#7047,#11861);
#11861 = DEFINITIONAL_REPRESENTATION('',(#11862),#11865);
#11862 = B_SPLINE_CURVE_WITH_KNOTS('',1,(#11863,#11864),.UNSPECIFIED.,
  .F.,.F.,(2,2),(0.,1.),.PIECEWISE_BEZIER_KNOTS.);
#11863 = CARTESIAN_POINT('',(1.99,-0.597));
#11864 = CARTESIAN_POINT('',(1.99,-79.01));
#11865 = ( GEOMETRIC_REPRESENTATION_CONTEXT(2) 
PARAMETRIC_REPRESENTATION_CONTEXT() REPRESENTATION_CONTEXT('2D SPACE',''
  ) );
#11866 = PCURVE('',#11790,#11867);
#11867 = DEFINITIONAL_REPRESENTATION('',(#11868),#11871);
#11868 = B_SPLINE_CURVE_WITH_KNOTS('',1,(#11869,#11870),.UNSPECIFIED.,
  .F.,.F.,(2,2),(0.,1.),.PIECEWISE_BEZIER_KNOTS.);
#11869 = CARTESIAN_POINT('',(81.,0.602));
#11870 = CARTESIAN_POINT('',(0.,0.602));
#11871 = ( GEOMETRIC_REPRESENTATION_CONTEXT(2) 
PARAMETRIC_REPRESENTATION_CONTEXT() REPRESENTATION_CONTEXT('2D SPACE',''
  ) );
#11872 = ADVANCED_FACE('',(#11873),#7020,.F.);
#11873 = FACE_BOUND('',#11874,.F.);
#11874 = EDGE_LOOP('',(#11875,#11895,#11896,#11897,#11953,#11974));
#11875 = ORIENTED_EDGE('',*,*,#11876,.F.);
#11876 = EDGE_CURVE('',#6855,#9115,#11877,.T.);
#11877 = SURFACE_CURVE('',#11878,(#11882,#11889),.PCURVE_S1.);
#11878 = LINE('',#11879,#11880);
#11879 = CARTESIAN_POINT('',(-59.,9.,181.));
#11880 = VECTOR('',#11881,1.);
#11881 = DIRECTION('',(1.,0.,0.));
#11882 = PCURVE('',#7020,#11883);
#11883 = DEFINITIONAL_REPRESENTATION('',(#11884),#11888);
#11884 = LINE('',#11885,#11886);
#11885 = CARTESIAN_POINT('',(0.,18.));
#11886 = VECTOR('',#11887,1.);
#11887 = DIRECTION('',(1.,0.));
#11888 = ( GEOMETRIC_REPRESENTATION_CONTEXT(2) 
PARAMETRIC_REPRESENTATION_CONTEXT() REPRESENTATION_CONTEXT('2D SPACE',''
  ) );
#11889 = PCURVE('',#6952,#11890);
#11890 = DEFINITIONAL_REPRESENTATION('',(#11891),#11894);
#11891 = B_SPLINE_CURVE_WITH_KNOTS('',1,(#11892,#11893),.UNSPECIFIED.,
  .F.,.F.,(2,2),(0.5,13.),.PIECEWISE_BEZIER_KNOTS.);
#11892 = CARTESIAN_POINT('',(0.5,0.));
#11893 = CARTESIAN_POINT('',(13.,0.));
#11894 = ( GEOMETRIC_REPRESENTATION_CONTEXT(2) 
PARAMETRIC_REPRESENTATION_CONTEXT() REPRESENTATION_CONTEXT('2D SPACE',''
  ) );
#11895 = ORIENTED_EDGE('',*,*,#7005,.T.);
#11896 = ORIENTED_EDGE('',*,*,#11834,.T.);
#11897 = ORIENTED_EDGE('',*,*,#11898,.F.);
#11898 = EDGE_CURVE('',#11899,#11835,#11901,.T.);
#11899 = VERTEX_POINT('',#11900);
#11900 = CARTESIAN_POINT('',(-53.51,-9.,181.));
#11901 = SURFACE_CURVE('',#11902,(#11917,#11935),.PCURVE_S1.);
#11902 = B_SPLINE_CURVE_WITH_KNOTS('',4,(#11903,#11904,#11905,#11906,
    #11907,#11908,#11909,#11910,#11911,#11912,#11913,#11914,#11915,
    #11916),.UNSPECIFIED.,.F.,.F.,(5,3,3,3,5),(0.,0.253286150583,
    0.503975360475,0.752863200064,1.),.UNSPECIFIED.);
#11903 = CARTESIAN_POINT('',(-53.51,-9.,181.));
#11904 = CARTESIAN_POINT('',(-53.69715681683,-8.81284318317,181.));
#11905 = CARTESIAN_POINT('',(-53.88480951667,-8.62519048333,181.));
#11906 = CARTESIAN_POINT('',(-54.07294985337,-8.437050146626,181.));
#11907 = CARTESIAN_POINT('',(-54.44825524763,-8.061744752364,181.));
#11908 = CARTESIAN_POINT('',(-54.63541054255,-7.874589457445,181.));
#11909 = CARTESIAN_POINT('',(-54.82302738134,-7.686972618657,181.));
#11910 = CARTESIAN_POINT('',(-55.19781685046,-7.312183149534,181.));
#11911 = CARTESIAN_POINT('',(-55.38498298613,-7.125017013864,181.));
#11912 = CARTESIAN_POINT('',(-55.57258845747,-6.937411542526,181.));
#11913 = CARTESIAN_POINT('',(-55.94733977933,-6.562660220667,181.));
#11914 = CARTESIAN_POINT('',(-56.13447957813,-6.375520421868,181.));
#11915 = CARTESIAN_POINT('',(-56.32203745707,-6.18796254293,181.));
#11916 = CARTESIAN_POINT('',(-56.510006,-5.999994,181.));
#11917 = PCURVE('',#7020,#11918);
#11918 = DEFINITIONAL_REPRESENTATION('',(#11919),#11934);
#11919 = B_SPLINE_CURVE_WITH_KNOTS('',4,(#11920,#11921,#11922,#11923,
    #11924,#11925,#11926,#11927,#11928,#11929,#11930,#11931,#11932,
    #11933),.UNSPECIFIED.,.F.,.F.,(5,3,3,3,5),(0.,0.253286150583,
    0.503975360475,0.752863200064,1.),.UNSPECIFIED.);
#11920 = CARTESIAN_POINT('',(5.49,0.));
#11921 = CARTESIAN_POINT('',(5.30284318317,0.18715681683));
#11922 = CARTESIAN_POINT('',(5.11519048333,0.37480951667));
#11923 = CARTESIAN_POINT('',(4.927050146626,0.562949853374));
#11924 = CARTESIAN_POINT('',(4.551744752364,0.938255247636));
#11925 = CARTESIAN_POINT('',(4.364589457445,1.125410542555));
#11926 = CARTESIAN_POINT('',(4.176972618657,1.313027381343));
#11927 = CARTESIAN_POINT('',(3.802183149534,1.687816850466));
#11928 = CARTESIAN_POINT('',(3.615017013864,1.874982986136));
#11929 = CARTESIAN_POINT('',(3.427411542526,2.062588457474));
#11930 = CARTESIAN_POINT('',(3.052660220667,2.437339779333));
#11931 = CARTESIAN_POINT('',(2.865520421868,2.624479578132));
#11932 = CARTESIAN_POINT('',(2.67796254293,2.81203745707));
#11933 = CARTESIAN_POINT('',(2.489994,3.000006));
#11934 = ( GEOMETRIC_REPRESENTATION_CONTEXT(2) 
PARAMETRIC_REPRESENTATION_CONTEXT() REPRESENTATION_CONTEXT('2D SPACE',''
  ) );
#11935 = PCURVE('',#11790,#11936);
#11936 = DEFINITIONAL_REPRESENTATION('',(#11937),#11952);
#11937 = B_SPLINE_CURVE_WITH_KNOTS('',4,(#11938,#11939,#11940,#11941,
    #11942,#11943,#11944,#11945,#11946,#11947,#11948,#11949,#11950,
    #11951),.UNSPECIFIED.,.F.,.F.,(5,3,3,3,5),(0.,0.253286150583,
    0.503975360475,0.752863200064,1.),.UNSPECIFIED.);
#11938 = CARTESIAN_POINT('',(8.163810309214,2.E-03));
#11939 = CARTESIAN_POINT('',(8.340603829638,3.943136336593E-02));
#11940 = CARTESIAN_POINT('',(8.516326445159,7.696190333397E-02));
#11941 = CARTESIAN_POINT('',(8.690981989238,0.114589970675));
#11942 = CARTESIAN_POINT('',(9.036388311902,0.189651049527));
#11943 = CARTESIAN_POINT('',(9.207160738684,0.227082108511));
#11944 = CARTESIAN_POINT('',(9.376896728014,0.264605476269));
#11945 = CARTESIAN_POINT('',(9.713093308951,0.339563370093));
#11946 = CARTESIAN_POINT('',(9.879568671236,0.376996597227));
#11947 = CARTESIAN_POINT('',(10.045031994388,0.414517691495));
#11948 = CARTESIAN_POINT('',(10.372787946565,0.489467955867));
#11949 = CARTESIAN_POINT('',(10.535094691704,0.526895915626));
#11950 = CARTESIAN_POINT('',(10.696413815448,0.564407491414));
#11951 = CARTESIAN_POINT('',(10.856750810674,0.6020012));
#11952 = ( GEOMETRIC_REPRESENTATION_CONTEXT(2) 
PARAMETRIC_REPRESENTATION_CONTEXT() REPRESENTATION_CONTEXT('2D SPACE',''
  ) );
#11953 = ORIENTED_EDGE('',*,*,#11954,.T.);
#11954 = EDGE_CURVE('',#11899,#9085,#11955,.T.);
#11955 = SURFACE_CURVE('',#11956,(#11960,#11967),.PCURVE_S1.);
#11956 = LINE('',#11957,#11958);
#11957 = CARTESIAN_POINT('',(-59.,-9.,181.));
#11958 = VECTOR('',#11959,1.);
#11959 = DIRECTION('',(1.,0.,0.));
#11960 = PCURVE('',#7020,#11961);
#11961 = DEFINITIONAL_REPRESENTATION('',(#11962),#11966);
#11962 = LINE('',#11963,#11964);
#11963 = CARTESIAN_POINT('',(0.,0.));
#11964 = VECTOR('',#11965,1.);
#11965 = DIRECTION('',(1.,0.));
#11966 = ( GEOMETRIC_REPRESENTATION_CONTEXT(2) 
PARAMETRIC_REPRESENTATION_CONTEXT() REPRESENTATION_CONTEXT('2D SPACE',''
  ) );
#11967 = PCURVE('',#9102,#11968);
#11968 = DEFINITIONAL_REPRESENTATION('',(#11969),#11973);
#11969 = LINE('',#11970,#11971);
#11970 = CARTESIAN_POINT('',(0.,0.));
#11971 = VECTOR('',#11972,1.);
#11972 = DIRECTION('',(0.,1.));
#11973 = ( GEOMETRIC_REPRESENTATION_CONTEXT(2) 
PARAMETRIC_REPRESENTATION_CONTEXT() REPRESENTATION_CONTEXT('2D SPACE',''
  ) );
#11974 = ORIENTED_EDGE('',*,*,#9114,.T.);
#11975 = ADVANCED_FACE('',(#11976),#6952,.F.);
#11976 = FACE_BOUND('',#11977,.F.);
#11977 = EDGE_LOOP('',(#11978,#11979,#11980,#11981));
#11978 = ORIENTED_EDGE('',*,*,#6854,.F.);
#11979 = ORIENTED_EDGE('',*,*,#11876,.T.);
#11980 = ORIENTED_EDGE('',*,*,#9241,.T.);
#11981 = ORIENTED_EDGE('',*,*,#9399,.F.);
#11982 = ADVANCED_FACE('',(#11983),#7311,.T.);
#11983 = FACE_BOUND('',#11984,.F.);
#11984 = EDGE_LOOP('',(#11985,#11986,#12009,#12036));
#11985 = ORIENTED_EDGE('',*,*,#7290,.T.);
#11986 = ORIENTED_EDGE('',*,*,#11987,.T.);
#11987 = EDGE_CURVE('',#7291,#11988,#11990,.T.);
#11988 = VERTEX_POINT('',#11989);
#11989 = CARTESIAN_POINT('',(-54.5,89.85,164.75));
#11990 = SEAM_CURVE('',#11991,(#11995,#12002),.PCURVE_S1.);
#11991 = LINE('',#11992,#11993);
#11992 = CARTESIAN_POINT('',(-59.,89.85,164.75));
#11993 = VECTOR('',#11994,1.);
#11994 = DIRECTION('',(1.,0.,0.));
#11995 = PCURVE('',#7311,#11996);
#11996 = DEFINITIONAL_REPRESENTATION('',(#11997),#12001);
#11997 = LINE('',#11998,#11999);
#11998 = CARTESIAN_POINT('',(-6.28318530718,0.));
#11999 = VECTOR('',#12000,1.);
#12000 = DIRECTION('',(-0.,-1.));
#12001 = ( GEOMETRIC_REPRESENTATION_CONTEXT(2) 
PARAMETRIC_REPRESENTATION_CONTEXT() REPRESENTATION_CONTEXT('2D SPACE',''
  ) );
#12002 = PCURVE('',#7311,#12003);
#12003 = DEFINITIONAL_REPRESENTATION('',(#12004),#12008);
#12004 = LINE('',#12005,#12006);
#12005 = CARTESIAN_POINT('',(-0.,0.));
#12006 = VECTOR('',#12007,1.);
#12007 = DIRECTION('',(-0.,-1.));
#12008 = ( GEOMETRIC_REPRESENTATION_CONTEXT(2) 
PARAMETRIC_REPRESENTATION_CONTEXT() REPRESENTATION_CONTEXT('2D SPACE',''
  ) );
#12009 = ORIENTED_EDGE('',*,*,#12010,.T.);
#12010 = EDGE_CURVE('',#11988,#11988,#12011,.T.);
#12011 = SURFACE_CURVE('',#12012,(#12017,#12024),.PCURVE_S1.);
#12012 = CIRCLE('',#12013,3.25);
#12013 = AXIS2_PLACEMENT_3D('',#12014,#12015,#12016);
#12014 = CARTESIAN_POINT('',(-54.5,86.6,164.75));
#12015 = DIRECTION('',(1.,0.,0.));
#12016 = DIRECTION('',(0.,1.,0.));
#12017 = PCURVE('',#7311,#12018);
#12018 = DEFINITIONAL_REPRESENTATION('',(#12019),#12023);
#12019 = LINE('',#12020,#12021);
#12020 = CARTESIAN_POINT('',(-0.,-4.5));
#12021 = VECTOR('',#12022,1.);
#12022 = DIRECTION('',(-1.,0.));
#12023 = ( GEOMETRIC_REPRESENTATION_CONTEXT(2) 
PARAMETRIC_REPRESENTATION_CONTEXT() REPRESENTATION_CONTEXT('2D SPACE',''
  ) );
#12024 = PCURVE('',#12025,#12030);
#12025 = PLANE('',#12026);
#12026 = AXIS2_PLACEMENT_3D('',#12027,#12028,#12029);
#12027 = CARTESIAN_POINT('',(-54.5,86.6,164.75));
#12028 = DIRECTION('',(1.,0.,0.));
#12029 = DIRECTION('',(-0.,0.,1.));
#12030 = DEFINITIONAL_REPRESENTATION('',(#12031),#12035);
#12031 = CIRCLE('',#12032,3.25);
#12032 = AXIS2_PLACEMENT_2D('',#12033,#12034);
#12033 = CARTESIAN_POINT('',(0.,0.));
#12034 = DIRECTION('',(0.,-1.));
#12035 = ( GEOMETRIC_REPRESENTATION_CONTEXT(2) 
PARAMETRIC_REPRESENTATION_CONTEXT() REPRESENTATION_CONTEXT('2D SPACE',''
  ) );
#12036 = ORIENTED_EDGE('',*,*,#11987,.F.);
#12037 = ADVANCED_FACE('',(#12038),#7432,.T.);
#12038 = FACE_BOUND('',#12039,.F.);
#12039 = EDGE_LOOP('',(#12040,#12041,#12064,#12091));
#12040 = ORIENTED_EDGE('',*,*,#7411,.T.);
#12041 = ORIENTED_EDGE('',*,*,#12042,.T.);
#12042 = EDGE_CURVE('',#7412,#12043,#12045,.T.);
#12043 = VERTEX_POINT('',#12044);
#12044 = CARTESIAN_POINT('',(-54.5,36.35,164.75));
#12045 = SEAM_CURVE('',#12046,(#12050,#12057),.PCURVE_S1.);
#12046 = LINE('',#12047,#12048);
#12047 = CARTESIAN_POINT('',(-59.,36.35,164.75));
#12048 = VECTOR('',#12049,1.);
#12049 = DIRECTION('',(1.,0.,0.));
#12050 = PCURVE('',#7432,#12051);
#12051 = DEFINITIONAL_REPRESENTATION('',(#12052),#12056);
#12052 = LINE('',#12053,#12054);
#12053 = CARTESIAN_POINT('',(-6.28318530718,0.));
#12054 = VECTOR('',#12055,1.);
#12055 = DIRECTION('',(-0.,-1.));
#12056 = ( GEOMETRIC_REPRESENTATION_CONTEXT(2) 
PARAMETRIC_REPRESENTATION_CONTEXT() REPRESENTATION_CONTEXT('2D SPACE',''
  ) );
#12057 = PCURVE('',#7432,#12058);
#12058 = DEFINITIONAL_REPRESENTATION('',(#12059),#12063);
#12059 = LINE('',#12060,#12061);
#12060 = CARTESIAN_POINT('',(-0.,0.));
#12061 = VECTOR('',#12062,1.);
#12062 = DIRECTION('',(-0.,-1.));
#12063 = ( GEOMETRIC_REPRESENTATION_CONTEXT(2) 
PARAMETRIC_REPRESENTATION_CONTEXT() REPRESENTATION_CONTEXT('2D SPACE',''
  ) );
#12064 = ORIENTED_EDGE('',*,*,#12065,.T.);
#12065 = EDGE_CURVE('',#12043,#12043,#12066,.T.);
#12066 = SURFACE_CURVE('',#12067,(#12072,#12079),.PCURVE_S1.);
#12067 = CIRCLE('',#12068,3.25);
#12068 = AXIS2_PLACEMENT_3D('',#12069,#12070,#12071);
#12069 = CARTESIAN_POINT('',(-54.5,33.1,164.75));
#12070 = DIRECTION('',(1.,0.,0.));
#12071 = DIRECTION('',(0.,1.,0.));
#12072 = PCURVE('',#7432,#12073);
#12073 = DEFINITIONAL_REPRESENTATION('',(#12074),#12078);
#12074 = LINE('',#12075,#12076);
#12075 = CARTESIAN_POINT('',(-0.,-4.5));
#12076 = VECTOR('',#12077,1.);
#12077 = DIRECTION('',(-1.,0.));
#12078 = ( GEOMETRIC_REPRESENTATION_CONTEXT(2) 
PARAMETRIC_REPRESENTATION_CONTEXT() REPRESENTATION_CONTEXT('2D SPACE',''
  ) );
#12079 = PCURVE('',#12080,#12085);
#12080 = PLANE('',#12081);
#12081 = AXIS2_PLACEMENT_3D('',#12082,#12083,#12084);
#12082 = CARTESIAN_POINT('',(-54.5,33.1,164.75));
#12083 = DIRECTION('',(1.,0.,0.));
#12084 = DIRECTION('',(-0.,0.,1.));
#12085 = DEFINITIONAL_REPRESENTATION('',(#12086),#12090);
#12086 = CIRCLE('',#12087,3.25);
#12087 = AXIS2_PLACEMENT_2D('',#12088,#12089);
#12088 = CARTESIAN_POINT('',(0.,0.));
#12089 = DIRECTION('',(0.,-1.));
#12090 = ( GEOMETRIC_REPRESENTATION_CONTEXT(2) 
PARAMETRIC_REPRESENTATION_CONTEXT() REPRESENTATION_CONTEXT('2D SPACE',''
  ) );
#12091 = ORIENTED_EDGE('',*,*,#12042,.F.);
#12092 = ADVANCED_FACE('',(#12093),#7467,.T.);
#12093 = FACE_BOUND('',#12094,.F.);
#12094 = EDGE_LOOP('',(#12095,#12096,#12119,#12146));
#12095 = ORIENTED_EDGE('',*,*,#7446,.T.);
#12096 = ORIENTED_EDGE('',*,*,#12097,.T.);
#12097 = EDGE_CURVE('',#7447,#12098,#12100,.T.);
#12098 = VERTEX_POINT('',#12099);
#12099 = CARTESIAN_POINT('',(-54.5,89.85,138.25));
#12100 = SEAM_CURVE('',#12101,(#12105,#12112),.PCURVE_S1.);
#12101 = LINE('',#12102,#12103);
#12102 = CARTESIAN_POINT('',(-59.,89.85,138.25));
#12103 = VECTOR('',#12104,1.);
#12104 = DIRECTION('',(1.,0.,0.));
#12105 = PCURVE('',#7467,#12106);
#12106 = DEFINITIONAL_REPRESENTATION('',(#12107),#12111);
#12107 = LINE('',#12108,#12109);
#12108 = CARTESIAN_POINT('',(-6.28318530718,0.));
#12109 = VECTOR('',#12110,1.);
#12110 = DIRECTION('',(-0.,-1.));
#12111 = ( GEOMETRIC_REPRESENTATION_CONTEXT(2) 
PARAMETRIC_REPRESENTATION_CONTEXT() REPRESENTATION_CONTEXT('2D SPACE',''
  ) );
#12112 = PCURVE('',#7467,#12113);
#12113 = DEFINITIONAL_REPRESENTATION('',(#12114),#12118);
#12114 = LINE('',#12115,#12116);
#12115 = CARTESIAN_POINT('',(-0.,0.));
#12116 = VECTOR('',#12117,1.);
#12117 = DIRECTION('',(-0.,-1.));
#12118 = ( GEOMETRIC_REPRESENTATION_CONTEXT(2) 
PARAMETRIC_REPRESENTATION_CONTEXT() REPRESENTATION_CONTEXT('2D SPACE',''
  ) );
#12119 = ORIENTED_EDGE('',*,*,#12120,.T.);
#12120 = EDGE_CURVE('',#12098,#12098,#12121,.T.);
#12121 = SURFACE_CURVE('',#12122,(#12127,#12134),.PCURVE_S1.);
#12122 = CIRCLE('',#12123,3.25);
#12123 = AXIS2_PLACEMENT_3D('',#12124,#12125,#12126);
#12124 = CARTESIAN_POINT('',(-54.5,86.6,138.25));
#12125 = DIRECTION('',(1.,0.,0.));
#12126 = DIRECTION('',(0.,1.,0.));
#12127 = PCURVE('',#7467,#12128);
#12128 = DEFINITIONAL_REPRESENTATION('',(#12129),#12133);
#12129 = LINE('',#12130,#12131);
#12130 = CARTESIAN_POINT('',(-0.,-4.5));
#12131 = VECTOR('',#12132,1.);
#12132 = DIRECTION('',(-1.,0.));
#12133 = ( GEOMETRIC_REPRESENTATION_CONTEXT(2) 
PARAMETRIC_REPRESENTATION_CONTEXT() REPRESENTATION_CONTEXT('2D SPACE',''
  ) );
#12134 = PCURVE('',#12135,#12140);
#12135 = PLANE('',#12136);
#12136 = AXIS2_PLACEMENT_3D('',#12137,#12138,#12139);
#12137 = CARTESIAN_POINT('',(-54.5,86.6,138.25));
#12138 = DIRECTION('',(1.,0.,0.));
#12139 = DIRECTION('',(-0.,0.,1.));
#12140 = DEFINITIONAL_REPRESENTATION('',(#12141),#12145);
#12141 = CIRCLE('',#12142,3.25);
#12142 = AXIS2_PLACEMENT_2D('',#12143,#12144);
#12143 = CARTESIAN_POINT('',(0.,0.));
#12144 = DIRECTION('',(0.,-1.));
#12145 = ( GEOMETRIC_REPRESENTATION_CONTEXT(2) 
PARAMETRIC_REPRESENTATION_CONTEXT() REPRESENTATION_CONTEXT('2D SPACE',''
  ) );
#12146 = ORIENTED_EDGE('',*,*,#12097,.F.);
#12147 = ADVANCED_FACE('',(#12148),#7502,.T.);
#12148 = FACE_BOUND('',#12149,.F.);
#12149 = EDGE_LOOP('',(#12150,#12151,#12174,#12201));
#12150 = ORIENTED_EDGE('',*,*,#7481,.T.);
#12151 = ORIENTED_EDGE('',*,*,#12152,.T.);
#12152 = EDGE_CURVE('',#7482,#12153,#12155,.T.);
#12153 = VERTEX_POINT('',#12154);
#12154 = CARTESIAN_POINT('',(-54.5,36.35,138.25));
#12155 = SEAM_CURVE('',#12156,(#12160,#12167),.PCURVE_S1.);
#12156 = LINE('',#12157,#12158);
#12157 = CARTESIAN_POINT('',(-59.,36.35,138.25));
#12158 = VECTOR('',#12159,1.);
#12159 = DIRECTION('',(1.,0.,0.));
#12160 = PCURVE('',#7502,#12161);
#12161 = DEFINITIONAL_REPRESENTATION('',(#12162),#12166);
#12162 = LINE('',#12163,#12164);
#12163 = CARTESIAN_POINT('',(-6.28318530718,0.));
#12164 = VECTOR('',#12165,1.);
#12165 = DIRECTION('',(-0.,-1.));
#12166 = ( GEOMETRIC_REPRESENTATION_CONTEXT(2) 
PARAMETRIC_REPRESENTATION_CONTEXT() REPRESENTATION_CONTEXT('2D SPACE',''
  ) );
#12167 = PCURVE('',#7502,#12168);
#12168 = DEFINITIONAL_REPRESENTATION('',(#12169),#12173);
#12169 = LINE('',#12170,#12171);
#12170 = CARTESIAN_POINT('',(-0.,0.));
#12171 = VECTOR('',#12172,1.);
#12172 = DIRECTION('',(-0.,-1.));
#12173 = ( GEOMETRIC_REPRESENTATION_CONTEXT(2) 
PARAMETRIC_REPRESENTATION_CONTEXT() REPRESENTATION_CONTEXT('2D SPACE',''
  ) );
#12174 = ORIENTED_EDGE('',*,*,#12175,.T.);
#12175 = EDGE_CURVE('',#12153,#12153,#12176,.T.);
#12176 = SURFACE_CURVE('',#12177,(#12182,#12189),.PCURVE_S1.);
#12177 = CIRCLE('',#12178,3.25);
#12178 = AXIS2_PLACEMENT_3D('',#12179,#12180,#12181);
#12179 = CARTESIAN_POINT('',(-54.5,33.1,138.25));
#12180 = DIRECTION('',(1.,0.,0.));
#12181 = DIRECTION('',(0.,1.,0.));
#12182 = PCURVE('',#7502,#12183);
#12183 = DEFINITIONAL_REPRESENTATION('',(#12184),#12188);
#12184 = LINE('',#12185,#12186);
#12185 = CARTESIAN_POINT('',(-0.,-4.5));
#12186 = VECTOR('',#12187,1.);
#12187 = DIRECTION('',(-1.,0.));
#12188 = ( GEOMETRIC_REPRESENTATION_CONTEXT(2) 
PARAMETRIC_REPRESENTATION_CONTEXT() REPRESENTATION_CONTEXT('2D SPACE',''
  ) );
#12189 = PCURVE('',#12190,#12195);
#12190 = PLANE('',#12191);
#12191 = AXIS2_PLACEMENT_3D('',#12192,#12193,#12194);
#12192 = CARTESIAN_POINT('',(-54.5,33.1,138.25));
#12193 = DIRECTION('',(1.,0.,0.));
#12194 = DIRECTION('',(-0.,0.,1.));
#12195 = DEFINITIONAL_REPRESENTATION('',(#12196),#12200);
#12196 = CIRCLE('',#12197,3.25);
#12197 = AXIS2_PLACEMENT_2D('',#12198,#12199);
#12198 = CARTESIAN_POINT('',(0.,0.));
#12199 = DIRECTION('',(0.,-1.));
#12200 = ( GEOMETRIC_REPRESENTATION_CONTEXT(2) 
PARAMETRIC_REPRESENTATION_CONTEXT() REPRESENTATION_CONTEXT('2D SPACE',''
  ) );
#12201 = ORIENTED_EDGE('',*,*,#12152,.F.);
#12202 = ADVANCED_FACE('',(#12203),#7610,.F.);
#12203 = FACE_BOUND('',#12204,.F.);
#12204 = EDGE_LOOP('',(#12205));
#12205 = ORIENTED_EDGE('',*,*,#7593,.T.);
#12206 = ADVANCED_FACE('',(#12207,#12213),#7689,.F.);
#12207 = FACE_BOUND('',#12208,.F.);
#12208 = EDGE_LOOP('',(#12209,#12210,#12211,#12212));
#12209 = ORIENTED_EDGE('',*,*,#7673,.T.);
#12210 = ORIENTED_EDGE('',*,*,#8942,.T.);
#12211 = ORIENTED_EDGE('',*,*,#8197,.F.);
#12212 = ORIENTED_EDGE('',*,*,#7873,.F.);
#12213 = FACE_BOUND('',#12214,.F.);
#12214 = EDGE_LOOP('',(#12215,#12243,#12269,#12295));
#12215 = ORIENTED_EDGE('',*,*,#12216,.F.);
#12216 = EDGE_CURVE('',#12217,#12219,#12221,.T.);
#12217 = VERTEX_POINT('',#12218);
#12218 = CARTESIAN_POINT('',(-53.5,-12.,188.5));
#12219 = VERTEX_POINT('',#12220);
#12220 = CARTESIAN_POINT('',(53.5,-12.,188.5));
#12221 = SURFACE_CURVE('',#12222,(#12226,#12232),.PCURVE_S1.);
#12222 = LINE('',#12223,#12224);
#12223 = CARTESIAN_POINT('',(-57.25,-12.,188.5));
#12224 = VECTOR('',#12225,1.);
#12225 = DIRECTION('',(1.,0.,-0.));
#12226 = PCURVE('',#7689,#12227);
#12227 = DEFINITIONAL_REPRESENTATION('',(#12228),#12231);
#12228 = B_SPLINE_CURVE_WITH_KNOTS('',1,(#12229,#12230),.UNSPECIFIED.,
  .F.,.F.,(2,2),(3.75,110.75),.PIECEWISE_BEZIER_KNOTS.);
#12229 = CARTESIAN_POINT('',(7.5,-7.5));
#12230 = CARTESIAN_POINT('',(7.5,-114.5));
#12231 = ( GEOMETRIC_REPRESENTATION_CONTEXT(2) 
PARAMETRIC_REPRESENTATION_CONTEXT() REPRESENTATION_CONTEXT('2D SPACE',''
  ) );
#12232 = PCURVE('',#12233,#12238);
#12233 = PLANE('',#12234);
#12234 = AXIS2_PLACEMENT_3D('',#12235,#12236,#12237);
#12235 = CARTESIAN_POINT('',(-53.5,-13.,188.5));
#12236 = DIRECTION('',(0.,0.,1.));
#12237 = DIRECTION('',(1.,0.,0.));
#12238 = DEFINITIONAL_REPRESENTATION('',(#12239),#12242);
#12239 = B_SPLINE_CURVE_WITH_KNOTS('',1,(#12240,#12241),.UNSPECIFIED.,
  .F.,.F.,(2,2),(3.75,110.75),.PIECEWISE_BEZIER_KNOTS.);
#12240 = CARTESIAN_POINT('',(0.,1.));
#12241 = CARTESIAN_POINT('',(107.,1.));
#12242 = ( GEOMETRIC_REPRESENTATION_CONTEXT(2) 
PARAMETRIC_REPRESENTATION_CONTEXT() REPRESENTATION_CONTEXT('2D SPACE',''
  ) );
#12243 = ORIENTED_EDGE('',*,*,#12244,.T.);
#12244 = EDGE_CURVE('',#12217,#12245,#12247,.T.);
#12245 = VERTEX_POINT('',#12246);
#12246 = CARTESIAN_POINT('',(-53.5,-12.,114.));
#12247 = SURFACE_CURVE('',#12248,(#12252,#12258),.PCURVE_S1.);
#12248 = LINE('',#12249,#12250);
#12249 = CARTESIAN_POINT('',(-53.5,-12.,155.));
#12250 = VECTOR('',#12251,1.);
#12251 = DIRECTION('',(0.,0.,-1.));
#12252 = PCURVE('',#7689,#12253);
#12253 = DEFINITIONAL_REPRESENTATION('',(#12254),#12257);
#12254 = B_SPLINE_CURVE_WITH_KNOTS('',1,(#12255,#12256),.UNSPECIFIED.,
  .F.,.F.,(2,2),(-33.5,41.),.PIECEWISE_BEZIER_KNOTS.);
#12255 = CARTESIAN_POINT('',(7.5,-7.5));
#12256 = CARTESIAN_POINT('',(82.,-7.5));
#12257 = ( GEOMETRIC_REPRESENTATION_CONTEXT(2) 
PARAMETRIC_REPRESENTATION_CONTEXT() REPRESENTATION_CONTEXT('2D SPACE',''
  ) );
#12258 = PCURVE('',#12259,#12264);
#12259 = PLANE('',#12260);
#12260 = AXIS2_PLACEMENT_3D('',#12261,#12262,#12263);
#12261 = CARTESIAN_POINT('',(-53.5,-13.,114.));
#12262 = DIRECTION('',(1.,0.,0.));
#12263 = DIRECTION('',(0.,0.,1.));
#12264 = DEFINITIONAL_REPRESENTATION('',(#12265),#12268);
#12265 = B_SPLINE_CURVE_WITH_KNOTS('',1,(#12266,#12267),.UNSPECIFIED.,
  .F.,.F.,(2,2),(-33.5,41.),.PIECEWISE_BEZIER_KNOTS.);
#12266 = CARTESIAN_POINT('',(74.5,-1.));
#12267 = CARTESIAN_POINT('',(0.,-1.));
#12268 = ( GEOMETRIC_REPRESENTATION_CONTEXT(2) 
PARAMETRIC_REPRESENTATION_CONTEXT() REPRESENTATION_CONTEXT('2D SPACE',''
  ) );
#12269 = ORIENTED_EDGE('',*,*,#12270,.T.);
#12270 = EDGE_CURVE('',#12245,#12271,#12273,.T.);
#12271 = VERTEX_POINT('',#12272);
#12272 = CARTESIAN_POINT('',(53.5,-12.,114.));
#12273 = SURFACE_CURVE('',#12274,(#12278,#12284),.PCURVE_S1.);
#12274 = LINE('',#12275,#12276);
#12275 = CARTESIAN_POINT('',(-57.25,-12.,114.));
#12276 = VECTOR('',#12277,1.);
#12277 = DIRECTION('',(1.,0.,-0.));
#12278 = PCURVE('',#7689,#12279);
#12279 = DEFINITIONAL_REPRESENTATION('',(#12280),#12283);
#12280 = B_SPLINE_CURVE_WITH_KNOTS('',1,(#12281,#12282),.UNSPECIFIED.,
  .F.,.F.,(2,2),(3.75,110.75),.PIECEWISE_BEZIER_KNOTS.);
#12281 = CARTESIAN_POINT('',(82.,-7.5));
#12282 = CARTESIAN_POINT('',(82.,-114.5));
#12283 = ( GEOMETRIC_REPRESENTATION_CONTEXT(2) 
PARAMETRIC_REPRESENTATION_CONTEXT() REPRESENTATION_CONTEXT('2D SPACE',''
  ) );
#12284 = PCURVE('',#12285,#12290);
#12285 = PLANE('',#12286);
#12286 = AXIS2_PLACEMENT_3D('',#12287,#12288,#12289);
#12287 = CARTESIAN_POINT('',(-53.5,-13.,114.));
#12288 = DIRECTION('',(0.,0.,1.));
#12289 = DIRECTION('',(1.,0.,0.));
#12290 = DEFINITIONAL_REPRESENTATION('',(#12291),#12294);
#12291 = B_SPLINE_CURVE_WITH_KNOTS('',1,(#12292,#12293),.UNSPECIFIED.,
  .F.,.F.,(2,2),(3.75,110.75),.PIECEWISE_BEZIER_KNOTS.);
#12292 = CARTESIAN_POINT('',(0.,1.));
#12293 = CARTESIAN_POINT('',(107.,1.));
#12294 = ( GEOMETRIC_REPRESENTATION_CONTEXT(2) 
PARAMETRIC_REPRESENTATION_CONTEXT() REPRESENTATION_CONTEXT('2D SPACE',''
  ) );
#12295 = ORIENTED_EDGE('',*,*,#12296,.F.);
#12296 = EDGE_CURVE('',#12219,#12271,#12297,.T.);
#12297 = SURFACE_CURVE('',#12298,(#12302,#12308),.PCURVE_S1.);
#12298 = LINE('',#12299,#12300);
#12299 = CARTESIAN_POINT('',(53.5,-12.,155.));
#12300 = VECTOR('',#12301,1.);
#12301 = DIRECTION('',(0.,0.,-1.));
#12302 = PCURVE('',#7689,#12303);
#12303 = DEFINITIONAL_REPRESENTATION('',(#12304),#12307);
#12304 = B_SPLINE_CURVE_WITH_KNOTS('',1,(#12305,#12306),.UNSPECIFIED.,
  .F.,.F.,(2,2),(-33.5,41.),.PIECEWISE_BEZIER_KNOTS.);
#12305 = CARTESIAN_POINT('',(7.5,-114.5));
#12306 = CARTESIAN_POINT('',(82.,-114.5));
#12307 = ( GEOMETRIC_REPRESENTATION_CONTEXT(2) 
PARAMETRIC_REPRESENTATION_CONTEXT() REPRESENTATION_CONTEXT('2D SPACE',''
  ) );
#12308 = PCURVE('',#12309,#12314);
#12309 = PLANE('',#12310);
#12310 = AXIS2_PLACEMENT_3D('',#12311,#12312,#12313);
#12311 = CARTESIAN_POINT('',(53.5,-13.,114.));
#12312 = DIRECTION('',(1.,0.,0.));
#12313 = DIRECTION('',(0.,0.,1.));
#12314 = DEFINITIONAL_REPRESENTATION('',(#12315),#12318);
#12315 = B_SPLINE_CURVE_WITH_KNOTS('',1,(#12316,#12317),.UNSPECIFIED.,
  .F.,.F.,(2,2),(-33.5,41.),.PIECEWISE_BEZIER_KNOTS.);
#12316 = CARTESIAN_POINT('',(74.5,-1.));
#12317 = CARTESIAN_POINT('',(0.,-1.));
#12318 = ( GEOMETRIC_REPRESENTATION_CONTEXT(2) 
PARAMETRIC_REPRESENTATION_CONTEXT() REPRESENTATION_CONTEXT('2D SPACE',''
  ) );
#12319 = ADVANCED_FACE('',(#12320),#7769,.F.);
#12320 = FACE_BOUND('',#12321,.F.);
#12321 = EDGE_LOOP('',(#12322,#12345,#12346));
#12322 = ORIENTED_EDGE('',*,*,#12323,.F.);
#12323 = EDGE_CURVE('',#7753,#12324,#12326,.T.);
#12324 = VERTEX_POINT('',#12325);
#12325 = CARTESIAN_POINT('',(-59.,-9.,194.));
#12326 = SURFACE_CURVE('',#12327,(#12331,#12338),.PCURVE_S1.);
#12327 = LINE('',#12328,#12329);
#12328 = CARTESIAN_POINT('',(-59.,-9.,181.));
#12329 = VECTOR('',#12330,1.);
#12330 = DIRECTION('',(0.,0.,1.));
#12331 = PCURVE('',#7769,#12332);
#12332 = DEFINITIONAL_REPRESENTATION('',(#12333),#12337);
#12333 = LINE('',#12334,#12335);
#12334 = CARTESIAN_POINT('',(0.,0.));
#12335 = VECTOR('',#12336,1.);
#12336 = DIRECTION('',(1.,0.));
#12337 = ( GEOMETRIC_REPRESENTATION_CONTEXT(2) 
PARAMETRIC_REPRESENTATION_CONTEXT() REPRESENTATION_CONTEXT('2D SPACE',''
  ) );
#12338 = PCURVE('',#7832,#12339);
#12339 = DEFINITIONAL_REPRESENTATION('',(#12340),#12344);
#12340 = LINE('',#12341,#12342);
#12341 = CARTESIAN_POINT('',(0.,0.));
#12342 = VECTOR('',#12343,1.);
#12343 = DIRECTION('',(1.,0.));
#12344 = ( GEOMETRIC_REPRESENTATION_CONTEXT(2) 
PARAMETRIC_REPRESENTATION_CONTEXT() REPRESENTATION_CONTEXT('2D SPACE',''
  ) );
#12345 = ORIENTED_EDGE('',*,*,#7750,.F.);
#12346 = ORIENTED_EDGE('',*,*,#12347,.F.);
#12347 = EDGE_CURVE('',#12324,#7751,#12348,.T.);
#12348 = SURFACE_CURVE('',#12349,(#12353,#12360),.PCURVE_S1.);
#12349 = LINE('',#12350,#12351);
#12350 = CARTESIAN_POINT('',(-59.,-9.,194.));
#12351 = VECTOR('',#12352,1.);
#12352 = DIRECTION('',(0.,1.,0.));
#12353 = PCURVE('',#7769,#12354);
#12354 = DEFINITIONAL_REPRESENTATION('',(#12355),#12359);
#12355 = LINE('',#12356,#12357);
#12356 = CARTESIAN_POINT('',(13.,0.));
#12357 = VECTOR('',#12358,1.);
#12358 = DIRECTION('',(0.,-1.));
#12359 = ( GEOMETRIC_REPRESENTATION_CONTEXT(2) 
PARAMETRIC_REPRESENTATION_CONTEXT() REPRESENTATION_CONTEXT('2D SPACE',''
  ) );
#12360 = PCURVE('',#7802,#12361);
#12361 = DEFINITIONAL_REPRESENTATION('',(#12362),#12366);
#12362 = LINE('',#12363,#12364);
#12363 = CARTESIAN_POINT('',(0.,0.));
#12364 = VECTOR('',#12365,1.);
#12365 = DIRECTION('',(0.,1.));
#12366 = ( GEOMETRIC_REPRESENTATION_CONTEXT(2) 
PARAMETRIC_REPRESENTATION_CONTEXT() REPRESENTATION_CONTEXT('2D SPACE',''
  ) );
#12367 = ADVANCED_FACE('',(#12368),#7832,.F.);
#12368 = FACE_BOUND('',#12369,.F.);
#12369 = EDGE_LOOP('',(#12370,#12371,#12372));
#12370 = ORIENTED_EDGE('',*,*,#7814,.F.);
#12371 = ORIENTED_EDGE('',*,*,#12323,.T.);
#12372 = ORIENTED_EDGE('',*,*,#12373,.T.);
#12373 = EDGE_CURVE('',#12324,#7782,#12374,.T.);
#12374 = SURFACE_CURVE('',#12375,(#12379,#12386),.PCURVE_S1.);
#12375 = LINE('',#12376,#12377);
#12376 = CARTESIAN_POINT('',(-59.,-9.,194.));
#12377 = VECTOR('',#12378,1.);
#12378 = DIRECTION('',(1.,0.,0.));
#12379 = PCURVE('',#7832,#12380);
#12380 = DEFINITIONAL_REPRESENTATION('',(#12381),#12385);
#12381 = LINE('',#12382,#12383);
#12382 = CARTESIAN_POINT('',(13.,0.));
#12383 = VECTOR('',#12384,1.);
#12384 = DIRECTION('',(0.,1.));
#12385 = ( GEOMETRIC_REPRESENTATION_CONTEXT(2) 
PARAMETRIC_REPRESENTATION_CONTEXT() REPRESENTATION_CONTEXT('2D SPACE',''
  ) );
#12386 = PCURVE('',#7802,#12387);
#12387 = DEFINITIONAL_REPRESENTATION('',(#12388),#12392);
#12388 = LINE('',#12389,#12390);
#12389 = CARTESIAN_POINT('',(0.,0.));
#12390 = VECTOR('',#12391,1.);
#12391 = DIRECTION('',(1.,0.));
#12392 = ( GEOMETRIC_REPRESENTATION_CONTEXT(2) 
PARAMETRIC_REPRESENTATION_CONTEXT() REPRESENTATION_CONTEXT('2D SPACE',''
  ) );
#12393 = ADVANCED_FACE('',(#12394),#7802,.T.);
#12394 = FACE_BOUND('',#12395,.T.);
#12395 = EDGE_LOOP('',(#12396,#12397,#12398));
#12396 = ORIENTED_EDGE('',*,*,#12347,.F.);
#12397 = ORIENTED_EDGE('',*,*,#12373,.T.);
#12398 = ORIENTED_EDGE('',*,*,#7781,.F.);
#12399 = ADVANCED_FACE('',(#12400),#8733,.F.);
#12400 = FACE_BOUND('',#12401,.F.);
#12401 = EDGE_LOOP('',(#12402,#12403));
#12402 = ORIENTED_EDGE('',*,*,#8718,.F.);
#12403 = ORIENTED_EDGE('',*,*,#11337,.T.);
#12404 = ADVANCED_FACE('',(#12405),#8820,.F.);
#12405 = FACE_BOUND('',#12406,.F.);
#12406 = EDGE_LOOP('',(#12407,#12408,#12409));
#12407 = ORIENTED_EDGE('',*,*,#11408,.F.);
#12408 = ORIENTED_EDGE('',*,*,#8837,.F.);
#12409 = ORIENTED_EDGE('',*,*,#8805,.F.);
#12410 = ADVANCED_FACE('',(#12411),#8993,.F.);
#12411 = FACE_BOUND('',#12412,.F.);
#12412 = EDGE_LOOP('',(#12413,#12436,#12437));
#12413 = ORIENTED_EDGE('',*,*,#12414,.F.);
#12414 = EDGE_CURVE('',#8974,#12415,#12417,.T.);
#12415 = VERTEX_POINT('',#12416);
#12416 = CARTESIAN_POINT('',(59.,-9.,194.));
#12417 = SURFACE_CURVE('',#12418,(#12422,#12429),.PCURVE_S1.);
#12418 = LINE('',#12419,#12420);
#12419 = CARTESIAN_POINT('',(59.,-9.,181.));
#12420 = VECTOR('',#12421,1.);
#12421 = DIRECTION('',(0.,0.,1.));
#12422 = PCURVE('',#8993,#12423);
#12423 = DEFINITIONAL_REPRESENTATION('',(#12424),#12428);
#12424 = LINE('',#12425,#12426);
#12425 = CARTESIAN_POINT('',(0.,13.));
#12426 = VECTOR('',#12427,1.);
#12427 = DIRECTION('',(1.,0.));
#12428 = ( GEOMETRIC_REPRESENTATION_CONTEXT(2) 
PARAMETRIC_REPRESENTATION_CONTEXT() REPRESENTATION_CONTEXT('2D SPACE',''
  ) );
#12429 = PCURVE('',#9022,#12430);
#12430 = DEFINITIONAL_REPRESENTATION('',(#12431),#12435);
#12431 = LINE('',#12432,#12433);
#12432 = CARTESIAN_POINT('',(0.,0.));
#12433 = VECTOR('',#12434,1.);
#12434 = DIRECTION('',(1.,0.));
#12435 = ( GEOMETRIC_REPRESENTATION_CONTEXT(2) 
PARAMETRIC_REPRESENTATION_CONTEXT() REPRESENTATION_CONTEXT('2D SPACE',''
  ) );
#12436 = ORIENTED_EDGE('',*,*,#8971,.F.);
#12437 = ORIENTED_EDGE('',*,*,#12438,.T.);
#12438 = EDGE_CURVE('',#8972,#12415,#12439,.T.);
#12439 = SURFACE_CURVE('',#12440,(#12444,#12451),.PCURVE_S1.);
#12440 = LINE('',#12441,#12442);
#12441 = CARTESIAN_POINT('',(46.,-9.,194.));
#12442 = VECTOR('',#12443,1.);
#12443 = DIRECTION('',(1.,0.,0.));
#12444 = PCURVE('',#8993,#12445);
#12445 = DEFINITIONAL_REPRESENTATION('',(#12446),#12450);
#12446 = LINE('',#12447,#12448);
#12447 = CARTESIAN_POINT('',(13.,0.));
#12448 = VECTOR('',#12449,1.);
#12449 = DIRECTION('',(0.,1.));
#12450 = ( GEOMETRIC_REPRESENTATION_CONTEXT(2) 
PARAMETRIC_REPRESENTATION_CONTEXT() REPRESENTATION_CONTEXT('2D SPACE',''
  ) );
#12451 = PCURVE('',#9057,#12452);
#12452 = DEFINITIONAL_REPRESENTATION('',(#12453),#12457);
#12453 = LINE('',#12454,#12455);
#12454 = CARTESIAN_POINT('',(0.,0.));
#12455 = VECTOR('',#12456,1.);
#12456 = DIRECTION('',(1.,0.));
#12457 = ( GEOMETRIC_REPRESENTATION_CONTEXT(2) 
PARAMETRIC_REPRESENTATION_CONTEXT() REPRESENTATION_CONTEXT('2D SPACE',''
  ) );
#12458 = ADVANCED_FACE('',(#12459),#9057,.T.);
#12459 = FACE_BOUND('',#12460,.T.);
#12460 = EDGE_LOOP('',(#12461,#12462,#12463));
#12461 = ORIENTED_EDGE('',*,*,#9038,.F.);
#12462 = ORIENTED_EDGE('',*,*,#12438,.T.);
#12463 = ORIENTED_EDGE('',*,*,#12464,.T.);
#12464 = EDGE_CURVE('',#12415,#9006,#12465,.T.);
#12465 = SURFACE_CURVE('',#12466,(#12470,#12477),.PCURVE_S1.);
#12466 = LINE('',#12467,#12468);
#12467 = CARTESIAN_POINT('',(59.,-9.,194.));
#12468 = VECTOR('',#12469,1.);
#12469 = DIRECTION('',(0.,1.,0.));
#12470 = PCURVE('',#9057,#12471);
#12471 = DEFINITIONAL_REPRESENTATION('',(#12472),#12476);
#12472 = LINE('',#12473,#12474);
#12473 = CARTESIAN_POINT('',(13.,0.));
#12474 = VECTOR('',#12475,1.);
#12475 = DIRECTION('',(0.,1.));
#12476 = ( GEOMETRIC_REPRESENTATION_CONTEXT(2) 
PARAMETRIC_REPRESENTATION_CONTEXT() REPRESENTATION_CONTEXT('2D SPACE',''
  ) );
#12477 = PCURVE('',#9022,#12478);
#12478 = DEFINITIONAL_REPRESENTATION('',(#12479),#12483);
#12479 = LINE('',#12480,#12481);
#12480 = CARTESIAN_POINT('',(13.,0.));
#12481 = VECTOR('',#12482,1.);
#12482 = DIRECTION('',(0.,-1.));
#12483 = ( GEOMETRIC_REPRESENTATION_CONTEXT(2) 
PARAMETRIC_REPRESENTATION_CONTEXT() REPRESENTATION_CONTEXT('2D SPACE',''
  ) );
#12484 = ADVANCED_FACE('',(#12485),#9022,.T.);
#12485 = FACE_BOUND('',#12486,.T.);
#12486 = EDGE_LOOP('',(#12487,#12488,#12489));
#12487 = ORIENTED_EDGE('',*,*,#12414,.F.);
#12488 = ORIENTED_EDGE('',*,*,#9005,.T.);
#12489 = ORIENTED_EDGE('',*,*,#12464,.F.);
#12490 = ADVANCED_FACE('',(#12491,#12533),#9102,.F.);
#12491 = FACE_BOUND('',#12492,.F.);
#12492 = EDGE_LOOP('',(#12493,#12494,#12514,#12532));
#12493 = ORIENTED_EDGE('',*,*,#11954,.F.);
#12494 = ORIENTED_EDGE('',*,*,#12495,.T.);
#12495 = EDGE_CURVE('',#11899,#12496,#12498,.T.);
#12496 = VERTEX_POINT('',#12497);
#12497 = CARTESIAN_POINT('',(-53.51,-9.,188.51));
#12498 = SURFACE_CURVE('',#12499,(#12502,#12508),.PCURVE_S1.);
#12499 = B_SPLINE_CURVE_WITH_KNOTS('',1,(#12500,#12501),.UNSPECIFIED.,
  .F.,.F.,(2,2),(0.,1.),.PIECEWISE_BEZIER_KNOTS.);
#12500 = CARTESIAN_POINT('',(-53.51,-9.,181.));
#12501 = CARTESIAN_POINT('',(-53.51,-9.,188.51));
#12502 = PCURVE('',#9102,#12503);
#12503 = DEFINITIONAL_REPRESENTATION('',(#12504),#12507);
#12504 = B_SPLINE_CURVE_WITH_KNOTS('',1,(#12505,#12506),.UNSPECIFIED.,
  .F.,.F.,(2,2),(0.,1.),.PIECEWISE_BEZIER_KNOTS.);
#12505 = CARTESIAN_POINT('',(0.,5.49));
#12506 = CARTESIAN_POINT('',(7.51,5.49));
#12507 = ( GEOMETRIC_REPRESENTATION_CONTEXT(2) 
PARAMETRIC_REPRESENTATION_CONTEXT() REPRESENTATION_CONTEXT('2D SPACE',''
  ) );
#12508 = PCURVE('',#11790,#12509);
#12509 = DEFINITIONAL_REPRESENTATION('',(#12510),#12513);
#12510 = B_SPLINE_CURVE_WITH_KNOTS('',1,(#12511,#12512),.UNSPECIFIED.,
  .F.,.F.,(2,2),(0.,1.),.PIECEWISE_BEZIER_KNOTS.);
#12511 = CARTESIAN_POINT('',(8.16381034182,2.E-03));
#12512 = CARTESIAN_POINT('',(0.,2.E-03));
#12513 = ( GEOMETRIC_REPRESENTATION_CONTEXT(2) 
PARAMETRIC_REPRESENTATION_CONTEXT() REPRESENTATION_CONTEXT('2D SPACE',''
  ) );
#12514 = ORIENTED_EDGE('',*,*,#12515,.T.);
#12515 = EDGE_CURVE('',#12496,#9087,#12516,.T.);
#12516 = SURFACE_CURVE('',#12517,(#12520,#12526),.PCURVE_S1.);
#12517 = B_SPLINE_CURVE_WITH_KNOTS('',1,(#12518,#12519),.UNSPECIFIED.,
  .F.,.F.,(2,2),(0.,1.),.PIECEWISE_BEZIER_KNOTS.);
#12518 = CARTESIAN_POINT('',(-53.51,-9.,188.51));
#12519 = CARTESIAN_POINT('',(-46.,-9.,188.51));
#12520 = PCURVE('',#9102,#12521);
#12521 = DEFINITIONAL_REPRESENTATION('',(#12522),#12525);
#12522 = B_SPLINE_CURVE_WITH_KNOTS('',1,(#12523,#12524),.UNSPECIFIED.,
  .F.,.F.,(2,2),(0.,1.),.PIECEWISE_BEZIER_KNOTS.);
#12523 = CARTESIAN_POINT('',(7.51,5.49));
#12524 = CARTESIAN_POINT('',(7.51,13.));
#12525 = ( GEOMETRIC_REPRESENTATION_CONTEXT(2) 
PARAMETRIC_REPRESENTATION_CONTEXT() REPRESENTATION_CONTEXT('2D SPACE',''
  ) );
#12526 = PCURVE('',#9215,#12527);
#12527 = DEFINITIONAL_REPRESENTATION('',(#12528),#12531);
#12528 = B_SPLINE_CURVE_WITH_KNOTS('',1,(#12529,#12530),.UNSPECIFIED.,
  .F.,.F.,(2,2),(0.,1.),.PIECEWISE_BEZIER_KNOTS.);
#12529 = CARTESIAN_POINT('',(117.,2.E-03));
#12530 = CARTESIAN_POINT('',(108.78966548308,2.E-03));
#12531 = ( GEOMETRIC_REPRESENTATION_CONTEXT(2) 
PARAMETRIC_REPRESENTATION_CONTEXT() REPRESENTATION_CONTEXT('2D SPACE',''
  ) );
#12532 = ORIENTED_EDGE('',*,*,#9084,.F.);
#12533 = FACE_BOUND('',#12534,.F.);
#12534 = EDGE_LOOP('',(#12535));
#12535 = ORIENTED_EDGE('',*,*,#12536,.T.);
#12536 = EDGE_CURVE('',#12537,#12537,#12539,.T.);
#12537 = VERTEX_POINT('',#12538);
#12538 = CARTESIAN_POINT('',(-48.45,-9.,183.7));
#12539 = SURFACE_CURVE('',#12540,(#12545,#12556),.PCURVE_S1.);
#12540 = CIRCLE('',#12541,1.25);
#12541 = AXIS2_PLACEMENT_3D('',#12542,#12543,#12544);
#12542 = CARTESIAN_POINT('',(-49.7,-9.,183.7));
#12543 = DIRECTION('',(0.,-1.,0.));
#12544 = DIRECTION('',(1.,0.,0.));
#12545 = PCURVE('',#9102,#12546);
#12546 = DEFINITIONAL_REPRESENTATION('',(#12547),#12555);
#12547 = ( BOUNDED_CURVE() B_SPLINE_CURVE(2,(#12548,#12549,#12550,#12551
    ,#12552,#12553,#12554),.UNSPECIFIED.,.T.,.F.) 
B_SPLINE_CURVE_WITH_KNOTS((1,2,2,2,2,1),(-2.094395102393,0.,
    2.094395102393,4.188790204786,6.28318530718,8.377580409573),
.UNSPECIFIED.) CURVE() GEOMETRIC_REPRESENTATION_ITEM() 
RATIONAL_B_SPLINE_CURVE((1.,0.5,1.,0.5,1.,0.5,1.)) REPRESENTATION_ITEM(
  '') );
#12548 = CARTESIAN_POINT('',(2.7,10.55));
#12549 = CARTESIAN_POINT('',(4.865063509461,10.55));
#12550 = CARTESIAN_POINT('',(3.782531754731,8.675));
#12551 = CARTESIAN_POINT('',(2.7,6.8));
#12552 = CARTESIAN_POINT('',(1.617468245269,8.675));
#12553 = CARTESIAN_POINT('',(0.534936490539,10.55));
#12554 = CARTESIAN_POINT('',(2.7,10.55));
#12555 = ( GEOMETRIC_REPRESENTATION_CONTEXT(2) 
PARAMETRIC_REPRESENTATION_CONTEXT() REPRESENTATION_CONTEXT('2D SPACE',''
  ) );
#12556 = PCURVE('',#12557,#12562);
#12557 = CYLINDRICAL_SURFACE('',#12558,1.25);
#12558 = AXIS2_PLACEMENT_3D('',#12559,#12560,#12561);
#12559 = CARTESIAN_POINT('',(-49.7,-10.,183.7));
#12560 = DIRECTION('',(0.,-1.,0.));
#12561 = DIRECTION('',(1.,0.,0.));
#12562 = DEFINITIONAL_REPRESENTATION('',(#12563),#12567);
#12563 = LINE('',#12564,#12565);
#12564 = CARTESIAN_POINT('',(0.,-1.));
#12565 = VECTOR('',#12566,1.);
#12566 = DIRECTION('',(1.,0.));
#12567 = ( GEOMETRIC_REPRESENTATION_CONTEXT(2) 
PARAMETRIC_REPRESENTATION_CONTEXT() REPRESENTATION_CONTEXT('2D SPACE',''
  ) );
#12568 = ADVANCED_FACE('',(#12569),#9215,.T.);
#12569 = FACE_BOUND('',#12570,.T.);
#12570 = EDGE_LOOP('',(#12571,#12595,#12617,#12637,#12638,#12639,#12640,
    #12641));
#12571 = ORIENTED_EDGE('',*,*,#12572,.F.);
#12572 = EDGE_CURVE('',#12573,#12575,#12577,.T.);
#12573 = VERTEX_POINT('',#12574);
#12574 = CARTESIAN_POINT('',(53.5,-9.01,188.5));
#12575 = VERTEX_POINT('',#12576);
#12576 = CARTESIAN_POINT('',(53.51,-9.,188.51));
#12577 = SURFACE_CURVE('',#12578,(#12581,#12588),.PCURVE_S1.);
#12578 = B_SPLINE_CURVE_WITH_KNOTS('',1,(#12579,#12580),.UNSPECIFIED.,
  .F.,.F.,(2,2),(0.,1.),.PIECEWISE_BEZIER_KNOTS.);
#12579 = CARTESIAN_POINT('',(53.5,-9.01,188.5));
#12580 = CARTESIAN_POINT('',(58.5,-4.01,193.5));
#12581 = PCURVE('',#9215,#12582);
#12582 = DEFINITIONAL_REPRESENTATION('',(#12583),#12587);
#12583 = LINE('',#12584,#12585);
#12584 = CARTESIAN_POINT('',(0.,0.));
#12585 = VECTOR('',#12586,1.);
#12586 = DIRECTION('',(0.,1.));
#12587 = ( GEOMETRIC_REPRESENTATION_CONTEXT(2) 
PARAMETRIC_REPRESENTATION_CONTEXT() REPRESENTATION_CONTEXT('2D SPACE',''
  ) );
#12588 = PCURVE('',#10192,#12589);
#12589 = DEFINITIONAL_REPRESENTATION('',(#12590),#12594);
#12590 = LINE('',#12591,#12592);
#12591 = CARTESIAN_POINT('',(81.,0.));
#12592 = VECTOR('',#12593,1.);
#12593 = DIRECTION('',(0.,1.));
#12594 = ( GEOMETRIC_REPRESENTATION_CONTEXT(2) 
PARAMETRIC_REPRESENTATION_CONTEXT() REPRESENTATION_CONTEXT('2D SPACE',''
  ) );
#12595 = ORIENTED_EDGE('',*,*,#12596,.T.);
#12596 = EDGE_CURVE('',#12573,#12597,#12599,.T.);
#12597 = VERTEX_POINT('',#12598);
#12598 = CARTESIAN_POINT('',(-53.5,-9.01,188.5));
#12599 = SURFACE_CURVE('',#12600,(#12604,#12610),.PCURVE_S1.);
#12600 = LINE('',#12601,#12602);
#12601 = CARTESIAN_POINT('',(53.5,-9.01,188.5));
#12602 = VECTOR('',#12603,1.);
#12603 = DIRECTION('',(-1.,0.,0.));
#12604 = PCURVE('',#9215,#12605);
#12605 = DEFINITIONAL_REPRESENTATION('',(#12606),#12609);
#12606 = B_SPLINE_CURVE_WITH_KNOTS('',1,(#12607,#12608),.UNSPECIFIED.,
  .F.,.F.,(2,2),(0.,107.),.PIECEWISE_BEZIER_KNOTS.);
#12607 = CARTESIAN_POINT('',(0.,0.));
#12608 = CARTESIAN_POINT('',(117.,0.));
#12609 = ( GEOMETRIC_REPRESENTATION_CONTEXT(2) 
PARAMETRIC_REPRESENTATION_CONTEXT() REPRESENTATION_CONTEXT('2D SPACE',''
  ) );
#12610 = PCURVE('',#12233,#12611);
#12611 = DEFINITIONAL_REPRESENTATION('',(#12612),#12616);
#12612 = LINE('',#12613,#12614);
#12613 = CARTESIAN_POINT('',(107.,3.99));
#12614 = VECTOR('',#12615,1.);
#12615 = DIRECTION('',(-1.,0.));
#12616 = ( GEOMETRIC_REPRESENTATION_CONTEXT(2) 
PARAMETRIC_REPRESENTATION_CONTEXT() REPRESENTATION_CONTEXT('2D SPACE',''
  ) );
#12617 = ORIENTED_EDGE('',*,*,#12618,.T.);
#12618 = EDGE_CURVE('',#12597,#12496,#12619,.T.);
#12619 = SURFACE_CURVE('',#12620,(#12623,#12630),.PCURVE_S1.);
#12620 = B_SPLINE_CURVE_WITH_KNOTS('',1,(#12621,#12622),.UNSPECIFIED.,
  .F.,.F.,(2,2),(0.,1.),.PIECEWISE_BEZIER_KNOTS.);
#12621 = CARTESIAN_POINT('',(-53.5,-9.01,188.5));
#12622 = CARTESIAN_POINT('',(-58.5,-4.01,193.5));
#12623 = PCURVE('',#9215,#12624);
#12624 = DEFINITIONAL_REPRESENTATION('',(#12625),#12629);
#12625 = LINE('',#12626,#12627);
#12626 = CARTESIAN_POINT('',(117.,0.));
#12627 = VECTOR('',#12628,1.);
#12628 = DIRECTION('',(0.,1.));
#12629 = ( GEOMETRIC_REPRESENTATION_CONTEXT(2) 
PARAMETRIC_REPRESENTATION_CONTEXT() REPRESENTATION_CONTEXT('2D SPACE',''
  ) );
#12630 = PCURVE('',#11790,#12631);
#12631 = DEFINITIONAL_REPRESENTATION('',(#12632),#12636);
#12632 = LINE('',#12633,#12634);
#12633 = CARTESIAN_POINT('',(0.,0.));
#12634 = VECTOR('',#12635,1.);
#12635 = DIRECTION('',(0.,1.));
#12636 = ( GEOMETRIC_REPRESENTATION_CONTEXT(2) 
PARAMETRIC_REPRESENTATION_CONTEXT() REPRESENTATION_CONTEXT('2D SPACE',''
  ) );
#12637 = ORIENTED_EDGE('',*,*,#12515,.T.);
#12638 = ORIENTED_EDGE('',*,*,#9179,.T.);
#12639 = ORIENTED_EDGE('',*,*,#9973,.T.);
#12640 = ORIENTED_EDGE('',*,*,#9916,.F.);
#12641 = ORIENTED_EDGE('',*,*,#12642,.T.);
#12642 = EDGE_CURVE('',#9845,#12575,#12643,.T.);
#12643 = SURFACE_CURVE('',#12644,(#12647,#12653),.PCURVE_S1.);
#12644 = B_SPLINE_CURVE_WITH_KNOTS('',1,(#12645,#12646),.UNSPECIFIED.,
  .F.,.F.,(2,2),(0.,1.),.PIECEWISE_BEZIER_KNOTS.);
#12645 = CARTESIAN_POINT('',(46.,-9.,188.51));
#12646 = CARTESIAN_POINT('',(53.51,-9.,188.51));
#12647 = PCURVE('',#9215,#12648);
#12648 = DEFINITIONAL_REPRESENTATION('',(#12649),#12652);
#12649 = B_SPLINE_CURVE_WITH_KNOTS('',1,(#12650,#12651),.UNSPECIFIED.,
  .F.,.F.,(2,2),(0.,1.),.PIECEWISE_BEZIER_KNOTS.);
#12650 = CARTESIAN_POINT('',(8.210334516913,2.E-03));
#12651 = CARTESIAN_POINT('',(0.,2.E-03));
#12652 = ( GEOMETRIC_REPRESENTATION_CONTEXT(2) 
PARAMETRIC_REPRESENTATION_CONTEXT() REPRESENTATION_CONTEXT('2D SPACE',''
  ) );
#12653 = PCURVE('',#9860,#12654);
#12654 = DEFINITIONAL_REPRESENTATION('',(#12655),#12658);
#12655 = B_SPLINE_CURVE_WITH_KNOTS('',1,(#12656,#12657),.UNSPECIFIED.,
  .F.,.F.,(2,2),(0.,1.),.PIECEWISE_BEZIER_KNOTS.);
#12656 = CARTESIAN_POINT('',(7.51,0.));
#12657 = CARTESIAN_POINT('',(7.51,7.51));
#12658 = ( GEOMETRIC_REPRESENTATION_CONTEXT(2) 
PARAMETRIC_REPRESENTATION_CONTEXT() REPRESENTATION_CONTEXT('2D SPACE',''
  ) );
#12659 = ADVANCED_FACE('',(#12660,#12683),#9860,.F.);
#12660 = FACE_BOUND('',#12661,.F.);
#12661 = EDGE_LOOP('',(#12662,#12663,#12664,#12665));
#12662 = ORIENTED_EDGE('',*,*,#10297,.F.);
#12663 = ORIENTED_EDGE('',*,*,#9842,.T.);
#12664 = ORIENTED_EDGE('',*,*,#12642,.T.);
#12665 = ORIENTED_EDGE('',*,*,#12666,.T.);
#12666 = EDGE_CURVE('',#12575,#10298,#12667,.T.);
#12667 = SURFACE_CURVE('',#12668,(#12671,#12677),.PCURVE_S1.);
#12668 = B_SPLINE_CURVE_WITH_KNOTS('',1,(#12669,#12670),.UNSPECIFIED.,
  .F.,.F.,(2,2),(0.,1.),.PIECEWISE_BEZIER_KNOTS.);
#12669 = CARTESIAN_POINT('',(53.51,-9.,188.51));
#12670 = CARTESIAN_POINT('',(53.51,-9.,181.));
#12671 = PCURVE('',#9860,#12672);
#12672 = DEFINITIONAL_REPRESENTATION('',(#12673),#12676);
#12673 = B_SPLINE_CURVE_WITH_KNOTS('',1,(#12674,#12675),.UNSPECIFIED.,
  .F.,.F.,(2,2),(0.,1.),.PIECEWISE_BEZIER_KNOTS.);
#12674 = CARTESIAN_POINT('',(7.51,7.51));
#12675 = CARTESIAN_POINT('',(0.,7.51));
#12676 = ( GEOMETRIC_REPRESENTATION_CONTEXT(2) 
PARAMETRIC_REPRESENTATION_CONTEXT() REPRESENTATION_CONTEXT('2D SPACE',''
  ) );
#12677 = PCURVE('',#10192,#12678);
#12678 = DEFINITIONAL_REPRESENTATION('',(#12679),#12682);
#12679 = B_SPLINE_CURVE_WITH_KNOTS('',1,(#12680,#12681),.UNSPECIFIED.,
  .F.,.F.,(2,2),(0.,1.),.PIECEWISE_BEZIER_KNOTS.);
#12680 = CARTESIAN_POINT('',(81.,2.E-03));
#12681 = CARTESIAN_POINT('',(72.83618965818,2.E-03));
#12682 = ( GEOMETRIC_REPRESENTATION_CONTEXT(2) 
PARAMETRIC_REPRESENTATION_CONTEXT() REPRESENTATION_CONTEXT('2D SPACE',''
  ) );
#12683 = FACE_BOUND('',#12684,.F.);
#12684 = EDGE_LOOP('',(#12685));
#12685 = ORIENTED_EDGE('',*,*,#12686,.T.);
#12686 = EDGE_CURVE('',#12687,#12687,#12689,.T.);
#12687 = VERTEX_POINT('',#12688);
#12688 = CARTESIAN_POINT('',(50.95,-9.,183.7));
#12689 = SURFACE_CURVE('',#12690,(#12695,#12706),.PCURVE_S1.);
#12690 = CIRCLE('',#12691,1.25);
#12691 = AXIS2_PLACEMENT_3D('',#12692,#12693,#12694);
#12692 = CARTESIAN_POINT('',(49.7,-9.,183.7));
#12693 = DIRECTION('',(0.,-1.,0.));
#12694 = DIRECTION('',(1.,0.,0.));
#12695 = PCURVE('',#9860,#12696);
#12696 = DEFINITIONAL_REPRESENTATION('',(#12697),#12705);
#12697 = ( BOUNDED_CURVE() B_SPLINE_CURVE(2,(#12698,#12699,#12700,#12701
    ,#12702,#12703,#12704),.UNSPECIFIED.,.T.,.F.) 
B_SPLINE_CURVE_WITH_KNOTS((1,2,2,2,2,1),(-2.094395102393,0.,
    2.094395102393,4.188790204786,6.28318530718,8.377580409573),
.UNSPECIFIED.) CURVE() GEOMETRIC_REPRESENTATION_ITEM() 
RATIONAL_B_SPLINE_CURVE((1.,0.5,1.,0.5,1.,0.5,1.)) REPRESENTATION_ITEM(
  '') );
#12698 = CARTESIAN_POINT('',(2.7,4.95));
#12699 = CARTESIAN_POINT('',(4.865063509461,4.95));
#12700 = CARTESIAN_POINT('',(3.782531754731,3.075));
#12701 = CARTESIAN_POINT('',(2.7,1.2));
#12702 = CARTESIAN_POINT('',(1.617468245269,3.075));
#12703 = CARTESIAN_POINT('',(0.534936490539,4.95));
#12704 = CARTESIAN_POINT('',(2.7,4.95));
#12705 = ( GEOMETRIC_REPRESENTATION_CONTEXT(2) 
PARAMETRIC_REPRESENTATION_CONTEXT() REPRESENTATION_CONTEXT('2D SPACE',''
  ) );
#12706 = PCURVE('',#12707,#12712);
#12707 = CYLINDRICAL_SURFACE('',#12708,1.25);
#12708 = AXIS2_PLACEMENT_3D('',#12709,#12710,#12711);
#12709 = CARTESIAN_POINT('',(49.7,-10.,183.7));
#12710 = DIRECTION('',(0.,-1.,0.));
#12711 = DIRECTION('',(1.,0.,0.));
#12712 = DEFINITIONAL_REPRESENTATION('',(#12713),#12717);
#12713 = LINE('',#12714,#12715);
#12714 = CARTESIAN_POINT('',(0.,-1.));
#12715 = VECTOR('',#12716,1.);
#12716 = DIRECTION('',(1.,0.));
#12717 = ( GEOMETRIC_REPRESENTATION_CONTEXT(2) 
PARAMETRIC_REPRESENTATION_CONTEXT() REPRESENTATION_CONTEXT('2D SPACE',''
  ) );
#12718 = ADVANCED_FACE('',(#12719),#10192,.T.);
#12719 = FACE_BOUND('',#12720,.T.);
#12720 = EDGE_LOOP('',(#12721,#12745,#12765,#12766,#12767,#12768,#12769,
    #12770));
#12721 = ORIENTED_EDGE('',*,*,#12722,.F.);
#12722 = EDGE_CURVE('',#12723,#12725,#12727,.T.);
#12723 = VERTEX_POINT('',#12724);
#12724 = CARTESIAN_POINT('',(53.5,-9.01,114.));
#12725 = VERTEX_POINT('',#12726);
#12726 = CARTESIAN_POINT('',(53.51,-9.,113.997));
#12727 = SURFACE_CURVE('',#12728,(#12731,#12738),.PCURVE_S1.);
#12728 = B_SPLINE_CURVE_WITH_KNOTS('',1,(#12729,#12730),.UNSPECIFIED.,
  .F.,.F.,(2,2),(0.,1.),.PIECEWISE_BEZIER_KNOTS.);
#12729 = CARTESIAN_POINT('',(53.5,-9.01,114.));
#12730 = CARTESIAN_POINT('',(58.5,-4.01,112.5));
#12731 = PCURVE('',#10192,#12732);
#12732 = DEFINITIONAL_REPRESENTATION('',(#12733),#12737);
#12733 = LINE('',#12734,#12735);
#12734 = CARTESIAN_POINT('',(0.,0.));
#12735 = VECTOR('',#12736,1.);
#12736 = DIRECTION('',(0.,1.));
#12737 = ( GEOMETRIC_REPRESENTATION_CONTEXT(2) 
PARAMETRIC_REPRESENTATION_CONTEXT() REPRESENTATION_CONTEXT('2D SPACE',''
  ) );
#12738 = PCURVE('',#10493,#12739);
#12739 = DEFINITIONAL_REPRESENTATION('',(#12740),#12744);
#12740 = LINE('',#12741,#12742);
#12741 = CARTESIAN_POINT('',(117.,0.));
#12742 = VECTOR('',#12743,1.);
#12743 = DIRECTION('',(0.,1.));
#12744 = ( GEOMETRIC_REPRESENTATION_CONTEXT(2) 
PARAMETRIC_REPRESENTATION_CONTEXT() REPRESENTATION_CONTEXT('2D SPACE',''
  ) );
#12745 = ORIENTED_EDGE('',*,*,#12746,.T.);
#12746 = EDGE_CURVE('',#12723,#12573,#12747,.T.);
#12747 = SURFACE_CURVE('',#12748,(#12752,#12758),.PCURVE_S1.);
#12748 = LINE('',#12749,#12750);
#12749 = CARTESIAN_POINT('',(53.5,-9.01,114.));
#12750 = VECTOR('',#12751,1.);
#12751 = DIRECTION('',(0.,0.,1.));
#12752 = PCURVE('',#10192,#12753);
#12753 = DEFINITIONAL_REPRESENTATION('',(#12754),#12757);
#12754 = B_SPLINE_CURVE_WITH_KNOTS('',1,(#12755,#12756),.UNSPECIFIED.,
  .F.,.F.,(2,2),(0.,74.5),.PIECEWISE_BEZIER_KNOTS.);
#12755 = CARTESIAN_POINT('',(0.,0.));
#12756 = CARTESIAN_POINT('',(81.,0.));
#12757 = ( GEOMETRIC_REPRESENTATION_CONTEXT(2) 
PARAMETRIC_REPRESENTATION_CONTEXT() REPRESENTATION_CONTEXT('2D SPACE',''
  ) );
#12758 = PCURVE('',#12309,#12759);
#12759 = DEFINITIONAL_REPRESENTATION('',(#12760),#12764);
#12760 = LINE('',#12761,#12762);
#12761 = CARTESIAN_POINT('',(0.,-3.99));
#12762 = VECTOR('',#12763,1.);
#12763 = DIRECTION('',(1.,0.));
#12764 = ( GEOMETRIC_REPRESENTATION_CONTEXT(2) 
PARAMETRIC_REPRESENTATION_CONTEXT() REPRESENTATION_CONTEXT('2D SPACE',''
  ) );
#12765 = ORIENTED_EDGE('',*,*,#12572,.T.);
#12766 = ORIENTED_EDGE('',*,*,#12666,.T.);
#12767 = ORIENTED_EDGE('',*,*,#10320,.T.);
#12768 = ORIENTED_EDGE('',*,*,#10232,.T.);
#12769 = ORIENTED_EDGE('',*,*,#10166,.F.);
#12770 = ORIENTED_EDGE('',*,*,#12771,.T.);
#12771 = EDGE_CURVE('',#10139,#12725,#12772,.T.);
#12772 = SURFACE_CURVE('',#12773,(#12776,#12782),.PCURVE_S1.);
#12773 = B_SPLINE_CURVE_WITH_KNOTS('',1,(#12774,#12775),.UNSPECIFIED.,
  .F.,.F.,(2,2),(0.,1.),.PIECEWISE_BEZIER_KNOTS.);
#12774 = CARTESIAN_POINT('',(53.51,-9.,125.));
#12775 = CARTESIAN_POINT('',(53.51,-9.,113.997));
#12776 = PCURVE('',#10192,#12777);
#12777 = DEFINITIONAL_REPRESENTATION('',(#12778),#12781);
#12778 = B_SPLINE_CURVE_WITH_KNOTS('',1,(#12779,#12780),.UNSPECIFIED.,
  .F.,.F.,(2,2),(0.,1.),.PIECEWISE_BEZIER_KNOTS.);
#12779 = CARTESIAN_POINT('',(11.960906150605,2.E-03));
#12780 = CARTESIAN_POINT('',(0.,2.E-03));
#12781 = ( GEOMETRIC_REPRESENTATION_CONTEXT(2) 
PARAMETRIC_REPRESENTATION_CONTEXT() REPRESENTATION_CONTEXT('2D SPACE',''
  ) );
#12782 = PCURVE('',#10154,#12783);
#12783 = DEFINITIONAL_REPRESENTATION('',(#12784),#12787);
#12784 = B_SPLINE_CURVE_WITH_KNOTS('',1,(#12785,#12786),.UNSPECIFIED.,
  .F.,.F.,(2,2),(0.,1.),.PIECEWISE_BEZIER_KNOTS.);
#12785 = CARTESIAN_POINT('',(13.,7.51));
#12786 = CARTESIAN_POINT('',(1.997,7.51));
#12787 = ( GEOMETRIC_REPRESENTATION_CONTEXT(2) 
PARAMETRIC_REPRESENTATION_CONTEXT() REPRESENTATION_CONTEXT('2D SPACE',''
  ) );
#12788 = ADVANCED_FACE('',(#12789,#12812),#10154,.F.);
#12789 = FACE_BOUND('',#12790,.F.);
#12790 = EDGE_LOOP('',(#12791,#12809,#12810,#12811));
#12791 = ORIENTED_EDGE('',*,*,#12792,.T.);
#12792 = EDGE_CURVE('',#12725,#10932,#12793,.T.);
#12793 = SURFACE_CURVE('',#12794,(#12797,#12803),.PCURVE_S1.);
#12794 = B_SPLINE_CURVE_WITH_KNOTS('',1,(#12795,#12796),.UNSPECIFIED.,
  .F.,.F.,(2,2),(0.,1.),.PIECEWISE_BEZIER_KNOTS.);
#12795 = CARTESIAN_POINT('',(53.51,-9.,113.997));
#12796 = CARTESIAN_POINT('',(46.,-9.,113.997));
#12797 = PCURVE('',#10154,#12798);
#12798 = DEFINITIONAL_REPRESENTATION('',(#12799),#12802);
#12799 = B_SPLINE_CURVE_WITH_KNOTS('',1,(#12800,#12801),.UNSPECIFIED.,
  .F.,.F.,(2,2),(0.,1.),.PIECEWISE_BEZIER_KNOTS.);
#12800 = CARTESIAN_POINT('',(1.997,7.51));
#12801 = CARTESIAN_POINT('',(1.997,0.));
#12802 = ( GEOMETRIC_REPRESENTATION_CONTEXT(2) 
PARAMETRIC_REPRESENTATION_CONTEXT() REPRESENTATION_CONTEXT('2D SPACE',''
  ) );
#12803 = PCURVE('',#10493,#12804);
#12804 = DEFINITIONAL_REPRESENTATION('',(#12805),#12808);
#12805 = B_SPLINE_CURVE_WITH_KNOTS('',1,(#12806,#12807),.UNSPECIFIED.,
  .F.,.F.,(2,2),(0.,1.),.PIECEWISE_BEZIER_KNOTS.);
#12806 = CARTESIAN_POINT('',(117.,2.E-03));
#12807 = CARTESIAN_POINT('',(108.78966548308,2.E-03));
#12808 = ( GEOMETRIC_REPRESENTATION_CONTEXT(2) 
PARAMETRIC_REPRESENTATION_CONTEXT() REPRESENTATION_CONTEXT('2D SPACE',''
  ) );
#12809 = ORIENTED_EDGE('',*,*,#10931,.T.);
#12810 = ORIENTED_EDGE('',*,*,#10138,.T.);
#12811 = ORIENTED_EDGE('',*,*,#12771,.T.);
#12812 = FACE_BOUND('',#12813,.F.);
#12813 = EDGE_LOOP('',(#12814));
#12814 = ORIENTED_EDGE('',*,*,#12815,.T.);
#12815 = EDGE_CURVE('',#12816,#12816,#12818,.T.);
#12816 = VERTEX_POINT('',#12817);
#12817 = CARTESIAN_POINT('',(50.95,-9.,118.8));
#12818 = SURFACE_CURVE('',#12819,(#12824,#12835),.PCURVE_S1.);
#12819 = CIRCLE('',#12820,1.25);
#12820 = AXIS2_PLACEMENT_3D('',#12821,#12822,#12823);
#12821 = CARTESIAN_POINT('',(49.7,-9.,118.8));
#12822 = DIRECTION('',(0.,-1.,0.));
#12823 = DIRECTION('',(1.,0.,0.));
#12824 = PCURVE('',#10154,#12825);
#12825 = DEFINITIONAL_REPRESENTATION('',(#12826),#12834);
#12826 = ( BOUNDED_CURVE() B_SPLINE_CURVE(2,(#12827,#12828,#12829,#12830
    ,#12831,#12832,#12833),.UNSPECIFIED.,.T.,.F.) 
B_SPLINE_CURVE_WITH_KNOTS((1,2,2,2,2,1),(-2.094395102393,0.,
    2.094395102393,4.188790204786,6.28318530718,8.377580409573),
.UNSPECIFIED.) CURVE() GEOMETRIC_REPRESENTATION_ITEM() 
RATIONAL_B_SPLINE_CURVE((1.,0.5,1.,0.5,1.,0.5,1.)) REPRESENTATION_ITEM(
  '') );
#12827 = CARTESIAN_POINT('',(6.8,4.95));
#12828 = CARTESIAN_POINT('',(8.965063509461,4.95));
#12829 = CARTESIAN_POINT('',(7.882531754731,3.075));
#12830 = CARTESIAN_POINT('',(6.8,1.2));
#12831 = CARTESIAN_POINT('',(5.717468245269,3.075));
#12832 = CARTESIAN_POINT('',(4.634936490539,4.95));
#12833 = CARTESIAN_POINT('',(6.8,4.95));
#12834 = ( GEOMETRIC_REPRESENTATION_CONTEXT(2) 
PARAMETRIC_REPRESENTATION_CONTEXT() REPRESENTATION_CONTEXT('2D SPACE',''
  ) );
#12835 = PCURVE('',#12836,#12841);
#12836 = CYLINDRICAL_SURFACE('',#12837,1.25);
#12837 = AXIS2_PLACEMENT_3D('',#12838,#12839,#12840);
#12838 = CARTESIAN_POINT('',(49.7,-10.,118.8));
#12839 = DIRECTION('',(0.,-1.,0.));
#12840 = DIRECTION('',(1.,0.,0.));
#12841 = DEFINITIONAL_REPRESENTATION('',(#12842),#12846);
#12842 = LINE('',#12843,#12844);
#12843 = CARTESIAN_POINT('',(0.,-1.));
#12844 = VECTOR('',#12845,1.);
#12845 = DIRECTION('',(1.,0.));
#12846 = ( GEOMETRIC_REPRESENTATION_CONTEXT(2) 
PARAMETRIC_REPRESENTATION_CONTEXT() REPRESENTATION_CONTEXT('2D SPACE',''
  ) );
#12847 = ADVANCED_FACE('',(#12848,#12890),#10443,.F.);
#12848 = FACE_BOUND('',#12849,.F.);
#12849 = EDGE_LOOP('',(#12850,#12851,#12871,#12889));
#12850 = ORIENTED_EDGE('',*,*,#10425,.F.);
#12851 = ORIENTED_EDGE('',*,*,#12852,.T.);
#12852 = EDGE_CURVE('',#10426,#12853,#12855,.T.);
#12853 = VERTEX_POINT('',#12854);
#12854 = CARTESIAN_POINT('',(-53.51,-9.,113.997));
#12855 = SURFACE_CURVE('',#12856,(#12859,#12865),.PCURVE_S1.);
#12856 = B_SPLINE_CURVE_WITH_KNOTS('',1,(#12857,#12858),.UNSPECIFIED.,
  .F.,.F.,(2,2),(0.,1.),.PIECEWISE_BEZIER_KNOTS.);
#12857 = CARTESIAN_POINT('',(-46.,-9.,113.997));
#12858 = CARTESIAN_POINT('',(-53.51,-9.,113.997));
#12859 = PCURVE('',#10443,#12860);
#12860 = DEFINITIONAL_REPRESENTATION('',(#12861),#12864);
#12861 = B_SPLINE_CURVE_WITH_KNOTS('',1,(#12862,#12863),.UNSPECIFIED.,
  .F.,.F.,(2,2),(0.,1.),.PIECEWISE_BEZIER_KNOTS.);
#12862 = CARTESIAN_POINT('',(1.997,13.));
#12863 = CARTESIAN_POINT('',(1.997,5.49));
#12864 = ( GEOMETRIC_REPRESENTATION_CONTEXT(2) 
PARAMETRIC_REPRESENTATION_CONTEXT() REPRESENTATION_CONTEXT('2D SPACE',''
  ) );
#12865 = PCURVE('',#10493,#12866);
#12866 = DEFINITIONAL_REPRESENTATION('',(#12867),#12870);
#12867 = B_SPLINE_CURVE_WITH_KNOTS('',1,(#12868,#12869),.UNSPECIFIED.,
  .F.,.F.,(2,2),(0.,1.),.PIECEWISE_BEZIER_KNOTS.);
#12868 = CARTESIAN_POINT('',(8.210334516913,2.E-03));
#12869 = CARTESIAN_POINT('',(0.,2.E-03));
#12870 = ( GEOMETRIC_REPRESENTATION_CONTEXT(2) 
PARAMETRIC_REPRESENTATION_CONTEXT() REPRESENTATION_CONTEXT('2D SPACE',''
  ) );
#12871 = ORIENTED_EDGE('',*,*,#12872,.T.);
#12872 = EDGE_CURVE('',#12853,#11765,#12873,.T.);
#12873 = SURFACE_CURVE('',#12874,(#12877,#12883),.PCURVE_S1.);
#12874 = B_SPLINE_CURVE_WITH_KNOTS('',1,(#12875,#12876),.UNSPECIFIED.,
  .F.,.F.,(2,2),(0.,1.),.PIECEWISE_BEZIER_KNOTS.);
#12875 = CARTESIAN_POINT('',(-53.51,-9.,113.997));
#12876 = CARTESIAN_POINT('',(-53.51,-9.,125.));
#12877 = PCURVE('',#10443,#12878);
#12878 = DEFINITIONAL_REPRESENTATION('',(#12879),#12882);
#12879 = B_SPLINE_CURVE_WITH_KNOTS('',1,(#12880,#12881),.UNSPECIFIED.,
  .F.,.F.,(2,2),(0.,1.),.PIECEWISE_BEZIER_KNOTS.);
#12880 = CARTESIAN_POINT('',(1.997,5.49));
#12881 = CARTESIAN_POINT('',(13.,5.49));
#12882 = ( GEOMETRIC_REPRESENTATION_CONTEXT(2) 
PARAMETRIC_REPRESENTATION_CONTEXT() REPRESENTATION_CONTEXT('2D SPACE',''
  ) );
#12883 = PCURVE('',#11790,#12884);
#12884 = DEFINITIONAL_REPRESENTATION('',(#12885),#12888);
#12885 = B_SPLINE_CURVE_WITH_KNOTS('',1,(#12886,#12887),.UNSPECIFIED.,
  .F.,.F.,(2,2),(0.,1.),.PIECEWISE_BEZIER_KNOTS.);
#12886 = CARTESIAN_POINT('',(81.,2.E-03));
#12887 = CARTESIAN_POINT('',(69.039093849395,2.E-03));
#12888 = ( GEOMETRIC_REPRESENTATION_CONTEXT(2) 
PARAMETRIC_REPRESENTATION_CONTEXT() REPRESENTATION_CONTEXT('2D SPACE',''
  ) );
#12889 = ORIENTED_EDGE('',*,*,#11807,.T.);
#12890 = FACE_BOUND('',#12891,.F.);
#12891 = EDGE_LOOP('',(#12892));
#12892 = ORIENTED_EDGE('',*,*,#12893,.T.);
#12893 = EDGE_CURVE('',#12894,#12894,#12896,.T.);
#12894 = VERTEX_POINT('',#12895);
#12895 = CARTESIAN_POINT('',(-48.45,-9.,118.8));
#12896 = SURFACE_CURVE('',#12897,(#12902,#12913),.PCURVE_S1.);
#12897 = CIRCLE('',#12898,1.25);
#12898 = AXIS2_PLACEMENT_3D('',#12899,#12900,#12901);
#12899 = CARTESIAN_POINT('',(-49.7,-9.,118.8));
#12900 = DIRECTION('',(0.,-1.,0.));
#12901 = DIRECTION('',(1.,0.,0.));
#12902 = PCURVE('',#10443,#12903);
#12903 = DEFINITIONAL_REPRESENTATION('',(#12904),#12912);
#12904 = ( BOUNDED_CURVE() B_SPLINE_CURVE(2,(#12905,#12906,#12907,#12908
    ,#12909,#12910,#12911),.UNSPECIFIED.,.T.,.F.) 
B_SPLINE_CURVE_WITH_KNOTS((1,2,2,2,2,1),(-2.094395102393,0.,
    2.094395102393,4.188790204786,6.28318530718,8.377580409573),
.UNSPECIFIED.) CURVE() GEOMETRIC_REPRESENTATION_ITEM() 
RATIONAL_B_SPLINE_CURVE((1.,0.5,1.,0.5,1.,0.5,1.)) REPRESENTATION_ITEM(
  '') );
#12905 = CARTESIAN_POINT('',(6.8,10.55));
#12906 = CARTESIAN_POINT('',(8.965063509461,10.55));
#12907 = CARTESIAN_POINT('',(7.882531754731,8.675));
#12908 = CARTESIAN_POINT('',(6.8,6.8));
#12909 = CARTESIAN_POINT('',(5.717468245269,8.675));
#12910 = CARTESIAN_POINT('',(4.634936490539,10.55));
#12911 = CARTESIAN_POINT('',(6.8,10.55));
#12912 = ( GEOMETRIC_REPRESENTATION_CONTEXT(2) 
PARAMETRIC_REPRESENTATION_CONTEXT() REPRESENTATION_CONTEXT('2D SPACE',''
  ) );
#12913 = PCURVE('',#12914,#12919);
#12914 = CYLINDRICAL_SURFACE('',#12915,1.25);
#12915 = AXIS2_PLACEMENT_3D('',#12916,#12917,#12918);
#12916 = CARTESIAN_POINT('',(-49.7,-10.,118.8));
#12917 = DIRECTION('',(0.,-1.,0.));
#12918 = DIRECTION('',(1.,0.,0.));
#12919 = DEFINITIONAL_REPRESENTATION('',(#12920),#12924);
#12920 = LINE('',#12921,#12922);
#12921 = CARTESIAN_POINT('',(0.,-1.));
#12922 = VECTOR('',#12923,1.);
#12923 = DIRECTION('',(1.,0.));
#12924 = ( GEOMETRIC_REPRESENTATION_CONTEXT(2) 
PARAMETRIC_REPRESENTATION_CONTEXT() REPRESENTATION_CONTEXT('2D SPACE',''
  ) );
#12925 = ADVANCED_FACE('',(#12926),#10493,.T.);
#12926 = FACE_BOUND('',#12927,.T.);
#12927 = EDGE_LOOP('',(#12928,#12950,#12970,#12971,#12972,#12973,#12974,
    #12975));
#12928 = ORIENTED_EDGE('',*,*,#12929,.F.);
#12929 = EDGE_CURVE('',#12930,#12853,#12932,.T.);
#12930 = VERTEX_POINT('',#12931);
#12931 = CARTESIAN_POINT('',(-53.5,-9.01,114.));
#12932 = SURFACE_CURVE('',#12933,(#12936,#12943),.PCURVE_S1.);
#12933 = B_SPLINE_CURVE_WITH_KNOTS('',1,(#12934,#12935),.UNSPECIFIED.,
  .F.,.F.,(2,2),(0.,1.),.PIECEWISE_BEZIER_KNOTS.);
#12934 = CARTESIAN_POINT('',(-53.5,-9.01,114.));
#12935 = CARTESIAN_POINT('',(-58.5,-4.01,112.5));
#12936 = PCURVE('',#10493,#12937);
#12937 = DEFINITIONAL_REPRESENTATION('',(#12938),#12942);
#12938 = LINE('',#12939,#12940);
#12939 = CARTESIAN_POINT('',(0.,0.));
#12940 = VECTOR('',#12941,1.);
#12941 = DIRECTION('',(0.,1.));
#12942 = ( GEOMETRIC_REPRESENTATION_CONTEXT(2) 
PARAMETRIC_REPRESENTATION_CONTEXT() REPRESENTATION_CONTEXT('2D SPACE',''
  ) );
#12943 = PCURVE('',#11790,#12944);
#12944 = DEFINITIONAL_REPRESENTATION('',(#12945),#12949);
#12945 = LINE('',#12946,#12947);
#12946 = CARTESIAN_POINT('',(81.,0.));
#12947 = VECTOR('',#12948,1.);
#12948 = DIRECTION('',(0.,1.));
#12949 = ( GEOMETRIC_REPRESENTATION_CONTEXT(2) 
PARAMETRIC_REPRESENTATION_CONTEXT() REPRESENTATION_CONTEXT('2D SPACE',''
  ) );
#12950 = ORIENTED_EDGE('',*,*,#12951,.T.);
#12951 = EDGE_CURVE('',#12930,#12723,#12952,.T.);
#12952 = SURFACE_CURVE('',#12953,(#12957,#12963),.PCURVE_S1.);
#12953 = LINE('',#12954,#12955);
#12954 = CARTESIAN_POINT('',(-53.5,-9.01,114.));
#12955 = VECTOR('',#12956,1.);
#12956 = DIRECTION('',(1.,0.,0.));
#12957 = PCURVE('',#10493,#12958);
#12958 = DEFINITIONAL_REPRESENTATION('',(#12959),#12962);
#12959 = B_SPLINE_CURVE_WITH_KNOTS('',1,(#12960,#12961),.UNSPECIFIED.,
  .F.,.F.,(2,2),(0.,107.),.PIECEWISE_BEZIER_KNOTS.);
#12960 = CARTESIAN_POINT('',(0.,0.));
#12961 = CARTESIAN_POINT('',(117.,0.));
#12962 = ( GEOMETRIC_REPRESENTATION_CONTEXT(2) 
PARAMETRIC_REPRESENTATION_CONTEXT() REPRESENTATION_CONTEXT('2D SPACE',''
  ) );
#12963 = PCURVE('',#12285,#12964);
#12964 = DEFINITIONAL_REPRESENTATION('',(#12965),#12969);
#12965 = LINE('',#12966,#12967);
#12966 = CARTESIAN_POINT('',(0.,3.99));
#12967 = VECTOR('',#12968,1.);
#12968 = DIRECTION('',(1.,0.));
#12969 = ( GEOMETRIC_REPRESENTATION_CONTEXT(2) 
PARAMETRIC_REPRESENTATION_CONTEXT() REPRESENTATION_CONTEXT('2D SPACE',''
  ) );
#12970 = ORIENTED_EDGE('',*,*,#12722,.T.);
#12971 = ORIENTED_EDGE('',*,*,#12792,.T.);
#12972 = ORIENTED_EDGE('',*,*,#10954,.T.);
#12973 = ORIENTED_EDGE('',*,*,#11035,.T.);
#12974 = ORIENTED_EDGE('',*,*,#10455,.F.);
#12975 = ORIENTED_EDGE('',*,*,#12852,.T.);
#12976 = ADVANCED_FACE('',(#12977),#10678,.F.);
#12977 = FACE_BOUND('',#12978,.F.);
#12978 = EDGE_LOOP('',(#12979,#12980,#12981,#12982));
#12979 = ORIENTED_EDGE('',*,*,#10753,.T.);
#12980 = ORIENTED_EDGE('',*,*,#10662,.T.);
#12981 = ORIENTED_EDGE('',*,*,#10885,.F.);
#12982 = ORIENTED_EDGE('',*,*,#10802,.F.);
#12983 = ADVANCED_FACE('',(#12984),#10736,.F.);
#12984 = FACE_BOUND('',#12985,.T.);
#12985 = EDGE_LOOP('',(#12986,#13019,#13040,#13041));
#12986 = ORIENTED_EDGE('',*,*,#12987,.T.);
#12987 = EDGE_CURVE('',#12988,#12988,#12990,.T.);
#12988 = VERTEX_POINT('',#12989);
#12989 = CARTESIAN_POINT('',(42.6,6.1,142.7));
#12990 = SURFACE_CURVE('',#12991,(#12996,#13003),.PCURVE_S1.);
#12991 = CIRCLE('',#12992,1.7);
#12992 = AXIS2_PLACEMENT_3D('',#12993,#12994,#12995);
#12993 = CARTESIAN_POINT('',(42.6,4.4,142.7));
#12994 = DIRECTION('',(-1.,0.,0.));
#12995 = DIRECTION('',(0.,1.,0.));
#12996 = PCURVE('',#10736,#12997);
#12997 = DEFINITIONAL_REPRESENTATION('',(#12998),#13002);
#12998 = LINE('',#12999,#13000);
#12999 = CARTESIAN_POINT('',(-6.28318530718,-0.8));
#13000 = VECTOR('',#13001,1.);
#13001 = DIRECTION('',(1.,-0.));
#13002 = ( GEOMETRIC_REPRESENTATION_CONTEXT(2) 
PARAMETRIC_REPRESENTATION_CONTEXT() REPRESENTATION_CONTEXT('2D SPACE',''
  ) );
#13003 = PCURVE('',#13004,#13009);
#13004 = PLANE('',#13005);
#13005 = AXIS2_PLACEMENT_3D('',#13006,#13007,#13008);
#13006 = CARTESIAN_POINT('',(42.6,4.4,142.7));
#13007 = DIRECTION('',(1.,0.,0.));
#13008 = DIRECTION('',(-0.,0.,1.));
#13009 = DEFINITIONAL_REPRESENTATION('',(#13010),#13018);
#13010 = ( BOUNDED_CURVE() B_SPLINE_CURVE(2,(#13011,#13012,#13013,#13014
    ,#13015,#13016,#13017),.UNSPECIFIED.,.T.,.F.) 
B_SPLINE_CURVE_WITH_KNOTS((1,2,2,2,2,1),(-2.094395102393,0.,
    2.094395102393,4.188790204786,6.28318530718,8.377580409573),
.UNSPECIFIED.) CURVE() GEOMETRIC_REPRESENTATION_ITEM() 
RATIONAL_B_SPLINE_CURVE((1.,0.5,1.,0.5,1.,0.5,1.)) REPRESENTATION_ITEM(
  '') );
#13011 = CARTESIAN_POINT('',(0.,-1.7));
#13012 = CARTESIAN_POINT('',(-2.944486372867,-1.7));
#13013 = CARTESIAN_POINT('',(-1.472243186434,0.85));
#13014 = CARTESIAN_POINT('',(-4.163799117101E-16,3.4));
#13015 = CARTESIAN_POINT('',(1.472243186434,0.85));
#13016 = CARTESIAN_POINT('',(2.944486372867,-1.7));
#13017 = CARTESIAN_POINT('',(0.,-1.7));
#13018 = ( GEOMETRIC_REPRESENTATION_CONTEXT(2) 
PARAMETRIC_REPRESENTATION_CONTEXT() REPRESENTATION_CONTEXT('2D SPACE',''
  ) );
#13019 = ORIENTED_EDGE('',*,*,#13020,.T.);
#13020 = EDGE_CURVE('',#12988,#10716,#13021,.T.);
#13021 = SEAM_CURVE('',#13022,(#13026,#13033),.PCURVE_S1.);
#13022 = LINE('',#13023,#13024);
#13023 = CARTESIAN_POINT('',(41.8,6.1,142.7));
#13024 = VECTOR('',#13025,1.);
#13025 = DIRECTION('',(1.,0.,0.));
#13026 = PCURVE('',#10736,#13027);
#13027 = DEFINITIONAL_REPRESENTATION('',(#13028),#13032);
#13028 = LINE('',#13029,#13030);
#13029 = CARTESIAN_POINT('',(-6.28318530718,0.));
#13030 = VECTOR('',#13031,1.);
#13031 = DIRECTION('',(-0.,-1.));
#13032 = ( GEOMETRIC_REPRESENTATION_CONTEXT(2) 
PARAMETRIC_REPRESENTATION_CONTEXT() REPRESENTATION_CONTEXT('2D SPACE',''
  ) );
#13033 = PCURVE('',#10736,#13034);
#13034 = DEFINITIONAL_REPRESENTATION('',(#13035),#13039);
#13035 = LINE('',#13036,#13037);
#13036 = CARTESIAN_POINT('',(-0.,0.));
#13037 = VECTOR('',#13038,1.);
#13038 = DIRECTION('',(-0.,-1.));
#13039 = ( GEOMETRIC_REPRESENTATION_CONTEXT(2) 
PARAMETRIC_REPRESENTATION_CONTEXT() REPRESENTATION_CONTEXT('2D SPACE',''
  ) );
#13040 = ORIENTED_EDGE('',*,*,#10715,.F.);
#13041 = ORIENTED_EDGE('',*,*,#13020,.F.);
#13042 = ADVANCED_FACE('',(#13043),#10869,.T.);
#13043 = FACE_BOUND('',#13044,.F.);
#13044 = EDGE_LOOP('',(#13045,#13069,#13090,#13091));
#13045 = ORIENTED_EDGE('',*,*,#13046,.F.);
#13046 = EDGE_CURVE('',#13047,#13047,#13049,.T.);
#13047 = VERTEX_POINT('',#13048);
#13048 = CARTESIAN_POINT('',(42.6,7.4,142.7));
#13049 = SURFACE_CURVE('',#13050,(#13055,#13062),.PCURVE_S1.);
#13050 = CIRCLE('',#13051,3.);
#13051 = AXIS2_PLACEMENT_3D('',#13052,#13053,#13054);
#13052 = CARTESIAN_POINT('',(42.6,4.4,142.7));
#13053 = DIRECTION('',(1.,0.,0.));
#13054 = DIRECTION('',(0.,1.,0.));
#13055 = PCURVE('',#10869,#13056);
#13056 = DEFINITIONAL_REPRESENTATION('',(#13057),#13061);
#13057 = LINE('',#13058,#13059);
#13058 = CARTESIAN_POINT('',(-0.,0.));
#13059 = VECTOR('',#13060,1.);
#13060 = DIRECTION('',(-1.,0.));
#13061 = ( GEOMETRIC_REPRESENTATION_CONTEXT(2) 
PARAMETRIC_REPRESENTATION_CONTEXT() REPRESENTATION_CONTEXT('2D SPACE',''
  ) );
#13062 = PCURVE('',#13004,#13063);
#13063 = DEFINITIONAL_REPRESENTATION('',(#13064),#13068);
#13064 = CIRCLE('',#13065,3.);
#13065 = AXIS2_PLACEMENT_2D('',#13066,#13067);
#13066 = CARTESIAN_POINT('',(0.,0.));
#13067 = DIRECTION('',(0.,-1.));
#13068 = ( GEOMETRIC_REPRESENTATION_CONTEXT(2) 
PARAMETRIC_REPRESENTATION_CONTEXT() REPRESENTATION_CONTEXT('2D SPACE',''
  ) );
#13069 = ORIENTED_EDGE('',*,*,#13070,.T.);
#13070 = EDGE_CURVE('',#13047,#10849,#13071,.T.);
#13071 = SEAM_CURVE('',#13072,(#13076,#13083),.PCURVE_S1.);
#13072 = LINE('',#13073,#13074);
#13073 = CARTESIAN_POINT('',(42.6,7.4,142.7));
#13074 = VECTOR('',#13075,1.);
#13075 = DIRECTION('',(1.,0.,0.));
#13076 = PCURVE('',#10869,#13077);
#13077 = DEFINITIONAL_REPRESENTATION('',(#13078),#13082);
#13078 = LINE('',#13079,#13080);
#13079 = CARTESIAN_POINT('',(-6.28318530718,0.));
#13080 = VECTOR('',#13081,1.);
#13081 = DIRECTION('',(-0.,-1.));
#13082 = ( GEOMETRIC_REPRESENTATION_CONTEXT(2) 
PARAMETRIC_REPRESENTATION_CONTEXT() REPRESENTATION_CONTEXT('2D SPACE',''
  ) );
#13083 = PCURVE('',#10869,#13084);
#13084 = DEFINITIONAL_REPRESENTATION('',(#13085),#13089);
#13085 = LINE('',#13086,#13087);
#13086 = CARTESIAN_POINT('',(-0.,0.));
#13087 = VECTOR('',#13088,1.);
#13088 = DIRECTION('',(-0.,-1.));
#13089 = ( GEOMETRIC_REPRESENTATION_CONTEXT(2) 
PARAMETRIC_REPRESENTATION_CONTEXT() REPRESENTATION_CONTEXT('2D SPACE',''
  ) );
#13090 = ORIENTED_EDGE('',*,*,#10848,.F.);
#13091 = ORIENTED_EDGE('',*,*,#13070,.F.);
#13092 = ADVANCED_FACE('',(#13093),#11120,.T.);
#13093 = FACE_BOUND('',#13094,.T.);
#13094 = EDGE_LOOP('',(#13095,#13096,#13097,#13118));
#13095 = ORIENTED_EDGE('',*,*,#11106,.F.);
#13096 = ORIENTED_EDGE('',*,*,#11241,.T.);
#13097 = ORIENTED_EDGE('',*,*,#13098,.T.);
#13098 = EDGE_CURVE('',#11242,#11138,#13099,.T.);
#13099 = SURFACE_CURVE('',#13100,(#13104,#13111),.PCURVE_S1.);
#13100 = LINE('',#13101,#13102);
#13101 = CARTESIAN_POINT('',(-23.2,99.4,118.5));
#13102 = VECTOR('',#13103,1.);
#13103 = DIRECTION('',(0.,1.,0.));
#13104 = PCURVE('',#11120,#13105);
#13105 = DEFINITIONAL_REPRESENTATION('',(#13106),#13110);
#13106 = LINE('',#13107,#13108);
#13107 = CARTESIAN_POINT('',(1.6,0.));
#13108 = VECTOR('',#13109,1.);
#13109 = DIRECTION('',(0.,1.));
#13110 = ( GEOMETRIC_REPRESENTATION_CONTEXT(2) 
PARAMETRIC_REPRESENTATION_CONTEXT() REPRESENTATION_CONTEXT('2D SPACE',''
  ) );
#13111 = PCURVE('',#11176,#13112);
#13112 = DEFINITIONAL_REPRESENTATION('',(#13113),#13117);
#13113 = LINE('',#13114,#13115);
#13114 = CARTESIAN_POINT('',(6.,0.));
#13115 = VECTOR('',#13116,1.);
#13116 = DIRECTION('',(0.,-1.));
#13117 = ( GEOMETRIC_REPRESENTATION_CONTEXT(2) 
PARAMETRIC_REPRESENTATION_CONTEXT() REPRESENTATION_CONTEXT('2D SPACE',''
  ) );
#13118 = ORIENTED_EDGE('',*,*,#11137,.F.);
#13119 = ADVANCED_FACE('',(#13120),#11176,.T.);
#13120 = FACE_BOUND('',#13121,.T.);
#13121 = EDGE_LOOP('',(#13122,#13123,#13144,#13145));
#13122 = ORIENTED_EDGE('',*,*,#11264,.F.);
#13123 = ORIENTED_EDGE('',*,*,#13124,.T.);
#13124 = EDGE_CURVE('',#11265,#11161,#13125,.T.);
#13125 = SURFACE_CURVE('',#13126,(#13130,#13137),.PCURVE_S1.);
#13126 = LINE('',#13127,#13128);
#13127 = CARTESIAN_POINT('',(-23.2,99.4,115.));
#13128 = VECTOR('',#13129,1.);
#13129 = DIRECTION('',(0.,1.,0.));
#13130 = PCURVE('',#11176,#13131);
#13131 = DEFINITIONAL_REPRESENTATION('',(#13132),#13136);
#13132 = LINE('',#13133,#13134);
#13133 = CARTESIAN_POINT('',(2.5,0.));
#13134 = VECTOR('',#13135,1.);
#13135 = DIRECTION('',(0.,-1.));
#13136 = ( GEOMETRIC_REPRESENTATION_CONTEXT(2) 
PARAMETRIC_REPRESENTATION_CONTEXT() REPRESENTATION_CONTEXT('2D SPACE',''
  ) );
#13137 = PCURVE('',#11204,#13138);
#13138 = DEFINITIONAL_REPRESENTATION('',(#13139),#13143);
#13139 = LINE('',#13140,#13141);
#13140 = CARTESIAN_POINT('',(0.,0.));
#13141 = VECTOR('',#13142,1.);
#13142 = DIRECTION('',(0.,1.));
#13143 = ( GEOMETRIC_REPRESENTATION_CONTEXT(2) 
PARAMETRIC_REPRESENTATION_CONTEXT() REPRESENTATION_CONTEXT('2D SPACE',''
  ) );
#13144 = ORIENTED_EDGE('',*,*,#11160,.T.);
#13145 = ORIENTED_EDGE('',*,*,#13098,.F.);
#13146 = ADVANCED_FACE('',(#13147),#11204,.T.);
#13147 = FACE_BOUND('',#13148,.T.);
#13148 = EDGE_LOOP('',(#13149,#13150,#13151,#13152));
#13149 = ORIENTED_EDGE('',*,*,#13124,.F.);
#13150 = ORIENTED_EDGE('',*,*,#11287,.T.);
#13151 = ORIENTED_EDGE('',*,*,#11360,.T.);
#13152 = ORIENTED_EDGE('',*,*,#11188,.F.);
#13153 = ADVANCED_FACE('',(#13154),#11467,.T.);
#13154 = FACE_BOUND('',#13155,.T.);
#13155 = EDGE_LOOP('',(#13156,#13157,#13158,#13179));
#13156 = ORIENTED_EDGE('',*,*,#11453,.F.);
#13157 = ORIENTED_EDGE('',*,*,#11483,.T.);
#13158 = ORIENTED_EDGE('',*,*,#13159,.T.);
#13159 = EDGE_CURVE('',#11484,#11639,#13160,.T.);
#13160 = SURFACE_CURVE('',#13161,(#13165,#13172),.PCURVE_S1.);
#13161 = LINE('',#13162,#13163);
#13162 = CARTESIAN_POINT('',(23.2,99.4,115.));
#13163 = VECTOR('',#13164,1.);
#13164 = DIRECTION('',(0.,1.,0.));
#13165 = PCURVE('',#11467,#13166);
#13166 = DEFINITIONAL_REPRESENTATION('',(#13167),#13171);
#13167 = LINE('',#13168,#13169);
#13168 = CARTESIAN_POINT('',(1.8,0.));
#13169 = VECTOR('',#13170,1.);
#13170 = DIRECTION('',(0.,1.));
#13171 = ( GEOMETRIC_REPRESENTATION_CONTEXT(2) 
PARAMETRIC_REPRESENTATION_CONTEXT() REPRESENTATION_CONTEXT('2D SPACE',''
  ) );
#13172 = PCURVE('',#11522,#13173);
#13173 = DEFINITIONAL_REPRESENTATION('',(#13174),#13178);
#13174 = LINE('',#13175,#13176);
#13175 = CARTESIAN_POINT('',(2.5,0.));
#13176 = VECTOR('',#13177,1.);
#13177 = DIRECTION('',(0.,-1.));
#13178 = ( GEOMETRIC_REPRESENTATION_CONTEXT(2) 
PARAMETRIC_REPRESENTATION_CONTEXT() REPRESENTATION_CONTEXT('2D SPACE',''
  ) );
#13179 = ORIENTED_EDGE('',*,*,#11638,.F.);
#13180 = ADVANCED_FACE('',(#13181),#11522,.F.);
#13181 = FACE_BOUND('',#13182,.F.);
#13182 = EDGE_LOOP('',(#13183,#13184,#13185,#13186));
#13183 = ORIENTED_EDGE('',*,*,#11506,.F.);
#13184 = ORIENTED_EDGE('',*,*,#13159,.T.);
#13185 = ORIENTED_EDGE('',*,*,#11661,.T.);
#13186 = ORIENTED_EDGE('',*,*,#13187,.F.);
#13187 = EDGE_CURVE('',#11507,#11662,#13188,.T.);
#13188 = SURFACE_CURVE('',#13189,(#13193,#13200),.PCURVE_S1.);
#13189 = LINE('',#13190,#13191);
#13190 = CARTESIAN_POINT('',(23.2,99.4,118.5));
#13191 = VECTOR('',#13192,1.);
#13192 = DIRECTION('',(0.,1.,0.));
#13193 = PCURVE('',#11522,#13194);
#13194 = DEFINITIONAL_REPRESENTATION('',(#13195),#13199);
#13195 = LINE('',#13196,#13197);
#13196 = CARTESIAN_POINT('',(6.,0.));
#13197 = VECTOR('',#13198,1.);
#13198 = DIRECTION('',(0.,-1.));
#13199 = ( GEOMETRIC_REPRESENTATION_CONTEXT(2) 
PARAMETRIC_REPRESENTATION_CONTEXT() REPRESENTATION_CONTEXT('2D SPACE',''
  ) );
#13200 = PCURVE('',#11550,#13201);
#13201 = DEFINITIONAL_REPRESENTATION('',(#13202),#13206);
#13202 = LINE('',#13203,#13204);
#13203 = CARTESIAN_POINT('',(0.,0.));
#13204 = VECTOR('',#13205,1.);
#13205 = DIRECTION('',(0.,1.));
#13206 = ( GEOMETRIC_REPRESENTATION_CONTEXT(2) 
PARAMETRIC_REPRESENTATION_CONTEXT() REPRESENTATION_CONTEXT('2D SPACE',''
  ) );
#13207 = ADVANCED_FACE('',(#13208),#11550,.T.);
#13208 = FACE_BOUND('',#13209,.T.);
#13209 = EDGE_LOOP('',(#13210,#13211,#13212,#13213));
#13210 = ORIENTED_EDGE('',*,*,#13187,.F.);
#13211 = ORIENTED_EDGE('',*,*,#11534,.T.);
#13212 = ORIENTED_EDGE('',*,*,#11612,.T.);
#13213 = ORIENTED_EDGE('',*,*,#11684,.F.);
#13214 = ADVANCED_FACE('',(#13215),#11790,.T.);
#13215 = FACE_BOUND('',#13216,.T.);
#13216 = EDGE_LOOP('',(#13217,#13218,#13238,#13239,#13240,#13241,#13242,
    #13243));
#13217 = ORIENTED_EDGE('',*,*,#12618,.F.);
#13218 = ORIENTED_EDGE('',*,*,#13219,.T.);
#13219 = EDGE_CURVE('',#12597,#12930,#13220,.T.);
#13220 = SURFACE_CURVE('',#13221,(#13225,#13231),.PCURVE_S1.);
#13221 = LINE('',#13222,#13223);
#13222 = CARTESIAN_POINT('',(-53.5,-9.01,188.5));
#13223 = VECTOR('',#13224,1.);
#13224 = DIRECTION('',(0.,0.,-1.));
#13225 = PCURVE('',#11790,#13226);
#13226 = DEFINITIONAL_REPRESENTATION('',(#13227),#13230);
#13227 = B_SPLINE_CURVE_WITH_KNOTS('',1,(#13228,#13229),.UNSPECIFIED.,
  .F.,.F.,(2,2),(0.,74.5),.PIECEWISE_BEZIER_KNOTS.);
#13228 = CARTESIAN_POINT('',(0.,0.));
#13229 = CARTESIAN_POINT('',(81.,0.));
#13230 = ( GEOMETRIC_REPRESENTATION_CONTEXT(2) 
PARAMETRIC_REPRESENTATION_CONTEXT() REPRESENTATION_CONTEXT('2D SPACE',''
  ) );
#13231 = PCURVE('',#12259,#13232);
#13232 = DEFINITIONAL_REPRESENTATION('',(#13233),#13237);
#13233 = LINE('',#13234,#13235);
#13234 = CARTESIAN_POINT('',(74.5,-3.99));
#13235 = VECTOR('',#13236,1.);
#13236 = DIRECTION('',(-1.,0.));
#13237 = ( GEOMETRIC_REPRESENTATION_CONTEXT(2) 
PARAMETRIC_REPRESENTATION_CONTEXT() REPRESENTATION_CONTEXT('2D SPACE',''
  ) );
#13238 = ORIENTED_EDGE('',*,*,#12929,.T.);
#13239 = ORIENTED_EDGE('',*,*,#12872,.T.);
#13240 = ORIENTED_EDGE('',*,*,#11764,.T.);
#13241 = ORIENTED_EDGE('',*,*,#11855,.T.);
#13242 = ORIENTED_EDGE('',*,*,#11898,.F.);
#13243 = ORIENTED_EDGE('',*,*,#12495,.T.);
#13244 = ADVANCED_FACE('',(#13245,#13248),#12025,.T.);
#13245 = FACE_BOUND('',#13246,.T.);
#13246 = EDGE_LOOP('',(#13247));
#13247 = ORIENTED_EDGE('',*,*,#12010,.T.);
#13248 = FACE_BOUND('',#13249,.T.);
#13249 = EDGE_LOOP('',(#13250));
#13250 = ORIENTED_EDGE('',*,*,#13251,.T.);
#13251 = EDGE_CURVE('',#13252,#13252,#13254,.T.);
#13252 = VERTEX_POINT('',#13253);
#13253 = CARTESIAN_POINT('',(-54.5,87.85,164.75));
#13254 = SURFACE_CURVE('',#13255,(#13260,#13271),.PCURVE_S1.);
#13255 = CIRCLE('',#13256,1.25);
#13256 = AXIS2_PLACEMENT_3D('',#13257,#13258,#13259);
#13257 = CARTESIAN_POINT('',(-54.5,86.6,164.75));
#13258 = DIRECTION('',(-1.,0.,0.));
#13259 = DIRECTION('',(0.,1.,0.));
#13260 = PCURVE('',#12025,#13261);
#13261 = DEFINITIONAL_REPRESENTATION('',(#13262),#13270);
#13262 = ( BOUNDED_CURVE() B_SPLINE_CURVE(2,(#13263,#13264,#13265,#13266
    ,#13267,#13268,#13269),.UNSPECIFIED.,.T.,.F.) 
B_SPLINE_CURVE_WITH_KNOTS((1,2,2,2,2,1),(-2.094395102393,0.,
    2.094395102393,4.188790204786,6.28318530718,8.377580409573),
.UNSPECIFIED.) CURVE() GEOMETRIC_REPRESENTATION_ITEM() 
RATIONAL_B_SPLINE_CURVE((1.,0.5,1.,0.5,1.,0.5,1.)) REPRESENTATION_ITEM(
  '') );
#13263 = CARTESIAN_POINT('',(0.,-1.25));
#13264 = CARTESIAN_POINT('',(-2.165063509461,-1.25));
#13265 = CARTESIAN_POINT('',(-1.082531754731,0.625));
#13266 = CARTESIAN_POINT('',(-3.061616997868E-16,2.5));
#13267 = CARTESIAN_POINT('',(1.082531754731,0.625));
#13268 = CARTESIAN_POINT('',(2.165063509461,-1.25));
#13269 = CARTESIAN_POINT('',(0.,-1.25));
#13270 = ( GEOMETRIC_REPRESENTATION_CONTEXT(2) 
PARAMETRIC_REPRESENTATION_CONTEXT() REPRESENTATION_CONTEXT('2D SPACE',''
  ) );
#13271 = PCURVE('',#13272,#13277);
#13272 = CYLINDRICAL_SURFACE('',#13273,1.25);
#13273 = AXIS2_PLACEMENT_3D('',#13274,#13275,#13276);
#13274 = CARTESIAN_POINT('',(-58.7,86.6,164.75));
#13275 = DIRECTION('',(-1.,-0.,-0.));
#13276 = DIRECTION('',(0.,1.,0.));
#13277 = DEFINITIONAL_REPRESENTATION('',(#13278),#13282);
#13278 = LINE('',#13279,#13280);
#13279 = CARTESIAN_POINT('',(-6.28318530718,-4.2));
#13280 = VECTOR('',#13281,1.);
#13281 = DIRECTION('',(1.,-0.));
#13282 = ( GEOMETRIC_REPRESENTATION_CONTEXT(2) 
PARAMETRIC_REPRESENTATION_CONTEXT() REPRESENTATION_CONTEXT('2D SPACE',''
  ) );
#13283 = ADVANCED_FACE('',(#13284,#13287),#12080,.T.);
#13284 = FACE_BOUND('',#13285,.T.);
#13285 = EDGE_LOOP('',(#13286));
#13286 = ORIENTED_EDGE('',*,*,#12065,.T.);
#13287 = FACE_BOUND('',#13288,.T.);
#13288 = EDGE_LOOP('',(#13289));
#13289 = ORIENTED_EDGE('',*,*,#13290,.T.);
#13290 = EDGE_CURVE('',#13291,#13291,#13293,.T.);
#13291 = VERTEX_POINT('',#13292);
#13292 = CARTESIAN_POINT('',(-54.5,34.35,164.75));
#13293 = SURFACE_CURVE('',#13294,(#13299,#13310),.PCURVE_S1.);
#13294 = CIRCLE('',#13295,1.25);
#13295 = AXIS2_PLACEMENT_3D('',#13296,#13297,#13298);
#13296 = CARTESIAN_POINT('',(-54.5,33.1,164.75));
#13297 = DIRECTION('',(-1.,0.,0.));
#13298 = DIRECTION('',(0.,1.,0.));
#13299 = PCURVE('',#12080,#13300);
#13300 = DEFINITIONAL_REPRESENTATION('',(#13301),#13309);
#13301 = ( BOUNDED_CURVE() B_SPLINE_CURVE(2,(#13302,#13303,#13304,#13305
    ,#13306,#13307,#13308),.UNSPECIFIED.,.T.,.F.) 
B_SPLINE_CURVE_WITH_KNOTS((1,2,2,2,2,1),(-2.094395102393,0.,
    2.094395102393,4.188790204786,6.28318530718,8.377580409573),
.UNSPECIFIED.) CURVE() GEOMETRIC_REPRESENTATION_ITEM() 
RATIONAL_B_SPLINE_CURVE((1.,0.5,1.,0.5,1.,0.5,1.)) REPRESENTATION_ITEM(
  '') );
#13302 = CARTESIAN_POINT('',(0.,-1.25));
#13303 = CARTESIAN_POINT('',(-2.165063509461,-1.25));
#13304 = CARTESIAN_POINT('',(-1.082531754731,0.625));
#13305 = CARTESIAN_POINT('',(-3.061616997868E-16,2.5));
#13306 = CARTESIAN_POINT('',(1.082531754731,0.625));
#13307 = CARTESIAN_POINT('',(2.165063509461,-1.25));
#13308 = CARTESIAN_POINT('',(0.,-1.25));
#13309 = ( GEOMETRIC_REPRESENTATION_CONTEXT(2) 
PARAMETRIC_REPRESENTATION_CONTEXT() REPRESENTATION_CONTEXT('2D SPACE',''
  ) );
#13310 = PCURVE('',#13311,#13316);
#13311 = CYLINDRICAL_SURFACE('',#13312,1.25);
#13312 = AXIS2_PLACEMENT_3D('',#13313,#13314,#13315);
#13313 = CARTESIAN_POINT('',(-58.7,33.1,164.75));
#13314 = DIRECTION('',(-1.,-0.,-0.));
#13315 = DIRECTION('',(0.,1.,0.));
#13316 = DEFINITIONAL_REPRESENTATION('',(#13317),#13321);
#13317 = LINE('',#13318,#13319);
#13318 = CARTESIAN_POINT('',(-6.28318530718,-4.2));
#13319 = VECTOR('',#13320,1.);
#13320 = DIRECTION('',(1.,-0.));
#13321 = ( GEOMETRIC_REPRESENTATION_CONTEXT(2) 
PARAMETRIC_REPRESENTATION_CONTEXT() REPRESENTATION_CONTEXT('2D SPACE',''
  ) );
#13322 = ADVANCED_FACE('',(#13323,#13326),#12135,.T.);
#13323 = FACE_BOUND('',#13324,.T.);
#13324 = EDGE_LOOP('',(#13325));
#13325 = ORIENTED_EDGE('',*,*,#12120,.T.);
#13326 = FACE_BOUND('',#13327,.T.);
#13327 = EDGE_LOOP('',(#13328));
#13328 = ORIENTED_EDGE('',*,*,#13329,.T.);
#13329 = EDGE_CURVE('',#13330,#13330,#13332,.T.);
#13330 = VERTEX_POINT('',#13331);
#13331 = CARTESIAN_POINT('',(-54.5,87.85,138.25));
#13332 = SURFACE_CURVE('',#13333,(#13338,#13349),.PCURVE_S1.);
#13333 = CIRCLE('',#13334,1.25);
#13334 = AXIS2_PLACEMENT_3D('',#13335,#13336,#13337);
#13335 = CARTESIAN_POINT('',(-54.5,86.6,138.25));
#13336 = DIRECTION('',(-1.,0.,0.));
#13337 = DIRECTION('',(0.,1.,0.));
#13338 = PCURVE('',#12135,#13339);
#13339 = DEFINITIONAL_REPRESENTATION('',(#13340),#13348);
#13340 = ( BOUNDED_CURVE() B_SPLINE_CURVE(2,(#13341,#13342,#13343,#13344
    ,#13345,#13346,#13347),.UNSPECIFIED.,.T.,.F.) 
B_SPLINE_CURVE_WITH_KNOTS((1,2,2,2,2,1),(-2.094395102393,0.,
    2.094395102393,4.188790204786,6.28318530718,8.377580409573),
.UNSPECIFIED.) CURVE() GEOMETRIC_REPRESENTATION_ITEM() 
RATIONAL_B_SPLINE_CURVE((1.,0.5,1.,0.5,1.,0.5,1.)) REPRESENTATION_ITEM(
  '') );
#13341 = CARTESIAN_POINT('',(0.,-1.25));
#13342 = CARTESIAN_POINT('',(-2.165063509461,-1.25));
#13343 = CARTESIAN_POINT('',(-1.082531754731,0.625));
#13344 = CARTESIAN_POINT('',(-3.061616997868E-16,2.5));
#13345 = CARTESIAN_POINT('',(1.082531754731,0.625));
#13346 = CARTESIAN_POINT('',(2.165063509461,-1.25));
#13347 = CARTESIAN_POINT('',(0.,-1.25));
#13348 = ( GEOMETRIC_REPRESENTATION_CONTEXT(2) 
PARAMETRIC_REPRESENTATION_CONTEXT() REPRESENTATION_CONTEXT('2D SPACE',''
  ) );
#13349 = PCURVE('',#13350,#13355);
#13350 = CYLINDRICAL_SURFACE('',#13351,1.25);
#13351 = AXIS2_PLACEMENT_3D('',#13352,#13353,#13354);
#13352 = CARTESIAN_POINT('',(-58.7,86.6,138.25));
#13353 = DIRECTION('',(-1.,-0.,-0.));
#13354 = DIRECTION('',(0.,1.,0.));
#13355 = DEFINITIONAL_REPRESENTATION('',(#13356),#13360);
#13356 = LINE('',#13357,#13358);
#13357 = CARTESIAN_POINT('',(-6.28318530718,-4.2));
#13358 = VECTOR('',#13359,1.);
#13359 = DIRECTION('',(1.,-0.));
#13360 = ( GEOMETRIC_REPRESENTATION_CONTEXT(2) 
PARAMETRIC_REPRESENTATION_CONTEXT() REPRESENTATION_CONTEXT('2D SPACE',''
  ) );
#13361 = ADVANCED_FACE('',(#13362,#13365),#12190,.T.);
#13362 = FACE_BOUND('',#13363,.T.);
#13363 = EDGE_LOOP('',(#13364));
#13364 = ORIENTED_EDGE('',*,*,#12175,.T.);
#13365 = FACE_BOUND('',#13366,.T.);
#13366 = EDGE_LOOP('',(#13367));
#13367 = ORIENTED_EDGE('',*,*,#13368,.T.);
#13368 = EDGE_CURVE('',#13369,#13369,#13371,.T.);
#13369 = VERTEX_POINT('',#13370);
#13370 = CARTESIAN_POINT('',(-54.5,34.35,138.25));
#13371 = SURFACE_CURVE('',#13372,(#13377,#13388),.PCURVE_S1.);
#13372 = CIRCLE('',#13373,1.25);
#13373 = AXIS2_PLACEMENT_3D('',#13374,#13375,#13376);
#13374 = CARTESIAN_POINT('',(-54.5,33.1,138.25));
#13375 = DIRECTION('',(-1.,0.,0.));
#13376 = DIRECTION('',(0.,1.,0.));
#13377 = PCURVE('',#12190,#13378);
#13378 = DEFINITIONAL_REPRESENTATION('',(#13379),#13387);
#13379 = ( BOUNDED_CURVE() B_SPLINE_CURVE(2,(#13380,#13381,#13382,#13383
    ,#13384,#13385,#13386),.UNSPECIFIED.,.T.,.F.) 
B_SPLINE_CURVE_WITH_KNOTS((1,2,2,2,2,1),(-2.094395102393,0.,
    2.094395102393,4.188790204786,6.28318530718,8.377580409573),
.UNSPECIFIED.) CURVE() GEOMETRIC_REPRESENTATION_ITEM() 
RATIONAL_B_SPLINE_CURVE((1.,0.5,1.,0.5,1.,0.5,1.)) REPRESENTATION_ITEM(
  '') );
#13380 = CARTESIAN_POINT('',(0.,-1.25));
#13381 = CARTESIAN_POINT('',(-2.165063509461,-1.25));
#13382 = CARTESIAN_POINT('',(-1.082531754731,0.625));
#13383 = CARTESIAN_POINT('',(-3.061616997868E-16,2.5));
#13384 = CARTESIAN_POINT('',(1.082531754731,0.625));
#13385 = CARTESIAN_POINT('',(2.165063509461,-1.25));
#13386 = CARTESIAN_POINT('',(0.,-1.25));
#13387 = ( GEOMETRIC_REPRESENTATION_CONTEXT(2) 
PARAMETRIC_REPRESENTATION_CONTEXT() REPRESENTATION_CONTEXT('2D SPACE',''
  ) );
#13388 = PCURVE('',#13389,#13394);
#13389 = CYLINDRICAL_SURFACE('',#13390,1.25);
#13390 = AXIS2_PLACEMENT_3D('',#13391,#13392,#13393);
#13391 = CARTESIAN_POINT('',(-58.7,33.1,138.25));
#13392 = DIRECTION('',(-1.,-0.,-0.));
#13393 = DIRECTION('',(0.,1.,0.));
#13394 = DEFINITIONAL_REPRESENTATION('',(#13395),#13399);
#13395 = LINE('',#13396,#13397);
#13396 = CARTESIAN_POINT('',(-6.28318530718,-4.2));
#13397 = VECTOR('',#13398,1.);
#13398 = DIRECTION('',(1.,-0.));
#13399 = ( GEOMETRIC_REPRESENTATION_CONTEXT(2) 
PARAMETRIC_REPRESENTATION_CONTEXT() REPRESENTATION_CONTEXT('2D SPACE',''
  ) );
#13400 = ADVANCED_FACE('',(#13401),#12233,.F.);
#13401 = FACE_BOUND('',#13402,.F.);
#13402 = EDGE_LOOP('',(#13403,#13424,#13425,#13446));
#13403 = ORIENTED_EDGE('',*,*,#13404,.F.);
#13404 = EDGE_CURVE('',#12217,#12597,#13405,.T.);
#13405 = SURFACE_CURVE('',#13406,(#13410,#13417),.PCURVE_S1.);
#13406 = LINE('',#13407,#13408);
#13407 = CARTESIAN_POINT('',(-53.5,-13.,188.5));
#13408 = VECTOR('',#13409,1.);
#13409 = DIRECTION('',(0.,1.,0.));
#13410 = PCURVE('',#12233,#13411);
#13411 = DEFINITIONAL_REPRESENTATION('',(#13412),#13416);
#13412 = LINE('',#13413,#13414);
#13413 = CARTESIAN_POINT('',(0.,0.));
#13414 = VECTOR('',#13415,1.);
#13415 = DIRECTION('',(0.,1.));
#13416 = ( GEOMETRIC_REPRESENTATION_CONTEXT(2) 
PARAMETRIC_REPRESENTATION_CONTEXT() REPRESENTATION_CONTEXT('2D SPACE',''
  ) );
#13417 = PCURVE('',#12259,#13418);
#13418 = DEFINITIONAL_REPRESENTATION('',(#13419),#13423);
#13419 = LINE('',#13420,#13421);
#13420 = CARTESIAN_POINT('',(74.5,0.));
#13421 = VECTOR('',#13422,1.);
#13422 = DIRECTION('',(0.,-1.));
#13423 = ( GEOMETRIC_REPRESENTATION_CONTEXT(2) 
PARAMETRIC_REPRESENTATION_CONTEXT() REPRESENTATION_CONTEXT('2D SPACE',''
  ) );
#13424 = ORIENTED_EDGE('',*,*,#12216,.T.);
#13425 = ORIENTED_EDGE('',*,*,#13426,.T.);
#13426 = EDGE_CURVE('',#12219,#12573,#13427,.T.);
#13427 = SURFACE_CURVE('',#13428,(#13432,#13439),.PCURVE_S1.);
#13428 = LINE('',#13429,#13430);
#13429 = CARTESIAN_POINT('',(53.5,-13.,188.5));
#13430 = VECTOR('',#13431,1.);
#13431 = DIRECTION('',(0.,1.,0.));
#13432 = PCURVE('',#12233,#13433);
#13433 = DEFINITIONAL_REPRESENTATION('',(#13434),#13438);
#13434 = LINE('',#13435,#13436);
#13435 = CARTESIAN_POINT('',(107.,0.));
#13436 = VECTOR('',#13437,1.);
#13437 = DIRECTION('',(0.,1.));
#13438 = ( GEOMETRIC_REPRESENTATION_CONTEXT(2) 
PARAMETRIC_REPRESENTATION_CONTEXT() REPRESENTATION_CONTEXT('2D SPACE',''
  ) );
#13439 = PCURVE('',#12309,#13440);
#13440 = DEFINITIONAL_REPRESENTATION('',(#13441),#13445);
#13441 = LINE('',#13442,#13443);
#13442 = CARTESIAN_POINT('',(74.5,0.));
#13443 = VECTOR('',#13444,1.);
#13444 = DIRECTION('',(0.,-1.));
#13445 = ( GEOMETRIC_REPRESENTATION_CONTEXT(2) 
PARAMETRIC_REPRESENTATION_CONTEXT() REPRESENTATION_CONTEXT('2D SPACE',''
  ) );
#13446 = ORIENTED_EDGE('',*,*,#12596,.T.);
#13447 = ADVANCED_FACE('',(#13448),#12309,.F.);
#13448 = FACE_BOUND('',#13449,.F.);
#13449 = EDGE_LOOP('',(#13450,#13451,#13452,#13473));
#13450 = ORIENTED_EDGE('',*,*,#13426,.F.);
#13451 = ORIENTED_EDGE('',*,*,#12296,.T.);
#13452 = ORIENTED_EDGE('',*,*,#13453,.T.);
#13453 = EDGE_CURVE('',#12271,#12723,#13454,.T.);
#13454 = SURFACE_CURVE('',#13455,(#13459,#13466),.PCURVE_S1.);
#13455 = LINE('',#13456,#13457);
#13456 = CARTESIAN_POINT('',(53.5,-13.,114.));
#13457 = VECTOR('',#13458,1.);
#13458 = DIRECTION('',(0.,1.,0.));
#13459 = PCURVE('',#12309,#13460);
#13460 = DEFINITIONAL_REPRESENTATION('',(#13461),#13465);
#13461 = LINE('',#13462,#13463);
#13462 = CARTESIAN_POINT('',(0.,0.));
#13463 = VECTOR('',#13464,1.);
#13464 = DIRECTION('',(0.,-1.));
#13465 = ( GEOMETRIC_REPRESENTATION_CONTEXT(2) 
PARAMETRIC_REPRESENTATION_CONTEXT() REPRESENTATION_CONTEXT('2D SPACE',''
  ) );
#13466 = PCURVE('',#12285,#13467);
#13467 = DEFINITIONAL_REPRESENTATION('',(#13468),#13472);
#13468 = LINE('',#13469,#13470);
#13469 = CARTESIAN_POINT('',(107.,0.));
#13470 = VECTOR('',#13471,1.);
#13471 = DIRECTION('',(0.,1.));
#13472 = ( GEOMETRIC_REPRESENTATION_CONTEXT(2) 
PARAMETRIC_REPRESENTATION_CONTEXT() REPRESENTATION_CONTEXT('2D SPACE',''
  ) );
#13473 = ORIENTED_EDGE('',*,*,#12746,.T.);
#13474 = ADVANCED_FACE('',(#13475),#12285,.T.);
#13475 = FACE_BOUND('',#13476,.T.);
#13476 = EDGE_LOOP('',(#13477,#13498,#13499,#13500));
#13477 = ORIENTED_EDGE('',*,*,#13478,.F.);
#13478 = EDGE_CURVE('',#12245,#12930,#13479,.T.);
#13479 = SURFACE_CURVE('',#13480,(#13484,#13491),.PCURVE_S1.);
#13480 = LINE('',#13481,#13482);
#13481 = CARTESIAN_POINT('',(-53.5,-13.,114.));
#13482 = VECTOR('',#13483,1.);
#13483 = DIRECTION('',(0.,1.,0.));
#13484 = PCURVE('',#12285,#13485);
#13485 = DEFINITIONAL_REPRESENTATION('',(#13486),#13490);
#13486 = LINE('',#13487,#13488);
#13487 = CARTESIAN_POINT('',(0.,0.));
#13488 = VECTOR('',#13489,1.);
#13489 = DIRECTION('',(0.,1.));
#13490 = ( GEOMETRIC_REPRESENTATION_CONTEXT(2) 
PARAMETRIC_REPRESENTATION_CONTEXT() REPRESENTATION_CONTEXT('2D SPACE',''
  ) );
#13491 = PCURVE('',#12259,#13492);
#13492 = DEFINITIONAL_REPRESENTATION('',(#13493),#13497);
#13493 = LINE('',#13494,#13495);
#13494 = CARTESIAN_POINT('',(0.,0.));
#13495 = VECTOR('',#13496,1.);
#13496 = DIRECTION('',(0.,-1.));
#13497 = ( GEOMETRIC_REPRESENTATION_CONTEXT(2) 
PARAMETRIC_REPRESENTATION_CONTEXT() REPRESENTATION_CONTEXT('2D SPACE',''
  ) );
#13498 = ORIENTED_EDGE('',*,*,#12270,.T.);
#13499 = ORIENTED_EDGE('',*,*,#13453,.T.);
#13500 = ORIENTED_EDGE('',*,*,#12951,.F.);
#13501 = ADVANCED_FACE('',(#13502),#12259,.T.);
#13502 = FACE_BOUND('',#13503,.T.);
#13503 = EDGE_LOOP('',(#13504,#13505,#13506,#13507));
#13504 = ORIENTED_EDGE('',*,*,#13404,.F.);
#13505 = ORIENTED_EDGE('',*,*,#12244,.T.);
#13506 = ORIENTED_EDGE('',*,*,#13478,.T.);
#13507 = ORIENTED_EDGE('',*,*,#13219,.F.);
#13508 = ADVANCED_FACE('',(#13509),#12557,.F.);
#13509 = FACE_BOUND('',#13510,.F.);
#13510 = EDGE_LOOP('',(#13511,#13512,#13535,#13562));
#13511 = ORIENTED_EDGE('',*,*,#12536,.F.);
#13512 = ORIENTED_EDGE('',*,*,#13513,.T.);
#13513 = EDGE_CURVE('',#12537,#13514,#13516,.T.);
#13514 = VERTEX_POINT('',#13515);
#13515 = CARTESIAN_POINT('',(-48.45,5.,183.7));
#13516 = SEAM_CURVE('',#13517,(#13521,#13528),.PCURVE_S1.);
#13517 = LINE('',#13518,#13519);
#13518 = CARTESIAN_POINT('',(-48.45,-10.,183.7));
#13519 = VECTOR('',#13520,1.);
#13520 = DIRECTION('',(-0.,1.,-0.));
#13521 = PCURVE('',#12557,#13522);
#13522 = DEFINITIONAL_REPRESENTATION('',(#13523),#13527);
#13523 = LINE('',#13524,#13525);
#13524 = CARTESIAN_POINT('',(6.28318530718,0.));
#13525 = VECTOR('',#13526,1.);
#13526 = DIRECTION('',(0.,-1.));
#13527 = ( GEOMETRIC_REPRESENTATION_CONTEXT(2) 
PARAMETRIC_REPRESENTATION_CONTEXT() REPRESENTATION_CONTEXT('2D SPACE',''
  ) );
#13528 = PCURVE('',#12557,#13529);
#13529 = DEFINITIONAL_REPRESENTATION('',(#13530),#13534);
#13530 = LINE('',#13531,#13532);
#13531 = CARTESIAN_POINT('',(0.,0.));
#13532 = VECTOR('',#13533,1.);
#13533 = DIRECTION('',(0.,-1.));
#13534 = ( GEOMETRIC_REPRESENTATION_CONTEXT(2) 
PARAMETRIC_REPRESENTATION_CONTEXT() REPRESENTATION_CONTEXT('2D SPACE',''
  ) );
#13535 = ORIENTED_EDGE('',*,*,#13536,.T.);
#13536 = EDGE_CURVE('',#13514,#13514,#13537,.T.);
#13537 = SURFACE_CURVE('',#13538,(#13543,#13550),.PCURVE_S1.);
#13538 = CIRCLE('',#13539,1.25);
#13539 = AXIS2_PLACEMENT_3D('',#13540,#13541,#13542);
#13540 = CARTESIAN_POINT('',(-49.7,5.,183.7));
#13541 = DIRECTION('',(0.,-1.,0.));
#13542 = DIRECTION('',(1.,0.,0.));
#13543 = PCURVE('',#12557,#13544);
#13544 = DEFINITIONAL_REPRESENTATION('',(#13545),#13549);
#13545 = LINE('',#13546,#13547);
#13546 = CARTESIAN_POINT('',(0.,-15.));
#13547 = VECTOR('',#13548,1.);
#13548 = DIRECTION('',(1.,0.));
#13549 = ( GEOMETRIC_REPRESENTATION_CONTEXT(2) 
PARAMETRIC_REPRESENTATION_CONTEXT() REPRESENTATION_CONTEXT('2D SPACE',''
  ) );
#13550 = PCURVE('',#13551,#13556);
#13551 = PLANE('',#13552);
#13552 = AXIS2_PLACEMENT_3D('',#13553,#13554,#13555);
#13553 = CARTESIAN_POINT('',(-49.7,5.,183.7));
#13554 = DIRECTION('',(-0.,-1.,-0.));
#13555 = DIRECTION('',(0.,0.,-1.));
#13556 = DEFINITIONAL_REPRESENTATION('',(#13557),#13561);
#13557 = CIRCLE('',#13558,1.25);
#13558 = AXIS2_PLACEMENT_2D('',#13559,#13560);
#13559 = CARTESIAN_POINT('',(0.,0.));
#13560 = DIRECTION('',(0.,1.));
#13561 = ( GEOMETRIC_REPRESENTATION_CONTEXT(2) 
PARAMETRIC_REPRESENTATION_CONTEXT() REPRESENTATION_CONTEXT('2D SPACE',''
  ) );
#13562 = ORIENTED_EDGE('',*,*,#13513,.F.);
#13563 = ADVANCED_FACE('',(#13564),#12707,.F.);
#13564 = FACE_BOUND('',#13565,.F.);
#13565 = EDGE_LOOP('',(#13566,#13567,#13590,#13617));
#13566 = ORIENTED_EDGE('',*,*,#12686,.F.);
#13567 = ORIENTED_EDGE('',*,*,#13568,.T.);
#13568 = EDGE_CURVE('',#12687,#13569,#13571,.T.);
#13569 = VERTEX_POINT('',#13570);
#13570 = CARTESIAN_POINT('',(50.95,5.,183.7));
#13571 = SEAM_CURVE('',#13572,(#13576,#13583),.PCURVE_S1.);
#13572 = LINE('',#13573,#13574);
#13573 = CARTESIAN_POINT('',(50.95,-10.,183.7));
#13574 = VECTOR('',#13575,1.);
#13575 = DIRECTION('',(-0.,1.,-0.));
#13576 = PCURVE('',#12707,#13577);
#13577 = DEFINITIONAL_REPRESENTATION('',(#13578),#13582);
#13578 = LINE('',#13579,#13580);
#13579 = CARTESIAN_POINT('',(6.28318530718,0.));
#13580 = VECTOR('',#13581,1.);
#13581 = DIRECTION('',(0.,-1.));
#13582 = ( GEOMETRIC_REPRESENTATION_CONTEXT(2) 
PARAMETRIC_REPRESENTATION_CONTEXT() REPRESENTATION_CONTEXT('2D SPACE',''
  ) );
#13583 = PCURVE('',#12707,#13584);
#13584 = DEFINITIONAL_REPRESENTATION('',(#13585),#13589);
#13585 = LINE('',#13586,#13587);
#13586 = CARTESIAN_POINT('',(0.,0.));
#13587 = VECTOR('',#13588,1.);
#13588 = DIRECTION('',(0.,-1.));
#13589 = ( GEOMETRIC_REPRESENTATION_CONTEXT(2) 
PARAMETRIC_REPRESENTATION_CONTEXT() REPRESENTATION_CONTEXT('2D SPACE',''
  ) );
#13590 = ORIENTED_EDGE('',*,*,#13591,.T.);
#13591 = EDGE_CURVE('',#13569,#13569,#13592,.T.);
#13592 = SURFACE_CURVE('',#13593,(#13598,#13605),.PCURVE_S1.);
#13593 = CIRCLE('',#13594,1.25);
#13594 = AXIS2_PLACEMENT_3D('',#13595,#13596,#13597);
#13595 = CARTESIAN_POINT('',(49.7,5.,183.7));
#13596 = DIRECTION('',(0.,-1.,0.));
#13597 = DIRECTION('',(1.,0.,0.));
#13598 = PCURVE('',#12707,#13599);
#13599 = DEFINITIONAL_REPRESENTATION('',(#13600),#13604);
#13600 = LINE('',#13601,#13602);
#13601 = CARTESIAN_POINT('',(0.,-15.));
#13602 = VECTOR('',#13603,1.);
#13603 = DIRECTION('',(1.,0.));
#13604 = ( GEOMETRIC_REPRESENTATION_CONTEXT(2) 
PARAMETRIC_REPRESENTATION_CONTEXT() REPRESENTATION_CONTEXT('2D SPACE',''
  ) );
#13605 = PCURVE('',#13606,#13611);
#13606 = PLANE('',#13607);
#13607 = AXIS2_PLACEMENT_3D('',#13608,#13609,#13610);
#13608 = CARTESIAN_POINT('',(49.7,5.,183.7));
#13609 = DIRECTION('',(-0.,-1.,-0.));
#13610 = DIRECTION('',(0.,0.,-1.));
#13611 = DEFINITIONAL_REPRESENTATION('',(#13612),#13616);
#13612 = CIRCLE('',#13613,1.25);
#13613 = AXIS2_PLACEMENT_2D('',#13614,#13615);
#13614 = CARTESIAN_POINT('',(0.,0.));
#13615 = DIRECTION('',(0.,1.));
#13616 = ( GEOMETRIC_REPRESENTATION_CONTEXT(2) 
PARAMETRIC_REPRESENTATION_CONTEXT() REPRESENTATION_CONTEXT('2D SPACE',''
  ) );
#13617 = ORIENTED_EDGE('',*,*,#13568,.F.);
#13618 = ADVANCED_FACE('',(#13619),#12836,.F.);
#13619 = FACE_BOUND('',#13620,.F.);
#13620 = EDGE_LOOP('',(#13621,#13622,#13645,#13672));
#13621 = ORIENTED_EDGE('',*,*,#12815,.F.);
#13622 = ORIENTED_EDGE('',*,*,#13623,.T.);
#13623 = EDGE_CURVE('',#12816,#13624,#13626,.T.);
#13624 = VERTEX_POINT('',#13625);
#13625 = CARTESIAN_POINT('',(50.95,5.,118.8));
#13626 = SEAM_CURVE('',#13627,(#13631,#13638),.PCURVE_S1.);
#13627 = LINE('',#13628,#13629);
#13628 = CARTESIAN_POINT('',(50.95,-10.,118.8));
#13629 = VECTOR('',#13630,1.);
#13630 = DIRECTION('',(-0.,1.,-0.));
#13631 = PCURVE('',#12836,#13632);
#13632 = DEFINITIONAL_REPRESENTATION('',(#13633),#13637);
#13633 = LINE('',#13634,#13635);
#13634 = CARTESIAN_POINT('',(6.28318530718,0.));
#13635 = VECTOR('',#13636,1.);
#13636 = DIRECTION('',(0.,-1.));
#13637 = ( GEOMETRIC_REPRESENTATION_CONTEXT(2) 
PARAMETRIC_REPRESENTATION_CONTEXT() REPRESENTATION_CONTEXT('2D SPACE',''
  ) );
#13638 = PCURVE('',#12836,#13639);
#13639 = DEFINITIONAL_REPRESENTATION('',(#13640),#13644);
#13640 = LINE('',#13641,#13642);
#13641 = CARTESIAN_POINT('',(0.,0.));
#13642 = VECTOR('',#13643,1.);
#13643 = DIRECTION('',(0.,-1.));
#13644 = ( GEOMETRIC_REPRESENTATION_CONTEXT(2) 
PARAMETRIC_REPRESENTATION_CONTEXT() REPRESENTATION_CONTEXT('2D SPACE',''
  ) );
#13645 = ORIENTED_EDGE('',*,*,#13646,.T.);
#13646 = EDGE_CURVE('',#13624,#13624,#13647,.T.);
#13647 = SURFACE_CURVE('',#13648,(#13653,#13660),.PCURVE_S1.);
#13648 = CIRCLE('',#13649,1.25);
#13649 = AXIS2_PLACEMENT_3D('',#13650,#13651,#13652);
#13650 = CARTESIAN_POINT('',(49.7,5.,118.8));
#13651 = DIRECTION('',(0.,-1.,0.));
#13652 = DIRECTION('',(1.,0.,0.));
#13653 = PCURVE('',#12836,#13654);
#13654 = DEFINITIONAL_REPRESENTATION('',(#13655),#13659);
#13655 = LINE('',#13656,#13657);
#13656 = CARTESIAN_POINT('',(0.,-15.));
#13657 = VECTOR('',#13658,1.);
#13658 = DIRECTION('',(1.,0.));
#13659 = ( GEOMETRIC_REPRESENTATION_CONTEXT(2) 
PARAMETRIC_REPRESENTATION_CONTEXT() REPRESENTATION_CONTEXT('2D SPACE',''
  ) );
#13660 = PCURVE('',#13661,#13666);
#13661 = PLANE('',#13662);
#13662 = AXIS2_PLACEMENT_3D('',#13663,#13664,#13665);
#13663 = CARTESIAN_POINT('',(49.7,5.,118.8));
#13664 = DIRECTION('',(-0.,-1.,-0.));
#13665 = DIRECTION('',(0.,0.,-1.));
#13666 = DEFINITIONAL_REPRESENTATION('',(#13667),#13671);
#13667 = CIRCLE('',#13668,1.25);
#13668 = AXIS2_PLACEMENT_2D('',#13669,#13670);
#13669 = CARTESIAN_POINT('',(0.,0.));
#13670 = DIRECTION('',(0.,1.));
#13671 = ( GEOMETRIC_REPRESENTATION_CONTEXT(2) 
PARAMETRIC_REPRESENTATION_CONTEXT() REPRESENTATION_CONTEXT('2D SPACE',''
  ) );
#13672 = ORIENTED_EDGE('',*,*,#13623,.F.);
#13673 = ADVANCED_FACE('',(#13674),#12914,.F.);
#13674 = FACE_BOUND('',#13675,.F.);
#13675 = EDGE_LOOP('',(#13676,#13677,#13700,#13727));
#13676 = ORIENTED_EDGE('',*,*,#12893,.F.);
#13677 = ORIENTED_EDGE('',*,*,#13678,.T.);
#13678 = EDGE_CURVE('',#12894,#13679,#13681,.T.);
#13679 = VERTEX_POINT('',#13680);
#13680 = CARTESIAN_POINT('',(-48.45,5.,118.8));
#13681 = SEAM_CURVE('',#13682,(#13686,#13693),.PCURVE_S1.);
#13682 = LINE('',#13683,#13684);
#13683 = CARTESIAN_POINT('',(-48.45,-10.,118.8));
#13684 = VECTOR('',#13685,1.);
#13685 = DIRECTION('',(-0.,1.,-0.));
#13686 = PCURVE('',#12914,#13687);
#13687 = DEFINITIONAL_REPRESENTATION('',(#13688),#13692);
#13688 = LINE('',#13689,#13690);
#13689 = CARTESIAN_POINT('',(6.28318530718,0.));
#13690 = VECTOR('',#13691,1.);
#13691 = DIRECTION('',(0.,-1.));
#13692 = ( GEOMETRIC_REPRESENTATION_CONTEXT(2) 
PARAMETRIC_REPRESENTATION_CONTEXT() REPRESENTATION_CONTEXT('2D SPACE',''
  ) );
#13693 = PCURVE('',#12914,#13694);
#13694 = DEFINITIONAL_REPRESENTATION('',(#13695),#13699);
#13695 = LINE('',#13696,#13697);
#13696 = CARTESIAN_POINT('',(0.,0.));
#13697 = VECTOR('',#13698,1.);
#13698 = DIRECTION('',(0.,-1.));
#13699 = ( GEOMETRIC_REPRESENTATION_CONTEXT(2) 
PARAMETRIC_REPRESENTATION_CONTEXT() REPRESENTATION_CONTEXT('2D SPACE',''
  ) );
#13700 = ORIENTED_EDGE('',*,*,#13701,.T.);
#13701 = EDGE_CURVE('',#13679,#13679,#13702,.T.);
#13702 = SURFACE_CURVE('',#13703,(#13708,#13715),.PCURVE_S1.);
#13703 = CIRCLE('',#13704,1.25);
#13704 = AXIS2_PLACEMENT_3D('',#13705,#13706,#13707);
#13705 = CARTESIAN_POINT('',(-49.7,5.,118.8));
#13706 = DIRECTION('',(0.,-1.,0.));
#13707 = DIRECTION('',(1.,0.,0.));
#13708 = PCURVE('',#12914,#13709);
#13709 = DEFINITIONAL_REPRESENTATION('',(#13710),#13714);
#13710 = LINE('',#13711,#13712);
#13711 = CARTESIAN_POINT('',(0.,-15.));
#13712 = VECTOR('',#13713,1.);
#13713 = DIRECTION('',(1.,0.));
#13714 = ( GEOMETRIC_REPRESENTATION_CONTEXT(2) 
PARAMETRIC_REPRESENTATION_CONTEXT() REPRESENTATION_CONTEXT('2D SPACE',''
  ) );
#13715 = PCURVE('',#13716,#13721);
#13716 = PLANE('',#13717);
#13717 = AXIS2_PLACEMENT_3D('',#13718,#13719,#13720);
#13718 = CARTESIAN_POINT('',(-49.7,5.,118.8));
#13719 = DIRECTION('',(-0.,-1.,-0.));
#13720 = DIRECTION('',(0.,0.,-1.));
#13721 = DEFINITIONAL_REPRESENTATION('',(#13722),#13726);
#13722 = CIRCLE('',#13723,1.25);
#13723 = AXIS2_PLACEMENT_2D('',#13724,#13725);
#13724 = CARTESIAN_POINT('',(0.,0.));
#13725 = DIRECTION('',(0.,1.));
#13726 = ( GEOMETRIC_REPRESENTATION_CONTEXT(2) 
PARAMETRIC_REPRESENTATION_CONTEXT() REPRESENTATION_CONTEXT('2D SPACE',''
  ) );
#13727 = ORIENTED_EDGE('',*,*,#13678,.F.);
#13728 = ADVANCED_FACE('',(#13729,#13732),#13004,.F.);
#13729 = FACE_BOUND('',#13730,.F.);
#13730 = EDGE_LOOP('',(#13731));
#13731 = ORIENTED_EDGE('',*,*,#13046,.T.);
#13732 = FACE_BOUND('',#13733,.F.);
#13733 = EDGE_LOOP('',(#13734));
#13734 = ORIENTED_EDGE('',*,*,#12987,.T.);
#13735 = ADVANCED_FACE('',(#13736),#13272,.F.);
#13736 = FACE_BOUND('',#13737,.T.);
#13737 = EDGE_LOOP('',(#13738,#13767,#13788,#13789));
#13738 = ORIENTED_EDGE('',*,*,#13739,.F.);
#13739 = EDGE_CURVE('',#13740,#13740,#13742,.T.);
#13740 = VERTEX_POINT('',#13741);
#13741 = CARTESIAN_POINT('',(-58.7,87.85,164.75));
#13742 = SURFACE_CURVE('',#13743,(#13748,#13755),.PCURVE_S1.);
#13743 = CIRCLE('',#13744,1.25);
#13744 = AXIS2_PLACEMENT_3D('',#13745,#13746,#13747);
#13745 = CARTESIAN_POINT('',(-58.7,86.6,164.75));
#13746 = DIRECTION('',(1.,0.,0.));
#13747 = DIRECTION('',(0.,1.,0.));
#13748 = PCURVE('',#13272,#13749);
#13749 = DEFINITIONAL_REPRESENTATION('',(#13750),#13754);
#13750 = LINE('',#13751,#13752);
#13751 = CARTESIAN_POINT('',(-0.,0.));
#13752 = VECTOR('',#13753,1.);
#13753 = DIRECTION('',(-1.,0.));
#13754 = ( GEOMETRIC_REPRESENTATION_CONTEXT(2) 
PARAMETRIC_REPRESENTATION_CONTEXT() REPRESENTATION_CONTEXT('2D SPACE',''
  ) );
#13755 = PCURVE('',#13756,#13761);
#13756 = PLANE('',#13757);
#13757 = AXIS2_PLACEMENT_3D('',#13758,#13759,#13760);
#13758 = CARTESIAN_POINT('',(-58.7,86.6,164.75));
#13759 = DIRECTION('',(1.,0.,0.));
#13760 = DIRECTION('',(-0.,0.,1.));
#13761 = DEFINITIONAL_REPRESENTATION('',(#13762),#13766);
#13762 = CIRCLE('',#13763,1.25);
#13763 = AXIS2_PLACEMENT_2D('',#13764,#13765);
#13764 = CARTESIAN_POINT('',(0.,0.));
#13765 = DIRECTION('',(0.,-1.));
#13766 = ( GEOMETRIC_REPRESENTATION_CONTEXT(2) 
PARAMETRIC_REPRESENTATION_CONTEXT() REPRESENTATION_CONTEXT('2D SPACE',''
  ) );
#13767 = ORIENTED_EDGE('',*,*,#13768,.T.);
#13768 = EDGE_CURVE('',#13740,#13252,#13769,.T.);
#13769 = SEAM_CURVE('',#13770,(#13774,#13781),.PCURVE_S1.);
#13770 = LINE('',#13771,#13772);
#13771 = CARTESIAN_POINT('',(-58.7,87.85,164.75));
#13772 = VECTOR('',#13773,1.);
#13773 = DIRECTION('',(1.,0.,0.));
#13774 = PCURVE('',#13272,#13775);
#13775 = DEFINITIONAL_REPRESENTATION('',(#13776),#13780);
#13776 = LINE('',#13777,#13778);
#13777 = CARTESIAN_POINT('',(-6.28318530718,0.));
#13778 = VECTOR('',#13779,1.);
#13779 = DIRECTION('',(-0.,-1.));
#13780 = ( GEOMETRIC_REPRESENTATION_CONTEXT(2) 
PARAMETRIC_REPRESENTATION_CONTEXT() REPRESENTATION_CONTEXT('2D SPACE',''
  ) );
#13781 = PCURVE('',#13272,#13782);
#13782 = DEFINITIONAL_REPRESENTATION('',(#13783),#13787);
#13783 = LINE('',#13784,#13785);
#13784 = CARTESIAN_POINT('',(-0.,0.));
#13785 = VECTOR('',#13786,1.);
#13786 = DIRECTION('',(-0.,-1.));
#13787 = ( GEOMETRIC_REPRESENTATION_CONTEXT(2) 
PARAMETRIC_REPRESENTATION_CONTEXT() REPRESENTATION_CONTEXT('2D SPACE',''
  ) );
#13788 = ORIENTED_EDGE('',*,*,#13251,.F.);
#13789 = ORIENTED_EDGE('',*,*,#13768,.F.);
#13790 = ADVANCED_FACE('',(#13791),#13311,.F.);
#13791 = FACE_BOUND('',#13792,.T.);
#13792 = EDGE_LOOP('',(#13793,#13822,#13843,#13844));
#13793 = ORIENTED_EDGE('',*,*,#13794,.F.);
#13794 = EDGE_CURVE('',#13795,#13795,#13797,.T.);
#13795 = VERTEX_POINT('',#13796);
#13796 = CARTESIAN_POINT('',(-58.7,34.35,164.75));
#13797 = SURFACE_CURVE('',#13798,(#13803,#13810),.PCURVE_S1.);
#13798 = CIRCLE('',#13799,1.25);
#13799 = AXIS2_PLACEMENT_3D('',#13800,#13801,#13802);
#13800 = CARTESIAN_POINT('',(-58.7,33.1,164.75));
#13801 = DIRECTION('',(1.,0.,0.));
#13802 = DIRECTION('',(0.,1.,0.));
#13803 = PCURVE('',#13311,#13804);
#13804 = DEFINITIONAL_REPRESENTATION('',(#13805),#13809);
#13805 = LINE('',#13806,#13807);
#13806 = CARTESIAN_POINT('',(-0.,0.));
#13807 = VECTOR('',#13808,1.);
#13808 = DIRECTION('',(-1.,0.));
#13809 = ( GEOMETRIC_REPRESENTATION_CONTEXT(2) 
PARAMETRIC_REPRESENTATION_CONTEXT() REPRESENTATION_CONTEXT('2D SPACE',''
  ) );
#13810 = PCURVE('',#13811,#13816);
#13811 = PLANE('',#13812);
#13812 = AXIS2_PLACEMENT_3D('',#13813,#13814,#13815);
#13813 = CARTESIAN_POINT('',(-58.7,33.1,164.75));
#13814 = DIRECTION('',(1.,0.,0.));
#13815 = DIRECTION('',(-0.,0.,1.));
#13816 = DEFINITIONAL_REPRESENTATION('',(#13817),#13821);
#13817 = CIRCLE('',#13818,1.25);
#13818 = AXIS2_PLACEMENT_2D('',#13819,#13820);
#13819 = CARTESIAN_POINT('',(0.,0.));
#13820 = DIRECTION('',(0.,-1.));
#13821 = ( GEOMETRIC_REPRESENTATION_CONTEXT(2) 
PARAMETRIC_REPRESENTATION_CONTEXT() REPRESENTATION_CONTEXT('2D SPACE',''
  ) );
#13822 = ORIENTED_EDGE('',*,*,#13823,.T.);
#13823 = EDGE_CURVE('',#13795,#13291,#13824,.T.);
#13824 = SEAM_CURVE('',#13825,(#13829,#13836),.PCURVE_S1.);
#13825 = LINE('',#13826,#13827);
#13826 = CARTESIAN_POINT('',(-58.7,34.35,164.75));
#13827 = VECTOR('',#13828,1.);
#13828 = DIRECTION('',(1.,0.,0.));
#13829 = PCURVE('',#13311,#13830);
#13830 = DEFINITIONAL_REPRESENTATION('',(#13831),#13835);
#13831 = LINE('',#13832,#13833);
#13832 = CARTESIAN_POINT('',(-6.28318530718,0.));
#13833 = VECTOR('',#13834,1.);
#13834 = DIRECTION('',(-0.,-1.));
#13835 = ( GEOMETRIC_REPRESENTATION_CONTEXT(2) 
PARAMETRIC_REPRESENTATION_CONTEXT() REPRESENTATION_CONTEXT('2D SPACE',''
  ) );
#13836 = PCURVE('',#13311,#13837);
#13837 = DEFINITIONAL_REPRESENTATION('',(#13838),#13842);
#13838 = LINE('',#13839,#13840);
#13839 = CARTESIAN_POINT('',(-0.,0.));
#13840 = VECTOR('',#13841,1.);
#13841 = DIRECTION('',(-0.,-1.));
#13842 = ( GEOMETRIC_REPRESENTATION_CONTEXT(2) 
PARAMETRIC_REPRESENTATION_CONTEXT() REPRESENTATION_CONTEXT('2D SPACE',''
  ) );
#13843 = ORIENTED_EDGE('',*,*,#13290,.F.);
#13844 = ORIENTED_EDGE('',*,*,#13823,.F.);
#13845 = ADVANCED_FACE('',(#13846),#13350,.F.);
#13846 = FACE_BOUND('',#13847,.T.);
#13847 = EDGE_LOOP('',(#13848,#13877,#13898,#13899));
#13848 = ORIENTED_EDGE('',*,*,#13849,.F.);
#13849 = EDGE_CURVE('',#13850,#13850,#13852,.T.);
#13850 = VERTEX_POINT('',#13851);
#13851 = CARTESIAN_POINT('',(-58.7,87.85,138.25));
#13852 = SURFACE_CURVE('',#13853,(#13858,#13865),.PCURVE_S1.);
#13853 = CIRCLE('',#13854,1.25);
#13854 = AXIS2_PLACEMENT_3D('',#13855,#13856,#13857);
#13855 = CARTESIAN_POINT('',(-58.7,86.6,138.25));
#13856 = DIRECTION('',(1.,0.,0.));
#13857 = DIRECTION('',(0.,1.,0.));
#13858 = PCURVE('',#13350,#13859);
#13859 = DEFINITIONAL_REPRESENTATION('',(#13860),#13864);
#13860 = LINE('',#13861,#13862);
#13861 = CARTESIAN_POINT('',(-0.,0.));
#13862 = VECTOR('',#13863,1.);
#13863 = DIRECTION('',(-1.,0.));
#13864 = ( GEOMETRIC_REPRESENTATION_CONTEXT(2) 
PARAMETRIC_REPRESENTATION_CONTEXT() REPRESENTATION_CONTEXT('2D SPACE',''
  ) );
#13865 = PCURVE('',#13866,#13871);
#13866 = PLANE('',#13867);
#13867 = AXIS2_PLACEMENT_3D('',#13868,#13869,#13870);
#13868 = CARTESIAN_POINT('',(-58.7,86.6,138.25));
#13869 = DIRECTION('',(1.,0.,0.));
#13870 = DIRECTION('',(-0.,0.,1.));
#13871 = DEFINITIONAL_REPRESENTATION('',(#13872),#13876);
#13872 = CIRCLE('',#13873,1.25);
#13873 = AXIS2_PLACEMENT_2D('',#13874,#13875);
#13874 = CARTESIAN_POINT('',(0.,0.));
#13875 = DIRECTION('',(0.,-1.));
#13876 = ( GEOMETRIC_REPRESENTATION_CONTEXT(2) 
PARAMETRIC_REPRESENTATION_CONTEXT() REPRESENTATION_CONTEXT('2D SPACE',''
  ) );
#13877 = ORIENTED_EDGE('',*,*,#13878,.T.);
#13878 = EDGE_CURVE('',#13850,#13330,#13879,.T.);
#13879 = SEAM_CURVE('',#13880,(#13884,#13891),.PCURVE_S1.);
#13880 = LINE('',#13881,#13882);
#13881 = CARTESIAN_POINT('',(-58.7,87.85,138.25));
#13882 = VECTOR('',#13883,1.);
#13883 = DIRECTION('',(1.,0.,0.));
#13884 = PCURVE('',#13350,#13885);
#13885 = DEFINITIONAL_REPRESENTATION('',(#13886),#13890);
#13886 = LINE('',#13887,#13888);
#13887 = CARTESIAN_POINT('',(-6.28318530718,0.));
#13888 = VECTOR('',#13889,1.);
#13889 = DIRECTION('',(-0.,-1.));
#13890 = ( GEOMETRIC_REPRESENTATION_CONTEXT(2) 
PARAMETRIC_REPRESENTATION_CONTEXT() REPRESENTATION_CONTEXT('2D SPACE',''
  ) );
#13891 = PCURVE('',#13350,#13892);
#13892 = DEFINITIONAL_REPRESENTATION('',(#13893),#13897);
#13893 = LINE('',#13894,#13895);
#13894 = CARTESIAN_POINT('',(-0.,0.));
#13895 = VECTOR('',#13896,1.);
#13896 = DIRECTION('',(-0.,-1.));
#13897 = ( GEOMETRIC_REPRESENTATION_CONTEXT(2) 
PARAMETRIC_REPRESENTATION_CONTEXT() REPRESENTATION_CONTEXT('2D SPACE',''
  ) );
#13898 = ORIENTED_EDGE('',*,*,#13329,.F.);
#13899 = ORIENTED_EDGE('',*,*,#13878,.F.);
#13900 = ADVANCED_FACE('',(#13901),#13389,.F.);
#13901 = FACE_BOUND('',#13902,.T.);
#13902 = EDGE_LOOP('',(#13903,#13932,#13953,#13954));
#13903 = ORIENTED_EDGE('',*,*,#13904,.F.);
#13904 = EDGE_CURVE('',#13905,#13905,#13907,.T.);
#13905 = VERTEX_POINT('',#13906);
#13906 = CARTESIAN_POINT('',(-58.7,34.35,138.25));
#13907 = SURFACE_CURVE('',#13908,(#13913,#13920),.PCURVE_S1.);
#13908 = CIRCLE('',#13909,1.25);
#13909 = AXIS2_PLACEMENT_3D('',#13910,#13911,#13912);
#13910 = CARTESIAN_POINT('',(-58.7,33.1,138.25));
#13911 = DIRECTION('',(1.,0.,0.));
#13912 = DIRECTION('',(0.,1.,0.));
#13913 = PCURVE('',#13389,#13914);
#13914 = DEFINITIONAL_REPRESENTATION('',(#13915),#13919);
#13915 = LINE('',#13916,#13917);
#13916 = CARTESIAN_POINT('',(-0.,0.));
#13917 = VECTOR('',#13918,1.);
#13918 = DIRECTION('',(-1.,0.));
#13919 = ( GEOMETRIC_REPRESENTATION_CONTEXT(2) 
PARAMETRIC_REPRESENTATION_CONTEXT() REPRESENTATION_CONTEXT('2D SPACE',''
  ) );
#13920 = PCURVE('',#13921,#13926);
#13921 = PLANE('',#13922);
#13922 = AXIS2_PLACEMENT_3D('',#13923,#13924,#13925);
#13923 = CARTESIAN_POINT('',(-58.7,33.1,138.25));
#13924 = DIRECTION('',(1.,0.,0.));
#13925 = DIRECTION('',(-0.,0.,1.));
#13926 = DEFINITIONAL_REPRESENTATION('',(#13927),#13931);
#13927 = CIRCLE('',#13928,1.25);
#13928 = AXIS2_PLACEMENT_2D('',#13929,#13930);
#13929 = CARTESIAN_POINT('',(0.,0.));
#13930 = DIRECTION('',(0.,-1.));
#13931 = ( GEOMETRIC_REPRESENTATION_CONTEXT(2) 
PARAMETRIC_REPRESENTATION_CONTEXT() REPRESENTATION_CONTEXT('2D SPACE',''
  ) );
#13932 = ORIENTED_EDGE('',*,*,#13933,.T.);
#13933 = EDGE_CURVE('',#13905,#13369,#13934,.T.);
#13934 = SEAM_CURVE('',#13935,(#13939,#13946),.PCURVE_S1.);
#13935 = LINE('',#13936,#13937);
#13936 = CARTESIAN_POINT('',(-58.7,34.35,138.25));
#13937 = VECTOR('',#13938,1.);
#13938 = DIRECTION('',(1.,0.,0.));
#13939 = PCURVE('',#13389,#13940);
#13940 = DEFINITIONAL_REPRESENTATION('',(#13941),#13945);
#13941 = LINE('',#13942,#13943);
#13942 = CARTESIAN_POINT('',(-6.28318530718,0.));
#13943 = VECTOR('',#13944,1.);
#13944 = DIRECTION('',(-0.,-1.));
#13945 = ( GEOMETRIC_REPRESENTATION_CONTEXT(2) 
PARAMETRIC_REPRESENTATION_CONTEXT() REPRESENTATION_CONTEXT('2D SPACE',''
  ) );
#13946 = PCURVE('',#13389,#13947);
#13947 = DEFINITIONAL_REPRESENTATION('',(#13948),#13952);
#13948 = LINE('',#13949,#13950);
#13949 = CARTESIAN_POINT('',(-0.,0.));
#13950 = VECTOR('',#13951,1.);
#13951 = DIRECTION('',(-0.,-1.));
#13952 = ( GEOMETRIC_REPRESENTATION_CONTEXT(2) 
PARAMETRIC_REPRESENTATION_CONTEXT() REPRESENTATION_CONTEXT('2D SPACE',''
  ) );
#13953 = ORIENTED_EDGE('',*,*,#13368,.F.);
#13954 = ORIENTED_EDGE('',*,*,#13933,.F.);
#13955 = ADVANCED_FACE('',(#13956),#13551,.T.);
#13956 = FACE_BOUND('',#13957,.T.);
#13957 = EDGE_LOOP('',(#13958));
#13958 = ORIENTED_EDGE('',*,*,#13536,.T.);
#13959 = ADVANCED_FACE('',(#13960),#13606,.T.);
#13960 = FACE_BOUND('',#13961,.T.);
#13961 = EDGE_LOOP('',(#13962));
#13962 = ORIENTED_EDGE('',*,*,#13591,.T.);
#13963 = ADVANCED_FACE('',(#13964),#13661,.T.);
#13964 = FACE_BOUND('',#13965,.T.);
#13965 = EDGE_LOOP('',(#13966));
#13966 = ORIENTED_EDGE('',*,*,#13646,.T.);
#13967 = ADVANCED_FACE('',(#13968),#13716,.T.);
#13968 = FACE_BOUND('',#13969,.T.);
#13969 = EDGE_LOOP('',(#13970));
#13970 = ORIENTED_EDGE('',*,*,#13701,.T.);
#13971 = ADVANCED_FACE('',(#13972),#13756,.T.);
#13972 = FACE_BOUND('',#13973,.T.);
#13973 = EDGE_LOOP('',(#13974));
#13974 = ORIENTED_EDGE('',*,*,#13739,.T.);
#13975 = ADVANCED_FACE('',(#13976),#13811,.T.);
#13976 = FACE_BOUND('',#13977,.T.);
#13977 = EDGE_LOOP('',(#13978));
#13978 = ORIENTED_EDGE('',*,*,#13794,.T.);
#13979 = ADVANCED_FACE('',(#13980),#13866,.T.);
#13980 = FACE_BOUND('',#13981,.T.);
#13981 = EDGE_LOOP('',(#13982));
#13982 = ORIENTED_EDGE('',*,*,#13849,.T.);
#13983 = ADVANCED_FACE('',(#13984),#13921,.T.);
#13984 = FACE_BOUND('',#13985,.T.);
#13985 = EDGE_LOOP('',(#13986));
#13986 = ORIENTED_EDGE('',*,*,#13904,.T.);
#13987 = ( GEOMETRIC_REPRESENTATION_CONTEXT(3) 
GLOBAL_UNCERTAINTY_ASSIGNED_CONTEXT((#13991)) 
GLOBAL_UNIT_ASSIGNED_CONTEXT((#13988,#13989,#13990)) 
REPRESENTATION_CONTEXT('Context #1',
  '3D Context with UNIT and UNCERTAINTY') );
#13988 = ( LENGTH_UNIT() NAMED_UNIT(*) SI_UNIT(.MILLI.,.METRE.) );
#13989 = ( NAMED_UNIT(*) PLANE_ANGLE_UNIT() SI_UNIT($,.RADIAN.) );
#13990 = ( NAMED_UNIT(*) SI_UNIT($,.STERADIAN.) SOLID_ANGLE_UNIT() );
#13991 = UNCERTAINTY_MEASURE_WITH_UNIT(LENGTH_MEASURE(1.E-06),#13988,
  'distance_accuracy_value','confusion accuracy');
#13992 = PRODUCT_RELATED_PRODUCT_CATEGORY('part',$,(#7));
ENDSEC;
END-ISO-10303-21;
